,baseline,normmom_sub
1972-10-18,0.0,0.0
1972-10-19,0.0,0.0
1972-10-20,0.0,0.0
1972-10-23,0.0,0.0
1972-10-24,0.0,0.0
1972-10-25,0.0,0.0
1972-10-26,0.0,0.0
1972-10-27,0.0,0.0
1972-10-30,0.0,0.0
1972-10-31,0.0,0.0
1972-11-01,0.0,0.0
1972-11-02,-0.029070753249571327,-0.030233583379554188
1972-11-03,-0.06721951241360469,-0.07203902482721157
1972-11-06,-0.74313883809836,-0.827564730163932
1972-11-07,-0.0021387248254991654,-0.0032080872382487476
1972-11-08,0.6378890013557479,0.7557780027114959
1972-11-09,-0.17102124602210705,-0.21408498408842813
1972-11-10,-0.35397620468272006,-0.46497025585340007
1972-11-13,2.040306525783169,2.6658130515663356
1972-11-14,-0.31080000000000385,-0.42180000000000517
1972-11-15,1.26,1.7089245144562681
1972-11-16,-1.471105329863152,-2.0333159895894557
1972-11-17,0.2139208344692486,0.3028416689384972
1972-11-20,-1.5422039664566256,-2.210509916141564
1972-11-21,0.7993119627028407,1.1810239254056791
1972-11-22,-0.23713242787259564,-0.3510662139362978
1972-11-23,-0.0020893600606411576,-0.0020893600606411576
1972-11-24,1.4065524062805355,2.0137524062805334
1972-11-27,1.5578947177844593,2.22
1972-11-28,-1.351055693493228,-1.85
1972-11-29,-2.345182385002506,-3.153491192501249
1972-11-30,3.283199999999995,4.319999999999993
1972-12-01,3.135,4.1237952771531425
1972-12-04,6.555,8.507122807158847
1972-12-05,0.5600824000094723,0.7029984000162383
1972-12-06,-3.0,-3.6
1972-12-07,1.25,1.5
1972-12-08,2.5,3.0
1972-12-11,-2.5,-3.0
1972-12-12,1.0,1.2
1972-12-13,-2.501512952278585,-3.0
1972-12-14,-0.51,-0.6
1972-12-15,-1.2779808908928523,-1.5
1972-12-18,-6.361671123344749,-7.2
1972-12-19,1.0750313898901311,1.195031389890131
1972-12-20,3.947400000000004,4.411800000000005
1972-12-21,1.1509086331729153,1.2848172663458346
1972-12-22,-2.5,-2.75
1972-12-25,0.0,0.0
1972-12-26,0.5,0.55
1972-12-27,-0.12999999999999545,-0.142999999999995
1972-12-28,0.0,0.0
1972-12-29,2.25,2.475
1973-01-01,0.0,0.0
1973-01-02,-2.25,-2.475
1973-01-03,0.37999999999999545,0.417999999999995
1973-01-04,-2.5,-2.75
1973-01-05,-1.5,-1.65
1973-01-08,-2.5,-2.75
1973-01-09,2.0,2.2
1973-01-10,1.5,1.65
1973-01-11,-5.25,-5.775
1973-01-12,-0.75,-0.8266978249240062
1973-01-15,0.0,0.0
1973-01-16,2.370000000000004,2.559600000000005
1973-01-17,-1.6200000000000045,-1.7496000000000052
1973-01-18,-0.5,-0.54
1973-01-19,0.75,0.81
1973-01-22,0.75,0.81
1973-01-23,2.0,2.16
1973-01-24,0.75,0.81
1973-01-25,0.0,0.0
1973-01-26,-3.25,-3.51
1973-01-29,-0.75,-0.81
1973-01-30,-0.5,-0.54
1973-01-31,0.5,0.5383803981444393
1973-02-01,-2.25,-2.478245520901331
1973-02-02,2.0,2.28
1973-02-05,1.5,1.71
1973-02-06,-1.75,-1.996618121200684
1973-02-07,-0.5,-0.58
1973-02-08,0.0,-0.001598332517403307
1973-02-09,1.248406975270037,1.4734069752700372
1973-02-12,3.315,3.898387975594794
1973-02-13,1.275,1.525
1973-02-14,-2.684214890105994,-3.210214890105993
1973-02-15,0.6551999999999952,0.7811999999999945
1973-02-16,1.2983989468800403,1.5483989468800403
1973-02-19,-0.003183650516853773,-0.003183650516853773
1973-02-20,1.1,1.3
1973-02-21,5.496726367073729,6.498363183536865
1973-02-22,2.28,2.64
1973-02-23,-3.1366464647048007,-3.63
1973-02-26,-1.16,-1.32
1973-02-27,-0.8732655268310849,-0.9932655268310849
1973-02-28,1.7967422230945584,2.036742223094558
1973-03-01,6.196650547823446,6.994975821735169
1973-03-02,-2.56,-2.92
1973-03-05,3.0336000000000056,3.4602000000000066
1973-03-06,0.1663999999999942,0.18979999999999336
1973-03-07,0.6350155002656925,0.7283385000885642
1973-03-08,-4.025020753208715,-4.446694337611621
1973-03-09,1.05,1.17
1973-03-12,-3.5,-3.9
1973-03-13,-0.7,-0.78
1973-03-14,1.75,1.95
1973-03-15,1.3966939807911036,1.558346990395552
1973-03-16,0.3567094997638519,0.39170949976385194
1973-03-19,-2.593288484155824,-2.839932726233737
1973-03-20,1.14,1.26
1973-03-21,0.37836993329519414,0.4183699332951941
1973-03-22,4.615082051733099,5.095082051733098
1973-03-23,-2.8,-3.08
1973-03-26,-1.2,-1.32
1973-03-27,-2.8,-3.08
1973-03-28,3.3920000000000075,3.731200000000008
1973-03-29,0.20799999999999272,0.228799999999992
1973-03-30,0.796762715978117,0.8783813579890585
1973-04-02,9.016669484182762,9.786669484182761
1973-04-03,-3.36,-3.644998822596398
1973-04-04,2.52,2.64
1973-04-05,-2.3183999999999925,-2.4287999999999923
1973-04-06,-1.26,-1.32
1973-04-09,5.88,6.16
1973-04-10,-2.3016000000000076,-2.411200000000008
1973-04-11,-1.0583999999999922,-1.108799999999992
1973-04-12,2.52,2.64
1973-04-13,0.21839999999999238,0.228799999999992
1973-04-16,2.94,3.08
1973-04-17,-1.26,-1.3232828452158527
1973-04-18,5.03670266637099,5.396702666370991
1973-04-19,1.29,1.38
1973-04-20,-0.0032733149630514314,-0.0032733149630514314
1973-04-23,4.4,4.7
1973-04-24,-3.9632852623634305,-4.23
1973-04-25,7.2,7.52
1973-04-26,-6.75,-7.05
1973-04-27,-0.9050170624811049,-0.9483617708018414
1973-04-30,8.7,8.9
1973-05-01,8.25636650748772,8.444639808985263
1973-05-02,-5.743481210536935,-5.815221815805401
1973-05-03,5.193008692210907,5.19475651915818
1973-05-04,-0.38,-0.385
1973-05-07,6.46,6.545
1973-05-08,1.9,1.925
1973-05-09,0.76,0.77
1973-05-10,-9.125386123732111,-9.245386123732112
1973-05-11,0.782842667213493,0.7910533340168664
1973-05-14,3.0,3.0
1973-05-15,0.375,0.375
1973-05-16,-3.75,-3.75
1973-05-17,-1.125,-1.125
1973-05-18,6.375,6.375
1973-05-21,11.625,11.625
1973-05-22,1.8694297124148989,1.8694297124148989
1973-05-23,1.08,1.08
1973-05-24,1.8,1.8
1973-05-25,11.874251520979449,11.874251520979449
1973-05-28,0.0,-0.0019101794933466787
1973-05-29,12.0,11.84
1973-05-30,-11.25,-11.1
1973-05-31,3.7317079300008964,3.6837403822230192
1973-06-01,6.6,6.6
1973-06-04,13.53,13.53
1973-06-05,13.195545213978058,13.197772606989028
1973-06-06,-12.80697268068929,-13.009296907585718
1973-06-07,-12.219319294281817,-12.219319294281817
1973-06-08,4.225484923285511,4.227904102737925
1973-06-11,9.042800000000003,9.235200000000004
1973-06-12,2.0021999999999958,2.0447999999999955
1973-06-13,-2.82,-2.88
1973-06-14,-9.165,-9.36
1973-06-15,-7.287605341151602,-7.442605341151602
1973-06-18,8.964666877017082,9.16233343850854
1973-06-19,3.734659533376315,3.9046595333763148
1973-06-20,-5.88,-6.16
1973-06-21,5.46,5.72
1973-06-22,-5.46,-5.72
1973-06-25,1.89,1.98
1973-06-26,-6.3,-6.6
1973-06-27,-0.63,-0.66
1973-06-28,-8.299199999999995,-8.694399999999996
1973-06-29,5.773445917224694,6.054399999999996
1973-07-02,8.090912250626689,8.899999410473297
1973-07-03,0.5791148505983549,0.6391148505983549
1973-07-04,0.0,0.0
1973-07-05,-7.03,-7.79
1973-07-06,1.85,2.05
1973-07-09,0.925,1.025
1973-07-10,-3.33,-3.69
1973-07-11,7.673800000000003,8.503400000000005
1973-07-12,1.2061999999999968,1.3365999999999962
1973-07-13,4.44,4.92
1973-07-16,6.29,6.97
1973-07-17,-3.885,-4.308159816195236
1973-07-18,1.11,1.26
1973-07-19,7.77,8.816777722855266
1973-07-20,7.4,8.6
1973-07-23,5.92,6.88
1973-07-24,-3.703324660096258,-4.3
1973-07-25,6.836634005320341,7.74
1973-07-26,4.676620334807709,5.16
1973-07-27,-8.003444614865945,-8.6
1973-07-30,8.61,9.026503058176287
1973-07-31,8.2,8.4
1973-08-01,-2.87,-2.94
1973-08-02,-1.23,-1.26
1973-08-03,7.79,7.98
1973-08-06,8.2,8.4
1973-08-07,8.2,8.4
1973-08-08,7.79,7.98
1973-08-09,-2.05,-2.1
1973-08-10,7.79,7.98
1973-08-13,8.2,8.4
1973-08-14,8.2,8.4
1973-08-15,-8.2,-8.4
1973-08-16,-8.203951421293407,-8.407902842586816
1973-08-17,-1.2079057466493612,-1.2079057466493612
1973-08-20,-3.8,-3.8
1973-08-21,-7.22,-7.22
1973-08-22,-7.60406807887039,-7.60406807887039
1973-08-23,-7.4041226096728545,-7.4041226096728545
1973-08-24,7.2,7.2
1973-08-27,-7.384197302519427,-7.384197302519427
1973-08-28,-7.0,-7.0
1973-08-29,0.5207541564818826,0.5207541564818826
1973-08-30,-8.16,-8.16
1973-08-31,0.68,0.68
1973-09-03,0.0,0.0
1973-09-04,-5.78,-5.78
1973-09-05,-6.8,-6.8
1973-09-06,3.7355872710235536,3.74
1973-09-07,7.26,7.48
1973-09-10,-2.3189343128812863,-2.38
1973-09-11,2.79,3.06
1973-09-12,-5.735,-6.29
1973-09-13,1.3904900893440895,1.53
1973-09-14,5.1,5.78
1973-09-17,6.145429074885677,6.97
1973-09-18,-5.8,-6.8
1973-09-19,-0.4396192727618368,-0.51
1973-09-20,0.84,1.02
1973-09-21,-1.4,-1.7
1973-09-24,5.88,7.14
1973-09-25,1.4,1.7
1973-09-26,-5.04,-6.12
1973-09-27,-0.84,-1.02
1973-09-28,1.12,1.36
1973-10-01,-2.52,-3.0646999768573586
1973-10-02,-3.36,-4.204717401967442
1973-10-03,5.32,6.84
1973-10-04,-4.48,-5.76
1973-10-05,0.84,1.08
1973-10-08,0.0,0.0
1973-10-09,5.88,7.56
1973-10-10,4.2,5.4
1973-10-11,0.56,0.72
1973-10-12,-5.88,-7.56
1973-10-15,-5.6,-7.2
1973-10-16,-1.82,-2.3449282756803953
1973-10-17,2.94,3.675
1973-10-18,0.28,0.35
1973-10-19,-1.96,-2.45
1973-10-22,-2.24,-2.8
1973-10-23,0.0,0.0
1973-10-24,0.84,1.05
1973-10-25,2.8,3.5
1973-10-26,-3.64,-4.55
1973-10-29,-5.6,-7.0
1973-10-30,0.0,0.0
1973-10-31,1.4,1.75
1973-11-01,0.84,1.05
1973-11-02,-0.28,-0.35
1973-11-05,1.4,1.75
1973-11-06,-1.8250106464532494,-2.275
1973-11-07,0.435,0.525
1973-11-08,0.7199975335264516,0.8699975335264516
1973-11-09,0.15,0.18
1973-11-12,3.5949893765540115,4.314989376554012
1973-11-13,1.085,1.295
1973-11-14,-1.250027286032533,-1.490027286032533
1973-11-15,0.489991177865176,0.579991177865176
1973-11-16,0.3299823975465504,0.3899823975465504
1973-11-19,2.1549924255345503,2.51499242553455
1973-11-20,7.389916104407493,8.589916104407493
1973-11-21,3.12,3.6
1973-11-22,0.0,0.0
1973-11-23,-1.56,-1.8
1973-11-26,-7.02,-8.1
1973-11-27,0.39,0.45
1973-11-28,7.8,9.0
1973-11-29,2.73,3.15
1973-11-30,-1.95,-2.25
1973-12-03,-2.145,-2.475
1973-12-04,3.705,4.275
1973-12-05,-5.270147341230412,-6.075
1973-12-06,4.2,4.725
1973-12-07,1.0,1.125
1973-12-10,0.19485344942894808,0.225
1973-12-11,6.349836645437229,6.969836645437228
1973-12-12,-3.78,-4.14
1973-12-13,1.26,1.38
1973-12-14,0.6248288505003995,0.69
1973-12-17,1.709662538658683,1.8348312693293416
1973-12-18,-4.730180350186954,-4.940180350186954
1973-12-19,2.76,2.88
1973-12-20,-0.00518176955891914,0.0
1973-12-21,-1.4151833840751438,-1.4451833840751438
1973-12-24,-0.0051830281832359396,-0.0051830281832359396
1973-12-25,0.0,0.0
1973-12-26,-5.39,-5.5
1973-12-27,3.185,3.25
1973-12-28,-0.7401975682949485,-0.7551975682949486
1973-12-31,-2.00519861592664,-2.04519861592664
1974-01-01,0.0,-0.005195755772701925
1974-01-02,3.8198048738384913,3.975
1974-01-03,-1.04,-1.06
1974-01-04,3.3748087483052602,3.43980874830526
1974-01-07,7.679799312211989,7.824799312211989
1974-01-08,2.16,2.2
1974-01-09,-7.02,-7.15
1974-01-10,10.26,10.45
1974-01-11,-1.900473393085232,-1.9354733930852321
1974-01-14,3.38,3.445
1974-01-15,1.56,1.59
1974-01-16,1.3,1.325
1974-01-17,4.16,4.24
1974-01-18,-2.605226088035396,-2.65
1974-01-21,-0.795,-0.795
1974-01-22,-6.630243741772373,-6.630243741772373
1974-01-23,-4.86,-4.86
1974-01-24,1.89,1.89
1974-01-25,10.8,10.8
1974-01-28,-0.5452591126055473,-0.5452591126055473
1974-01-29,-3.975,-3.975
1974-01-30,2.12,2.12
1974-01-31,1.59,1.59
1974-02-01,0.53,0.53
1974-02-04,-1.325,-1.325
1974-02-05,-1.325,-1.325
1974-02-06,-1.0652021795330338,-1.0652021795330338
1974-02-07,1.884798750915092,1.884798750915092
1974-02-08,4.669801105609505,4.669801105609505
1974-02-11,4.76,4.76
1974-02-12,-0.005132878029762882,-0.005132878029762882
1974-02-13,-4.275,-4.275
1974-02-14,3.99,3.99
1974-02-15,3.42,3.42
1974-02-18,-0.005023850746551622,-0.005023850746551622
1974-02-19,11.6,11.6
1974-02-20,8.7,8.7
1974-02-21,1.45,1.45
1974-02-22,10.44,10.44
1974-02-25,11.6,11.6
1974-02-26,-0.8800566139030785,-0.8800566139030785
1974-02-27,-11.2,-11.2
1974-02-28,-11.23048086944791,-11.23048086944791
1974-03-01,8.729654942908958,8.729654942908958
1974-03-04,-9.205128730980338,-9.205128730980338
1974-03-05,-9.015439861967085,-9.015439861967085
1974-03-06,-3.7851557552979194,-3.7851557552979194
1974-03-07,7.995,7.995
1974-03-08,-8.205173718021038,-8.205173718021038
1974-03-11,-2.405142329036818,-2.405142329036818
1974-03-12,4.68,4.68
1974-03-13,-1.755,-1.755
1974-03-14,-1.56,-1.56
1974-03-15,-7.8,-7.8
1974-03-18,3.705,3.705
1974-03-19,-0.39,-0.39
1974-03-20,-2.73,-2.73
1974-03-21,0.0,0.0
1974-03-22,1.755,1.7498836072909014
1974-03-25,-7.605,-7.8
1974-03-26,0.0,0.0
1974-03-27,-6.63,-6.8
1974-03-28,1.164892105687022,1.2
1974-03-29,-0.76,-0.8
1974-04-01,-7.6,-8.0
1974-04-02,-7.610232400122094,-8.0
1974-04-03,7.1897530436240285,7.989753043624028
1974-04-04,-4.265374459947467,-4.765374459947467
1974-04-05,-1.4000881415349962,-1.575
1974-04-08,1.35,1.575
1974-04-09,4.05,4.725
1974-04-10,0.2949787583350186,0.34497875833501856
1974-04-11,-4.06,-4.76
1974-04-12,0.0,0.0
1974-04-15,5.8,6.8
1974-04-16,-2.175,-2.55
1974-04-17,-1.595,-1.87
1974-04-18,0.58,0.68
1974-04-19,0.58,0.68
1974-04-22,0.725,0.85
1974-04-23,-0.435,-0.51
1974-04-24,2.32,2.72
1974-04-25,5.8,6.8
1974-04-26,-1.305,-1.534782999408627
1974-04-29,-3.915,-4.455
1974-04-30,0.58,0.66
1974-05-01,-4.35,-4.95
1974-05-02,0.87,0.99
1974-05-03,-3.77,-4.29
1974-05-06,-5.8,-6.6
1974-05-07,0.0,-0.009257610223731758
1974-05-08,1.74,1.86
1974-05-09,-1.16,-1.2445731588764755
1974-05-10,3.19,3.3
1974-05-13,2.170408125327738,2.25
1974-05-14,-1.68,-1.8
1974-05-15,1.12,1.2
1974-05-16,2.94,3.15
1974-05-17,0.56,0.6
1974-05-20,-4.76,-5.1
1974-05-21,2.38,2.55
1974-05-22,-1.96,-2.1
1974-05-23,-1.68,-1.8
1974-05-24,0.28,0.3
1974-05-27,0.0,0.0
1974-05-28,1.54,1.65
1974-05-29,4.62,4.95
1974-05-30,-1.82,-1.95
1974-05-31,-4.2,-4.5
1974-06-03,-2.38,-2.55
1974-06-04,1.12,1.2
1974-06-05,3.64,3.9
1974-06-06,-0.98,-1.0543404825640037
1974-06-07,2.24,2.32
1974-06-10,-0.56,-0.58
1974-06-11,-1.68,-1.74
1974-06-12,2.1,2.175
1974-06-13,-0.7,-0.725
1974-06-14,-0.28,-0.29
1974-06-17,5.46,5.655
1974-06-18,-1.96,-2.03
1974-06-19,4.2,4.35
1974-06-20,0.84,0.87
1974-06-21,5.595746502075864,5.795746502075864
1974-06-24,5.8,6.0
1974-06-25,-4.64,-4.8
1974-06-26,5.8,6.0
1974-06-27,-1.595,-1.65
1974-06-28,-0.8743071730578404,-0.9043071730578405
1974-07-01,5.995657958421053,6.195657958421053
1974-07-02,-0.10296007968848009,-0.11077316816555645
1974-07-03,2.4713048639193738,2.551304863919374
1974-07-04,-0.008675225630867837,-0.008675225630867837
1974-07-05,-0.7,-0.72
1974-07-08,6.995689653620635,7.2
1974-07-09,-4.86,-4.864333688921238
1974-07-10,-5.22,-5.365
1974-07-11,1.98,2.035
1974-07-12,6.3,6.475
1974-07-15,6.48,6.66
1974-07-16,-2.16,-2.22
1974-07-17,-0.5444220164200846,-0.5638440328401692
1974-07-18,7.395537831966663,7.795537831966662
1974-07-19,7.6,8.0
1974-07-22,-1.14,-1.2
1974-07-23,6.26548409218427,6.6
1974-07-24,7.8,8.0
1974-07-25,7.8,8.0
1974-07-26,7.8,8.0
1974-07-29,7.8,8.0
1974-07-30,-7.41,-7.6
1974-07-31,7.605,7.8
1974-08-01,-7.8,-8.0
1974-08-02,-7.809578362045689,-8.014367543068534
1974-08-05,-5.554778283175541,-5.554778283175541
1974-08-06,6.8351891127065025,6.8351891127065025
1974-08-07,7.0,7.0
1974-08-08,-1.4,-1.4
1974-08-09,-7.0,-7.0
1974-08-12,-7.0,-7.0
1974-08-13,6.995078637337138,6.995078637337138
1974-08-14,6.8,6.8
1974-08-15,-3.74,-3.74
1974-08-16,6.8,6.8
1974-08-19,-2.38,-2.38
1974-08-20,-6.8,-6.8
1974-08-21,-1.02,-1.02
1974-08-22,6.8,6.8
1974-08-23,4.08,4.08
1974-08-26,-6.8,-6.8
1974-08-27,-6.12,-6.12
1974-08-28,3.91,3.91
1974-08-29,-3.91,-3.91
1974-08-30,-0.85,-0.85
1974-09-02,0.0,0.0
1974-09-03,-6.8,-6.8
1974-09-04,-3.91,-3.91
1974-09-05,5.44,5.44
1974-09-06,2.38,2.38
1974-09-09,6.8,6.8
1974-09-10,-2.21,-2.21
1974-09-11,3.23,3.23
1974-09-12,4.76,4.76
1974-09-13,-3.91,-3.91
1974-09-16,-6.8,-6.8
1974-09-17,-2.89,-2.89
1974-09-18,1.87,1.87
1974-09-19,2.89,2.89
1974-09-20,-1.36,-1.3652536880263313
1974-09-23,6.8,7.0
1974-09-24,6.8,7.0
1974-09-25,-2.72,-2.8
1974-09-26,6.8,7.0
1974-09-27,6.8,7.0
1974-09-30,6.8,7.0
1974-10-01,-6.8,-7.0
1974-10-02,5.1,5.25
1974-10-03,6.8,7.0
1974-10-04,-0.85,-0.875
1974-10-07,-6.8,-7.0
1974-10-08,-6.8,-7.0
1974-10-09,3.57,3.675
1974-10-10,4.59,4.725
1974-10-11,-4.93,-5.075
1974-10-14,6.46,6.65
1974-10-15,0.17,0.175
1974-10-16,-1.36,-1.4
1974-10-17,-3.91,-4.025
1974-10-18,-1.36,-1.4
1974-10-21,3.06,3.15
1974-10-22,1.3543969421952788,1.4
1974-10-23,-4.2,-4.2
1974-10-24,-3.85,-3.85
1974-10-25,-2.45,-2.45
1974-10-28,1.9193734193778795,1.9193734193778795
1974-10-29,5.9343840115881905,5.9343840115881905
1974-10-30,0.555,0.555
1974-10-31,-0.555,-0.555
1974-11-01,-2.9655797209133063,-2.9655797209133063
1974-11-04,-1.52,-1.52
1974-11-05,-0.005548205189597986,-0.005548205189597986
1974-11-06,-2.34,-2.34
1974-11-07,-0.39,-0.39
1974-11-08,0.5795494272765955,0.5795494272765955
1974-11-11,1.994586979060307,1.994586979060307
1974-11-12,-5.125,-5.125
1974-11-13,-0.41,-0.41
1974-11-14,1.2246504731621426,1.2246504731621426
1974-11-15,-3.9953192207156016,-3.9953192207156016
1974-11-18,-8.6,-8.6
1974-11-19,-4.73,-4.73
1974-11-20,8.385,8.385
1974-11-21,-8.6,-8.6
1974-11-22,3.429223335310222,3.434611667655111
1974-11-25,-1.23,-1.26
1974-11-26,3.28,3.36
1974-11-27,1.23,1.26
1974-11-28,0.0,0.0
1974-11-29,2.665,2.73
1974-12-02,-1.23,-1.26
1974-12-03,2.665,2.73
1974-12-04,-6.97,-7.14
1974-12-05,1.025,1.05
1974-12-06,-7.175,-7.35
1974-12-09,-4.715,-4.83
1974-12-10,2.249685842020267,2.304685842020267
1974-12-11,0.8,0.82
1974-12-12,-0.8,-0.82
1974-12-13,-3.2,-3.28
1974-12-16,-4.8,-4.92
1974-12-17,-4.0,-4.1
1974-12-18,3.6,3.6847130559980754
1974-12-19,-0.6105331899693585,-0.6105331899693585
1974-12-20,-0.57,-0.57
1974-12-23,-4.56,-4.56
1974-12-24,-0.76,-0.76
1974-12-25,0.0,0.0
1974-12-26,-6.08,-6.08
1974-12-27,4.5547229740510495,4.56
1974-12-30,-2.230562167754226,-2.2905621677542256
1974-12-31,2.1,2.16
1975-01-01,-0.005278333249172431,0.0
1975-01-02,4.08,4.32
1975-01-03,-1.02,-1.08
1975-01-06,2.89,3.06
1975-01-07,-4.25,-4.5
1975-01-08,-1.53,-1.625236296584436
1975-01-09,0.17,0.175
1975-01-10,1.53,1.575
1975-01-13,-2.21,-2.275
1975-01-14,-0.85,-0.875
1975-01-15,-0.68,-0.7
1975-01-16,-0.51,-0.525
1975-01-17,-6.8,-7.0
1975-01-20,-5.105230899354907,-5.265692698064722
1975-01-21,5.764493805956966,5.589493805956965
1975-01-22,-4.045809396484364,-3.9105395976562423
1975-01-23,5.46,5.454706221544756
1975-01-24,2.509400112130639,2.4247000560653196
1975-01-27,-3.64,-3.64
1975-01-28,2.6,2.594706796047281
1975-01-29,2.73,2.625
1975-01-30,-1.43,-1.375
1975-01-31,-1.04,-1.0
1975-02-03,-1.17,-1.125
1975-02-04,2.47,2.375
1975-02-05,-1.17,-1.125
1975-02-06,0.13,0.125
1975-02-07,1.3,1.25
1975-02-10,-2.21,-2.125
1975-02-11,0.52,0.5
1975-02-12,-0.78,-0.75
1975-02-13,0.26,0.25
1975-02-14,0.13,0.125
1975-02-17,-0.005237660443472258,0.0
1975-02-18,-1.35,-1.25
1975-02-19,-5.4,-5.0
1975-02-20,-2.16,-2.0
1975-02-21,-2.025,-1.875
1975-02-24,1.08,1.0
1975-02-25,-1.62,-1.5
1975-02-26,-1.89,-1.75
1975-02-27,-3.9202560473440324,-3.6302560473440324
1975-02-28,-2.6052290367329256,-2.4104580734658505
1975-03-03,3.7447873749510396,3.2947873749510395
1975-03-04,-1.6903856080771507,-1.4751928040385753
1975-03-05,2.31,2.0948345437591605
1975-03-06,2.4148263424587997,2.09
1975-03-07,-1.995,-1.805
1975-03-10,-0.105,-0.095
1975-03-11,4.2,3.8
1975-03-12,1.155,1.045
1975-03-13,-3.465,-3.135
1975-03-14,-1.26,-1.14
1975-03-17,0.63,0.57
1975-03-18,-0.84,-0.76
1975-03-19,0.315,0.285
1975-03-20,0.42,0.38
1975-03-21,3.99,3.61
1975-03-24,-1.155,-1.045
1975-03-25,0.63,0.57
1975-03-26,3.675,3.325
1975-03-27,-2.31,-2.09
1975-03-28,0.0,0.0
1975-03-31,2.625,2.375
1975-04-01,-0.21,-0.19
1975-04-02,-1.05,-0.9550194126532903
1975-04-03,-1.3699819433923486,-1.3049819433923486
1975-04-04,1.2050563217979628,1.155
1975-04-07,-0.805,-0.739901834428213
1975-04-08,1.2601283573549216,1.21
1975-04-09,0.96,0.88
1975-04-10,-4.684830762080134,-4.294830762080134
1975-04-11,-0.875,-0.805
1975-04-14,-1.625,-1.495
1975-04-15,-1.375,-1.265
1975-04-16,0.0,0.0
1975-04-17,2.25,2.07
1975-04-18,-1.625,-1.495
1975-04-21,0.25,0.23
1975-04-22,-2.125,-1.955
1975-04-23,1.375,1.265
1975-04-24,2.125,1.955
1975-04-25,2.5,2.3
1975-04-28,-0.125,-0.115
1975-04-29,-3.5,-3.22
1975-04-30,-1.0,-0.92
1975-05-01,-5.0,-4.6
1975-05-02,0.125,0.115
1975-05-05,-1.75,-1.61
1975-05-06,2.75,2.53
1975-05-07,-1.75,-1.61
1975-05-08,-0.375,-0.3493799773784051
1975-05-09,-1.625,-1.43
1975-05-12,1.8706090953727763,1.6456090953727762
1975-05-13,1.2,1.05
1975-05-14,-0.48,-0.42
1975-05-15,-0.96,-0.84
1975-05-16,-0.84,-0.735
1975-05-19,2.88,2.515727613478821
1975-05-20,0.72,0.6
1975-05-21,1.44,1.2
1975-05-22,-1.44,-1.2
1975-05-23,-0.96,-0.8
1975-05-26,0.0,0.0
1975-05-27,-3.6,-3.0
1975-05-28,0.48,0.4
1975-05-29,-0.96,-0.8
1975-05-30,0.48,0.4
1975-06-02,-1.92,-1.6
1975-06-03,0.84,0.7
1975-06-04,0.24,0.2
1975-06-05,-0.84,-0.7
1975-06-06,-0.12398134224316218,-0.1
1975-06-09,1.265,1.1
1975-06-10,-0.69,-0.6
1975-06-11,0.115,0.1
1975-06-12,-0.345,-0.3
1975-06-13,1.84,1.6
1975-06-16,2.07,1.8
1975-06-17,2.53,2.1962538003210454
1975-06-18,-1.38,-1.2637319611034068
1975-06-19,-0.345,-0.3374073646715061
1975-06-20,2.875,2.996295758842732
1975-06-23,-2.3,-2.503660903986368
1975-06-24,0.46,0.51633812296957
1975-06-25,-1.955,-2.298668027303975
1975-06-26,-1.495,-1.82
1975-06-27,-2.53,-3.08
1975-06-30,-0.92,-1.12
1975-07-01,0.575,0.7
1975-07-02,1.308418682325605,1.609364729878861
1975-07-03,1.84,2.24
1975-07-04,0.0,0.0
1975-07-07,-1.15,-1.4
1975-07-08,4.6,5.6
1975-07-09,1.38,1.68
1975-07-10,0.23,0.28
1975-07-11,4.481290482283713,5.46
1975-07-14,-2.28,-2.663718071183046
1975-07-15,2.036270382866469,2.465
1975-07-16,2.62125705254337,3.0375141050867405
1975-07-17,-3.7737675590206696,-4.49876755902067
1975-07-18,-3.375,-4.0
1975-07-21,4.455,5.28
1975-07-22,-1.62,-1.92
1975-07-23,-2.16,-2.56
1975-07-24,4.32,5.12
1975-07-25,2.97,3.52
1975-07-28,5.4,6.4
1975-07-29,5.265,6.24
1975-07-30,-5.4038940529374155,-6.4
1975-07-31,-1.4,-1.6
1975-08-01,2.38,2.72
1975-08-04,4.48,5.12
1975-08-05,-1.1238752691888563,-1.2838752691888562
1975-08-06,3.766103558140475,4.286103558140475
1975-08-07,5.996051972517515,6.796051972517515
1975-08-08,-2.793951889870104,-3.15
1975-08-11,-1.12,-1.2289522582536632
1975-08-12,5.756012009973595,6.476012009973596
1975-08-13,3.2960343720679854,3.7
1975-08-14,3.396022622332283,3.6920452446645657
1975-08-15,1.2171186134040974,1.3571186134040973
1975-08-18,-5.557904665099424,-6.1539523325497125
1975-08-19,5.46,5.88
1975-08-20,6.435,6.93
1975-08-21,-3.514015151662901,-3.78
1975-08-22,0.2,0.21
1975-08-25,-1.6039907714180466,-1.68
1975-08-26,-8.2,-8.4
1975-08-27,3.28,3.36
1975-08-28,-4.92,-5.04
1975-08-29,-4.51,-4.62
1975-09-01,0.0,0.0
1975-09-02,-5.945,-6.09
1975-09-03,1.845,1.89
1975-09-04,-0.205,-0.21
1975-09-05,2.05,2.1
1975-09-08,-2.665,-2.73
1975-09-09,-6.56,-6.72
1975-09-10,3.28,3.36
1975-09-11,-1.845,-1.89
1975-09-12,8.2,8.4
1975-09-15,0.19683618463299843,0.21
1975-09-16,4.68,5.04
1975-09-17,7.02,7.56
1975-09-18,-3.51,-3.78
1975-09-19,-1.56,-1.68
1975-09-22,-3.12,-3.36
1975-09-23,-3.12,-3.36
1975-09-24,1.365,1.47
1975-09-25,1.755,1.89
1975-09-26,0.975,1.0459111439910924
1975-09-29,-2.73,-3.014066855339277
1975-09-30,0.195,0.22
1975-10-01,2.3359868945357416,2.635986894535742
1975-10-02,-7.604013617623331,-8.554013617623333
1975-10-03,1.64,1.84
1975-10-06,-1.025,-1.15
1975-10-07,1.23,1.38
1975-10-08,1.025,1.15
1975-10-09,-0.205,-0.23
1975-10-10,0.205,0.23
1975-10-13,-6.15,-6.907956318122587
1975-10-14,2.87,3.36
1975-10-15,-2.87,-3.36
1975-10-16,2.05,2.4
1975-10-17,-2.87,-3.36
1975-10-20,1.23,1.44
1975-10-21,-3.69,-4.32
1975-10-22,2.05,2.4
1975-10-23,1.23,1.44
1975-10-24,-0.615,-0.72
1975-10-27,-3.895,-4.56
1975-10-28,0.41,0.48
1975-10-29,1.845,2.16
1975-10-30,1.435,1.68
1975-10-31,-1.64,-1.92
1975-11-03,-8.2,-9.6
1975-11-04,0.4060201172877415,0.46010058643870766
1975-11-05,2.0,2.146023866925155
1975-11-06,-2.4039538027700202,-2.52
1975-11-07,0.0,0.0
1975-11-10,-0.195,-0.21
1975-11-11,-2.145,-2.31
1975-11-12,-1.755,-1.89390078192506
1975-11-13,0.975,1.025
1975-11-14,2.1411217785633916,2.2511217785633915
1975-11-17,-1.52,-1.6
1975-11-18,-2.47,-2.6
1975-11-19,-2.473837736038974,-2.6038377360389737
1975-11-20,0.185,0.19119773267057816
1975-11-21,3.696190182304608,3.7961901823046076
1975-11-24,6.116155070197783,6.286155070197783
1975-11-25,-2.8077027460182644,-2.8877027460182645
1975-11-26,0.825,0.85
1975-11-27,0.0,0.0
1975-11-28,-0.825,-0.85
1975-12-01,0.66,0.68
1975-12-02,-0.165,-0.17
1975-12-03,-0.495,-0.51
1975-12-04,3.3,3.4
1975-12-05,-2.475,-2.55
1975-12-08,-2.64,-2.72
1975-12-09,1.815,1.87
1975-12-10,-1.32,-1.36
1975-12-11,0.33,0.34
1975-12-12,-4.785,-4.93
1975-12-15,-0.825,-0.85
1975-12-16,1.98,2.04
1975-12-17,2.31,2.38
1975-12-18,-0.99,-1.02
1975-12-19,1.155,1.19
1975-12-22,0.99,1.02
1975-12-23,-2.31,-2.38
1975-12-24,-0.33,-0.34
1975-12-25,0.0,0.0
1975-12-26,0.0,0.0
1975-12-29,-1.815,-1.87
1975-12-30,0.165,0.17
1975-12-31,2.805,2.89
1976-01-01,0.0,0.0
1976-01-02,-1.32,-1.36
1976-01-05,1.32,1.36
1976-01-06,0.0,0.0
1976-01-07,2.97,3.06
1976-01-08,0.495,0.51
1976-01-09,-1.485,-1.5336238078060391
1976-01-12,1.815,1.9213800710916875
1976-01-13,0.495,0.5363952385791002
1976-01-14,-0.165,-0.1921947908805482
1976-01-15,-0.66,-0.787195381833982
1976-01-16,0.165,0.20140888342169708
1976-01-19,1.151414450276365,1.466414450276365
1976-01-20,-0.0035826736416485184,-0.0035826736416485184
1976-01-21,-1.75717175916147,-2.2071717591614703
1976-01-22,-1.11,-1.38
1976-01-23,1.11,1.38
1976-01-26,-7.403621562236881,-9.203621562236881
1976-01-27,3.0327426162798363,3.738227848839509
1976-01-28,1.0763747639539567,1.2263747639539566
1976-01-29,0.35,0.4
1976-01-30,1.05,1.2
1976-02-02,1.75,2.0
1976-02-03,-0.35,-0.4
1976-02-04,-0.875,-1.0
1976-02-05,-0.7,-0.8
1976-02-06,0.875,1.0
1976-02-09,-0.7,-0.8
1976-02-10,2.1,2.4
1976-02-11,1.4,1.6
1976-02-12,3.5,4.0
1976-02-13,-1.4,-1.6
1976-02-16,0.0,0.0
1976-02-17,0.7,0.8
1976-02-18,-1.225,-1.4
1976-02-19,0.175,0.2
1976-02-20,-0.525,-0.6
1976-02-23,0.6964231313865066,0.7964231313865067
1976-02-24,-0.7235621609391887,-0.8235621609391887
1976-02-25,1.48,1.676441699559356
1976-02-26,-0.7435586010869284,-0.86
1976-02-27,2.0864581120720134,2.3614581120720137
1976-03-01,-0.975,-1.103527978389707
1976-03-02,-4.878550720107264,-5.625
1976-03-03,1.4,1.575
1976-03-04,1.2,1.35
1976-03-05,-0.6,-0.675
1976-03-08,-1.8,-2.025
1976-03-09,1.2,1.35
1976-03-10,-1.0,-1.125
1976-03-11,-2.0,-2.25
1976-03-12,-1.2,-1.35
1976-03-15,-2.4,-2.7
1976-03-16,-0.2,-0.22846011060231156
1976-03-17,2.2,2.416540671860019
1976-03-18,1.0,1.0715400349954824
1976-03-19,-1.0,-1.05
1976-03-22,0.8,0.84
1976-03-23,-2.6,-2.73
1976-03-24,0.8,0.8366243848434161
1976-03-25,-0.6,-0.615
1976-03-26,-0.4,-0.41
1976-03-29,-1.8,-1.845
1976-03-30,1.5967188945304822,1.636718894530482
1976-03-31,-0.975,-1.003272146111339
1976-04-01,-0.195,-0.195
1976-04-02,0.39,0.39
1976-04-05,0.78,0.78
1976-04-06,1.365,1.365
1976-04-07,-0.78,-0.78
1976-04-08,1.95,1.95
1976-04-09,-0.39,-0.39
1976-04-12,0.195,0.195
1976-04-13,-1.755,-1.755
1976-04-14,0.975,0.975
1976-04-15,1.95,1.95
1976-04-16,0.0,0.0
1976-04-19,-0.585,-0.585
1976-04-20,0.78,0.78
1976-04-21,-0.195,-0.195
1976-04-22,0.585,0.585
1976-04-23,-1.17,-1.17
1976-04-26,-0.78,-0.78
1976-04-27,-1.95,-1.95
1976-04-28,1.755,1.755
1976-04-29,-1.365,-1.365
1976-04-30,-0.195,-0.195
1976-05-03,1.17,1.17
1976-05-04,-0.78,-0.78
1976-05-05,0.78,0.78
1976-05-06,0.195,0.195
1976-05-07,0.39,0.39
1976-05-10,0.195,0.195
1976-05-11,0.195,0.195
1976-05-12,2.145,2.142525029376364
1976-05-13,1.365,1.4
1976-05-14,0.0,-0.007416906150316713
1976-05-17,-2.147469987545434,-2.3699399750908685
1976-05-18,-1.2,-1.35
1976-05-19,-0.8,-0.9
1976-05-20,-1.0,-1.125
1976-05-21,0.2,0.225
1976-05-24,3.2,3.6
1976-05-25,0.6,0.675
1976-05-26,2.997756203445154,3.375
1976-05-27,1.845,2.025
1976-05-28,-2.4622364409736126,-2.7044728819472255
1976-05-31,0.0,0.0
1976-06-01,2.31,2.585
1976-06-02,-2.5222214207413307,-2.82
1976-06-03,0.645,0.705
1976-06-04,1.5005628859399056,1.642781442969953
1976-06-07,8.997702994135874,9.595405988271747
1976-06-08,-0.46459422448526155,-0.5091884489705231
1976-06-09,4.4,4.6
1976-06-10,1.1,1.15
1976-06-11,-4.62,-4.83
1976-06-14,-0.66,-0.69
1976-06-15,-3.96,-4.14
1976-06-16,1.32,1.38
1976-06-17,-2.86,-2.99
1976-06-18,-0.22,-0.23
1976-06-21,8.8,9.2
1976-06-22,0.4353867476834372,0.4576933738417186
1976-06-23,-4.62,-4.95
1976-06-24,2.94,3.15
1976-06-25,-1.89,-2.025
1976-06-28,-0.63,-0.675
1976-06-29,-3.36,-3.6
1976-06-30,-3.36,-3.6
1976-07-01,6.873983155576612,7.364136209829224
1976-07-02,3.1452192713621834,3.3702192713621835
1976-07-05,0.0,0.0
1976-07-06,8.0,8.6
1976-07-07,-8.0,-8.6
1976-07-08,1.5924132601175136,1.7098843468233513
1976-07-09,-0.555,-0.585
1976-07-12,-2.405,-2.535
1976-07-13,0.185,0.195
1976-07-14,7.03,7.41
1976-07-15,-3.7,-3.9025326480786156
1976-07-16,-0.925,-0.95
1976-07-19,-4.995,-5.13
1976-07-20,2.775,2.847425777067805
1976-07-21,-2.22,-2.22
1976-07-22,-7.4,-7.4
1976-07-23,2.212038228465227,2.2093843046203023
1976-07-26,-3.57,-3.465
1976-07-27,-0.6826643682778015,-0.6626643682778015
1976-07-28,0.33,0.32
1976-07-29,-0.66,-0.64
1976-07-30,-0.66,-0.64
1976-08-02,-2.31,-2.24
1976-08-03,1.98,1.92
1976-08-04,2.8023982084974794,2.72
1976-08-05,0.64,0.6373974719819658
1976-08-06,-1.6,-1.55
1976-08-09,-1.44,-1.395
1976-08-10,0.32,0.31
1976-08-11,-0.96,-0.93
1976-08-12,1.12,1.085
1976-08-13,5.12,4.96
1976-08-16,-1.4426231340759974,-1.3976231340759975
1976-08-17,-3.1,-3.0
1976-08-18,2.635,2.55
1976-08-19,3.255,3.15
1976-08-20,-0.775,-0.75
1976-08-23,2.79,2.7
1976-08-24,-1.24,-1.2
1976-08-25,-1.395,-1.35
1976-08-26,0.775,0.75
1976-08-27,2.48,2.4
1976-08-30,-2.325,-2.25
1976-08-31,0.465,0.45
1976-09-01,2.945,2.85
1976-09-02,2.945,2.85
1976-09-03,0.62,0.6
1976-09-06,0.0,-0.0026679704022988704
1976-09-07,6.2,6.2
1976-09-08,-2.947743865241581,-2.945
1976-09-09,-0.8,-0.775
1976-09-10,-0.4827425178449698,-0.465
1976-09-13,-1.652745185048636,-1.5527451850486362
1976-09-14,-2.0427522491431116,-1.92
1976-09-15,0.7,0.64
1976-09-16,0.1722612294011504,0.16
1976-09-17,-4.32,-3.84
1976-09-20,-0.18,-0.16
1976-09-21,-1.62,-1.44
1976-09-22,-3.24,-2.88
1976-09-23,-0.36,-0.32
1976-09-24,-3.24,-2.8827885352846283
1976-09-27,-1.08,-0.9355759280788956
1976-09-28,1.26,1.0122098628091025
1976-09-29,-2.88,-2.242797011409684
1976-09-30,-0.5427958269748475,-0.4105916539496949
1976-10-01,-1.4027969989291045,-1.0027969989291046
1976-10-04,3.39725678841264,2.39451357682528
1976-10-05,0.32453574069408553,0.21726787034704276
1976-10-06,1.085,0.735
1976-10-07,2.17,1.47
1976-10-08,-2.79,-1.89
1976-10-11,-3.1027678516725725,-2.1
1976-10-12,0.297232130522258,0.20723213052225797
1976-10-13,4.785,3.3
1976-10-14,-5.22574064625293,-3.6
1976-10-15,-1.2236180174668567,-0.9028726724889522
1976-10-18,0.0,-0.0028720109716951965
1976-10-19,0.96,0.72
1976-10-20,0.12,0.09
1976-10-21,-0.24,-0.18
1976-10-22,0.36,0.27
1976-10-25,0.72,0.54
1976-10-26,-0.84,-0.63
1976-10-27,-0.12,-0.09
1976-10-28,-3.0,-2.25
1976-10-29,-0.36,-0.2728734255657772
1976-11-01,-0.72,-0.5128739829204061
1976-11-02,-0.002873422707269697,-0.002873422707269697
1976-11-03,0.46,0.3
1976-11-04,-0.0028706772270955853,0.0
1976-11-05,-1.1,-0.75
1976-11-08,-0.55,-0.3807380587872641
1976-11-09,-2.3128612757637828,-1.367861275763783
1976-11-10,0.8371380399086519,0.4771380399086519
1976-11-11,-3.202902407583052,-1.762902407583052
1976-11-12,-0.2908048151661039,-0.15
1976-11-15,-0.25789967538331887,-0.15869902614995662
1976-11-16,1.754161142103427,0.7641611421034271
1976-11-17,-0.42,-0.15
1976-11-18,0.34708268848135115,0.125
1976-11-19,0.65,0.24707943182160153
1976-11-22,0.975,0.3
1976-11-23,0.39,0.12
1976-11-24,0.195,0.06
1976-11-25,0.0,0.0
1976-11-26,-0.26,-0.08
1976-11-29,-0.715,-0.22
1976-11-30,-0.325,-0.1
1976-12-01,-0.39,-0.12
1976-12-02,0.065,0.02
1976-12-03,0.455,0.13707945713299835
1976-12-06,1.235,0.282067224482281
1976-12-07,-0.65,-0.1
1976-12-08,0.65,0.1
1976-12-09,-0.26,-0.04
1976-12-10,-0.13,-0.02
1976-12-13,0.0,0.0
1976-12-14,0.39,0.06
1976-12-15,-0.65,-0.1
1976-12-16,-0.065,-0.01
1976-12-17,-0.52,-0.08
1976-12-20,0.26,0.04
1976-12-21,0.065,0.01
1976-12-22,0.39,0.06
1976-12-23,0.26,0.04
1976-12-24,0.0,0.0
1976-12-27,0.975,0.15
1976-12-28,0.325,0.05
1976-12-29,0.0,0.0
1976-12-30,0.0,0.0
1976-12-31,0.0,0.0
1977-01-03,-0.325,-0.05
1977-01-04,1.105,0.17
1977-01-05,0.065,0.01
1977-01-06,1.0370459132784133,0.16
1977-01-07,-0.07295408672158671,-0.024770433607933476
1977-01-10,1.4970309063558223,0.6940618127116445
1977-01-11,-1.0429755330677628,-0.596902132271051
1977-01-12,-0.08797494987306205,-0.0709498997461241
1977-01-13,-0.6329769738852928,-0.5279769738852929
1977-01-14,0.57,0.48
1977-01-17,0.3770211121594627,0.3170211121594627
1977-01-18,-0.6029803656196163,-0.5129803656196164
1977-01-19,0.315,0.27
1977-01-20,-0.4229743348066269,-0.3629743348066269
1977-01-21,-0.22,-0.19
1977-01-24,0.88,0.76
1977-01-25,0.0,-0.002970661779588813
1977-01-26,-0.5529710394004401,-0.5
1977-01-27,-0.575,-0.5
1977-01-28,-0.575,-0.5
1977-01-31,0.46,0.4
1977-02-01,0.23,0.2
1977-02-02,-0.575,-0.5
1977-02-03,1.265,1.1
1977-02-04,0.805,0.7
1977-02-07,0.345,0.3
1977-02-08,-0.575,-0.5
1977-02-09,0.345,0.3
1977-02-10,0.46,0.4
1977-02-11,-0.805,-0.7
1977-02-14,-0.345,-0.3
1977-02-15,0.69,0.6
1977-02-16,1.495,1.3
1977-02-17,0.805,0.7
1977-02-18,0.345,0.3
1977-02-21,0.0,-0.002848086331957189
1977-02-22,-1.725,-1.575
1977-02-23,0.115,0.105
1977-02-24,0.92,0.8343241120636178
1977-02-25,-0.69,-0.6985182697958131
1977-02-28,-1.035,-1.17
1977-03-01,-0.69,-0.78
1977-03-02,-1.495,-1.69
1977-03-03,0.46,0.52
1977-03-04,0.4572517627722702,0.52
1977-03-07,0.44,0.52
1977-03-08,0.9872585375789075,1.17
1977-03-09,-0.21,-0.26
1977-03-10,-0.945,-1.17
1977-03-11,0.417326399585329,0.52
1977-03-14,-1.5026833482448583,-1.95
1977-03-15,0.37478471789219764,0.5095694357843953
1977-03-16,0.9324605464400894,1.2074605464400894
1977-03-17,-0.2425363295973825,-0.31753632959738254
1977-03-18,0.1474636987389643,0.2
1977-03-21,0.14,0.2
1977-03-22,-0.07,-0.1
1977-03-23,-0.21,-0.3
1977-03-24,-0.0024368478945820493,0.0
1977-03-25,0.195,0.29756359706875857
1977-03-28,-0.715,-1.045
1977-03-29,-0.4597923099743976,-0.6697923099743976
1977-03-30,-0.7723987313593078,-1.1947974627186155
1977-03-31,-0.05463331186188695,-0.08426662372377389
1977-04-01,0.23537853817195512,0.32537853817195517
1977-04-04,-0.3622950955761165,-0.5445901911522331
1977-04-05,-0.05458900283444759,-0.0745890028344476
1977-04-06,0.07040860115923187,0.11811290173884781
1977-04-07,0.02770303078843218,0.05540606157686436
1977-04-08,-0.0022961728424754444,-0.0022961728424754444
1977-04-11,-0.05,-0.05
1977-04-12,-0.095,-0.095
1977-04-13,0.06,0.06
1977-04-14,-0.015,-0.015
1977-04-15,0.005,0.005
1977-04-18,-0.015,-0.01728547975566471
1977-04-19,0.055,0.11
1977-04-20,0.045,0.08770589924963997
1977-04-21,0.02,0.05770782659078878
1977-04-22,0.04276032666024926,0.17552065332049852
1977-04-25,0.22547293587480052,0.6832094038122007
1977-04-26,-0.1222447578738613,-0.27
1977-04-27,0.1955374133706673,0.3533061200560009
1977-04-28,-0.4222143463261818,-0.7244286926523636
1977-04-29,-0.04221334087399096,-0.07221334087399096
1977-05-02,-0.002194164717150727,-0.002194164717150727
1977-05-03,0.6,0.96
1977-05-04,0.9977845773072185,1.5977845773072186
1977-05-05,-0.0022136562863801995,-0.0022136562863801995
1977-05-06,-0.6044089671065311,-0.9066134506597967
1977-05-09,0.6278031042777493,0.945
1977-05-10,1.5727810218763296,2.2005620437526594
1977-05-11,-0.4821996093335214,-0.69
1977-05-12,-1.2771915711702604,-1.7271915711702606
1977-05-13,1.08,1.44
1977-05-16,0.45,0.6
1977-05-17,0.17579832458243203,0.23579832458243202
1977-05-18,-1.1041818061156565,-1.4341818061156564
1977-05-19,0.0,0.0
1977-05-20,1.43,1.8179018111729608
1977-05-23,-1.5421067990798838,-2.032106799079884
1977-05-24,-1.61,-2.1
1977-05-25,1.265,1.65
1977-05-26,0.46,0.6
1977-05-27,0.115,0.15
1977-05-30,0.0,0.0
1977-05-31,-2.07,-2.7
1977-06-01,-0.115,-0.15
1977-06-02,0.0,0.0
1977-06-03,-0.805,-1.05
1977-06-06,0.115,0.15
1977-06-07,0.345,0.447934330447861
1977-06-08,2.76,3.715831556411287
1977-06-09,0.69,0.99
1977-06-10,2.76,3.96
1977-06-13,0.805,1.155
1977-06-14,-0.115,-0.165
1977-06-15,-0.4620894566140102,-0.6620894566140102
1977-06-16,0.9558410253198838,1.355841025319884
1977-06-17,1.4279318451039842,1.9737955353119527
1977-06-20,-1.4891086597074417,-2.1491086597074416
1977-06-21,2.9,4.1
1977-06-22,1.015,1.435
1977-06-23,-0.5838668358098975,-0.8238668358098975
1977-06-24,-0.4688600155508939,-0.646930007775447
1977-06-27,-2.6438953752405565,-3.521947687620278
1977-06-28,-0.875,-1.125
1977-06-29,1.75,2.25
1977-06-30,3.675,4.725
1977-07-01,2.4218695036589835,3.1232659165208276
1977-07-04,0.0,0.0
1977-07-05,-6.3,-8.1
1977-07-06,-0.7,-0.9
1977-07-07,5.25,6.747919735668202
1977-07-08,-0.7,-0.92
1977-07-11,6.125,8.05
1977-07-12,0.875,1.1478511026818794
1977-07-13,-1.925,-2.475
1977-07-14,-1.575,-2.025
1977-07-15,2.625,3.375
1977-07-18,4.2,5.4
1977-07-19,-1.575,-2.025
1977-07-20,2.275,2.925
1977-07-21,-0.5271285968149673,-0.675
1977-07-22,-1.442132593612671,-1.802132593612671
1977-07-25,1.6628636852242342,2.0678636852242342
1977-07-26,2.8457637775454434,3.5207637775454432
1977-07-27,1.3957624638064223,1.7128812319032112
1977-07-28,3.3557401215327354,3.9957401215327355
1977-07-29,3.07573478773992,3.63786739386996
1977-08-01,-1.1542394062604817,-1.3292394062604818
1977-08-02,0.23788329398775612,0.2728832939877561
1977-08-03,-2.2092434349208636,-2.5242434349208636
1977-08-04,-1.02,-1.16
1977-08-05,-2.044255022534348,-2.322127511267174
1977-08-08,4.77,5.307861650051303
1977-08-09,0.265,0.3
1977-08-10,-0.7992740595780591,-0.9021370297890295
1977-08-11,1.6457236227706544,1.8278618113853273
1977-08-12,0.5657311143614042,0.6157311143614043
1977-08-15,6.780723847500284,7.355723847500284
1977-08-16,1.525,1.65
1977-08-17,0.915,0.99
1977-08-18,1.520744880305555,1.6478724401527773
1977-08-19,1.255744149423887,1.3378720747119435
1977-08-22,2.2707408227960264,2.3757408227960264
1977-08-23,0.3286209272984198,0.3457472848656132
1977-08-24,-3.504259431111899,-3.6021297155559493
1977-08-25,-1.08,-1.095
1977-08-26,1.4378713285840083,1.4578713285840084
1977-08-29,2.550742352992106,2.5878711764960527
1977-08-30,-1.879261719457133,-1.879261719457133
1977-08-31,1.152872175073245,1.152872175073245
1977-09-01,-1.5621278249267552,-1.5621278249267552
1977-09-02,-1.9771300963724388,-1.9771300963724388
1977-09-05,-0.002114504346769103,-0.002114504346769103
1977-09-06,-5.265,-5.265
1977-09-07,-0.8121248118834439,-0.8121248118834439
1977-09-08,-2.872128801639963,-2.872128801639963
1977-09-09,-2.49,-2.49
1977-09-12,-3.737137221956101,-3.737137221956101
1977-09-13,0.84,0.84
1977-09-14,4.2,4.19787830318635
1977-09-15,0.84,0.85
1977-09-16,0.42,0.4228961591599541
1977-09-19,-2.944161470249157,-3.0120807351245786
1977-09-20,-4.73,-4.785
1977-09-21,-8.17,-8.265
1977-09-22,6.445768304114914,6.525
1977-09-23,-0.8505665638854288,-0.8742266255541715
1977-09-26,2.37,2.55
1977-09-27,5.925,6.375
1977-09-28,-0.397121322555907,-0.4292426451118139
1977-09-29,-5.07,-5.395
1977-09-30,1.1678667055277776,1.2428667055277778
1977-10-03,-4.235,-4.51
1977-10-04,-6.932158591706901,-7.382158591706901
1977-10-05,3.407033040571538,3.6341942004762817
1977-10-06,-5.952179449546331,-6.462179449546331
1977-10-07,-1.3887207937918584,-1.5087207937918585
1977-10-10,3.575,3.905
1977-10-11,3.2456247602776513,3.545624760277651
1977-10-12,0.63,0.69
1977-10-13,4.095,4.485
1977-10-14,-1.575,-1.725
1977-10-17,-1.26,-1.38
1977-10-18,-0.945,-1.035
1977-10-19,-0.945,-1.035
1977-10-20,2.52,2.76
1977-10-21,0.945,1.035
1977-10-24,-2.52,-2.76
1977-10-25,2.52,2.76
1977-10-26,-2.835,-3.105
1977-10-27,2.52,2.76
1977-10-28,-2.52,-2.76
1977-10-31,-3.465,-3.795
1977-11-01,-3.465,-3.795
1977-11-02,-2.2071956475506656,-2.4171956475506655
1977-11-03,4.95779737552759,5.43779737552759
1977-11-04,1.8211895021103608,2.0011895021103605
1977-11-07,-3.705,-4.095
1977-11-08,1.4205789179794026,1.5683683769691037
1977-11-09,0.8227969215621124,0.9
1977-11-10,1.35,1.5
1977-11-11,2.43,2.7
1977-11-14,-2.7,-3.0
1977-11-15,-1.0822051140731412,-1.2
1977-11-16,-4.77,-5.4
1977-11-17,1.8461022959642786,2.0888778699553483
1977-11-18,-0.735,-0.8272238957635388
1977-11-21,1.2227858082339358,1.35
1977-11-22,3.36,3.78
1977-11-23,0.2377868657145607,0.26557373142912144
1977-11-24,0.0,0.0
1977-11-25,-2.115,-2.34
1977-11-28,3.29,3.64
1977-11-29,1.4077722433832245,1.56
1977-11-30,0.46,0.52
1977-12-01,0.23,0.26
1977-12-02,0.0,-0.002226549724134511
1977-12-05,1.38,1.5855546942004124
1977-12-06,0.23,0.27055811010938946
1977-12-07,-0.23221239931712978,-0.2894247986342595
1977-12-08,0.7027874534221881,0.8805749068443763
1977-12-09,-0.7244211804855172,-0.9194211804855172
1977-12-12,4.4977803177642155,5.66556063552843
1977-12-13,-0.51,-0.65
1977-12-14,1.275,1.625
1977-12-15,-0.765,-0.975
1977-12-16,-1.7872205923467475,-2.2772205923467475
1977-12-19,-0.52,-0.66
1977-12-20,-2.08,-2.6421955717960737
1977-12-21,0.0,0.0
1977-12-22,-0.52,-0.67
1977-12-23,-0.26,-0.335
1977-12-26,0.0,0.0
1977-12-27,-1.56,-2.01
1977-12-28,0.52,0.67
1977-12-29,0.52,0.67
1977-12-30,-1.04,-1.3421808058584348
1978-01-02,0.0,0.0
1978-01-03,-1.82,-2.38
1978-01-04,-0.78,-1.02
1978-01-05,0.52,0.68
1978-01-06,1.3,1.7
1978-01-09,-1.04,-1.36
1978-01-10,-0.26,-0.34
1978-01-11,-1.04,-1.36
1978-01-12,-0.26,-0.34
1978-01-13,-0.52,-0.68
1978-01-16,0.52,0.68
1978-01-17,2.86,3.74
1978-01-18,0.78,1.02
1978-01-19,-1.04,-1.36
1978-01-20,-1.56,-2.04
1978-01-23,-1.04,-1.36
1978-01-24,0.78,1.02
1978-01-25,0.0,0.0
1978-01-26,1.04,1.36
1978-01-27,0.26,0.34
1978-01-30,1.82,2.38
1978-01-31,1.3,1.7
1978-02-01,0.52,0.68
1978-02-02,-1.04,-1.36
1978-02-03,0.26,0.34
1978-02-06,-0.26,-0.342026126246387
1978-02-07,0.26,0.34299601720648176
1978-02-08,0.0,-0.002003787754690207
1978-02-09,-1.04,-1.422005301113427
1978-02-10,-1.82,-2.52
1978-02-13,1.56,2.16
1978-02-14,0.52,0.72
1978-02-15,0.0,0.0
1978-02-16,0.26,0.36
1978-02-17,0.52,0.72
1978-02-20,0.0,0.0
1978-02-21,0.0,0.0
1978-02-22,-1.3,-1.8
1978-02-23,0.26,0.36
1978-02-24,-0.78,-1.08
1978-02-27,0.52,0.72
1978-02-28,0.26,0.36
1978-03-01,-1.3,-1.8
1978-03-02,-1.56,-2.16
1978-03-03,-3.12,-4.32
1978-03-06,-2.867583547318794,-3.9770629814672875
1978-03-07,-3.1295286665645983,-4.114057333129196
1978-03-08,-1.0864102923572345,-1.344017153928724
1978-03-09,0.7343757727089829,0.8525010302786439
1978-03-10,0.8444086261318122,0.9675448348424164
1978-03-13,-4.343831033351796,-4.907662066703592
1978-03-14,-1.0314960640800168,-1.1051618560977985
1978-03-15,-1.3036868450728427,-1.3055302676092642
1978-03-16,0.0846515879842576,0.07786878397901015
1978-03-17,-1.72863574970637,-1.500453624559555
1978-03-20,1.2279676249988682,0.9429676249988682
1978-03-21,0.2682411141453939,0.17824111414539393
1978-03-22,-0.6435364055830576,-0.4035364055830576
1978-03-23,-0.36177250947930534,-0.18177250947930534
1978-03-24,-0.00351260697328786,-0.005268910459931789
1978-03-27,-0.21,0.07
1978-03-28,0.0715514683205857,-0.025
1978-03-29,0.12647839488939247,-0.13352160511060754
1978-03-30,0.06,0.18
1978-03-31,0.085,0.255
1978-04-03,-0.08,-0.24
1978-04-04,0.025,0.075
1978-04-05,-0.02,-0.06
1978-04-06,-0.021762136168885074,-0.06176213616888507
1978-04-07,0.08,0.16
1978-04-10,0.1282398692969296,0.2582398692969296
1978-04-11,-0.016760130703070395,-0.026760130703070397
1978-04-12,-0.22176489965917018,-0.33176489965917016
1978-04-13,-0.525,-0.735
1978-04-14,0.3,0.42
1978-04-17,0.05,0.07
1978-04-18,0.2,0.28
1978-04-19,0.025,0.035
1978-04-20,0.0,0.0
1978-04-21,-0.25,-0.35
1978-04-24,-0.725,-1.015
1978-04-25,0.15,0.21
1978-04-26,-0.5,-0.7
1978-04-27,0.2,0.28
1978-04-28,-0.075,-0.10683593179682752
1978-05-01,-0.30184274366254216,-0.36184274366254215
1978-05-02,0.038157322084150624,0.048157322084150626
1978-05-03,0.0881612518306814,0.12
1978-05-04,0.14814792589450523,0.29814792589450523
1978-05-05,0.075,0.225
1978-05-08,-0.08,-0.24
1978-05-09,0.05,0.14811703412003954
1978-05-10,0.015,0.03
1978-05-11,0.075,0.15
1978-05-12,-0.025,-0.05
1978-05-15,0.08,0.16
1978-05-16,-0.025,-0.05
1978-05-17,0.02,0.04
1978-05-18,0.035,0.07
1978-05-19,-0.035,-0.07
1978-05-22,-0.005,-0.01
1978-05-23,0.175,0.35
1978-05-24,0.0,0.0
1978-05-25,0.115,0.23
1978-05-26,0.005,0.01
1978-05-29,-0.003990466968105148,-0.003990466968105148
1978-05-30,0.15,0.2
1978-05-31,-0.04697499382697396,-0.06
1978-06-01,-0.3839678580133992,-0.38198392900669964
1978-06-02,-0.57,-0.475
1978-06-05,0.42,0.35
1978-06-06,-0.12,-0.1
1978-06-07,-0.45,-0.375
1978-06-08,-0.09,-0.075
1978-06-09,-0.18,-0.15
1978-06-12,0.27,0.225
1978-06-13,-0.09,-0.075
1978-06-14,-0.42,-0.35
1978-06-15,-0.24,-0.2
1978-06-16,0.0,0.0
1978-06-19,0.27,0.225
1978-06-20,0.18,0.15
1978-06-21,-0.21,-0.175
1978-06-22,0.51,0.425
1978-06-23,-0.09,-0.075
1978-06-26,-0.27,-0.225
1978-06-27,-0.21,-0.175
1978-06-28,-0.57,-0.475
1978-06-29,0.027988021584310737,0.025
1978-06-30,0.14631398148216657,0.13776278380360069
1978-07-03,-0.34202995862073954,-0.34202995862073954
1978-07-04,-0.0040511354905657425,-0.0040511354905657425
1978-07-05,0.05,0.05
1978-07-06,0.0,0.0
1978-07-07,-0.042023271644213094,-0.04404654328842618
1978-07-10,-0.0020166354690541585,0.0029833645309458416
1978-07-11,0.03798596510475721,0.07597193020951443
1978-07-12,0.17796842858082956,0.3559368571616591
1978-07-13,0.0409676421903277,0.08395146328549155
1978-07-14,-0.12903022863656466,-0.23104534295484697
1978-07-17,0.5209612586942025,0.8959612586942025
1978-07-18,1.075894054661597,1.6758940546615968
1978-07-19,-0.4441122998254822,-0.6441122998254822
1978-07-20,-0.26411090344034993,-0.36616635516052487
1978-07-21,-0.07910082100990999,-0.10910082100990999
1978-07-24,1.35793975327502,1.8358795065500395
1978-07-25,0.4458783047178741,0.6208783047178741
1978-07-26,-1.1061460617534526,-1.4911460617534527
1978-07-27,0.805,1.05
1978-07-28,-0.004096281835310295,-0.006144422752965441
1978-07-31,-0.12909340141144215,-0.16909340141144216
1978-08-01,1.2109204976304633,1.5688807464456946
1978-08-02,2.895872641092727,3.795872641092727
1978-08-03,0.31,0.4
1978-08-04,0.6138204798933242,0.7938204798933243
1978-08-07,3.0537977845889994,3.8637977845889995
1978-08-08,-1.2991367810514158,-1.612068390525708
1978-08-09,-0.97706970816726,-1.175
1978-08-10,-0.20206972139565996,-0.23706972139565993
1978-08-11,5.120787503357152,5.995787503357152
1978-08-14,-3.225,-3.75
1978-08-15,-5.59,-6.5
1978-08-16,3.8656501400991723,4.493475210148758
1978-08-17,-1.23,-1.4121764617410708
1978-08-18,-1.64,-1.84
1978-08-21,-0.205,-0.23
1978-08-22,0.82,0.92
1978-08-23,1.025,1.15
1978-08-24,-1.64,-1.84
1978-08-25,0.41,0.46
1978-08-28,1.845,2.0678331365863167
1978-08-29,3.075,3.5228240666662076
1978-08-30,-1.435,-1.68
1978-08-31,0.82,0.9578206057287241
1978-09-01,-0.20935878854255185,-0.2515381828138278
1978-09-04,-0.004358788542551869,-0.004358788542551869
1978-09-05,1.8,2.16
1978-09-06,-0.0021805924208072405,0.0
1978-09-07,-0.9243627213970574,-1.0843627213970575
1978-09-08,-0.4843613103974972,-0.5643613103974973
1978-09-11,-2.004368726848564,-2.3243687268485638
1978-09-12,-0.52,-0.6
1978-09-13,2.0778153031942797,2.395630606388559
1978-09-14,1.3228141802861817,1.5478141802861818
1978-09-15,4.315602937719449,5.035602937719449
1978-09-18,-1.12,-1.3
1978-09-19,-3.362206799851576,-3.9
1978-09-20,-2.565,-2.925
1978-09-21,3.705,4.225
1978-09-22,1.14,1.3
1978-09-25,-1.14,-1.3
1978-09-26,-0.57,-0.65
1978-09-27,-2.852219926448521,-3.25
1978-09-28,-3.19,-3.575
1978-09-29,-0.29,-0.325
1978-10-02,-3.77,-4.225
1978-10-03,1.16,1.3
1978-10-04,-0.58,-0.65
1978-10-05,0.0,0.0
1978-10-06,3.48,3.9
1978-10-09,-4.35,-4.879499179901605
1978-10-10,0.5755031629536462,0.6187579073841155
1978-10-11,-0.56,-0.58
1978-10-12,-4.2,-4.35
1978-10-13,2.513207611465349,2.603207611465349
1978-10-16,-1.5922659653176514,-1.6545319306353028
1978-10-17,2.8577273989049967,2.915
1978-10-18,2.80272078575058,2.91044157150116
1978-10-19,0.75,0.7627211620725715
1978-10-20,0.75,0.75
1978-10-23,0.0,0.0
1978-10-24,-1.25,-1.25
1978-10-25,0.0,0.0
1978-10-26,-4.0,-4.0
1978-10-27,-1.5,-1.5
1978-10-30,2.0,2.0
1978-10-31,0.75,0.75
1978-11-01,0.25,0.25
1978-11-02,-0.75,-0.75
1978-11-03,0.25,0.25
1978-11-06,4.0,4.0
1978-11-07,0.0,0.0
1978-11-08,1.0,1.0
1978-11-09,1.5,1.5
1978-11-10,0.75,0.75
1978-11-13,1.75,1.75
1978-11-14,-1.0,-1.0
1978-11-15,0.0,0.0
1978-11-16,-1.0,-1.0068550725638277
1978-11-17,-1.252285383617769,-1.327285383617769
1978-11-20,-0.2572416455149615,-0.27
1978-11-21,1.5577597720396403,1.6155195440792807
1978-11-22,-1.59,-1.68
1978-11-23,0.0,0.0
1978-11-24,-1.325,-1.4
1978-11-27,1.59,1.68
1978-11-28,1.06,1.12
1978-11-29,-0.002169322431278141,-0.004338644862556282
1978-11-30,-1.3521620060060602,-1.4564860180181805
1978-12-01,-1.375,-1.525
1978-12-04,1.1,1.22
1978-12-05,0.825,0.915
1978-12-06,0.822885348048959,0.910770696097918
1978-12-07,-1.1221065625475792,-1.264213125095158
1978-12-08,-1.427090051424336,-1.627090051424336
1978-12-11,2.61,2.97
1978-12-12,1.45,1.65
1978-12-13,-0.58,-0.66
1978-12-14,2.607917331498056,2.97
1978-12-15,-2.065,-2.31
1978-12-18,-3.245,-3.63
1978-12-19,0.59,0.66
1978-12-20,0.0,0.0
1978-12-21,0.295,0.33
1978-12-22,0.0,0.0
1978-12-25,0.0,0.0
1978-12-26,-0.295,-0.33
1978-12-27,0.295,0.33
1978-12-28,-0.8870340280961102,-0.99
1978-12-29,1.197970552281642,1.317970552281642
1979-01-01,0.0,-0.0019799294141815416
1979-01-02,0.0,0.0
1979-01-03,1.2180457502921158,1.36
1979-01-04,3.0980446662197347,3.396089332439469
1979-01-05,1.26,1.4
1979-01-08,-1.5769493316176662,-1.7538986632353322
1979-01-09,1.9180491576897134,2.158049157689714
1979-01-10,0.6480517361201847,0.7261034722403694
1979-01-11,-1.3258024719559334,-1.5096707865932222
1979-01-12,-2.4169222412946696,-2.8019222412946694
1979-01-15,-1.75,-2.025
1979-01-16,1.4,1.62
1979-01-17,-0.35,-0.405
1979-01-18,1.05,1.215
1979-01-19,-2.45,-2.835
1979-01-22,-1.75,-2.025
1979-01-23,-0.7,-0.81
1979-01-24,0.0,0.0
1979-01-25,0.0,0.0
1979-01-26,0.7,0.81
1979-01-29,-1.4,-1.62
1979-01-30,-2.45,-2.835
1979-01-31,0.7,0.81
1979-02-01,3.15,3.645
1979-02-02,-2.1,-2.4370035038969964
1979-02-05,-1.4,-1.5435051467297123
1979-02-06,1.05,1.125
1979-02-07,-2.1,-2.25
1979-02-08,1.05,1.1215505038274403
1979-02-09,-3.15,-3.286708111043342
1979-02-12,-0.0033844785846800477,-0.00846119646170012
1979-02-13,1.02,1.005
1979-02-14,-4.08,-4.021689023054279
1979-02-15,-1.0284481297879808,-1.001827381703173
1979-02-16,-0.31668773914184123,-0.2966877391418412
1979-02-19,0.0,-0.0033618947855272308
1979-02-20,-1.86,-1.68
1979-02-21,-1.2433442355417368,-1.12
1979-02-22,-0.9033377542199968,-0.8433377542199968
1979-02-23,1.448329636789588,1.3449889103687642
1979-02-26,2.276664530228333,2.0366645302283333
1979-02-27,0.27167097762519155,0.24333548881259576
1979-02-28,-0.795,-0.72
1979-03-01,0.0,0.0
1979-03-02,2.385,2.16
1979-03-05,0.0,0.0
1979-03-06,-1.325,-1.2
1979-03-07,0.265,0.24
1979-03-08,2.12,1.92
1979-03-09,1.06,0.96
1979-03-12,1.855,1.68
1979-03-13,2.385,2.16
1979-03-14,-1.06,-0.9631852829808363
1979-03-15,-2.385,-2.254799216580424
1979-03-16,-0.53,-0.53
1979-03-19,-0.795,-0.7965969055834868
1979-03-20,-1.325,-1.3515948369801232
1979-03-21,0.0,0.0
1979-03-22,-0.26657026499798886,-0.27657026499798887
1979-03-23,1.0784309162940229,1.118430916294023
1979-03-26,-2.4765588531309715,-2.565
1979-03-27,0.0,0.0
1979-03-28,-3.64,-3.705
1979-03-29,1.68,1.71
1979-03-30,-1.68,-1.71
1979-04-02,-1.12,-1.14
1979-04-03,2.24,2.28
1979-04-04,-1.12,-1.1415014487582955
1979-04-05,-0.56,-0.5614977721707933
1979-04-06,-0.84,-0.825
1979-04-09,-1.12,-1.1014997177086845
1979-04-10,0.84,0.8070125389356878
1979-04-11,-0.84,-0.7814605746713624
1979-04-12,1.68,1.5285365975150098
1979-04-13,-0.001461923715091612,-0.001461923715091612
1979-04-16,1.925,1.715
1979-04-17,-3.3,-2.94
1979-04-18,1.6471051516573105,1.4627628791432765
1979-04-19,1.323550313389756,1.098550313389756
1979-04-20,-0.26,-0.215
1979-04-23,-1.56,-1.29
1979-04-24,-4.16,-3.4413405257594087
1979-04-25,-0.2639283822537691,-0.21261892150251271
1979-04-26,-0.0013064401537874043,-0.0026128803075748087
1979-04-27,-0.7213015243569668,-0.5726030487139336
1979-04-30,-2.821314344261591,-2.1639430327847733
1979-05-01,-1.15262912906046,-0.82762912906046
1979-05-02,-1.9826373389157685,-1.400274677831537
1979-05-03,2.3060235997635523,1.4796981330180698
1979-05-04,-0.7839784632487751,-0.46
1979-05-07,3.778640013984824,2.412280027969649
1979-05-08,-2.452710351123005,-1.47
1979-05-09,-1.3213564482766773,-0.84
1979-05-10,0.31864482595374577,0.21
1979-05-11,2.0136284491009535,1.365
1979-05-14,-0.15137156237719707,-0.105
1979-05-15,0.58,0.42
1979-05-16,1.595,1.155
1979-05-17,-1.305,-0.945
1979-05-18,0.145,0.105
1979-05-21,-1.595,-1.155
1979-05-22,0.145,0.105
1979-05-23,0.725,0.525
1979-05-24,0.58,0.42
1979-05-25,0.145,0.105
1979-05-28,0.0,0.0
1979-05-29,-2.755,-1.995
1979-05-30,0.725,0.525
1979-05-31,-0.435,-0.315
1979-06-01,0.145,0.105
1979-06-04,-2.03,-1.47
1979-06-05,1.0136232488553236,0.735
1979-06-06,-1.5413785273712377,-1.155
1979-06-07,-0.5413698071005447,-0.42
1979-06-08,-2.8614104129725417,-2.31
1979-06-11,-2.5028592840396557,-2.101429642019828
1979-06-12,1.375675371942325,1.1971169146282166
1979-06-13,-2.301483286191067,-2.071483286191067
1979-06-14,-2.378061967978763,-2.128061967978763
1979-06-15,-1.7880990117608693,-1.5780990117608693
1979-06-18,1.4203032509641977,1.2303032509641978
1979-06-19,-0.4215678203226071,-0.35
1979-06-20,-1.9283118442851646,-1.7549677664277468
1979-06-21,-1.3066987695457766,-1.0166987695457765
1979-06-22,-1.3235252417382146,-0.9935252417382145
1979-06-25,0.7763746308464101,0.5163746308464101
1979-06-26,-0.16,-0.08
1979-06-27,0.7181118811581884,0.35811188115818837
1979-06-28,0.48,0.16
1979-06-29,-0.12,-0.04
1979-07-02,-0.5840759754859164,-0.2360820683302859
1979-07-03,-0.12,-0.04
1979-07-04,0.0,-0.002031616902750035
1979-07-05,-0.51,0.0
1979-07-06,0.26789664235366384,0.0
1979-07-09,-0.2,0.0
1979-07-10,0.2878296015799375,-0.002170398420062483
1979-07-11,-0.065,0.065
1979-07-12,0.195,-0.195
1979-07-13,-0.105,0.105
1979-07-16,0.04,-0.04
1979-07-17,-0.065,0.065
1979-07-18,-0.08,0.08
1979-07-19,0.15,-0.15
1979-07-20,-0.115,0.115
1979-07-23,0.195,-0.195
1979-07-24,0.105,-0.105
1979-07-25,0.14,-0.14
1979-07-26,0.02,-0.02
1979-07-27,0.2,-0.2
1979-07-30,0.19233259073776043,-0.195
1979-07-31,-0.07533465172744837,0.02966534827255164
1979-08-01,-0.48269107301502184,-0.12
1979-08-02,0.9972345253567093,0.19723452535670935
1979-08-03,-0.27276779232118054,-0.09276779232118054
1979-08-06,0.45222599135212643,0.195
1979-08-07,0.11722634397448518,0.042226343974485187
1979-08-08,-0.63,-0.28
1979-08-09,-0.1377811026524272,-0.06
1979-08-10,0.05,0.01721968306256538
1979-08-13,1.3471873749515817,0.675
1979-08-14,-2.20287964632571,-1.0
1979-08-15,0.0,-0.002879100765731048
1979-08-16,-0.66,-0.33
1979-08-17,0.18,0.09
1979-08-20,0.24,0.12
1979-08-21,-1.92,-0.96
1979-08-22,1.08,0.54
1979-08-23,0.48,0.24
1979-08-24,-0.6,-0.3
1979-08-27,0.12,0.06
1979-08-28,0.54,0.27
1979-08-29,-0.84,-0.42
1979-08-30,-0.06,-0.03
1979-08-31,0.0,0.0
1979-09-03,0.0,0.0
1979-09-04,2.4,1.2
1979-09-05,0.0,0.0
1979-09-06,1.2,0.6
1979-09-07,-0.18,-0.09
1979-09-10,-1.2030427445836052,-0.6
1979-09-11,0.975,0.45
1979-09-12,-0.1330517386450204,-0.06
1979-09-13,-2.38,-1.02
1979-09-14,1.4,0.6
1979-09-17,-0.14,-0.06
1979-09-18,-0.49,-0.21
1979-09-19,0.42,0.18
1979-09-20,-0.84,-0.36
1979-09-21,0.42,0.18
1979-09-24,-0.35,-0.15
1979-09-25,1.33,0.57
1979-09-26,0.0,0.0
1979-09-27,-2.52,-1.08
1979-09-28,0.84,0.36
1979-10-01,-2.24,-0.96
1979-10-02,0.84,0.36
1979-10-03,-0.63,-0.27
1979-10-04,-0.28,-0.12322688055812657
1979-10-05,0.63,0.2217697491821411
1979-10-08,0.77,0.21676489301082227
1979-10-09,1.05,0.225
1979-10-10,0.14,0.03
1979-10-11,0.21,0.045
1979-10-12,-0.14,-0.03
1979-10-15,1.47,0.315
1979-10-16,-0.28,-0.06
1979-10-17,-0.7,-0.15
1979-10-18,0.0,0.0
1979-10-19,-1.82,-0.39
1979-10-22,-0.42,-0.09
1979-10-23,0.14,0.03
1979-10-24,1.4,0.3
1979-10-25,1.61,0.345
1979-10-26,2.66,0.57
1979-10-29,-0.21,-0.045
1979-10-30,-0.63,-0.1383673335811742
1979-10-31,0.0,-0.0033667920283469497
1979-11-01,1.1166240618453707,0.4
1979-11-02,-0.5283767555483413,-0.17837675554834123
1979-11-05,-0.48,-0.18337559183788918
1979-11-06,0.8766199217723052,0.38161992177230514
1979-11-07,-0.42838064275841015,-0.2
1979-11-08,0.17661919284075692,0.07661919284075691
1979-11-09,-0.0033777573561085397,-0.0033777573561085397
1979-11-12,-1.3033837188877315,-0.65
1979-11-13,-1.785,-0.85
1979-11-14,-2.52,-1.2
1979-11-15,0.63,0.3
1979-11-16,0.84,0.4
1979-11-19,-1.155,-0.55
1979-11-20,-0.84,-0.4
1979-11-21,-1.155,-0.55
1979-11-22,0.0,0.0
1979-11-23,1.26,0.6
1979-11-26,1.995,0.95
1979-11-27,-0.10843388427464673,-0.05
1979-11-28,-0.4,-0.2
1979-11-29,0.9,0.4465625081568667
1979-11-30,-1.4,-0.63
1979-12-03,0.6,0.2665577534589365
1979-12-04,-0.2,-0.08
1979-12-05,0.2,0.07656319718312808
1979-12-06,1.1,0.385
1979-12-07,-0.3,-0.105
1979-12-10,-0.3,-0.105
1979-12-11,-0.9,-0.315
1979-12-12,0.5,0.17156041583722645
1979-12-13,0.9,0.27
1979-12-14,0.0,0.0
1979-12-17,0.7,0.21
1979-12-18,0.2,0.06
1979-12-19,-1.0,-0.3
1979-12-20,-1.0,-0.3
1979-12-21,-0.4,-0.12
1979-12-24,0.0,0.0
1979-12-25,0.0,0.0
1979-12-26,-2.3,-0.69
1979-12-27,1.4,0.42
1979-12-28,-0.8,-0.24
1979-12-31,0.6,0.18
1980-01-01,0.0,0.0
1980-01-02,0.9,0.27
1980-01-03,-0.2,-0.06
1980-01-04,-0.1,-0.03
1980-01-07,0.0,0.0
1980-01-08,0.0,0.0
1980-01-09,4.0,1.2
1980-01-10,2.0,0.6
1980-01-11,-1.8,-0.54
1980-01-14,0.3,0.09
1980-01-15,-0.4,-0.12
1980-01-16,0.0964931032420077,0.03
1980-01-17,-2.3170475890606532,-0.66
1980-01-18,1.15,0.3
1980-01-21,-0.345,-0.09
1980-01-22,0.46,0.12
1980-01-23,-2.3,-0.6
1980-01-24,1.265,0.33
1980-01-25,0.805,0.21
1980-01-28,-0.345,-0.09
1980-01-29,-0.46,-0.12
1980-01-30,-0.9235323464213518,-0.24
1980-01-31,-0.12,-0.03
1980-02-01,-0.36,-0.09
1980-02-04,-0.9635341199731238,-0.24
1980-02-05,0.625,0.15
1980-02-06,0.25,0.06
1980-02-07,0.375,0.09
1980-02-08,0.75,0.18
1980-02-11,-0.8785180581140194,-0.21
1980-02-12,-0.0035163266826210146,0.0
1980-02-13,-0.945,-0.21
1980-02-14,0.6714858687532542,0.15
1980-02-15,0.14,0.03
1980-02-18,-0.003482604668962963,0.0
1980-02-19,0.87,0.18
1980-02-20,-0.4384600172305179,-0.09
1980-02-21,-0.6034376654718937,-0.12
1980-02-22,0.3031577856290306,0.06
1980-02-25,-1.6534127476747302,-0.3
1980-02-26,1.19,0.21
1980-02-27,0.85,0.15
1980-02-28,2.203320786551707,0.39
1980-02-29,2.34,0.3767929013913077
1980-03-03,2.8767130477782343,0.7868521911129379
1980-03-04,-2.5965848155012843,-0.9964620387532106
1980-03-05,-1.56,-0.7664986319978183
1980-03-06,2.3367829645863902,1.2535659291727803
1980-03-07,-1.2032158445553378,-0.6932158445553379
1980-03-10,1.6368319470455281,0.9536638940910565
1980-03-11,-0.2163300746569399,-0.13633007465693991
1980-03-12,-2.866345277310248,-1.826345277310248
1980-03-13,2.3,1.5
1980-03-14,-0.92,-0.6031174039344611
1980-03-17,1.8337970702710273,1.2337970702710273
1980-03-18,1.196928821009282,0.8219288210092822
1980-03-19,-1.721131618713159,-1.1961316187131588
1980-03-20,1.0169922285590627,0.7169922285590626
1980-03-21,0.7740240423564263,0.5520120211782132
1980-03-24,3.5040163068721246,2.464016306872125
1980-03-25,0.28,0.19403285684383836
1980-03-26,2.5110789115948466,1.8810789115948465
1980-03-27,5.009100612375188,3.819100612375188
1980-03-28,-0.61,-0.4758506606351274
1980-03-31,3.651390610366359,2.9313906103663587
1980-04-01,-1.285708034927095,-1.0485620523906425
1980-04-02,-1.658471900296925,-1.3834719002969251
1980-04-03,-5.86783741813168,-4.93567483626336
1980-04-04,0.0,0.0
1980-04-07,0.35,0.3
1980-04-08,-4.55,-3.9
1980-04-09,-0.7,-0.6
1980-04-10,3.5,3.0
1980-04-11,-1.75,-1.5
1980-04-14,1.4,1.2
1980-04-15,-0.7,-0.6
1980-04-16,0.35,0.3
1980-04-17,3.85,3.3
1980-04-18,2.1,1.8
1980-04-21,-3.15,-2.7
1980-04-22,0.0,0.0
1980-04-23,2.1,1.8
1980-04-24,-1.05,-0.9049720079300508
1980-04-25,-3.504982269960617,-3.102491134980309
1980-04-28,6.48,5.67
1980-04-29,0.0,0.0
1980-04-30,-3.6,-3.15
1980-05-01,0.72,0.63
1980-05-02,-2.16,-1.89
1980-05-05,-8.28,-7.245
1980-05-06,2.8676804731163306,2.5126082838697985
1980-05-07,2.345,2.0975444101827403
1980-05-08,-5.36,-4.72
1980-05-09,2.6725843406438066,2.3525843406438063
1980-05-12,8.96,7.84
1980-05-13,-4.179523535869122,-3.6546426519018413
1980-05-14,-0.28,-0.25
1980-05-15,-2.24,-2.0
1980-05-16,5.32,4.75
1980-05-19,-1.68,-1.5
1980-05-20,-2.24,-2.0
1980-05-21,0.84,0.75
1980-05-22,-1.68,-1.5
1980-05-23,0.0,0.0
1980-05-26,0.0,0.0
1980-05-27,-1.68,-1.5
1980-05-28,4.2,3.75
1980-05-29,3.92,3.5
1980-05-30,-1.68,-1.5
1980-06-02,4.48,4.0
1980-06-03,-2.24,-2.0
1980-06-04,0.0,0.0
1980-06-05,1.68,1.4954519169764247
1980-06-06,-0.562267390629838,-0.5245347812596758
1980-06-09,-0.8594188074278506,-0.8144188074278507
1980-06-10,-0.00220231400682841,-0.00440462801365682
1980-06-11,0.5956057431023465,0.5756057431023465
1980-06-12,0.6156081063949818,0.5956081063949817
1980-06-13,-2.5643927519413756,-2.4843927519413755
1980-06-16,-3.63,-3.52
1980-06-17,1.32,1.28
1980-06-18,1.98,1.92
1980-06-19,0.99,0.96
1980-06-20,-1.6543794585189147,-1.6021897292594574
1980-06-23,-3.0621707985858424,-2.927170798585842
1980-06-24,1.035,0.99
1980-06-25,-2.76,-2.64
1980-06-26,1.725,1.65
1980-06-27,1.38,1.32
1980-06-30,-4.485,-4.29
1980-07-01,-5.907533457589606,-5.63866226117245
1980-07-02,-7.935,-7.592164102100161
1980-07-03,-3.807846836152393,-3.589987975511126
1980-07-04,-0.004111830421306705,-0.006167745631960057
1980-07-07,-1.22,-1.1
1980-07-08,-3.666180006567994,-3.3
1980-07-09,6.955810753093041,6.593716129639561
1980-07-10,-6.734786821738498,-6.254786821738499
1980-07-11,-6.133579908685356,-5.6314349315140175
1980-07-14,-9.008924348645076,-8.408924348645076
1980-07-15,1.0116478029906808,0.9366478029906808
1980-07-16,-2.629471353856457,-2.404471353856457
1980-07-17,-1.817241071392741,-1.654482142785482
1980-07-18,2.235494128772076,1.9554941287720757
1980-07-21,5.845342610569052,5.065342610569052
1980-07-22,-2.2446539803482417,-1.9223269901741207
1980-07-23,-4.422357057683269,-3.912357057683269
1980-07-24,1.372638275948622,1.207638275948622
1980-07-25,3.11760587259796,2.7276058725979597
1980-07-28,-1.9574025488580966,-1.7024025488580965
1980-07-29,-1.43,-1.235
1980-07-30,0.77,0.6625953338767576
1980-07-31,-4.402483727307151,-3.6
1980-08-01,-1.787489227659527,-1.532489227659527
1980-08-04,3.097480506703771,2.6324805067037707
1980-08-05,-1.5225309954354485,-1.2825309954354485
1980-08-06,-0.7225330607331625,-0.6025330607331625
1980-08-07,-0.00252847722349897,-0.00252847722349897
1980-08-08,1.44,1.17
1980-08-11,1.6,1.2974448751578713
1980-08-12,-3.2026288010078034,-2.4
1980-08-13,0.825,0.66
1980-08-14,1.7223454348086475,1.3773454348086474
1980-08-15,0.98,0.77
1980-08-18,-1.12,-0.88
1980-08-19,-0.63,-0.495
1980-08-20,0.21,0.165
1980-08-21,-1.26,-0.9926835451613775
1980-08-22,0.63,0.45
1980-08-25,-1.542705695314961,-1.102705695314961
1980-08-26,-1.495,-1.035
1980-08-27,0.6472708906300515,0.44727089063005154
1980-08-28,-0.3027261093424663,-0.20272610934246635
1980-08-29,-1.432753994440795,-0.912753994440795
1980-09-01,-0.002753994440794946,-0.002753994440794946
1980-09-02,-0.45,-0.25
1980-09-03,0.222262653319412,0.12226265331941201
1980-09-04,0.3145381583244426,0.16
1980-09-05,-0.15272940229493587,-0.10545880458987174
1980-09-08,-0.3527349238676497,-0.14273492386764974
1980-09-09,0.33725064422335166,0.0795012884467033
1980-09-10,0.12,-0.04
1980-09-11,-0.09274961841527456,0.03
1980-09-12,0.3,-0.152791913965744
1980-09-15,0.03,-0.03
1980-09-16,-0.12,0.12
1980-09-17,0.0,0.0
1980-09-18,-0.02,0.02
1980-09-19,-0.21,0.21
1980-09-22,0.06,-0.06
1980-09-23,-0.03,0.03
1980-09-24,0.14,-0.14
1980-09-25,0.08,-0.08
1980-09-26,0.24,-0.24
1980-09-29,-0.02,0.02
1980-09-30,-0.13,0.13
1980-10-01,0.01,-0.01
1980-10-02,0.21,-0.21
1980-10-03,-0.11,0.10453568257186545
1980-10-06,-0.22,-0.0027519693450651383
1980-10-07,0.07,0.03224564868014491
1980-10-08,-0.04,-0.04
1980-10-09,-0.07,-0.07
1980-10-10,-0.06,-0.06
1980-10-13,-0.4,-0.4
1980-10-14,0.12,0.11717395316112345
1980-10-15,0.02,0.03
1980-10-16,0.13,0.195
1980-10-17,-0.1,-0.15
1980-10-20,-0.04,-0.06
1980-10-21,-0.07,-0.105
1980-10-22,-0.29,-0.4378675405451149
1980-10-23,0.06,0.057131881148642365
1980-10-24,-0.0886095677988183,-0.045739711865878864
1980-10-27,-0.17083907687364605,-0.1737586153104691
1980-10-28,0.165,0.22
1980-10-29,-0.01792154671757113,-0.02
1980-10-30,-0.12584670031509193,-0.12584670031509193
1980-10-31,-0.18292506918171775,-0.18585013836343553
1980-11-03,0.16915527663526697,0.1970776383176335
1980-11-04,-0.005839313659740886,-0.005839313659740886
1980-11-05,1.155,1.155
1980-11-06,-0.5008609636290609,-0.5008609636290609
1980-11-07,-0.07084418978736139,-0.06792209489368069
1980-11-10,0.06918132748332387,0.06127199122498581
1980-11-11,0.33129132347900697,0.3341942156526713
1980-11-12,1.1912825508195357,1.1312825508195357
1980-11-13,-1.0408055735464956,-0.9958055735464956
1980-11-14,2.619163827233152,2.514163827233152
1980-11-17,1.2120834093396267,1.17
1980-11-18,2.091227645885034,1.9412276458850337
1980-11-19,1.6962328749013829,1.5862328749013828
1980-11-20,5.428180506057969,5.108180506057969
1980-11-21,1.33,1.26
1980-11-24,-3.8059432213880333,-3.6059432213880336
1980-11-25,3.6,3.42
1980-11-26,-0.0029794668184689975,0.0
1980-11-27,-0.008934490500527038,-0.011912654000702717
1980-11-28,4.62,4.41
1980-12-01,-2.64897239089463,-2.522990796964877
1980-12-02,-5.173014116425245,-4.733014116425245
1980-12-03,0.0,0.0
1980-12-04,-3.36,-3.08
1980-12-05,-2.1630099871463337,-1.98
1980-12-08,-0.49300260574138655,-0.44
1980-12-09,-10.003073661879418,-8.803073661879418
1980-12-10,-8.685619209913293,-7.665619209913293
1980-12-11,-9.215906878304066,-8.015906878304067
1980-12-12,2.0308944815401757,1.7340787346168132
1980-12-15,6.996758906678867,5.996758906678867
1980-12-16,-0.8661882753481521,-0.7379506202785217
1980-12-17,3.915,3.375
1980-12-18,-2.32,-2.0
1980-12-19,1.305,1.125
1980-12-22,1.595,1.375
1980-12-23,1.45,1.25
1980-12-24,-1.595,-1.375
1980-12-25,0.0,0.0
1980-12-26,0.0,0.0
1980-12-29,-1.16,-1.0
1980-12-30,-0.145,-0.125
1980-12-31,3.625,3.125
1981-01-01,0.0,0.0
1981-01-02,1.885,1.625
1981-01-05,-0.145,-0.125
1981-01-06,1.446717173522164,1.25
1981-01-07,0.4434391447566169,0.3684391447566169
1981-01-08,-0.8065632922904319,-0.6815632922904319
1981-01-09,-2.556583261510098,-2.178291630755049
1981-01-12,0.9,0.75
1981-01-13,0.3567284865173864,0.2934569730347729
1981-01-14,2.21345494597937,1.9167274729896848
1981-01-15,-1.3682678140047289,-1.158267814004729
1981-01-16,5.19671380690118,4.416713806901179
1981-01-19,0.205,0.175
1981-01-20,1.435,1.225
1981-01-21,-2.0597624463023667,-1.759762446302367
1981-01-22,-3.74,-3.23
1981-01-23,-8.58,-7.41
1981-01-26,3.290045354657375,2.8400453546573754
1981-01-27,3.075,2.625
1981-01-28,-1.845,-1.575
1981-01-29,-4.51,-3.85
1981-01-30,2.4566493831055745,2.0966493831055746
1981-02-02,1.4,1.19
1981-02-03,5.0,4.25
1981-02-04,0.5966397400974864,0.5066397400974865
1981-02-05,1.755,1.485
1981-02-06,3.51,2.97
1981-02-09,-5.265,-4.455
1981-02-10,3.315,2.805
1981-02-11,0.975,0.825
1981-02-12,-2.145,-1.815
1981-02-13,3.51,2.97
1981-02-16,0.0,0.0
1981-02-17,2.535,2.145
1981-02-18,-2.73,-2.31
1981-02-19,3.51,2.97
1981-02-20,-1.56,-1.32
1981-02-23,-3.315,-2.805
1981-02-24,-2.925,-2.475
1981-02-25,0.0,0.0
1981-02-26,-1.56,-1.32
1981-02-27,0.585,0.495
1981-03-02,-7.8,-6.6
1981-03-03,0.9609847256284854,0.8074809070356067
1981-03-04,-4.025,-3.22
1981-03-05,-4.032086576676889,-3.2270865766768893
1981-03-06,1.1479134615719002,0.9029134615719002
1981-03-09,3.5614453324048823,2.756445332404882
1981-03-10,-1.0570978279265084,-0.8085489139632542
1981-03-11,1.12,0.8764657638229917
1981-03-12,2.94,2.205
1981-03-13,1.8164510860367458,1.3614510860367457
1981-03-16,0.27,0.2
1981-03-17,0.54,0.4
1981-03-18,0.945,0.7
1981-03-19,1.485,1.1
1981-03-20,-2.835,-2.1
1981-03-23,4.725,3.5
1981-03-24,0.54,0.4
1981-03-25,-0.81,-0.6
1981-03-26,-2.7,-2.0
1981-03-27,0.81,0.6
1981-03-30,2.16,1.6
1981-03-31,2.025,1.5
1981-04-01,-2.025,-1.5
1981-04-02,2.025,1.5
1981-04-03,-1.35,-1.0
1981-04-06,1.89,1.4
1981-04-07,5.4,4.0
1981-04-08,0.405,0.3
1981-04-09,0.675,0.5
1981-04-10,-3.51,-2.6034007317730987
1981-04-13,-1.215,-0.945
1981-04-14,-1.62,-1.26
1981-04-15,-0.135,-0.105
1981-04-16,1.35,1.05
1981-04-17,0.0,0.0
1981-04-20,0.135,0.105
1981-04-21,-0.675,-0.525
1981-04-22,-1.755,-1.365
1981-04-23,-0.135,-0.105
1981-04-24,-1.62,-1.26
1981-04-27,-0.135,-0.105
1981-04-28,-3.645,-2.835
1981-04-29,0.81,0.63
1981-04-30,1.08,0.84
1981-05-01,0.945,0.735
1981-05-04,-2.7,-2.1
1981-05-05,0.8067501955354937,0.6267501955354936
1981-05-06,1.5567497877998273,1.2
1981-05-07,0.0,-0.0032495687716450924
1981-05-08,-0.25,-0.19
1981-05-11,-1.5,-1.14
1981-05-12,-3.875,-2.948265618129203
1981-05-13,0.48367484297727315,0.3502049057863639
1981-05-14,0.9967342064398456,0.743468412879691
1981-05-15,0.095,0.065
1981-05-18,1.4217339090461774,0.9717339090461773
1981-05-19,-1.3532636036657506,-0.9032636036657506
1981-05-20,0.08173912123440907,0.05173912123440906
1981-05-21,-2.48,-1.55
1981-05-22,-1.2098132806362165,-0.7598132806362164
1981-05-25,-0.0032706597419964126,-0.0032706597419964126
1981-05-26,0.72,0.36
1981-05-27,0.23345773967220124,0.11672886983610062
1981-05-28,-0.25327214799397996,-0.12827214799397993
1981-05-29,0.40174109242009465,0.1734821848401892
1981-06-01,-0.76,-0.19327147331158007
1981-06-02,-0.4032751295748434,-0.05655025914968672
1981-06-03,-0.6015573388932249,0.07844266110677506
1981-06-04,-0.02827619442417088,0.008447611151658242
1981-06-05,-0.1465119379107331,0.1684880620892669
1981-06-08,0.08348259315548011,-0.3215174068445199
1981-06-09,-0.0032587034222599422,-0.5915174068445198
1981-06-10,-0.10827460705355187,-1.155
1981-06-11,0.14,0.77
1981-06-12,-0.16,-0.88
1981-06-15,-0.19,-1.045
1981-06-16,0.08,0.44
1981-06-17,0.13,0.715
1981-06-18,0.01,0.055
1981-06-19,-0.01,-0.055
1981-06-22,0.06,0.33
1981-06-23,0.05679314494592887,0.33
1981-06-24,0.105,0.38179137067220315
1981-06-25,0.4017698680576616,1.6167698680576617
1981-06-26,0.2935303661927536,0.975
1981-06-29,0.23676348738468816,0.5135269747693764
1981-06-30,-0.25470953784593553,-0.5347095378459356
1981-07-01,-1.5564822073385165,-2.7964822073385163
1981-07-02,-0.4076944915249889,-0.6413989126075548
1981-07-03,0.0,0.0
1981-07-06,-2.4,-4.0
1981-07-07,0.42,0.7
1981-07-08,-0.9,-1.5
1981-07-09,0.6,1.0
1981-07-10,-1.08,-1.8
1981-07-13,-2.22,-3.7
1981-07-14,2.276620273538005,3.8
1981-07-15,1.096621128904657,1.9898633867139706
1981-07-16,0.25,0.425
1981-07-17,0.85,1.445
1981-07-20,2.0,3.4
1981-07-21,-0.5,-0.85
1981-07-22,-0.7,-1.19
1981-07-23,0.0,0.0
1981-07-24,0.05,0.085
1981-07-27,0.85,1.441562149758507
1981-07-28,-0.2534303918356892,-0.45343039183568923
1981-07-29,0.7115687271410135,1.2315687271410136
1981-07-30,0.9565988099592361,1.5965988099592363
1981-07-31,-0.9784080223173023,-1.5818160446346046
1981-08-03,1.046598033440158,1.725
1981-08-04,0.8966063733390691,1.376606373339069
1981-08-05,1.9165872292604522,2.8731744585209045
1981-08-06,-0.4284140470840561,-0.6534140470840561
1981-08-07,1.4331912944825536,2.156595647241277
1981-08-10,2.696575911207181,3.7731518224143614
1981-08-11,-0.636820853515288,-0.903410426757644
1981-08-12,-0.003410426757644037,-0.006820853515288074
1981-08-13,4.793082994891547,6.593082994891547
1981-08-14,1.43,1.925
1981-08-17,-2.086940631734949,-2.8
1981-08-18,2.66,3.325
1981-08-19,-1.96679290808974,-2.4533964540448703
1981-08-20,0.3,0.36
1981-08-21,4.793256511850592,5.756628255925296
1981-08-24,3.04,3.515
1981-08-25,2.556670699037302,2.96
1981-08-26,-2.8083120358673344,-3.151624071734669
1981-08-27,3.23,3.705
1981-08-28,-2.5533215718313933,-2.9283215718313933
1981-08-31,-3.5,-4.0
1981-09-01,0.0,0.0
1981-09-02,0.16835080929466703,0.19667540464733352
1981-09-03,-2.4083319982560982,-2.6683319982560985
1981-09-04,4.176652122439883,4.616652122439883
1981-09-07,0.0,0.0
1981-09-08,5.265,5.805
1981-09-09,0.5816551161164324,0.6416551161164324
1981-09-10,-0.8066918432476224,-0.8833459216238112
1981-09-11,3.353308548310917,3.593308548310917
1981-09-14,-3.0833546959935187,-3.2933546959935187
1981-09-15,-2.0283538811828445,-2.1633538811828448
1981-09-16,1.6032916825472727,1.7116458412736364
1981-09-17,0.9532921017153702,0.9899381525730554
1981-09-18,3.2432957353310963,3.438295735331096
1981-09-21,3.1132911895378896,3.2932911895378894
1981-09-22,-0.813354715580821,-0.8617094311616417
1981-09-23,2.1933016774732295,2.3566508387366145
1981-09-24,-0.858349018199808,-0.9066980363996161
1981-09-25,2.893354497669815,3.0933544976698153
1981-09-28,1.7966769878474933,1.9166769878474932
1981-09-29,-3.666654548486776,-3.9066545484867756
1981-09-30,0.63,0.67
1981-10-01,1.8833658804894593,2.003365880489459
1981-10-02,-2.603268709741137,-2.7665374194822734
1981-10-05,-8.253284948340854,-8.875
1981-10-06,-3.35,-3.55
1981-10-07,3.685,3.905
1981-10-08,3.685,3.905
1981-10-09,0.0,0.0
1981-10-12,-5.025,-5.325
1981-10-13,-4.02,-4.26
1981-10-14,2.01,2.13
1981-10-15,4.69,4.97
1981-10-16,3.685,3.901761143282755
1981-10-19,-0.67,-0.7
1981-10-20,3.35,3.5
1981-10-21,-1.005,-1.05
1981-10-22,3.008595901953829,3.15
1981-10-23,-4.143194197764292,-4.2
1981-10-26,1.05,1.05
1981-10-27,-1.753187259970827,-1.753187259970827
1981-10-28,-2.488184828247841,-2.488184828247841
1981-10-29,2.5168297388633314,2.5168297388633314
1981-10-30,0.3618310645815831,0.3618310645815831
1981-11-02,-1.1163222653988942,-1.113161132699447
1981-11-03,3.416843586814679,3.371843586814679
1981-11-04,3.0768422894373177,3.0368422894373177
1981-11-05,0.3868436963269761,0.3818436963269761
1981-11-06,3.5486854047963403,3.50368540479634
1981-11-09,1.6168997695032268,1.5937995390064534
1981-11-10,6.960677476706012,6.963784984470675
1981-11-11,0.425,0.42
1981-11-12,-4.675,-4.62
1981-11-13,2.975,2.94
1981-11-16,2.975,2.94
1981-11-17,5.1,5.0369442572599326
1981-11-18,2.55,2.55
1981-11-19,-2.5530336771535223,-2.5530336771535223
1981-11-20,0.0,0.0
1981-11-23,8.593926230035295,8.593926230035295
1981-11-24,10.56,10.56
1981-11-25,2.64,2.64
1981-11-26,0.0,0.0
1981-11-27,3.52,3.52
1981-11-30,4.4,4.4
1981-12-01,-5.28,-5.28
1981-12-02,1.3170174545411952,1.3170174545411952
1981-12-03,1.305,1.305
1981-12-04,-2.61,-2.61
1981-12-07,11.31,11.31
1981-12-08,5.646092104947556,5.646092104947556
1981-12-09,7.14,7.14
1981-12-10,11.76,11.76
1981-12-11,-5.47196997851265,-5.47196997851265
1981-12-14,8.794009874741125,8.794009874741125
1981-12-15,8.187070407057671,8.187070407057671
1981-12-16,-8.857957247103196,-8.857957247103196
1981-12-17,-6.477829830006812,-6.477829830006812
1981-12-18,4.19409315808128,4.19409315808128
1981-12-21,3.06,3.06
1981-12-22,-1.02,-1.02
1981-12-23,3.06,3.06
1981-12-24,-6.46,-6.46
1981-12-25,0.0,0.0
1981-12-28,-11.9,-11.9
1981-12-29,5.1,5.1
1981-12-30,-0.68,-0.68
1981-12-31,-1.36,-1.36
1982-01-01,0.0,0.0
1982-01-04,-2.38,-2.38
1982-01-05,3.06,3.06
1982-01-06,-4.76,-4.76
1982-01-07,0.0,0.0
1982-01-08,4.76,4.76
1982-01-11,3.06,3.06
1982-01-12,1.3540001456978343,1.3540001456978343
1982-01-13,-0.0029911253617029296,-0.0029911253617029296
1982-01-14,0.34901815341356135,0.34901815341356135
1982-01-15,1.4570090702989633,1.4570090702989633
1982-01-18,-3.335986730558506,-3.335986730558506
1982-01-19,4.56,4.56
1982-01-20,-1.52,-1.52
1982-01-21,-4.942967517068478,-4.942967517068478
1982-01-22,-1.54,-1.54
1982-01-25,4.235,4.235
1982-01-26,-3.08,-3.08
1982-01-27,-8.47,-8.47
1982-01-28,3.0741011730337444,3.08
1982-01-29,-5.625,-5.775
1982-02-01,-9.00596760196805,-9.24
1982-02-02,0.7121473647268487,0.7580982431512324
1982-02-03,0.0,0.0
1982-02-04,-0.67,-0.73
1982-02-05,3.35,3.65
1982-02-08,4.69,5.11
1982-02-09,1.675,1.822036399285395
1982-02-10,-4.355,-4.68
1982-02-11,0.67,0.72
1982-02-12,1.675,1.8
1982-02-15,0.0,0.0
1982-02-16,0.67,0.72
1982-02-17,-0.67,-0.72
1982-02-18,1.34,1.44
1982-02-19,8.375,9.0
1982-02-22,0.335,0.36
1982-02-23,2.345,2.52
1982-02-24,-0.67,-0.72
1982-02-25,0.0,0.0
1982-02-26,-2.0129074236019955,-2.162907423601996
1982-03-01,-1.0229081841553234,-1.1008163683106464
1982-03-02,-2.4208228329302317,-2.627911416465116
1982-03-03,3.55,3.797087037219557
1982-03-04,4.26,4.62
1982-03-05,5.3221088482501155,5.775
1982-03-08,7.2,7.7
1982-03-09,-1.8,-1.925
1982-03-10,-2.88,-3.08
1982-03-11,0.0,0.0
1982-03-12,6.834266542283971,7.3092665422839715
1982-03-15,-5.92,-6.32
1982-03-16,2.96,3.16
1982-03-17,-4.07,-4.345
1982-03-18,-3.33,-3.555
1982-03-19,-1.85,-1.975
1982-03-22,-1.85,-1.975
1982-03-23,1.85,1.975
1982-03-24,-1.48,-1.58
1982-03-25,1.11,1.185
1982-03-26,-1.48,-1.58
1982-03-29,-4.44,-4.74
1982-03-30,-0.37,-0.395
1982-03-31,-1.11,-1.185
1982-04-01,1.48,1.58
1982-04-02,-4.81,-5.135
1982-04-05,-5.18,-5.53
1982-04-06,0.37,0.395
1982-04-07,4.07,4.345
1982-04-08,-2.22,-2.37
1982-04-09,0.0,0.0
1982-04-12,0.74,0.79
1982-04-13,-0.37,-0.395
1982-04-14,1.85,1.975
1982-04-15,0.0,0.0
1982-04-16,0.0,0.0
1982-04-19,0.0,0.0
1982-04-20,-2.59,-2.765
1982-04-21,2.59,2.765
1982-04-22,2.96,3.16
1982-04-23,-2.59,-2.765
1982-04-26,0.37,0.395
1982-04-27,1.48,1.58
1982-04-28,0.37,0.395
1982-04-29,0.37,0.395
1982-04-30,3.327685695042315,3.555
1982-05-03,6.75,7.11
1982-05-04,2.25,2.37
1982-05-05,2.25,2.37
1982-05-06,0.375,0.395
1982-05-07,-1.8817680562334038,-1.984024074977872
1982-05-10,4.677763228510721,4.975526457021443
1982-05-11,-0.395,-0.425
1982-05-12,-0.7967130386315975,-0.8567130386315974
1982-05-13,2.0455468962479193,2.1955468962479197
1982-05-14,-4.204421552031503,-4.506632328047254
1982-05-17,0.86,0.93
1982-05-18,0.86,0.93
1982-05-19,-1.7243506906597368,-1.864350690659737
1982-05-20,-1.76,-1.9021753453298684
1982-05-21,0.8778369532875449,0.96
1982-05-24,2.2228495014212792,2.397849501421279
1982-05-25,7.1956870042512255,7.7578435021256125
1982-05-26,-1.84,-1.96
1982-05-27,2.3,2.45
1982-05-28,-1.38,-1.47
1982-05-31,0.0,-0.002143654387654967
1982-06-01,6.44,6.927848170121277
1982-06-02,-1.3821503492970177,-1.5
1982-06-03,3.715696340242555,3.9956963402425547
1982-06-04,3.795699845748671,4.077849922874336
1982-06-07,-6.309320971653091,-6.695
1982-06-08,0.495,0.515
1982-06-09,-2.475,-2.575
1982-06-10,-1.485,-1.545
1982-06-11,-7.425,-7.725
1982-06-14,7.917864704339485,8.231458817357943
1982-06-15,5.377202329796286,5.427936439728382
1982-06-16,4.137869014678003,4.095
1982-06-17,6.37,6.37
1982-06-18,-0.455,-0.455
1982-06-21,-1.82,-1.82
1982-06-22,-3.185,-3.185
1982-06-23,1.365,1.365
1982-06-24,-2.275,-2.275
1982-06-25,0.91,0.91
1982-06-28,5.46,5.46
1982-06-29,-0.455,-0.455
1982-06-30,4.55,4.55
1982-07-01,-1.365,-1.367104447196871
1982-07-02,3.096063224063211,3.124114707963598
1982-07-05,-0.002095508506165612,-0.004191017012331224
1982-07-06,6.975,7.2
1982-07-07,4.645793925183321,4.8
1982-07-08,-4.277108124209341,-4.32
1982-07-09,-2.88,-2.88
1982-07-12,1.44,1.44
1982-07-13,-2.4,-2.4
1982-07-14,0.0,-0.002107480261519472
1982-07-15,1.9157843750217562,1.937892187510878
1982-07-16,2.4457894751092457,2.4457894751092457
1982-07-19,5.49788987505979,5.49788987505979
1982-07-20,1.01,1.01
1982-07-21,-2.02,-2.022097879872053
1982-07-22,4.545,4.59
1982-07-23,3.0279086337808674,3.06
1982-07-26,5.607905141280087,5.607905141280087
1982-07-27,0.0,0.0
1982-07-28,6.177906145267757,6.177906145267757
1982-07-29,-4.16,-4.16
1982-07-30,4.68,4.68
1982-08-02,-4.16,-4.16
1982-08-03,-1.56,-1.56
1982-08-04,-2.6,-2.6
1982-08-05,8.32,8.32
1982-08-06,9.88,9.88
1982-08-09,2.0716777964011994,2.0716777964011994
1982-08-10,2.0,2.0
1982-08-11,2.5,2.5
1982-08-12,20.0,20.0
1982-08-13,-4.036701605514489,-4.036701605514489
1982-08-16,11.617835303047478,11.617835303047478
1982-08-17,2.451366313047597,2.451366313047597
1982-08-18,-7.02,-7.02
1982-08-19,5.845726943056173,5.845726943056173
1982-08-20,-0.76,-0.76
1982-08-23,-4.56,-4.56
1982-08-24,-4.94,-4.94
1982-08-25,-5.32,-5.32
1982-08-26,8.357915494151973,8.357915494151973
1982-08-27,5.620822350132043,5.620822350132043
1982-08-30,2.555,2.555
1982-08-31,-4.015,-4.015
1982-09-01,0.0,0.0
1982-09-02,-3.285,-3.285
1982-09-03,2.19,2.19
1982-09-06,0.0,0.0
1982-09-07,9.125,9.125
1982-09-08,2.19,2.19
1982-09-09,1.46,1.46
1982-09-10,3.285,3.285
1982-09-13,-8.03204868725115,-8.03204868725115
1982-09-14,-2.59,-2.59
1982-09-15,1.11,1.11
1982-09-16,2.22,2.22
1982-09-17,4.44,4.44
1982-09-20,-1.48,-1.48
1982-09-21,1.11,1.11
1982-09-22,2.96,2.96
1982-09-23,-3.7,-3.7
1982-09-24,-5.18,-5.18
1982-09-27,-1.48,-1.48
1982-09-28,2.96,2.96
1982-09-29,1.11,1.11
1982-09-30,2.59,2.59
1982-10-01,2.96,2.96
1982-10-04,3.695099131953598,3.695099131953598
1982-10-05,-1.01,-1.01
1982-10-06,-1.13,-1.13
1982-10-07,-5.86,-5.86
1982-10-08,3.505,3.505
1982-10-11,-5.49,-5.49
1982-10-12,5.87850360600791,5.876505409011864
1982-10-13,-4.896040253903853,-4.824026835935903
1982-10-14,3.7484623841809475,3.746443576271421
1982-10-15,2.0679836174106216,2.035
1982-10-18,0.985,0.985
1982-10-19,-0.84,-0.84
1982-10-20,-1.825,-1.825
1982-10-21,3.0075,3.0075
1982-10-22,5.335,5.335
1982-10-25,5.7575,5.7575
1982-10-26,0.045,0.045
1982-10-27,0.8525,0.8525
1982-10-28,-0.3225,-0.3225
1982-10-29,2.9275,2.9275
1982-11-01,1.8875,1.8854977910165414
1982-11-02,-0.0040016650468157906,-0.0040016650468157906
1982-11-03,-1.1225,-1.1425
1982-11-04,-4.0175,-4.0775
1982-11-05,-7.3275,-7.4325
1982-11-08,-1.4765840689085177,-1.4986261033627766
1982-11-09,1.395,1.395
1982-11-10,-1.295,-1.295
1982-11-11,-4.54,-4.54
1982-11-12,2.4475,2.4475
1982-11-15,1.4980917019272837,1.4980917019272837
1982-11-16,-2.8525,-2.8525
1982-11-17,-1.6675,-1.6675
1982-11-18,-2.0975,-2.0975
1982-11-19,-2.2725,-2.2725
1982-11-22,0.2118430641834586,0.2175
1982-11-23,-0.63,-0.48
1982-11-24,-0.735,-0.6975
1982-11-25,0.0,0.0
1982-11-26,0.005,0.1675
1982-11-29,4.81,5.21
1982-11-30,0.39709721380911317,0.3635486069045566
1982-12-01,1.935,1.9575
1982-12-02,2.11,2.045
1982-12-03,1.83,1.41
1982-12-06,-4.005,-4.1475
1982-12-07,-4.415,-4.5175
1982-12-08,-0.625,-0.3125
1982-12-09,-4.5,-4.725
1982-12-10,1.0230062212575837,1.3335124425151672
1982-12-13,-1.455,-1.6725
1982-12-14,4.11,3.945
1982-12-15,0.17801648401327536,0.24353296802655075
1982-12-16,1.025,1.2625
1982-12-17,-0.45,-0.525
1982-12-20,-0.15,-0.075
1982-12-21,1.125,0.7125
1982-12-22,0.725,0.8125
1982-12-23,-1.15,-1.325
1982-12-24,-0.0019829886315524746,-0.0019829886315524746
1982-12-27,-2.42,-2.5825
1982-12-28,-3.66,-3.665277891115766
1982-12-29,0.715,0.715
1982-12-30,0.635,0.635
1982-12-31,0.0,0.0
1983-01-03,-0.57,-0.57
1983-01-04,0.97,0.97
1983-01-05,-2.415,-2.415
1983-01-06,-1.015,-1.015
1983-01-07,-1.4801137339655304,-1.4769955727368762
1983-01-10,-2.06,-2.12
1983-01-11,2.355,2.21
1983-01-12,-6.9025,-7.055
1983-01-13,1.6314462987709546,1.6169283983612728
1983-01-14,-2.4225,-2.4899902980387885
1983-01-17,-0.292014725357748,-0.292014725357748
1983-01-18,0.28005826195488875,0.2829855165490309
1983-01-19,1.33,1.5275
1983-01-20,0.3179840000150625,0.3704840000150625
1983-01-21,-2.52,-2.15
1983-01-24,-2.25,-2.0125
1983-01-25,0.24,0.05
1983-01-26,-3.68,-3.475
1983-01-27,-1.81,-1.8145223915311854
1983-01-28,2.727971558950191,2.705471558950191
1983-01-31,-2.8540646566711083,-2.611564656671108
1983-02-01,0.6779814867458014,0.6135745378042533
1983-02-02,1.04,0.98
1983-02-03,-0.08201670335081654,0.18798329664918345
1983-02-04,0.775,0.95
1983-02-07,2.130173530440958,1.855
1983-02-08,-0.51,-0.48
1983-02-09,-2.88,-2.69
1983-02-10,-2.237023487807178,-2.33
1983-02-11,-0.12904134296276246,-0.23606201444414368
1983-02-14,-3.3225,-3.1270223972848017
1983-02-15,1.364805749707765,1.3291540660902306
1983-02-16,2.352973005054867,2.090946010109735
1983-02-17,-2.2640786163736206,-2.234078616373621
1983-02-18,0.37345052132121953,0.1509505213212195
1983-02-21,-0.002010539875365576,-0.002010539875365576
1983-02-22,4.93,4.24
1983-02-23,-0.1475,-0.057027553728280146
1983-02-24,-0.9925,-0.9320202598745019
1983-02-25,3.2457624541003653,2.5309466855257177
1983-02-28,3.567947359097527,3.047947359097527
1983-03-01,-1.6482415729324607,-1.5438122840473103
1983-03-02,-2.45,-2.0645748017946146
1983-03-03,-0.23207369171688,-0.20457369171688
1983-03-04,-0.085,-0.03957390790523331
1983-03-07,-1.095,-0.8221765416702219
1983-03-08,0.745,0.43
1983-03-09,-1.965,-1.5120760217329572
1983-03-10,0.1129243818655618,-0.005
1983-03-11,-1.15,-0.94
1983-03-14,-0.4,-0.085
1983-03-15,0.75,0.6779314559323089
1983-03-16,-3.8,-2.9220924214510116
1983-03-17,-0.9562670498616911,-0.7291780332411274
1983-03-18,0.2829132575554874,0.24291325755548743
1983-03-21,-0.9020879229517352,-0.7041758459034704
1983-03-22,-0.7791758459034704,-0.5520879229517353
1983-03-23,-2.8021408708122846,-1.6042817416245698
1983-03-24,0.7314365167508604,0.5557182583754302
1983-03-25,-0.26881018329643597,-0.4742829928188057
1983-03-28,-0.4371373846440489,-0.2171373846440489
1983-03-29,1.0457163404957426,0.6557163404957426
1983-03-30,0.9653509115759775,0.5078509115759775
1983-03-31,-0.3746445737832573,-0.2771445737832573
1983-04-01,0.0,-0.002142519923056793
1983-04-04,0.2175,0.29
1983-04-05,1.1453630999335132,1.002863099933513
1983-04-06,0.4353700643013209,0.19787006430132092
1983-04-07,-0.6646277219871695,-0.375
1983-04-08,-0.9371338911766033,-0.37426778235320635
1983-04-11,1.7028596049812716,0.9328596049812717
1983-04-12,-0.0671401727536428,-0.12
1983-04-13,0.1125,0.4778516655875136
1983-04-14,1.7978497576574402,0.8406049068386302
1983-04-15,-0.075,-0.6
1983-04-18,0.3,0.65
1983-04-19,-1.604394311506507,-1.425
1983-04-20,0.4178522216294883,0.16
1983-04-21,-0.75,-0.9
1983-04-22,-0.21,0.3475
1983-04-25,0.585,0.24
1983-04-26,0.405,0.5575
1983-04-27,1.3329725948153517,0.7275
1983-04-28,0.115,0.0025
1983-04-29,0.255,0.4904782634727209
1983-05-02,0.025,0.15820085339623796
1983-05-03,0.44299103120465094,0.23299103120465095
1983-05-04,1.260714807534935,1.325
1983-05-05,-0.9944682710396608,-0.6769682710396608
1983-05-06,0.43554693975182174,0.43304693975182174
1983-05-09,-1.6975,-1.6719530602481782
1983-05-10,1.2480525116505825,1.25
1983-05-11,-0.6625,-1.8270487223318095
1983-05-12,-0.8325,-1.5170740135157768
1983-05-13,0.36,0.33792828175490647
1983-05-16,-2.3325,-1.9220721513413526
1983-05-17,-0.37989857677047595,-0.17552925288815804
1983-05-18,-0.215,-0.27
1983-05-19,-1.4025,-1.3970390211935906
1983-05-20,-0.6975,-1.025
1983-05-23,-0.2420542608829178,-0.027054260882917784
1983-05-24,0.2825,0.305
1983-05-25,-0.1375,-0.27705806248508164
1983-05-26,-0.9645557184397457,-0.825
1983-05-27,-0.09171926286666539,-0.12
1983-05-30,0.0,0.0
1983-05-31,-2.325,-2.31
1983-06-01,0.8229403297743901,0.57
1983-06-02,-0.22,0.053744840419998996
1983-06-03,-0.24,-0.1575
1983-06-06,0.63,0.44
1983-06-07,-1.035,-0.9070524714973737
1983-06-08,-1.1712431616361314,-1.035
1983-06-09,0.6575,0.7004476925854618
1983-06-10,-0.075,-0.125
1983-06-13,1.8325,1.8084040053860357
1983-06-14,-0.3615971117556816,-0.35
1983-06-15,0.33,0.3
1983-06-16,0.68,0.747969116012253
1983-06-17,-0.36,-0.405
1983-06-20,-0.89,-0.895
1983-06-21,0.0,0.125
1983-06-22,-0.48,-0.415
1983-06-23,-0.4,-0.3020476917123393
1983-06-24,-1.1540922775768812,-1.2040922775768812
1983-06-27,-0.9041746242452035,-1.1641746242452033
1983-06-28,0.5279099809976352,0.4579099809976352
1983-06-29,0.5979113061438986,0.5979113061438986
1983-06-30,0.20430377640352887,0.0879075118173322
1983-07-01,-0.0021519078963541383,0.01628266023623108
1983-07-04,-0.0020528076261242096,-0.0020528076261242096
1983-07-05,-2.0625,-2.75
1983-07-06,1.0725,1.4279043621486753
1983-07-07,-0.6491934308346916,-0.8820967154173458
1983-07-08,-0.6095931720594818,-0.8020931720594818
1983-07-11,2.285319462511374,2.847819462511374
1983-07-12,0.147796674577072,0.05779667457707199
1983-07-13,-0.113229039657456,-0.115729039657456
1983-07-14,-0.512204879705961,-0.5494097594119219
1983-07-15,1.2877824428090388,1.4777824428090387
1983-07-18,1.92776468406383,2.515
1983-07-19,2.947695511382375,3.405195511382375
1983-07-20,3.422616685936926,3.9375
1983-07-21,0.43,0.34262146822015366
1983-07-22,2.2651536967487775,2.3625768483743887
1983-07-25,-1.2024347504621684,-1.1649347504621685
1983-07-26,-3.4024847481358806,-3.707484748135881
1983-07-27,0.765,0.7675
1983-07-28,2.6,2.475
1983-07-29,-1.53,-1.7725
1983-08-01,4.175,4.3625
1983-08-02,1.335,1.4325
1983-08-03,3.2238338222496354,3.3698521305512203
1983-08-04,-1.6601563924497171,-2.3925
1983-08-05,3.4875,3.556257214699095
1983-08-08,-1.2901831370281769,-1.4776831370281769
1983-08-09,-1.1375,-1.125
1983-08-10,4.7,4.8
1983-08-11,0.4275,0.625
1983-08-12,0.25975179265960674,0.525
1983-08-15,5.3625,5.722193495986867
1983-08-16,-1.4574553408500663,-1.4681728004297798
1983-08-17,-2.275,-2.15
1983-08-18,-4.175,-4.51
1983-08-19,2.4,2.4
1983-08-22,5.4625,6.125
1983-08-23,2.6625,2.685
1983-08-24,-2.2,-2.24
1983-08-25,-2.275,-2.51
1983-08-26,2.6125,2.705
1983-08-29,-3.1625,-3.685
1983-08-30,-5.1,-5.4
1983-08-31,3.596878178018748,3.5937563560374954
1983-09-01,-2.635,-2.51
1983-09-02,2.5525,2.465
1983-09-05,0.0,0.0
1983-09-06,3.015,3.39
1983-09-07,-0.495,-0.27
1983-09-08,0.6575,0.595
1983-09-09,1.5275,1.615
1983-09-12,-0.9875,-0.775
1983-09-13,-2.441053723551682,-2.475
1983-09-14,-2.205,-2.205
1983-09-15,-4.305,-4.305
1983-09-16,2.445,2.445
1983-09-19,4.42,4.42
1983-09-20,-0.6666155985043728,-0.6666155985043728
1983-09-21,4.2,4.2
1983-09-22,-3.7633957117417927,-3.7633957117417927
1983-09-23,-2.023417532792852,-2.026835065585704
1983-09-26,-1.8534357086540716,-1.745
1983-09-27,1.89,1.8863600555589268
1983-09-28,-2.4086218923751224,-2.4675
1983-09-29,1.14,1.14
1983-09-30,1.4975,1.4975
1983-10-03,-0.91,-0.91
1983-10-04,-2.28,-2.28
1983-10-05,2.44,2.44
1983-10-06,0.57,0.57
1983-10-07,-1.46,-1.4635683178221428
1983-10-10,-0.8910655969146898,-1.025
1983-10-11,-0.245,-0.245
1983-10-12,-0.72,-0.72
1983-10-13,3.02,3.02
1983-10-14,-0.87,-0.87
1983-10-17,-0.435,-0.435
1983-10-18,-1.735,-1.735
1983-10-19,-0.165,-0.165
1983-10-20,-0.62,-0.62
1983-10-21,0.925,0.925
1983-10-24,-2.75,-2.75
1983-10-25,0.795,0.795
1983-10-26,-2.8,-2.8036024986594694
1983-10-27,0.235,0.25
1983-10-28,-0.29,-0.3
1983-10-31,-0.255,-0.25
1983-11-01,0.8264208512741119,0.85
1983-11-02,1.6,1.5964124206473245
1983-11-03,-0.2535864544674583,-0.24
1983-11-04,0.3964160994443002,0.3964160994443002
1983-11-07,1.7964286644860072,1.7928573289720144
1983-11-08,1.6914286644860073,1.7529095342080692
1983-11-09,-1.523570368659675,-1.528570368659675
1983-11-10,0.6964293294098446,0.44892932940984465
1983-11-11,-1.3471657691127126,-1.6871657691127124
1983-11-14,-1.77,-1.6475
1983-11-15,1.7509637914656735,1.8704627651627976
1983-11-16,-2.6635955881851943,-2.7375
1983-11-17,0.6,0.6
1983-11-18,-1.6535987409662638,-1.616098740966264
1983-11-21,-0.695,-0.8736000896017866
1983-11-22,-0.0786010209150394,-0.275
1983-11-23,2.1364082943180587,2.1614082943180586
1983-11-24,0.0,0.0
1983-11-25,1.505,1.4175
1983-11-28,-0.535,-0.36
1983-11-29,0.0014082857423686167,-0.12359171425763138
1983-11-30,-1.9371314674919649,-1.837131467491965
1983-12-01,0.9764340896559341,1.005
1983-12-02,-2.113565910344066,-1.833565910344066
1983-12-05,-2.8535730651927733,-2.778573065192773
1983-12-06,-1.12,-1.1025
1983-12-07,1.26,1.295
1983-12-08,-0.945,-0.7525
1983-12-09,1.85,1.825
1983-12-12,1.08,0.985
1983-12-13,-0.993570734998687,-0.83
1983-12-14,0.5964300845715271,0.61
1983-12-15,1.2714300845715272,1.1339300845715272
1983-12-16,-0.45,-0.5285650487697939
1983-12-19,3.2464345964391152,3.0714345964391154
1983-12-20,0.0,0.0
1983-12-21,-0.6635608594499491,-0.6735608594499491
1983-12-22,0.9864501544090495,0.8289501544090495
1983-12-23,1.871456796659655,1.818956796659655
1983-12-26,-0.0035404359246400427,-0.0035404359246400427
1983-12-27,1.155,1.0125
1983-12-28,-1.775,-1.575
1983-12-29,0.007929036714558938,-0.04103548164272053
1983-12-30,0.2864758022425396,0.30295160448507924
1984-01-02,-0.0035207542739705724,-0.0035207542739705724
1984-01-03,-3.92,-3.6925
1984-01-04,0.345,0.205
1984-01-05,0.7614815576498509,0.7279631152997017
1984-01-06,3.206482294447387,3.063982294447387
1984-01-09,-3.065,-2.976022111199661
1984-01-10,2.255,2.155
1984-01-11,0.545,0.6075
1984-01-12,-0.415,-0.3845411029937258
1984-01-13,-0.04704436232033557,-0.4944974902922073
1984-01-16,-8.1,-8.25355314048433
1984-01-17,3.5250899741571913,3.6544142487959874
1984-01-18,-0.017000215768692845,-0.022000215768692842
1984-01-19,-0.31,-0.3
1984-01-20,-0.89,-0.875
1984-01-23,1.07,1.0465950002599735
1984-01-24,4.546596126501133,4.4375
1984-01-25,-2.99,-2.925
1984-01-26,-0.7325,-0.7159971576208334
1984-01-27,-0.5225,-0.5025
1984-01-30,-0.8775,-0.8508906458454459
1984-01-31,-2.53,-2.42
1984-02-01,1.3341093603714627,1.325
1984-02-02,1.82,1.78
1984-02-03,-0.15,-0.15
1984-02-06,1.165,1.0816024401548814
1984-02-07,0.31,0.265
1984-02-08,-1.915,-1.8475
1984-02-09,-0.53,-0.57
1984-02-10,-1.515,-1.6225
1984-02-13,-0.975,-1.1375
1984-02-14,-0.705,-0.5359563755454051
1984-02-15,0.44638246411314264,0.4798140896144245
1984-02-16,-0.0034538824047515,0.0
1984-02-17,-4.81,-4.825
1984-02-20,0.0,0.0
1984-02-21,1.08,1.1125
1984-02-22,1.89,1.7625
1984-02-23,-4.01,-4.1375
1984-02-24,1.295,1.40921527691186
1984-02-27,0.265,0.225
1984-02-28,-1.24,-1.203269366540902
1984-02-29,4.275,4.0
1984-03-01,-0.065,-0.031863702214112444
1984-03-02,3.26,2.9275
1984-03-05,0.12176298361747413,0.2
1984-03-06,-0.72,-0.68
1984-03-07,-1.94,-1.86
1984-03-08,0.7525,0.6692713406795359
1984-03-09,1.63,1.516598717588647
1984-03-12,1.66,1.516598084947725
1984-03-13,-0.3668011801479581,-0.3318011801479581
1984-03-14,1.0226771895732305,1.0501771895732306
1984-03-15,-1.4833786685141057,-1.4392573370282113
1984-03-16,-1.0833786685141058,-0.99
1984-03-19,0.09167614261143309,0.23335228522286616
1984-03-20,1.1766904108933978,1.1286794732231813
1984-03-21,1.418381733907385,1.368381733907385
1984-03-22,1.5036870453687392,1.5733912419240548
1984-03-23,0.4609370981770193,0.49843709817701926
1984-03-26,2.580957555537111,2.515502720433009
1984-03-27,0.23177794403771917,0.27855588807543835
1984-03-28,-0.8569907764685837,-1.1519907764685837
1984-03-29,-2.7481650667398823,-2.943165066739882
1984-03-30,1.335,1.815
1984-04-02,5.3225,5.4275
1984-04-03,2.975,3.275
1984-04-04,0.8925,0.9825
1984-04-05,-4.8,-5.025
1984-04-06,-1.3380608113827561,-1.818060811382756
1984-04-09,3.45,3.4
1984-04-10,-1.875,-1.75
1984-04-11,-2.5307641682404034,-2.6457641682404036
1984-04-12,0.44204593760749983,0.19204593760749983
1984-04-13,-0.2675000000000097,0.26749999999999036
1984-04-16,-3.219999999999993,-3.1185187180121985
1984-04-17,1.6049999999999984,1.5549999999999966
1984-04-18,3.049999999999991,3.5099999999999834
1984-04-19,3.740826022458716,3.8946428417888144
1984-04-20,-0.005714316422368728,-0.002857158211184364
1984-04-23,5.790000000000005,5.973552982231805
1984-04-24,-8.184999999999993,-8.48999999999999
1984-04-25,0.043769559986718456,0.016575636886901647
1984-04-26,-3.4049999999999794,-3.5174999999999694
1984-04-27,1.4672401333722895,1.5657663331200091
1984-04-30,0.6099999999999796,0.619999999999959
1984-05-01,1.8650000000000149,2.0175000000000294
1984-05-02,2.014999999999992,2.067499999999984
1984-05-03,-2.9235944575304598,-3.0150000000000095
1984-05-04,0.9050000000000069,0.977500000000009
1984-05-07,-2.2450000000000103,-2.222500000000014
1984-05-08,-0.7949999999999676,-0.9974999999999566
1984-05-09,-4.645000000000028,-4.672500000000037
1984-05-10,-2.9526523887842075,-3.1024770248809492
1984-05-11,-3.6749999999999745,-3.7752107101503527
1984-05-14,-1.5649597840857943,-1.4424597840857942
1984-05-15,2.280632369819376,2.0775618859214027
1984-05-16,4.388137289490654,4.0179252927603475
1984-05-17,-1.8173538962240567,-1.5973538962240614
1984-05-18,1.265000000000009,1.3200000000000183
1984-05-21,5.5024999999999915,5.119999999999984
1984-05-22,-1.2873505455422039,-1.5973505455421935
1984-05-23,-0.18750000000001704,-0.4000000000000341
1984-05-24,1.4925000000000226,0.7350000000000455
1984-05-25,0.48749999999998744,0.4195346026222481
1984-05-28,-0.0026838619857430007,0.0
1984-05-29,-1.3400000000000125,-1.2900000000000187
1984-05-30,-1.4399999999999944,-1.679999999999991
1984-05-31,-1.3399999999999965,-1.049999999999995
1984-06-01,0.7100000000000161,1.1850000000000238
1984-06-04,-0.7100000000000091,-0.23446363934214282
1984-06-05,-1.5500000000000125,-1.4800000000000126
1984-06-06,-2.1499999999999906,-2.0599999999999907
1984-06-07,1.1000000000000034,1.0400000000000036
1984-06-08,-1.8500000000000079,-1.760000000000008
1984-06-11,1.7699999999999956,1.6799999999999955
1984-06-12,0.5600000000000148,0.5400000000000148
1984-06-13,4.7,4.5
1984-06-14,-1.1000000000000034,-1.0400000000000036
1984-06-15,1.1899999999999862,1.1399999999999864
1984-06-18,3.557088773319002,3.400000000000017
1984-06-19,4.549999999999988,4.519999999999988
1984-06-20,-2.6695331314298274,-2.1199999999999872
1984-06-21,-1.867499999999993,-1.719999999999993
1984-06-22,-0.957500000000001,-0.880000000000001
1984-06-25,-2.904999999999996,-2.879999999999996
1984-06-26,-3.042499999999996,-2.879999999999996
1984-06-27,0.3150000000000091,0.24000000000000907
1984-06-28,0.6424999999999783,0.6799999999999784
1984-06-29,7.553910756137786,7.452021223655156
1984-07-02,-0.7341788985231996,-0.7121533415913147
1984-07-03,-4.97999999999998,-5.17999999999998
1984-07-04,-0.006079181357513231,-0.006079181357513231
1984-07-05,-5.872500000000004,-5.885000000000003
1984-07-06,1.0778806892428832,1.0299999999999945
1984-07-09,3.9950000000000156,3.675000000000016
1984-07-10,-4.052182504140344,-4.130000000000022
1984-07-11,-2.854373400192413,-2.9693734001924126
1984-07-12,1.9928078576676527,1.8699999999999877
1984-07-13,-1.2249999999999839,-1.6099999999999839
1984-07-16,-0.9175000000000011,-1.005000000000001
1984-07-17,0.259999999999975,0.41999999999997495
1984-07-18,0.8575000000000046,0.8420046072716558
1984-07-19,0.8049999999999965,0.8649999999999965
1984-07-20,-2.1897468779949034,-2.407499999999982
1984-07-23,-0.5774999999999965,-0.6974999999999977
1984-07-24,-1.4771679589349764,-1.9322703293038337
1984-07-25,-0.8549999999999898,-1.2349999999999897
1984-07-26,1.7522344926070355,1.8375000000000103
1984-07-27,-1.1171659449471054,-1.177500000000029
1984-07-30,0.09999999999999827,0.5369016319733643
1984-07-31,2.152825994238796,2.542825994238796
1984-08-01,0.4699999999999864,0.4099999999999864
1984-08-02,2.4750000000000223,3.045000000000022
1984-08-03,1.4073395538275608,1.4449999999999728
1984-08-06,-2.213158694099245,-2.069999999999976
1984-08-07,-0.577500000000041,-1.3750000000000306
1984-08-08,-0.41249999999994774,-0.48499999999996085
1984-08-09,1.9949999999999477,2.339999999999961
1984-08-10,-0.27249999999995,-0.3581322992950738
1984-08-13,-0.3100000000000409,-0.23767712748856146
1984-08-14,2.269999999999993,2.719999999999993
1984-08-15,-0.8708310276281379,-0.9906688019887465
1984-08-16,0.46750000000001135,0.5575000000000114
1984-08-17,-2.1025000000000253,-2.642500000000025
1984-08-20,-3.198162950568856,-3.937499999999978
1984-08-21,1.4700000000000255,1.5075000000000205
1984-08-22,2.589999999999986,3.3349999999999884
1984-08-23,-1.162276708269796,-1.2369809621030412
1984-08-24,1.2950000000000512,1.4575000000000513
1984-08-27,-0.5100000000000257,0.21499999999997435
1984-08-28,-0.845,-1.095
1984-08-29,-2.395000000000006,-2.8075000000000054
1984-08-30,0.8400000000000201,1.0150000000000199
1984-08-31,0.2849999999999858,0.12249999999998581
1984-09-03,0.0,0.0
1984-09-04,-1.134999999999983,-0.8974999999999829
1984-09-05,0.9650000000000198,1.3650000000000198
1984-09-06,2.145,1.87
1984-09-07,1.389999999999963,1.164999999999963
1984-09-10,4.05,4.375
1984-09-11,0.29999999999999427,0.18749999999999434
1984-09-12,-0.9649999999999574,-1.0681988243030802
1984-09-13,0.12266212832605652,-0.25233787167394345
1984-09-14,1.9300000000000028,2.130000000000003
1984-09-17,-2.010000000000014,-2.535000000000014
1984-09-18,1.7267905129398031,1.801790512939803
1984-09-19,3.892499999999946,4.092499999999946
1984-09-20,-1.1124999999999858,-1.2374999999999858
1984-09-21,-3.0074999999999803,-3.0574999999999806
1984-09-24,-2.2300000000000195,-2.3050000000000197
1984-09-25,-1.1422952342506636,-1.2399999999999602
1984-09-26,0.3049999999999517,0.14499999999995172
1984-09-27,2.447500000000014,2.427500000000014
1984-09-28,-4.625000000000022,-4.825000000000022
1984-10-01,-1.1460607710532829,-1.2260607710532827
1984-10-02,0.985,1.165
1984-10-03,-0.27500000000000907,-0.25500000000000905
1984-10-04,0.8049999999999977,0.8249999999999977
1984-10-05,1.5449999999999613,1.5649999999999613
1984-10-08,-0.2649999999999909,-0.4049999999999909
1984-10-09,-0.38500000000000456,-0.4050000000000045
1984-10-10,0.570000000000041,0.690000000000041
1984-10-11,-4.774847184307873e-14,-0.12758238932890872
1984-10-12,2.5700000000000456,2.980000000000057
1984-10-15,-1.7975406971359102,-2.0333300877244422
1984-10-16,0.5599999999999744,0.6774999999999743
1984-10-17,-0.14833776178563796,-0.2675000000000171
1984-10-18,2.56000000000004,2.54000000000004
1984-10-19,1.69,1.81
1984-10-22,-0.6375000000000398,-0.8375000000000398
1984-10-23,1.5950000000000426,1.647521407118253
1984-10-24,1.3450190764480936,1.5324999999999795
1984-10-25,-3.1125000000000242,-3.275891339450011
1984-10-26,-3.1650000000000205,-3.3900000000000206
1984-10-29,-0.04760319450923229,-0.08260319450923229
1984-10-30,3.25,3.65
1984-10-31,-0.4375,-0.5284586434528195
1984-11-01,2.7775000000000314,2.997500000000031
1984-11-02,0.09749999999999144,0.07749999999999144
1984-11-05,2.0374999999999943,2.0374999999999943
1984-11-06,0.6324999999999801,0.6924999999999801
1984-11-07,-1.5699999999999574,-1.4299999999999573
1984-11-08,-2.782499999999997,-2.9424999999999972
1984-11-09,1.7227264786672034,1.7227264786672034
1984-11-12,0.8850000000000484,0.9374418281111548
1984-11-13,-2.267592888043811,-2.552272844741346
1984-11-14,-0.34143311187623254,-0.2388865335673204
1984-11-15,1.5299999999999727,1.5277279167024918
1984-11-16,0.44023133550095467,0.49023133550095466
1984-11-19,0.7674999999999659,0.6674999999999659
1984-11-20,1.7452326142002084,1.6952326142002085
1984-11-21,3.004999999999976,3.029999999999976
1984-11-22,0.0,-0.002263559882548919
1984-11-23,2.56250000000001,2.50250000000001
1984-11-26,-1.06,-1.24
1984-11-27,-1.128579577196902,-1.335000000000007
1984-11-28,-0.014999999999993088,0.43390199313747024
1984-11-29,-0.4275087240558543,-0.41999999999997617
1984-11-30,-4.66,-4.597552046948728
1984-12-03,0.9099999999999602,0.936357147450165
1984-12-04,1.1500000000000516,1.0925000000000518
1984-12-05,-2.11999999999998,-2.45499999999998
1984-12-06,-2.7000000000000477,-2.6700000000000474
1984-12-07,-4.399999999999989,-4.757499999999989
1984-12-10,1.995000000000032,1.9531956286810528
1984-12-11,1.9999999999999878,1.9077369481878
1984-12-12,-0.8222678823358264,-1.0197678823358263
1984-12-13,-3.252257023380536,-2.972257023380536
1984-12-14,4.189058979753212,3.97524404921808
1984-12-17,1.5725000000000438,1.6025325311889564
1984-12-18,2.0327472709896073,1.8327472709896107
1984-12-19,-1.1949999999999878,-1.1159937168190663
1984-12-20,-0.73975001710072,-0.6472500171007216
1984-12-21,0.4975000000000159,0.39775039818284025
1984-12-24,0.9625000000000039,0.7727538475426037
1984-12-25,-0.0022449453928693837,-0.0022449453928693837
1984-12-26,-2.292500000000012,-1.8800000000000103
1984-12-27,-0.7325,-0.63
1984-12-28,0.38027240653828914,0.3200347396983697
1984-12-31,-1.5274999999999324,-1.3437317626361043
1985-01-01,0.0,0.0
1985-01-02,-1.3275000000000716,-1.3275000000000716
1985-01-03,0.5175000000000438,0.5875000000000438
1985-01-04,-1.035000000000028,-0.9571599611164101
1985-01-07,3.6999999999999793,3.7599999999999794
1985-01-08,-0.6596597586125509,-0.5246597586125509
1985-01-09,0.9228448200613438,0.9249999999999404
1985-01-10,-0.09464996729238732,-0.11464996729238731
1985-01-11,-2.1299999999999484,-2.1621462535351728
1985-01-14,-0.04214421884111229,-0.03999999999999204
1985-01-15,1.8424999999999243,1.7903540095868269
1985-01-16,-0.502499999999996,-0.517499999999996
1985-01-17,-0.20249999999993631,-0.14249999999993632
1985-01-18,2.5299999999999403,2.430172883066467
1985-01-21,0.1325,0.0525
1985-01-22,1.8872918622006412,2.1850000000000773
1985-01-23,0.32999999999993634,0.38999999999993634
1985-01-24,3.0125000000000544,3.0725000000000544
1985-01-25,-0.6425000000000409,-0.6425000000000409
1985-01-28,-1.005000000000018,-0.91272389650067
1985-01-29,0.48983711365752347,0.5954287641807265
1985-01-30,-0.03749999999996419,-0.0662253935825721
1985-01-31,-1.6425000000000407,-1.7550000000000407
1985-02-01,-4.401217666485199,-4.659999999999939
1985-02-04,0.17743522508449758,0.07743522508449757
1985-02-05,1.490000000000009,1.240000000000009
1985-02-06,-2.4850000000000865,-2.4600000000000866
1985-02-07,-1.0999999999999637,-1.1749999999999636
1985-02-08,1.140000000000041,1.090000000000041
1985-02-11,-1.240000000000082,-1.090000000000082
1985-02-12,-0.32499999999993634,-0.2999999999999363
1985-02-13,0.5600000000000273,0.6100000000000272
1985-02-14,2.719999999999982,2.719999999999982
1985-02-15,-1.2427410044520273,-1.2667933349038614
1985-02-18,0.0,0.0
1985-02-19,-0.18500000000003183,0.039999999999968165
1985-02-20,-3.304999999999955,-3.1549999999999545
1985-02-21,-1.8486302414586806,-1.7700000000000182
1985-02-22,-1.9150000000000045,-2.118609621463952
1985-02-25,0.1950000000000273,0.3200000000000273
1985-02-26,1.1850000000000092,1.0778481230841606
1985-02-27,-3.3500000000000725,-3.210000000000064
1985-02-28,-1.3805127392788767,-1.1435494864778035
1985-03-01,-0.6499999999999683,-0.5749999999999682
1985-03-04,-1.310000000000016,-1.2419645828102
1985-03-05,2.080000000000012,1.8350000000000102
1985-03-06,-1.6869984865496577,-1.4499999999999729
1985-03-07,-0.7200000000000307,-0.6700000000000307
1985-03-08,3.8499999999999757,3.6999999999999758
1985-03-11,1.0593168578039438,1.0593168578039438
1985-03-12,-0.909999999999946,-0.859999999999946
1985-03-13,-1.8200000000000254,-1.8450000000000253
1985-03-14,-0.3600000000000313,-0.3100000000000313
1985-03-15,0.7475000000000029,0.6975000000000028
1985-03-18,-0.819999999999946,-0.844999999999946
1985-03-19,1.4799999999999487,1.0799999999999488
1985-03-20,1.5000000000000226,1.7420221614514673
1985-03-21,0.6499999999999659,0.6412105905491738
1985-03-22,-0.4350000000000171,-0.33157402665108243
1985-03-25,-0.012499999999974443,-0.07249999999997954
1985-03-26,1.789999999999989,1.629999999999991
1985-03-27,-0.1800000000000199,-0.16157255614997829
1985-03-28,0.7300000000000313,0.705000000000025
1985-03-29,1.6609362346157666,1.7809362346157651
1985-04-01,-0.10406479453897687,0.0771900079453574
1985-04-02,-0.15654587982924115,-0.19654587982924113
1985-04-03,-0.17901822610390467,-0.22053645220783488
1985-04-04,-0.5390166996977841,-0.5425240903236164
1985-04-05,-0.001514949929620359,-0.001514949929620359
1985-04-08,0.45249999999995455,0.5399999999999545
1985-04-09,0.5360021729907496,0.6250000000000171
1985-04-10,0.3235023539652865,0.4999999999999687
1985-04-11,2.2219775600333787,2.4585329724301404
1985-04-12,-0.4599999999999625,-0.5999999999999687
1985-04-15,0.2699999999999693,0.2599999999999745
1985-04-16,1.780000000000024,1.4465105510594296
1985-04-17,-2.239999999999986,-2.274999999999989
1985-04-18,3.509999999999976,3.6424999999999805
1985-04-19,-0.8699999999999797,-0.7074999999999829
1985-04-22,1.8964929813794202,1.9499999999999573
1985-04-23,-2.9824999999999693,-2.8224999999999745
1985-04-24,1.6175000000000037,1.6175000000000028
1985-04-25,-2.382500000000004,-2.322500000000003
1985-04-26,-0.4563958015405793,-0.5150000000000113
1985-04-29,-2.2449999999999757,-1.9299999999999804
1985-04-30,0.8978145535139188,0.6999999999999773
1985-05-01,0.9750000000000227,0.9600000000000227
1985-05-02,-0.6750000000000256,-0.7950000000000256
1985-05-03,2.4125000000000374,2.4089421794404364
1985-05-06,1.2499999999999716,1.3599999999999717
1985-05-07,1.246472619605456,1.2800000000000142
1985-05-08,-1.3499999999999859,-1.3199999999999859
1985-05-09,2.8499999999999575,2.9399999999999578
1985-05-10,2.1750000000000256,2.205000000000026
1985-05-13,-0.9572676556878769,-1.0772676556878769
1985-05-14,3.360000000000048,3.360000000000048
1985-05-15,-1.630000000000007,-1.7500000000000069
1985-05-16,2.0349999999999624,1.9749999999999626
1985-05-17,-1.604876358721086,-1.7236563257992545
1985-05-20,4.727737211017503,4.667737211017504
1985-05-21,-1.42499999999998,-1.5011564266076707
1985-05-22,-0.7400000000000518,-0.7323127206286558
1985-05-23,-0.5799999999999643,-0.5811414975223055
1985-05-24,1.540000000000012,1.550000000000012
1985-05-27,0.0,-0.0010879685542924118
1985-05-28,0.144999999999996,0.344999999999996
1985-05-29,-0.7661205918928164,-0.7149999999999722
1985-05-30,2.1427451839489584,2.103872591974433
1985-05-31,1.3600000000000796,1.3600000000000796
1985-06-03,4.235114229474948,4.2362442572281855
1985-06-04,0.17387054964113338,0.15999999999995224
1985-06-05,6.8567262254881225,6.993855568065807
1985-06-06,-1.406303193465388,-1.1763031934653785
1985-06-07,-7.080000000000008,-6.470000000000009
1985-06-10,-0.14342211700102614,-0.18615628649968882
1985-06-11,1.8324999999999796,1.8124999999999796
1985-06-12,-0.6074999999999828,-0.5674999999999829
1985-06-13,-1.4825000000000206,-1.5236503854052106
1985-06-14,3.717499999999986,3.522499999999986
1985-06-17,-1.3224999999999763,-1.5024999999999762
1985-06-18,2.639999999999963,2.699999999999963
1985-06-19,-3.0974999999999384,-3.0824999999999387
1985-06-20,-2.1475000000000444,-2.2525000000000444
1985-06-21,-2.2900000000000102,-2.1550000000000105
1985-06-24,-1.0750000000000681,-1.0000000000000682
1985-06-25,-1.2399999999999283,-1.2999999999999283
1985-06-26,-1.2775000000000682,-1.3825000000000682
1985-06-27,2.777500000000004,2.777500000000004
1985-06-28,1.7425000000000341,1.7275000000000342
1985-07-01,-0.6100000000000307,-0.8350000000000305
1985-07-02,-0.2756414576388546,-0.27695250270299326
1985-07-03,-0.6,-0.675
1985-07-04,-0.0011341705222482042,-0.0011341705222482042
1985-07-05,6.550000000000008,6.820000000000007
1985-07-08,-2.6575000000000037,-2.7625000000000037
1985-07-09,-1.4325000000000205,-1.613688412626991
1985-07-10,-0.8574999999999591,-0.8586884126269295
1985-07-11,-3.491196463710996,-3.4848477189884153
1985-07-12,1.735000000000016,1.6726065622824153
1985-07-15,-1.1400000000000121,-1.0200000000000102
1985-07-16,0.6399999999999683,0.6299999999999728
1985-07-17,0.10500000000001992,0.17500000000001711
1985-07-18,-5.005473693940848,-4.661238192547641
1985-07-19,-1.1154749341419674,-0.971252163195353
1985-07-22,-2.1062508374520332,-1.987501674904038
1985-07-23,-0.4837513019501517,-0.4037513019501557
1985-07-24,-1.3025064868510288,-1.14125324342553
1985-07-25,0.5212442423767281,0.4112442423767207
1985-07-26,-1.6812564807225432,-1.5199999999999863
1985-07-29,-1.9175000000000597,-1.7737616697036367
1985-07-30,-0.563772871745011,-0.4125000000000068
1985-07-31,1.3912269158650596,1.3412269158650525
1985-08-01,1.80372656912712,1.6899999999999962
1985-08-02,-2.822499999999996,-2.7137777129626266
1985-08-05,0.4012241317248716,0.4274999999999693
1985-08-06,0.2550000000000238,0.16372594846020963
1985-08-07,2.4387304838802892,2.2437304838802876
1985-08-08,2.092500000000004,2.002500000000004
1985-08-09,1.0049999999999244,0.9149999999999353
1985-08-12,-0.024999999999908505,-0.009999999999921556
1985-08-13,-1.8737810834494975,-1.7375000000000205
1985-08-14,1.3499999999999721,1.3299999999999763
1985-08-15,0.009999999999956254,0.049999999999962484
1985-08-16,1.7169195971090554,1.6089908615075699
1985-08-19,1.2499999999999323,1.129999999999942
1985-08-20,0.7049999999999881,0.6249999999999898
1985-08-21,1.230000000000016,1.1700000000000137
1985-08-22,-0.5367072794462537,-0.4125000000000273
1985-08-23,-0.8499999999999523,-0.7341945662346185
1985-08-26,-1.1499999999999522,-1.0872109639149585
1985-08-27,1.79499999999996,1.79499999999996
1985-08-28,-0.9021908872638831,-0.8950000000000436
1985-08-29,1.1949999999999863,1.114999999999988
1985-08-30,-3.414194025309491,-3.219999999999984
1985-09-02,0.0,0.0
1985-09-03,1.022500000000059,0.8650000000000517
1985-09-04,1.9025000000000272,1.650000000000024
1985-09-05,-1.8875000000001,-1.5950000000000875
1985-09-06,-6.154999999999978,-5.354999999999979
1985-09-09,-0.26577562550474193,-0.24152318442036952
1985-09-10,0.9400000000000238,0.8486431702929246
1985-09-11,-0.0988614528349604,-0.1275
1985-09-12,-0.2875000000000716,-0.2675000000000614
1985-09-13,3.1375000000000437,2.8475000000000374
1985-09-16,0.7175000000000359,0.7075000000000308
1985-09-17,-0.8175000000000717,-0.7975000000000614
1985-09-18,-0.857499999999988,-0.7774999999999898
1985-09-19,-0.07250000000000796,-0.042500000000006824
1985-09-20,2.48,2.23
1985-09-23,1.0349999999999484,0.8549999999999557
1985-09-24,0.94,0.94
1985-09-25,0.5095787634925985,0.5110393817462993
1985-09-26,0.4793412623345826,0.52
1985-09-27,-1.965000000000032,-1.641459076616597
1985-09-30,0.7300000000000437,0.6075000000000375
1985-10-01,1.078537381170461,0.9125000000000204
1985-10-02,-1.5450000000000237,-1.291674555552313
1985-10-03,0.6250000000000437,0.593537735005642
1985-10-04,-0.8114622649944035,-0.7872609531484378
1985-10-07,-1.8872641234401408,-1.7599999999999878
1985-10-08,1.1249999999999771,0.9735188597599835
1985-10-09,-0.3614946059573037,-0.3600000000000159
1985-10-10,0.20500000000004093,0.2934986314781672
1985-10-11,0.2993825555420001,0.2949999999999085
1985-10-14,0.820000000000041,0.7150000000000358
1985-10-15,0.2228617783797082,0.23000000000000795
1985-10-16,1.5024999999999489,1.237884186823396
1985-10-17,1.8699999999999948,1.615890435069322
1985-10-18,0.8875000000001022,0.837500000000091
1985-10-21,-0.49660071134840106,-0.42250000000008187
1985-10-22,1.1928969899535655,1.0400000000000729
1985-10-23,-0.55,-0.4487036606902216
1985-10-24,-1.1600000000000228,-1.0200000000000204
1985-10-25,-0.5000000000000796,-0.5400000000000718
1985-10-28,-1.1620713547760961,-1.165
1985-10-29,5.205000000000094,4.907921017080981
1985-10-30,2.1008763347033486,2.030876334703346
1985-10-31,1.662499999999925,1.4524999999999317
1985-11-01,0.34295916783460195,0.3300000000000625
1985-11-04,0.32249999999995227,0.3154647767233658
1985-11-05,2.057499999999966,1.8974999999999689
1985-11-06,-0.1825,-0.1294683362160815
1985-11-07,0.3284481440602583,0.3784481440602583
1985-11-08,3.643037442650237,3.623037442650237
1985-11-11,-0.364999999999867,-0.31653768449800357
1985-11-12,3.9899999999999407,3.9899999999999407
1985-11-13,-2.389999999999926,-2.379999999999926
1985-11-14,-1.2450000000000296,-1.2600000000000295
1985-11-15,-2.001729515817302,-1.9573708972444313
1985-11-18,6.639999999999933,6.659999999999933
1985-11-19,-0.4409677125152352,-0.4509677125152352
1985-11-20,-1.1075000000001023,-1.1275000000001023
1985-11-21,0.8549999999999658,0.8849999999999658
1985-11-22,-0.25499999999992495,-0.289999999999925
1985-11-25,-0.2550000000000614,-0.2400000000000614
1985-11-26,0.32500000000010915,0.2950000000001091
1985-11-27,2.0874999999998707,2.0824999999998703
1985-11-28,-0.0015208747262636462,0.0
1985-11-29,1.5600000000001502,1.5800000000001502
1985-12-02,-3.6050000000000075,-3.6050000000000075
1985-12-03,0.7,0.63
1985-12-04,2.3334783977108353,2.3019567954216913
1985-12-05,-0.4574999999999659,-0.4640216022891101
1985-12-06,-1.2040124429994066,-1.2040124429994066
1985-12-09,5.215991292994757,5.217499999999959
1985-12-10,3.0049999999999457,3.013491292994743
1985-12-11,5.012499999999972,5.012499999999972
1985-12-12,-1.5707269142814186,-1.5707269142814186
1985-12-13,0.5849999999999687,0.5849999999999687
1985-12-16,1.2099999999999125,1.2099999999999125
1985-12-17,4.132499999999994,4.132499999999994
1985-12-18,-2.1199999999999126,-2.121531047920684
1985-12-19,1.1774999999999813,1.1924999999999815
1985-12-20,1.3149999999999875,1.3449999999999873
1985-12-23,-1.794039518691047,-1.839039518691047
1985-12-24,0.23250000000011253,0.22750000000011256
1985-12-25,0.0,0.0
1985-12-26,1.1149999999999125,1.1249999999999125
1985-12-27,1.6275000000000688,1.6425000000000687
1985-12-30,-1.058878289091227,-1.058878289091227
1985-12-31,0.06750000000010914,0.06250000000010913
1986-01-01,0.0,0.0
1986-01-02,-2.0525000000000886,-2.0925000000000886
1986-01-03,-1.2600000000000138,-1.3200000000000138
1986-01-06,-0.38249999999989087,-0.38249999999989087
1986-01-07,4.762499999999899,4.802499999999898
1986-01-08,-5.559999999999912,-5.564999999999912
1986-01-09,-2.411697295718396,-2.4016972957183964
1986-01-10,-2.519999999999993,-2.534999999999993
1986-01-13,-5.670000000000095,-5.700000000000095
1986-01-14,2.183839352250972,2.093839352250972
1986-01-15,3.200000000000094,3.240000000000094
1986-01-16,-0.21500000000006875,-0.22000000000006875
1986-01-17,-0.024999999999968714,-0.03999999999996871
1986-01-20,-1.3299999999999814,-1.3499999999999814
1986-01-21,1.894999999999925,1.944999999999925
1986-01-22,-1.4149999999999125,-1.4299999999999125
1986-01-23,2.549999999999906,2.559999999999906
1986-01-24,0.7650000000000375,0.7450000000000375
1986-01-27,2.829999999999981,2.8399999999999808
1986-01-28,2.10499999999995,2.0584363593679678
1986-01-29,-1.969999999999925,-1.969999999999925
1986-01-30,-0.3,-0.30155958711509534
1986-01-31,0.9600000000000252,0.9684404128849298
1986-02-03,1.7084404128849298,1.7084404128849298
1986-02-04,1.2384688269066282,1.2584688269066282
1986-02-05,-1.8450000000000686,-1.8265299857770283
1986-02-06,-1.7699999999999811,-1.7565233641863354
1986-02-07,-1.9565230770448834,-1.9165230770448833
1986-02-10,2.884999999999925,2.701941454110667
1986-02-11,1.3749999999999687,1.6749999999999687
1986-02-12,-0.12499999999989996,-0.004999999999899956
1986-02-13,0.41277349194036084,0.8943010272788443
1986-02-14,3.6170213376971545,3.8170213376971547
1986-02-17,-0.0015224904610650594,0.0
1986-02-18,1.7300000000000408,1.6500000000000408
1986-02-19,-1.2515224657341772,-1.23
1986-02-20,0.20847753426580917,0.26999999999998636
1986-02-21,4.008485436872399,3.956970873744819
1986-02-24,3.0399999999999796,2.9199999999999795
1986-02-25,-0.7550000000000603,-0.7400000000000603
1986-02-26,1.7250000000001493,1.8150000000001492
1986-02-27,5.544999999999899,5.514999999999898
1986-02-28,0.750000000000075,0.7934988941001354
1986-03-03,3.649999999999898,3.749999999999898
1986-03-04,1.7900000000000407,1.7700000000000407
1986-03-05,-5.6964961732035695,-5.655000000000068
1986-03-06,2.830905130960642,2.755905130960642
1986-03-07,1.6624999999999657,1.6624999999999657
1986-03-10,5.724999999999986,5.619999999999986
1986-03-11,0.24999999999995223,0.36999999999995226
1986-03-12,-0.052499999999904505,-0.1724999999999045
1986-03-13,-0.3625000000001091,-0.5275000000001092
1986-03-14,1.075000000000075,1.090000000000075
1986-03-17,-0.8349999999999523,-0.8499999999999523
1986-03-18,-1.3075000000001091,-1.1875000000001092
1986-03-19,0.41500000000007503,0.7600000000000751
1986-03-20,0.946975472452146,1.0189509449043261
1986-03-21,-0.8974999999999386,-0.8874999999999386
1986-03-24,3.052500000000041,3.032500000000041
1986-03-25,0.06250000000004774,0.03250000000004775
1986-03-26,2.0578799704326323,2.0378799704326322
1986-03-27,3.375000000000074,3.400000000000074
1986-03-28,0.0,0.0
1986-03-31,2.9874999999999927,2.9724999999999926
1986-04-01,0.235,0.19
1986-04-02,0.022499999999933518,0.042499999999933515
1986-04-03,-2.3174999999999626,-2.2574999999999625
1986-04-04,-0.36750000000003785,-0.35750000000003784
1986-04-07,0.34000000000013303,0.330000000000133
1986-04-08,4.650000000000008,4.640000000000009
1986-04-09,1.022499999999963,1.077499999999963
1986-04-10,-0.11749999999998521,-0.07749999999998522
1986-04-11,-1.9575000000000295,-1.9289545110789532
1986-04-14,3.457499999999941,3.4360452230631298
1986-04-15,-2.012499999999978,-1.9539541496224535
1986-04-16,4.6649999999999405,4.863541627226294
1986-04-17,-2.4174999999999924,-2.5424999999999924
1986-04-18,-2.3324999999999916,-2.4324999999999917
1986-04-21,-1.3249999999998596,-1.1499999999998596
1986-04-22,-4.127499999999992,-4.277499999999993
1986-04-23,-3.822000815874892,-3.5470008158748922
1986-04-24,-3.7989346102424926,-3.822500000000034
1986-04-25,-1.582073251005172,-1.622073251005172
1986-04-28,4.315000000000044,4.2950000000000434
1986-04-29,1.8825000000000447,1.5025000000000448
1986-04-30,1.6675000000000124,0.8675000000000126
1986-05-01,-2.8907444851034048,-2.435611212758389
1986-05-02,-1.7266523966479514,-1.6216523966479515
1986-05-05,3.7550000000000754,3.7650000000000756
1986-05-06,-1.0525000000000384,-1.1025000000000384
1986-05-07,-1.2249999999999688,-1.2466441681553493
1986-05-08,3.365759542506339,3.367499999999981
1986-05-09,-3.3874999999999313,-3.3974999999999316
1986-05-12,-4.544292465579952,-4.404292465579952
1986-05-13,2.6653898955678086,2.6203898955678087
1986-05-14,-2.099999999999894,-2.059999999999894
1986-05-15,-3.9717856401580796,-3.9100000000000623
1986-05-16,-4.137367869703926,-4.069137716142095
1986-05-19,-1.059999999999983,-1.039999999999983
1986-05-20,1.43,1.42
1986-05-21,-0.2899999999998977,-0.25999999999989765
1986-05-22,0.7199999999999829,0.7299999999999829
1986-05-23,0.8549999999999204,0.8699999999999204
1986-05-26,0.0,0.0
1986-05-27,2.075000000000097,2.100000000000097
1986-05-28,-2.060000000000057,-2.040000000000057
1986-05-29,-4.499572929731789,-4.4845729297317884
1986-05-30,-1.4898182675851057,-1.4848182675851058
1986-06-02,-3.7175000000000105,-3.77250000000001
1986-06-03,2.527888572531739,2.5528885725317387
1986-06-04,-2.957500000000004,-2.962146973940761
1986-06-05,1.079876718948458,1.0598767189484568
1986-06-06,4.730000000000018,4.370000000000016
1986-06-09,-3.049613364357726,-2.839806682178868
1986-06-10,0.0299999999999693,0.049999999999969305
1986-06-11,0.9700000000000204,0.9850000000000204
1986-06-12,-0.4349999999999625,-0.3849999999999625
1986-06-13,2.99,2.985
1986-06-16,-0.03000000000000682,-0.005000000000006821
1986-06-17,1.3399999999999488,1.3099999999999488
1986-06-18,0.36499999999998983,0.36999999999998984
1986-06-19,-1.2349999999999728,-1.2749999999999728
1986-06-20,0.5849999999999898,0.6499999999999898
1986-06-23,0.16499999999992157,0.19499999999992157
1986-06-24,-0.1749999999999318,-0.12499999999993178
1986-06-25,0.290083194995529,0.2999999999999284
1986-06-26,0.07832427568346323,0.07332427568345812
1986-06-27,1.1383217389911553,1.0384155554167522
1986-06-30,-0.5999999999999917,-0.5149999999999916
1986-07-01,0.020094434257247128,0.04999999999998008
1986-07-02,0.34720649394949654,0.2985714385837727
1986-07-03,2.177500000000078,2.1725000000000776
1986-07-04,-0.006607206391097846,-0.0016917057003266406
1986-07-07,-1.2900000000000358,-1.2050000000000318
1986-07-08,-2.4559268846522646,-2.2692134423261385
1986-07-09,2.0890703145827985,1.9307851572913874
1986-07-10,-0.9967015490605601,-0.9567015490605617
1986-07-11,0.954096257509767,0.8607981287549133
1986-07-14,1.025798457375678,0.9140969147513727
1986-07-15,1.5432737286621494,1.5832652522077684
1986-07-16,-0.09000000000007162,-0.02500000000007167
1986-07-17,-0.057509900382270655,-0.14426541020949962
1986-07-18,0.6818796145120153,0.5857397242516823
1986-07-21,0.9999999999999204,0.8143783197477819
1986-07-22,-0.754954456361218,-0.964954456361218
1986-07-23,-2.5000000000000626,-2.3500000000000623
1986-07-24,-1.5600000000000251,-1.5450000000000252
1986-07-25,0.9100000000000251,0.9400000000000251
1986-07-28,-2.7017779233086423,-2.6249999999999694
1986-07-29,3.4099999999999624,3.2099999999999627
1986-07-30,0.9782186305576798,0.8925277018579951
1986-07-31,1.9082178994968737,1.5557178994968737
1986-08-01,-0.34680024442357343,-0.09430024442357346
1986-08-04,1.2299999999999813,0.9174999999999812
1986-08-05,-1.3999999999999373,-1.4749999999999375
1986-08-06,-1.2600000000000127,-0.9675000000000126
1986-08-07,0.7981839303510859,0.5956839303510859
1986-08-08,1.3481803638629413,1.091360727725882
1986-08-11,1.2032673628885855,1.1457673628885854
1986-08-12,1.5699999999999794,1.3799999999999795
1986-08-13,1.7231802209276261,1.4899580474451033
1986-08-14,-1.021831347822781,-0.8418313478227809
1986-08-15,0.6873154848881083,0.5834814454551498
1986-08-18,0.04000000000010914,0.07000000000010914
1986-08-19,2.644999999999884,2.508162617381097
1986-08-20,0.9931636861006197,0.9650000000000136
1986-08-21,1.397674587038377,1.4483243879876837
1986-08-22,-2.2418355861585275,-1.9675136311429209
1986-08-25,2.3931598419130324,2.2413196838262057
1986-08-26,2.4756723156505016,2.4156723156505016
1986-08-27,-3.2811515205161763,-3.2411515205161767
1986-08-28,1.0431755092157398,1.0231755092157397
1986-08-29,1.7056790872457075,1.7038581744913335
1986-09-01,-0.003634273428567655,-0.003634273428567655
1986-09-02,-2.675000000000074,-2.720000000000074
1986-09-03,-3.7793209127543146,-3.7843209127543145
1986-09-04,1.5163597468312813,1.5113597468312814
1986-09-05,-5.761145071810731,-5.73114507181073
1986-09-08,-3.8377556316959334,-3.8077556316959336
1986-09-09,1.1681738892452553,1.1650000000000686
1986-09-10,1.9881690678401196,1.8881690678401197
1986-09-11,-3.161828038221869,-3.1700000000000625
1986-09-12,-0.4268204315428095,-0.4436408630856309
1986-09-15,2.2763590218613157,2.2463590218613154
1986-09-16,-1.021817288509122,-0.9736345770182875
1986-09-17,-0.40182320766209945,-0.3600000000000126
1986-09-18,-3.0299999999999945,-3.0199999999999942
1986-09-19,-0.5500000000001126,-0.5600000000001125
1986-09-22,-0.42,-0.36
1986-09-23,-3.149999999999999,-2.9499999999999993
1986-09-24,1.7563327862011042,1.810831965502836
1986-09-25,1.5023641554197142,1.2331598050889547
1986-09-26,-0.7661934891912263,-0.4055402337868958
1986-09-29,-5.731897599152196,-5.201802463278571
1986-09-30,2.9517415355109744,3.0348474691554004
1986-10-01,0.44810594809964616,0.5881059480996472
1986-10-02,0.6401224414650366,0.11809867660610106
1986-10-03,5.778082863151359,5.4980828631513585
1986-10-06,2.5511116787185677,1.7480558393593453
1986-10-07,0.5905595850907253,0.6280595850907252
1986-10-08,-1.0424999999999516,-1.1249999999999516
1986-10-09,0.4575000000000131,0.6750000000000129
1986-10-10,-1.1408404827981753,-1.0850000000000128
1986-10-13,-0.6999999999999659,-0.8749999999999658
1986-10-14,-1.620000000000075,-1.690000000000075
1986-10-15,0.49000000000003413,0.2100000000000341
1986-10-16,-0.9499999999999658,-0.9499999999999658
1986-10-17,-1.3019487022850689,-1.1949999999999794
1986-10-20,-1.071942283920507,-1.071942283920507
1986-10-21,1.2499999999999658,1.4480603556430394
1986-10-22,1.85313684881735,1.88813684881735
1986-10-23,1.4130726581892796,1.17
1986-10-24,-1.4600000000000959,-1.381924740433494
1986-10-27,2.088074269420754,1.9130742694207536
1986-10-28,-0.33692642959637814,-0.16192642959637818
1986-10-29,2.0700000000000136,1.7900000000000138
1986-10-30,0.9300000000000443,1.2430646798006104
1986-10-31,-0.07999999999994825,-0.16999999999994825
1986-11-03,0.258068701733453,0.43999999999989653
1986-11-04,-0.23500000000005175,-0.13193230453455454
1986-11-05,-0.5706500373423107,-0.39065003734231063
1986-11-06,-1.3400000000000876,-1.4300000000000876
1986-11-07,-2.114434714612036,-1.9924999999998319
1986-11-10,1.1874999999999443,0.9774999999999443
1986-11-11,1.0049999999999444,0.8280638619218642
1986-11-12,0.3955617225034151,0.5475000000000866
1986-11-13,0.4049999999999443,0.40306388313354713
1986-11-14,1.6288736946862092,1.510174444166934
1986-11-17,2.4824999999998214,2.3405667860231616
1986-11-18,-1.6719300662915462,-1.7019300662915462
1986-11-19,3.738074518242489,3.6161490364850466
1986-11-20,-0.2569167694294261,-0.2069167694294261
1986-11-21,1.3155826832166841,1.2136653664334276
1986-11-24,1.2230827346250048,1.1630827346250048
1986-11-25,-1.2499121072903743,-1.231826578484918
1986-11-26,1.1031163726495647,1.1331163726495648
1986-11-27,-0.0018825859745507714,-0.0018825859745507714
1986-11-28,1.0900000000000938,1.0600000000000938
1986-12-01,-0.43688201033538465,-0.3918820103353846
1986-12-02,5.849999999999795,5.714999999999795
1986-12-03,1.7000000000001365,1.5350000000001365
1986-12-04,2.6749999999999745,2.6449999999999743
1986-12-05,-2.878774407979076,-2.8618872039895464
1986-12-08,2.553113259226063,2.5838524320507306
1986-12-09,1.8612270699208233,1.7637270699208234
1986-12-10,-0.475,-0.5125
1986-12-11,-0.6999999999998978,-0.5949999999998978
1986-12-12,1.4750000000000938,1.4225000000000938
1986-12-15,-1.4037689338762456,-1.315653400814292
1986-12-16,0.5381158712497675,0.41270810698955596
1986-12-17,1.3081217675063543,1.2843653025187558
1986-12-18,1.976241581471961,2.021241581471961
1986-12-19,0.225,0.225
1986-12-22,-1.4834452656097898,-1.535330266041944
1986-12-23,3.1699999999999724,3.224638344476249
1986-12-24,-0.5500000000000456,-0.6250000000000455
1986-12-25,-0.005239765807941674,0.0
1986-12-26,-0.5674999999999818,-0.6074999999999818
1986-12-29,-1.1025000000001002,-1.0525000000001001
1986-12-30,-1.5949999999998272,-1.5649999999998272
1986-12-31,-0.6625000000001183,-0.6325000000001183
1987-01-01,-0.001869991889097062,-0.001869991889097062
1987-01-02,7.3774999999999915,7.517499999999991
1987-01-05,5.785607050995734,5.935607050995734
1987-01-06,-1.3124999999999547,-1.3224999999999545
1987-01-07,-2.042500000000018,-2.1225000000000183
1987-01-08,2.0325000000001183,2.0725000000001184
1987-01-09,1.1449999999998908,1.1249999999998908
1987-01-12,-4.607499999999936,-4.749212767881498
1987-01-13,3.4350000000000365,3.6098629097787445
1987-01-14,-1.1734304900044035,-1.1751457350065917
1987-01-15,3.1799999999999726,3.15338665252465
1987-01-16,2.512500000000018,2.482500000000018
1987-01-19,1.8125000000000182,1.7825000000000182
1987-01-20,0.7850000000000181,0.7650000000000181
1987-01-21,-1.2725000000000455,-1.1856082999571342
1987-01-22,2.2974999999999093,2.2974999999999093
1987-01-23,-2.574838679191175,-2.5699999999999363
1987-01-26,-4.019999999999992,-3.857499999999991
1987-01-27,0.9400000000000455,0.9025000000000455
1987-01-28,2.68,2.555
1987-01-29,-1.7800000000000362,-1.7675000000000363
1987-01-30,-3.0600000000000365,-2.947500000000036
1987-02-02,-1.56,-1.4865551960592673
1987-02-03,-0.5599999999998726,-0.49999999999987266
1987-02-04,1.4384454219941796,1.4134454219941797
1987-02-05,6.2084325294151,6.092499999999972
1987-02-06,0.11000000000012733,0.11000000000012733
1987-02-09,0.3499999999998181,0.6124999999998182
1987-02-10,-3.7144728294825096,-3.559999999999991
1987-02-11,0.375,0.37063690864920446
1987-02-12,6.215000000000009,6.040000000000008
1987-02-13,2.8763316465873894,2.8395445686617466
1987-02-16,-0.0031270641350651285,-0.004690596202597691
1987-02-17,-2.1850000000000174,-2.1900000000000173
1987-02-18,1.3934330600651925,1.2784330600651925
1987-02-19,0.7178051387428552,0.5503051387428552
1987-02-20,-4.255000000000051,-4.3350000000000515
1987-02-23,1.645,1.59
1987-02-24,0.8074999999999404,0.6899999999999404
1987-02-25,1.8450000000001365,1.9650000000001364
1987-02-26,1.4399999999998807,1.4549999999998808
1987-02-27,-0.9425000000000596,-1.0365635202476204
1987-03-02,-2.3199999999998635,-2.4599999999998636
1987-03-03,2.2974999999999826,2.501323703111537
1987-03-04,0.9624999999998978,0.9124999999998978
1987-03-05,-4.477499999999957,-4.607499999999957
1987-03-06,-5.1656947240099536,-5.267292086014982
1987-03-09,-1.229077808401751,-1.2406556168034082
1987-03-10,0.7424999999999404,0.7424999999999404
1987-03-11,-0.4425,-0.4425
1987-03-12,0.8164674354022934,0.8164674354022934
1987-03-13,2.9375000000000546,2.9375000000000546
1987-03-16,-1.4686363534012634,-1.4650000000001637
1987-03-17,-0.6550000000000455,-0.7065464177060861
1987-03-18,1.2850000000000819,1.335000000000082
1987-03-19,2.6950000000001,2.7014165866188153
1987-03-20,-1.625,-1.65
1987-03-23,-2.095000000000182,-2.110000000000182
1987-03-24,-0.9799999999999819,-0.9999999999999818
1987-03-25,-1.8683950670338645,-1.9148988503448219
1987-03-26,1.4149999999999807,1.4649999999999808
1987-03-27,-5.665000000000165,-5.735000000000165
1987-03-30,-7.920000000000029,-7.940000000000029
1987-03-31,2.2391771948106576,2.295514546874794
1987-04-01,-3.5199999999999636,-3.277499999999964
1987-04-02,0.23431153718229358,0.38431153718229366
1987-04-03,1.3725000000000718,1.3150000000000717
1987-04-06,0.9649999999999204,0.7999999999999203
1987-04-07,-5.9714660908589305,-5.843504421620847
1987-04-08,0.0875000000001035,-0.03999999999990396
1987-04-09,-8.50115500900339,-7.71865500900339
1987-04-10,-3.5686839339572756,-2.8711839339572713
1987-04-13,-7.637504071836281,-7.2913150136403635
1987-04-14,-6.000759627512809,-5.811566677918867
1987-04-15,6.6306027749756655,6.2158041560522
1987-04-16,1.3371233603801589,1.0871233603801587
1987-04-17,-0.0037272276047544185,-0.004021597674617876
1987-04-20,-4.974999999999956,-4.584999999999962
1987-04-21,1.1385201579824353,1.0449999999999762
1987-04-22,0.4009018303759906,0.455000000000058
1987-04-23,-3.4700000000000375,-3.3400000000000376
1987-04-24,-2.254448529373554,-2.222965686249045
1987-04-27,1.9650000000000614,1.9311059798802859
1987-04-28,0.45609380712094516,0.19499999999998294
1987-04-29,-2.072500000000007,-2.027500000000007
1987-04-30,0.19101367130166855,0.21249999999999653
1987-05-01,0.5474999999999931,0.5460115411082417
1987-05-04,-3.477500000000024,-3.432500000000024
1987-05-05,0.8978671726405782,0.8893520085234576
1987-05-06,-1.3174999999999546,-1.3189865239434502
1987-05-07,-2.957500000000014,-2.862500000000014
1987-05-08,-2.3111455009893485,-2.2311455009893484
1987-05-11,-6.932375964254725,-6.762375964254725
1987-05-12,3.1401012805042683,3.040101280504268
1987-05-13,1.6450276066207126,1.5966850710804805
1987-05-14,-2.750000000000011,-2.751695328714722
1987-05-15,-3.183142875430907,-3.1518348182626994
1987-05-18,3.74571735970161,3.5457173597016096
1987-05-19,-0.9054366409335711,-0.9486244272890519
1987-05-20,1.3974999999999795,1.3974999999999795
1987-05-21,-0.7324999999999818,-0.7365054211597056
1987-05-22,0.4630390982153776,0.20314832322736845
1987-05-25,0.0,0.0
1987-05-26,3.0575000000000276,2.8000000000000362
1987-05-27,-1.204999999999998,-1.0699999999999978
1987-05-28,0.9799999999999728,0.8799999999999637
1987-05-29,0.4824999999999932,0.4751189741428681
1987-06-01,1.1700000000000186,1.0300000000000187
1987-06-02,-2.825000000000017,-2.040000000000017
1987-06-03,-0.2649999999999608,-0.3899999999999608
1987-06-04,0.14499999999997615,0.049999999999976126
1987-06-05,0.14999999999998295,-0.12000000000001705
1987-06-08,-0.05999999999998806,0.010000000000011937
1987-06-09,0.45000000000000856,0.48000000000000853
1987-06-10,0.7249999999999915,0.6399999999999915
1987-06-11,-0.9149999999999777,-0.9099999999999777
1987-06-12,-0.25500000000000694,-0.7600000000000069
1987-06-15,-2.8325000000000276,-2.771902566065905
1987-06-16,-1.022499999999988,-0.8419111637143457
1987-06-17,1.8330719196404548,1.4680719196404548
1987-06-18,1.2053585585486115,0.9700000000000051
1987-06-19,-0.39749999999997954,-0.24695918514863985
1987-06-22,3.1175000000000295,2.210000000000022
1987-06-23,-0.7295633278458792,-0.55
1987-06-24,-1.302499999999993,-0.8399999999999949
1987-06-25,0.924999999999984,0.6599999999999882
1987-06-26,-0.28999999999998183,0.010000000000013642
1987-06-29,2.1724999999999888,1.6999999999999915
1987-06-30,-0.8700000000000091,-0.5800000000000068
1987-07-01,1.3472958580281031,1.150000000000017
1987-07-02,-0.42722857051774166,-0.49012986144081067
1987-07-03,0.0,0.0
1987-07-06,0.9250000000000113,0.6800000000000068
1987-07-07,0.3624999999999403,0.1799999999999642
1987-07-08,0.985293728735451,0.9400000000000119
1987-07-09,-0.7522030125705194,-0.3999999999999914
1987-07-10,0.5202971070521198,0.17000000000001025
1987-07-13,0.6874999999999944,0.5577903695234131
1987-07-14,-0.6272128976745656,-0.5322128976745635
1987-07-15,-0.44721238539492225,-0.06000000000000173
1987-07-16,1.1327817761995544,0.7177817761995623
1987-07-17,1.362776787617767,0.8649999999999916
1987-07-20,-2.619754451747667,-1.6822544517476825
1987-07-21,1.5125000000000142,1.2500000000000087
1987-07-22,-0.8000000000000028,-0.4252529233867074
1987-07-23,-0.45000000000001134,-0.19227266615022715
1987-07-24,-0.1522720034636101,-0.04227200346362206
1987-07-27,-0.21227164191677939,-0.1400000000000182
1987-07-28,-1.2372786528971815,-0.8875214147059539
1987-07-29,2.2225,1.615
1987-07-30,0.21750000000004266,-0.15499999999999148
1987-07-31,-0.9522977807948015,-0.47729778079475604
1987-08-03,0.06519862237319064,0.687698622373152
1987-08-04,3.197671768565743,2.2426717685657342
1987-08-05,0.482205448353411,-0.3300000000000125
1987-08-06,0.6700000000000069,0.7200000000000017
1987-08-07,0.4703341325000504,0.36533413250005375
1987-08-10,-0.9223339029317897,-0.5823339029317862
1987-08-11,-0.1748304776057185,-0.21233047760574916
1987-08-12,0.8103485635352061,0.6076742817676122
1987-08-13,-0.21982665394067222,-0.4623266539406909
1987-08-14,-2.620462818001515,-2.02095780367864
1987-08-17,0.8975000000000318,0.770000000000008
1987-08-18,0.07999999999994997,0.5949999999999874
1987-08-19,-3.0698518457375545,-2.4123518457375854
1987-08-20,1.8999999999999888,1.3099999999999972
1987-08-21,-0.3549999999999841,-0.159999999999996
1987-08-24,0.582499999999959,0.5399999999999897
1987-08-25,-0.13485275592681403,-0.2623527559268447
1987-08-26,-2.2798587137991557,-1.6350000000000062
1987-08-27,-1.1199999999999772,-0.39526704390653866
1987-08-28,1.2399999999999547,1.305
1987-08-31,2.2325000000000252,1.595
1987-09-01,0.8525000000000204,0.722641129503426
1987-09-02,-3.4423629627079904,-1.50236296270797
1987-09-03,1.0096531490873013,0.62
1987-09-04,-0.8048636554929794,-0.6223636554929641
1987-09-07,-0.0023625272964136563,-0.0023625272964136563
1987-09-08,-4.692500000000015,-2.805
1987-09-09,-1.2899999999999692,-1.155
1987-09-10,-0.869869201560353,-0.825
1987-09-11,0.7599999999999965,0.495
1987-09-14,-2.019999999999993,-1.8173662582833232
1987-09-15,0.619999999999999,0.34
1987-09-16,-3.139999999999986,-2.55
1987-09-17,-0.5000000000000228,-0.34
1987-09-18,0.2800000000000125,0.17
1987-09-21,1.6400000000000032,1.53
1987-09-22,2.1599999999999966,1.7
1987-09-23,-0.4799999999999955,-0.51
1987-09-24,1.1399999999999806,1.19
1987-09-25,-0.49999999999999434,-0.34
1987-09-28,-3.3454382315289672,-2.89
1987-09-29,-2.1747678686461946,-1.7023839343230964
1987-09-30,1.720000000000005,1.4826158382886598
1987-10-01,-3.392399724168042,-2.8844912419913005
1987-10-02,-0.48670056360335684,-0.699696824100728
1987-10-05,0.15000000000000285,0.2
1987-10-06,1.7249999999999888,1.525
1987-10-07,-0.25500000000000056,-0.3173990763213302
1987-10-08,-1.034999999999999,-0.605
1987-10-09,1.0025000000000075,1.0025
1987-10-12,0.9799999999999971,0.81
1987-10-13,-2.067500000000004,-1.7875
1987-10-14,-1.5549999999999955,-0.875
1987-10-15,-0.012399731013574429,-0.09239973101357386
1987-10-16,1.5374999999999979,1.3275
1987-10-19,4.540067463580373,3.5300674635803695
1987-10-20,0.290270433988555,-0.942432391502863
1987-10-21,-0.5326812641911619,-0.5000373320197867
1987-10-22,0.09000000000000284,0.07500000000000284
1987-10-23,-0.06000000000000455,-0.12000000000000453
1987-10-26,1.51,1.375
1987-10-27,-0.8499999999999909,-0.7599999999999909
1987-10-28,0.3499999999999932,0.3199999999999932
1987-10-29,-0.8254280367497041,-0.7150000000000035
1987-10-30,0.5925000000000024,0.4350000000000023
1987-11-02,-1.2750000000000012,-1.0300000000000011
1987-11-03,1.4450000000000087,1.1000000000000085
1987-11-04,0.7475,0.5
1987-11-05,-0.29000000000000054,-0.5204748983820914
1987-11-06,-1.5600000000000027,-1.4250000000000027
1987-11-09,-0.09999999999999716,-0.09999999999999716
1987-11-10,0.5274999999999898,0.4674999999999898
1987-11-11,-0.984999999999996,-0.894999999999996
1987-11-12,0.07250000000000512,0.07250000000000512
1987-11-13,-0.9817394948898712,-0.8754409963424069
1987-11-16,0.08000000000000454,0.03500000000000227
1987-11-17,-0.6449999999999931,-0.6599999999999965
1987-11-18,0.1899999999999852,0.22999999999999263
1987-11-19,0.5625000000000125,0.4775000000000063
1987-11-20,0.35702936603015334,0.3224999999999909
1987-11-23,0.04000000000002046,0.01759186371581481
1987-11-24,-1.3050000000000206,-0.9525000000000102
1987-11-25,-2.1849999999999787,-1.697326435167126
1987-11-26,-0.004821043639128526,-0.004821043639128526
1987-11-27,-2.135000000000004,-1.3825000000000016
1987-11-30,2.1801654545521814,1.407499999999996
1987-12-01,-0.19483316059621875,-0.13983316059621362
1987-12-02,1.5800000000000205,1.2775771803031308
1987-12-03,0.7301560311044566,0.45749999999999197
1987-12-04,0.27000000000001023,0.23209886455382372
1987-12-07,-1.330000000000007,-0.9300000000000068
1987-12-08,-0.3,-0.22
1987-12-09,-0.07999999999999546,-0.11999999999999546
1987-12-10,-0.7374191620797006,-0.35749999999999094
1987-12-11,-0.35500000000002463,-0.29741868443150027
1987-12-14,0.1600000000000076,0.060000000000007776
1987-12-15,2.3100000000000023,1.760000000000002
1987-12-16,0.525,0.2625
1987-12-17,-1.1250000000000047,-0.9150000000000046
1987-12-18,1.0175851197477312,0.6699999999999932
1987-12-21,-0.36000000000000804,-0.33500000000000796
1987-12-22,-1.0300000000000011,-0.8300000000000011
1987-12-23,0.6826163996209266,0.3701163996209265
1987-12-24,-0.22000000000000455,-0.1723823351021962
1987-12-25,-0.002382335102191647,-0.002382335102191647
1987-12-28,-0.0799999999999966,0.030000000000003413
1987-12-29,0.5000000000000068,0.31500000000000683
1987-12-30,0.4049999999999841,0.24012703103117883
1987-12-31,-0.5999999999999885,-0.40536677622883155
1988-01-01,0.0,0.0
1988-01-04,-1.4949999999999957,-1.0349999999999955
1988-01-05,1.0176076461060792,0.8599999999999839
1988-01-06,-1.4323997310135637,-1.2049999999999899
1988-01-07,-1.2072357170824175,-1.0424119056941323
1988-01-08,-0.9374887396814868,-0.9298226607653183
1988-01-11,0.4175877129218979,0.3275877129218945
1988-01-12,0.20758457560289667,0.22758457560289272
1988-01-13,0.26000000000000684,0.20000000000000454
1988-01-14,-0.1573981688706986,-0.1150239085841458
1988-01-15,2.0626124919880655,2.0626124919880655
1988-01-18,-0.47734045605314046,-0.47734045605314046
1988-01-19,-0.13231966499292921,-0.13231966499292921
1988-01-20,0.4326837296743305,0.43036745934864223
1988-01-21,0.8727103718977461,0.8449999999999864
1988-01-22,0.3799999999999918,0.3799999999999918
1988-01-25,0.17779813980539252,0.17779813980539252
1988-01-26,-0.7026097170105107,-0.6996184442677909
1988-01-27,2.154999999999996,1.6999999999999955
1988-01-28,0.4999999999999887,0.34499999999998865
1988-01-29,0.6025000000000205,0.4000000000000205
1988-02-01,-0.12000000000000453,-0.06522615479325634
1988-02-02,1.2300000000000177,1.2077708975064918
1988-02-03,-0.8797180207134977,-0.8825000000000307
1988-02-04,0.2499999999999858,0.3449999999999858
1988-02-05,1.6625000000000536,1.6275000000000535
1988-02-08,-0.8000000000000363,-0.7700000000000363
1988-02-09,0.3750000000000057,0.4179518310384515
1988-02-10,0.7504898291007966,0.8274999999999586
1988-02-11,-1.0299999999999891,-0.8925089566840481
1988-02-12,-2.242159463220963,-2.260000000000004
1988-02-15,-0.018695227611117124,-0.018299842356825115
1988-02-16,-0.26999999999993857,-0.3099999999999386
1988-02-17,-0.020000000000030698,0.06999999999996931
1988-02-18,0.6399999999999829,0.6278404141168537
1988-02-19,0.41500000000003073,0.5228540019320159
1988-02-22,0.4350000000000068,0.2979430419848655
1988-02-23,1.3349999999999658,1.068010879270623
1988-02-24,-0.25196011665003687,-0.1949999999999363
1988-02-25,-0.5250000000000359,-0.5450000000000359
1988-02-26,0.6499999999999722,0.6899999999999722
1988-02-29,0.36500000000003585,0.5380512185791156
1988-03-01,0.29305041401603127,0.29000000000000836
1988-03-02,0.7450954615585904,0.5499999999999773
1988-03-03,0.245,0.163154052032434
1988-03-04,-3.6319504773241733,-3.9750000000000503
1988-03-07,0.020000000000046043,0.23505807528976794
1988-03-08,-0.8299999999999745,-0.7749999999999744
1988-03-09,0.235,0.125
1988-03-10,-1.2875000000000307,-1.3600000000000307
1988-03-11,1.3575000000000206,1.2150000000000205
1988-03-14,-0.1924999999999642,0.020000000000035812
1988-03-15,-0.17000000000009208,-0.1300000000000921
1988-03-16,-1.4825000000000206,-1.3150000000000206
1988-03-17,1.8100000000000769,1.7750000000000767
1988-03-18,-2.507500000000031,-2.216951158349148
1988-03-21,-1.3319158249401062,-0.7999999999999545
1988-03-22,0.2299999999998954,0.18303932297137512
1988-03-23,-0.5799999999999773,-0.64999999999998
1988-03-24,-0.25499999999992723,-0.14499999999993632
1988-03-25,0.30499999999991817,0.5849999999999282
1988-03-28,-1.5449999999999053,-1.544999999999917
1988-03-29,0.185,0.125
1988-03-30,-0.50000000000005,-0.5800000000000438
1988-03-31,0.3549999999999682,0.3149999999999722
1988-04-01,0.0,-0.006916087406274333
1988-04-04,-2.4449999999999408,-1.9049999999999556
1988-04-05,0.18304880459018066,0.26999999999997615
1988-04-06,0.92499999999998,0.7749999999999829
1988-04-07,0.7200000000000518,0.7700000000000443
1988-04-08,1.664999999999925,1.714999999999936
1988-04-11,-1.0469405653746608,-0.9499999999999836
1988-04-12,0.8299999999999905,0.8299999999999905
1988-04-13,0.10000000000003069,-0.1399999999999693
1988-04-14,-1.8149999999999904,-1.7549999999999903
1988-04-15,-1.3799999999999728,-1.5849417233340786
1988-04-18,-0.7550000000000375,-0.4775000000000375
1988-04-19,0.2050554487220345,0.4583679560518958
1988-04-20,0.1550000000000068,0.078367956051889
1988-04-21,0.09999999999994542,0.02999999999994543
1988-04-22,0.4558783605006674,0.4858783605006674
1988-04-25,-0.10500000000000682,-0.16662163949934622
1988-04-26,-0.0916217104086248,-0.0549999999999693
1988-04-27,0.16090044256575906,0.18090044256575905
1988-04-28,-0.9225000000000444,-0.9825000000000443
1988-04-29,-0.281601979314014,-0.181601979314014
1988-05-02,-0.989999999999959,-0.9116038138092499
1988-05-03,0.7425000000000136,0.7275000000000136
1988-05-04,0.09749999999994544,0.09749999999994544
1988-05-05,0.12000000000006128,0.09500000000006127
1988-05-06,-1.3215924038078735,-1.320000000000027
1988-05-09,-0.13693403429093665,-0.14693403429093665
1988-05-10,-0.6615794356664418,-0.6799999999999915
1988-05-11,0.3249999999999801,0.13865917894595095
1988-05-12,0.4952414287527916,0.45365523833705823
1988-05-13,0.5859132525877409,0.49153541829720704
1988-05-16,-2.2367762083176492,-1.9317176231591375
1988-05-17,-1.7209886745715615,-1.3399916235049747
1988-05-18,-0.8772177388233032,-0.7049999999999886
1988-05-19,-0.665000000000041,-0.785000000000041
1988-05-20,-0.7399999999999637,-0.8399999999999637
1988-05-23,1.2649999999999546,1.540304240149759
1988-05-24,-0.8249999999999955,-1.0718055266378985
1988-05-25,0.915000000000041,0.9275000000000307
1988-05-26,0.3649999999999591,0.49999999999996925
1988-05-27,-0.79679657778607,-0.8999999999999693
1988-05-30,0.0,0.0
1988-05-31,-1.795000000000024,-2.262500000000024
1988-06-01,1.955000000000017,1.615000000000017
1988-06-02,-0.9150000000000272,-0.9675000000000272
1988-06-03,-1.3899999999999864,-2.0149999999999864
1988-06-06,-2.299999999999992,-2.7249999999999917
1988-06-07,-2.7021252215991223,-2.974250443198241
1988-06-08,1.7707131510457128,1.605356575522848
1988-06-09,-0.6949999999999728,-0.6946331147865705
1988-06-10,-0.35714169936156315,-0.5146416993615631
1988-06-13,0.1228574570750967,0.030357457075096683
1988-06-14,0.6259682859087905,-0.15250000000000347
1988-06-15,-1.5850000000000137,-1.7895583364981298
1988-06-16,-2.989999999999986,-3.139254113227974
1988-06-17,-2.5225411974012757,-2.5225411974012757
1988-06-20,-0.8599999999999909,-0.8599999999999909
1988-06-21,-0.9149999999999637,-0.917750693602821
1988-06-22,0.9372374115612079,1.0449999999999453
1988-06-23,0.22500000000003184,0.2222154182053076
1988-06-24,-0.11277839232695624,-0.07499999999998408
1988-06-27,-0.9200000000000046,-0.9200000000000046
1988-06-28,1.124999999999989,1.1220326877610334
1988-06-29,0.7499999999999886,0.44999999999998863
1988-06-30,0.08999999999998863,0.34499999999998865
1988-07-01,-0.1326772796446149,0.07078993171303075
1988-07-04,-0.0032586605727351198,0.0
1988-07-05,-0.3200000000000409,-0.3200000000000409
1988-07-06,-0.4799999999999682,-0.4799999999999682
1988-07-07,0.13499999999997955,0.13499999999997955
1988-07-08,-0.5900000000000136,-0.5900000000000136
1988-07-11,0.6100000000000251,0.6100000000000251
1988-07-12,-0.535,-0.535
1988-07-13,-0.5450000000000046,-0.54878347890774
1988-07-14,-0.275,0.025
1988-07-15,0.35000000000002046,0.33602467109916395
1988-07-18,-0.185000000000025,-0.5250000000000313
1988-07-19,0.6749999999999886,0.4249999999999858
1988-07-20,0.01,0.0
1988-07-21,-0.6749999999999932,-0.6249999999999915
1988-07-22,0.43000000000000455,0.3958480574251389
1988-07-25,0.33499999999997954,-0.07500000000002555
1988-07-26,0.11500000000003184,-0.5249999999999602
1988-07-27,-0.7650000000000023,-1.2450000000000028
1988-07-28,0.22999999999996362,-0.29000000000004544
1988-07-29,0.18000000000004093,0.6000000000000512
1988-08-01,0.09043094383617271,0.7250000000000056
1988-08-02,0.2500000000000091,0.8200000000000113
1988-08-03,-0.075,-0.15
1988-08-04,0.1299999999999477,0.5199999999999346
1988-08-05,-1.4449999999999705,-1.474999999999963
1988-08-08,0.5150000000000204,-0.07886455099335699
1988-08-09,-0.9199999999999978,-0.7249999999999976
1988-08-10,-0.8350000000000045,-0.7750000000000046
1988-08-11,-0.16500000000000453,-0.3638874313493665
1988-08-12,0.19610804843540697,-0.3500000000000341
1988-08-15,-0.6335724457150276,-0.03324740907745852
1988-08-16,0.555,-0.018879795694342956
1988-08-17,-0.065,-0.155
1988-08-18,-0.04999999999998806,0.10500000000000796
1988-08-19,-0.008832814983514698,-0.02883281498350845
1988-08-22,0.17999999999999772,-0.37500000000000117
1988-08-23,0.380176553012198,0.22500000000000628
1988-08-24,-0.5249999999999977,0.22131228027033606
1988-08-25,-0.24000000000001478,-0.4
1988-08-26,0.2963607746787307,0.06
1988-08-29,0.6149999999999881,0.415
1988-08-30,-0.15499999999999658,0.215
1988-08-31,-0.21989346248955338,0.215
1988-09-01,-0.3049999999999988,0.115
1988-09-02,1.3850000000000051,1.125
1988-09-05,0.0,-0.0037363259223995022
1988-09-06,-0.155,0.195
1988-09-07,0.204999999999996,0.004999999999996021
1988-09-08,0.07000000000000113,0.020000000000001135
1988-09-09,0.8562881014814838,0.5099999999999982
1988-09-12,-0.329999999999992,-0.2637065332929869
1988-09-13,-0.04500000000001251,0.0049999999999874945
1988-09-14,0.3199999999999943,0.4199999999999944
1988-09-15,0.07128318582968267,-0.4287168141703174
1988-09-16,0.25999999999999657,-0.2400000000000034
1988-09-19,0.22999999999999654,-0.42360282403977995
1988-09-20,-0.15,0.12007164492554259
1988-09-21,0.1364044360817988,0.31500000000000344
1988-09-22,-0.4274316301481955,-0.1424999999999727
1988-09-23,0.2824999999999932,-0.22594382926103948
1988-09-26,0.1525000000000119,-0.3074999999999841
1988-09-27,-0.8,-0.34
1988-09-28,-0.11746112096446801,-0.11746112096446801
1988-09-29,0.8625000000000255,0.9625000000000342
1988-09-30,1.4475000000000018,1.527500000000002
1988-10-03,-0.22500000000001139,0.13499999999998463
1988-10-04,-0.7650000000000006,-0.4050000000000005
1988-10-05,0.049097443404732065,-0.03750000000002046
1988-10-06,-0.6249999999999682,-0.26840033063626273
1988-10-07,2.6799999999999957,2.596573822584109
1988-10-10,-0.205000000000025,-0.4400000000000313
1988-10-11,-0.49749999999996364,-0.38999999999995455
1988-10-12,-1.0625000000000453,-1.2500000000000568
1988-10-13,0.07500000000000454,0.21000000000000568
1988-10-14,0.8800000000000251,0.7400000000000313
1988-10-17,-0.07841113439327559,0.05
1988-10-18,0.45499999999995455,0.25659066444568523
1988-10-19,-0.4174999999999602,-0.6499999999999523
1988-10-20,0.17250000000000568,0.3000000000000068
1988-10-21,-0.2900000000000313,-0.4200000000000375
1988-10-24,-0.12000000000000569,-0.1700000000000068
1988-10-25,0.841688752553631,0.5266431889237556
1988-10-26,0.2199999999999858,0.6399999999999801
1988-10-27,1.5666171870593524,1.609999999999996
1988-10-28,0.1400000000000375,0.38000000000004375
1988-10-31,0.7550146497828306,0.6199999999999721
1988-11-01,-0.40500000000002384,-0.2016602301672882
1988-11-02,-0.8683674532356241,-1.0749999999999365
1988-11-03,0.39001665198019597,0.6125166519801868
1988-11-04,-2.654984802645222,-3.3509053689534753
1988-11-07,-1.3900000000000325,-1.774333043625674
1988-11-08,0.2900154604523581,0.5065641630167141
1988-11-09,-0.34498170597466876,-0.4000000000000359
1988-11-10,-0.4249838474084396,-0.5449838474084397
1988-11-11,-1.2134251185770228,-1.179999999999988
1988-11-14,0.9119505881164173,1.125817056148394
1988-11-15,-0.37999999999998296,-0.5249809342888817
1988-11-16,-1.0799809342889153,-1.1984461011686487
1988-11-17,-0.6533217821232868,-0.8799854946518644
1988-11-18,-0.0684218275790073,-0.19999999999994544
1988-11-21,-0.4125000000000626,-0.5800000000000751
1988-11-22,-0.4224999999999858,-0.3833139441811375
1988-11-23,0.0575,0.09406896346969792
1988-11-24,-0.004987621558963212,0.0
1988-11-25,-1.1424999999999972,-1.022499999999997
1988-11-28,0.0540993000448695,-0.19749999999996887
1988-11-29,0.5474999999999569,0.6374999999999462
1988-11-30,1.2700000000000433,1.535000000000054
1988-12-01,0.18153048294207721,0.18653048294207097
1988-12-02,-1.8975,-2.2075
1988-12-05,0.5617036583307171,0.5613906182574128
1988-12-06,1.8399999999999657,2.459999999999966
1988-12-07,-0.34499999999997616,-0.46088826033317226
1988-12-08,-0.2049999999999966,-0.26499999999999657
1988-12-09,-0.22999999999999318,-0.30999999999999317
1988-12-12,0.45499999999999147,0.6449999999999915
1988-12-13,-0.4100000000000068,-0.3500000000000068
1988-12-14,-0.05000773366838275,0.12499999999997781
1988-12-15,-0.1050073203199035,-0.1050073203199035
1988-12-16,0.5749889826265333,0.6499889826265333
1988-12-19,0.0999884629129367,0.0849884629129367
1988-12-20,-0.15001668882897357,-0.21501668882897357
1988-12-21,1.3800000000000034,1.5150000000000035
1988-12-22,0.10999999999999317,0.1449999999999932
1988-12-23,0.21997486652314002,0.2349999999999881
1988-12-26,-0.005024554685587421,-0.010049109371174841
1988-12-27,-1.109999999999998,-1.1399999999999981
1988-12-28,-0.20502420443613345,-0.1599999999999949
1988-12-29,-0.39002516289818984,-0.3950503257963951
1988-12-30,0.6799742051290179,0.7149742051290179
1989-01-02,-0.0050243809943384165,-0.010048761988676833
1989-01-03,-0.7499999999999829,-0.7599999999999829
1989-01-04,1.5113531341462068,1.7199999999999847
1989-01-05,0.06499999999999773,0.054969296017914344
1989-01-06,-0.18002994961131324,-0.22008984883395513
1989-01-09,-0.1983610755349228,-0.23502958885041014
1989-01-10,-0.16255917770078393,-0.1450591777007777
1989-01-11,-0.3175303313011498,-0.36506066260229675
1989-01-12,0.8324706840169112,1.2599706840169145
1989-01-13,1.6699687217433037,2.284937443486603
1989-01-16,-4.545073656935307,-5.715073656935321
1989-01-17,-1.1354565283842837,-1.4609130567685675
1989-01-18,2.495000000000025,2.7430285011097886
1989-01-19,-0.6251692078950575,-0.6300846039475407
1989-01-20,-0.19499999999999204,-0.3935868958683548
1989-01-23,-0.3650000000000238,-0.07000000000005967
1989-01-24,1.575000000000017,2.2964248447956783
1989-01-25,-0.9700000000000069,-1.6700000000000206
1989-01-26,0.0674999999999875,-0.10750000000003751
1989-01-27,0.34750000000002274,0.7325000000000682
1989-01-30,-0.10692613600498956,-0.4550000000000375
1989-01-31,2.1849999999999845,2.282499999999969
1989-02-01,-0.83,-0.8669214312216297
1989-02-02,-0.8349999999999728,-0.8549999999999364
1989-02-03,-0.05000000000001023,-0.4900000000000238
1989-02-06,-1.5649999999999966,-1.5249999999999921
1989-02-07,0.5850000000000187,0.9850000000000436
1989-02-08,-0.5400000000000085,-0.4300000000000199
1989-02-09,-0.6750000000000103,-1.740000000000024
1989-02-10,-0.4349999999999983,-1.279999999999996
1989-02-13,-0.475,-0.578304652094707
1989-02-14,0.4400000000000154,0.44000000000003586
1989-02-15,0.219273385043871,0.479823854170953
1989-02-16,-0.11999999999996588,0.08500000000007958
1989-02-17,0.6099999999999728,0.7299999999999364
1989-02-20,-0.0032632740631422987,0.0
1989-02-21,-0.6349999999999847,-0.6849999999999642
1989-02-22,-0.15750000000002218,-0.7975000000000518
1989-02-23,-1.0274999999999657,-2.220574027747962
1989-02-24,0.19749999999996418,0.37316278716879914
1989-02-27,0.6200000000000137,0.9619916396119029
1989-02-28,0.30499999999999655,0.385477800508064
1989-03-01,-0.1325000000000068,-0.2795091330191671
1989-03-02,0.5045302227418391,0.7275288490034844
1989-03-03,-0.6144996257824142,-0.8269996257824198
1989-03-06,-0.4529096191643082,-0.47445382857759144
1989-03-07,0.6000000000000023,0.8190476495585931
1989-03-08,-0.14999999999999547,-0.10675835993550245
1989-03-09,1.095815072047345,1.44081507204735
1989-03-10,-0.4650000000000068,-0.8950000000000102
1989-03-13,0.7099999999999864,0.9724999999999796
1989-03-14,-0.34413453861436205,-0.3816345386143518
1989-03-15,0.25586588256781123,0.3583658825678124
1989-03-16,-0.06402880635405633,-0.08152880635405747
1989-03-17,-0.29392318075344714,-0.9014231807534356
1989-03-20,0.6411889212935855,0.6836889212935731
1989-03-21,-0.7235458883202,-0.9447853499184388
1989-03-22,-1.1999999999999953,-1.2804925157056535
1989-03-23,-1.300000000000004,-1.6650000000000078
1989-03-24,0.0,0.0
1989-03-27,-3.639999999999992,-4.729999999999984
1989-03-28,0.25999999999999596,0.34999999999999204
1989-03-29,-0.7300000000000005,-0.8650000000000011
1989-03-30,-2.7433408073506804,-3.528340807350684
1989-03-31,1.1532980367935184,1.5099364662283352
1989-04-03,-0.6465693561550525,-0.6832846780775289
1989-04-04,0.6768490616613172,0.8768490616613092
1989-04-05,-0.04810554259925847,-0.03810554259925733
1989-04-06,0.7300000000000081,0.910000000000016
1989-04-07,-0.4229313699502091,-0.5929313699502164
1989-04-10,-0.2049999999999909,-0.2749999999999818
1989-04-11,0.09999999999999887,0.10999999999999772
1989-04-12,0.9572678826229464,1.2899999999999945
1989-04-13,-0.18000000000000227,-0.29000000000000453
1989-04-14,1.2099999999999953,1.789999999999991
1989-04-17,1.370000000000007,1.9000000000000137
1989-04-18,-0.39999999999999947,-0.48766589664945653
1989-04-19,-0.9900000000000011,-1.340000000000002
1989-04-20,-0.2100000000000034,-0.3400000000000068
1989-04-21,1.4500000000000075,1.9800000000000149
1989-04-24,-1.8500000000000112,-2.500000000000022
1989-04-25,-0.8150525188696993,-1.0675787783045483
1989-04-26,0.2100000000000051,0.28000000000001024
1989-04-27,0.28000000000000114,0.3850000000000023
1989-04-28,-0.5999999999999972,-0.8180186332628738
1989-05-01,1.0599999999999965,1.052499999999993
1989-05-02,-0.37247919698478965,-0.2875000000000034
1989-05-03,0.13000000000000625,0.2725000000000125
1989-05-04,-0.16500000000000115,-0.28000000000000225
1989-05-05,0.3249999999999943,0.7249999999999885
1989-05-08,-0.3700000000000051,-0.6775000000000102
1989-05-09,-0.0899999999999892,-0.45499999999997837
1989-05-10,-0.19500000000000228,-0.3775000000000046
1989-05-11,-0.23999999999999547,-0.15499999999999087
1989-05-12,0.0999999999999869,1.024999999999974
1989-05-15,0.28000000000000175,0.33500000000000346
1989-05-16,-0.9349999999999984,-1.4449999999999965
1989-05-17,-0.27391808260438943,-0.31064524968215534
1989-05-18,0.5068310297325996,0.7699999999999977
1989-05-19,0.5099999999999995,0.719999999999999
1989-05-22,-1.2249999999999996,-1.8249999999999988
1989-05-23,-0.8048171592983347,-1.1048171592983245
1989-05-24,-0.8475000000000061,-1.3299309083532354
1989-05-25,0.1325836618853527,0.18758366188535439
1989-05-26,-0.19489896419271077,-0.3198989641927068
1989-05-29,-0.0023648945850868203,0.0
1989-05-30,-0.3649999999999988,-0.7549999999999977
1989-05-31,0.1251199458167813,0.16749999999999204
1989-06-01,0.08012791297703169,0.24195216967583877
1989-06-02,0.8525000000000004,1.7800000000000007
1989-06-05,0.3276666672644591,0.7926666672644626
1989-06-06,-0.0932407801627599,-0.3399999999999943
1989-06-07,0.37000000000000116,0.22500000000000228
1989-06-08,-0.12135691538620802,-0.6550000000000126
1989-06-09,0.6850000000000023,0.742669628130819
1989-06-12,-0.2423151826024994,-0.14723783540491553
1989-06-13,-0.7323066181462189,-0.6748066181462263
1989-06-14,0.13499999999999432,1.3924999999999914
1989-06-15,-0.7999999999999807,-1.164999999999971
1989-06-16,-0.29500000000000226,-0.2325000000000034
1989-06-19,-0.5,0.65
1989-06-20,0.4475744053653862,0.28999999999998805
1989-06-21,-0.24742536322885333,-0.5050000000000153
1989-06-22,-0.32393950224120055,-0.8399999999999728
1989-06-23,1.0225686344171143,1.4411142140689095
1989-06-26,0.4299999999999829,-2.2737367544323207e-14
1989-06-27,0.3800000000000154,0.8275000000000203
1989-06-28,-0.31000000000001876,-0.235000000000025
1989-06-29,0.4800000000000068,0.690000000000009
1989-06-30,0.24681282824104833,0.7597674960585934
1989-07-03,0.31500000000000344,1.0660278801682341
1989-07-04,-0.00984089543118317,0.0
1989-07-05,0.20750000000001592,0.7875000000000197
1989-07-06,0.37487267964382653,0.28749999999993464
1989-07-07,0.5323689492690864,0.4723689492690938
1989-07-10,-0.8227520750498766,-1.3639532261610336
1989-07-11,-0.4939529542880189,-0.5850000000000307
1989-07-12,0.3125000000000313,0.360256693958818
1989-07-13,0.04999999999998011,0.08999999999997214
1989-07-14,-0.0782217888524546,-0.16390548185063883
1989-07-17,-1.2538779485272655,-1.509999999999968
1989-07-18,-1.8450000000000444,-2.110000000000059
1989-07-19,1.4250000000000511,1.6671414622270135
1989-07-20,1.044999999999959,1.1849999999999454
1989-07-21,-1.3978568132166513,-1.6350000000000364
1989-07-24,-0.3499999999999625,-0.45499999999995
1989-07-25,0.9070881408743544,1.0770881408743533
1989-07-26,0.0,0.0
1989-07-27,1.547087898297702,1.697087898297715
1989-07-28,1.139999999999942,1.3149999999999227
1989-07-31,0.4870635159537831,0.4120635159538036
1989-08-01,0.7999999999999454,0.8599999999999273
1989-08-02,-0.8829354617532554,-1.0329354617532418
1989-08-03,-0.6300000000000069,-0.7400000000000091
1989-08-04,-3.4529406467099375,-3.9029406467099372
1989-08-07,-0.25532967522497746,-0.16140764049668002
1989-08-08,0.2849999999999602,0.31499999999995226
1989-08-09,-0.2074999999999801,-0.3074999999999761
1989-08-10,0.22500000000003692,0.3420536495972008
1989-08-11,-1.55301383845447,-1.460000000000082
1989-08-14,-1.9599999999999373,-2.289999999999925
1989-08-15,0.3236439190421194,0.6336439190421126
1989-08-16,1.1344152854991532,1.3407420162755677
1989-08-17,-0.5033329729355466,-0.6038963673620681
1989-08-18,0.07000000000001592,0.05750000000001592
1989-08-21,-0.3,-0.45
1989-08-22,-0.9300000000000136,-0.9908370437466165
1989-08-23,0.5500000000000456,0.4500000000000455
1989-08-24,0.4000000000000045,0.33000000000000457
1989-08-25,-0.015000000000040927,-0.07500000000004092
1989-08-28,-0.4000000000000045,-0.43000000000000455
1989-08-29,-0.12999999999995226,-0.11999999999995226
1989-08-30,0.08499999999997954,0.08499999999997954
1989-08-31,-0.37500000000000455,-0.25500000000000456
1989-09-01,1.2500000000000229,1.1500000000000228
1989-09-04,0.0,0.0
1989-09-05,-0.5650000000000341,-0.6050000000000341
1989-09-06,-0.2789127433408413,-0.09499999999998408
1989-09-07,0.02499999999996078,0.0649999999999477
1989-09-08,0.25500000000000683,0.3650000000000091
1989-09-11,0.30000000000000343,0.29000000000000453
1989-09-12,0.19000000000002729,0.050000000000036376
1989-09-13,0.014999999999996589,-0.23500000000000454
1989-09-14,0.075,0.175
1989-09-15,0.36499999999998806,0.3149999999999841
1989-09-18,0.1500000000000034,0.09000000000000453
1989-09-19,0.07,0.04
1989-09-20,-0.5550000000000068,-0.5689030229434827
1989-09-21,-0.6450000000000035,-0.5850000000000056
1989-09-22,0.04,-0.02
1989-09-25,-0.9000000000000102,-1.060000000000017
1989-09-26,0.30000000000001537,0.29000000000002557
1989-09-27,-0.08500000000001875,-0.2050000000000313
1989-09-28,-0.5199999999999676,-0.499999999999946
1989-09-29,-0.0950000000000034,-0.1850000000000057
1989-10-02,-0.4250000000000119,-0.04500000000001989
1989-10-03,0.6599999999999829,0.8161144194393484
1989-10-04,0.27500000000003066,0.2320358524208958
1989-10-05,0.31500000000001027,0.6600000000000136
1989-10-06,1.1970111123413583,1.037011112341358
1989-10-09,0.5520029305951157,0.3399999999999636
1989-10-10,-0.23499999999998464,-0.2949999999999795
1989-10-11,-0.36999999999998806,-0.31999999999998413
1989-10-12,0.31499999999997613,0.3649999999999682
1989-10-13,0.43499999999998806,0.4049999999999841
1989-10-16,-0.2100000000000034,-0.15000000000000455
1989-10-17,-0.1549999999999727,-0.06499999999996361
1989-10-18,-0.00999999999999659,0.013175356578434464
1989-10-19,0.2199999999999727,0.4199999999999545
1989-10-20,-0.2150000000000034,-0.27795202638124883
1989-10-23,0.45704511724882274,0.30000000000005117
1989-10-24,0.47615570876219454,0.5782032880027614
1989-10-25,0.01499999999996362,0.15166250147736085
1989-10-26,-0.2149999999999636,-0.22249999999994544
1989-10-27,-0.5629534082127227,-0.826805541329501
1989-10-30,0.06,-0.0529556248394455
1989-10-31,-0.06834633971336283,-0.2775
1989-11-01,0.40999999999996817,0.6549999999999444
1989-11-02,0.26204379741500783,0.29500000000003584
1989-11-03,-0.8612793607096484,-1.1008267948512718
1989-11-06,-0.7150000000000369,-0.9629564667589425
1989-11-07,1.6825000000000088,2.2350000000000123
1989-11-08,0.41250000000000564,0.5490312595653228
1989-11-09,-0.5604547018331427,-0.4854547018331427
1989-11-10,-0.08500000000005116,-0.06000000000005116
1989-11-13,-0.3674999999999403,-0.41749999999994036
1989-11-14,0.517499999999946,0.43954848817481795
1989-11-15,0.8698071112200714,1.1068829083832834
1989-11-16,0.11704911462134998,0.36
1989-11-17,-0.6325000000000256,-0.6637961466614921
1989-11-20,-0.20544885831535853,-0.2529488583153585
1989-11-21,0.4999999999999858,0.6049999999999858
1989-11-22,0.4095515595218939,0.43205155952189395
1989-11-23,0.0,-0.006715478613130244
1989-11-24,0.12999999999998582,-0.08500000000001705
1989-11-27,-1.6050000000000229,-2.4600000000000275
1989-11-28,0.1025000000000199,0.35000000000002385
1989-11-29,-0.054999999999980106,0.16500000000002385
1989-11-30,0.48000000000000564,0.6450000000000069
1989-12-01,0.3150000000000057,0.3500000000000068
1989-12-04,-5.684341886080802e-15,0.1449999999999932
1989-12-05,0.1524999999999744,0.4099999999999693
1989-12-06,-0.1449999999999801,-0.02999999999997613
1989-12-07,-0.7200000000000056,-1.1708095958340143
1989-12-08,0.8325000000000171,1.0150000000000203
1989-12-11,0.13209994695741537,0.425
1989-12-12,-0.08000000000000569,-0.03289735831129593
1989-12-13,0.22249999999994882,0.5071009868192495
1989-12-14,0.6471064069850017,0.8171064069850091
1989-12-15,0.19460656240157256,0.3871065624015737
1989-12-18,0.48000000000000564,0.582106857645143
1989-12-19,-0.16905778239182162,0.007105898923143811
1989-12-20,-0.0953863301374677,-0.36154657204672
1989-12-21,-0.465742633385568,-0.6528863301373882
1989-12-22,-0.9100000000000136,-0.9700000000000161
1989-12-25,-0.002845957189867112,-0.002845957189867112
1989-12-26,-2.2099999999999898,-2.4699999999999878
1989-12-27,0.03999999999999317,0.12999999999999204
1989-12-28,0.88,1.35716405014347
1989-12-29,0.049999999999976126,0.2621875202401515
1990-01-01,-0.0027738988437575832,-0.0027738988437575832
1990-01-02,-1.0249999999999524,-1.6949999999999443
1990-01-03,-0.2031869891446876,0.17723012495888607
1990-01-04,0.8172301249589742,1.2844602499179114
1990-01-05,-0.24107634957630122,-0.4255297730064921
1990-01-08,0.1972581493613513,0.5945162987227025
1990-01-09,-0.13750000000003978,-0.4527390794834284
1990-01-10,-0.43749999999998007,-0.8899999999999721
1990-01-11,-0.5124999999999801,-1.064999999999972
1990-01-12,0.4874999999999887,1.754999999999984
1990-01-15,-1.012500000000017,-1.3827467105653664
1990-01-16,-0.694158739422117,-1.0166587394221036
1990-01-17,-0.15000000000001137,-0.5160429901441326
1990-01-18,-0.623551302424081,-0.40105130242407644
1990-01-19,0.31431593903144883,0.3961695508690813
1990-01-22,-0.8158786659466436,-1.7279373637448283
1990-01-23,0.5425,1.0825
1990-01-24,-0.7150000000000045,-1.1383725176527593
1990-01-25,-0.9429722493028156,-1.749999999999976
1990-01-26,0.01663618374563775,-0.0027284383830316473
1990-01-29,0.09000000000000512,0.19123990765852641
1990-01-30,-0.2333312442817,-0.40333124428170003
1990-01-31,-0.48,-0.99
1990-02-01,-0.24,-0.495
1990-02-02,-0.64,-1.323326398984161
1990-02-05,-0.4062997380220652,-0.8302650018872189
1990-02-06,0.9099999999999909,1.5544063726998125
1990-02-07,0.407499999999996,0.7463235078556644
1990-02-08,-0.23999999999998917,-0.3326150809095688
1990-02-09,-0.44750000000000034,-0.537500000000001
1990-02-12,1.1999999999999922,1.8399999999999839
1990-02-13,-0.4750000000000011,-0.7050000000000023
1990-02-14,0.5450000000000063,0.8850000000000126
1990-02-15,0.7009394635960222,1.0483095040977644
1990-02-16,-0.2575000000000023,-0.41750000000000453
1990-02-19,0.0,0.0
1990-02-20,0.9500000000000081,1.310000000000016
1990-02-21,0.3375000000000028,0.5375000000000056
1990-02-22,0.7374999999999948,1.3274999999999897
1990-02-23,0.4324999999999977,0.6724999999999954
1990-02-26,-0.8200000000000022,-1.2300000000000046
1990-02-27,-0.5375,-0.7906210647723534
1990-02-28,0.6325409019366587,0.8325409019366585
1990-03-01,0.16255724802126806,0.11255724802126807
1990-03-02,0.04755748929111742,0.14511497858223596
1990-03-05,0.4700000000000086,0.5226171957622063
1990-03-06,-0.6473729482005531,-0.9497458964010961
1990-03-07,-0.6481046670048085,-1.0349999999999961
1990-03-08,0.8225000000000022,1.312500000000001
1990-03-09,0.9724999999999965,1.2824999999999984
1990-03-12,1.0975000000000137,2.012500000000007
1990-03-13,-0.14250000000002386,-0.5275000000000118
1990-03-14,-1.604999999999984,-2.409999999999992
1990-03-15,0.4700000000000102,0.7155783210307796
1990-03-16,0.1843763723553838,0.5124999999999886
1990-03-19,1.5725000000000307,2.35750000000001
1990-03-20,0.08000000000001536,0.1700000000000051
1990-03-21,-0.6900000000000118,-1.170000000000004
1990-03-22,0.054999999999981244,0.24499999999999372
1990-03-23,-0.6799999999999727,-0.9899999999999909
1990-03-26,0.25999999999999657,0.5399999999999989
1990-03-27,-0.35,-0.57
1990-03-28,-1.5119070775578478,-2.2400000000000104
1990-03-29,0.7325000000000069,0.7625000000000023
1990-03-30,0.6575000000000069,0.6875000000000023
1990-04-02,1.6249999999999847,2.444999999999995
1990-04-03,0.8650000000000272,1.331348378262613
1990-04-04,0.24749999999998126,0.5674999999999938
1990-04-05,0.17250000000001534,0.1925000000000051
1990-04-06,-0.9750000000000153,-1.315000000000005
1990-04-09,0.4599999999999914,0.4399999999999972
1990-04-10,0.7282305511781219,1.0300000000000091
1990-04-11,0.0607310819880696,0.0607310819880696
1990-04-12,-0.6367649772228475,-0.9635299544456554
1990-04-13,0.0,0.0
1990-04-16,2.085000000000003,2.665000000000001
1990-04-17,1.6825000000000103,1.9025000000000032
1990-04-18,0.03824530447529882,-0.42000000000000437
1990-04-19,1.260740709473026,1.6107407094730262
1990-04-20,-0.5941518497713304,-0.8053453532181774
1990-04-23,-0.22691001850401946,-0.35527815071242036
1990-04-24,-0.11444419030808649,-0.1959471610909161
1990-04-25,1.9456944216458283,2.3683975247040085
1990-04-26,2.124999999999966,2.2119589996624214
1990-04-27,0.2749999999999943,0.3649999999999943
1990-04-30,-0.7793194987324237,-0.8977133956029745
1990-05-01,-0.4394070323655439,-0.5381925121657755
1990-05-02,1.9334028951177953,2.2655976343792896
1990-05-03,-2.155188769525528,-2.4551887695255283
1990-05-04,-3.1649999999999485,-3.224999999999948
1990-05-07,1.522415658536458,1.7040150161217216
1990-05-08,-0.421599622903953,-0.4477722314807639
1990-05-09,3.098389185210803,3.286778370421647
1990-05-10,1.2299999999999889,1.5620282329951187
1990-05-11,0.350000000000048,1.1450000000000384
1990-05-14,-0.689380389504607,-0.6218803895046059
1990-05-15,-3.006292848514031,-3.598264691772978
1990-05-16,-1.9016190479156119,-2.154857143746836
1990-05-17,1.518455992436588,1.5851427186510774
1990-05-18,-2.662500000000032,-2.9425000000000243
1990-05-21,-3.755843903954688,-4.04751585593206
1990-05-22,0.20336414531264801,0.30336414531265027
1990-05-23,0.7322482869492775,0.8222482869492785
1990-05-24,2.3199999999999847,2.4799999999999898
1990-05-25,3.4533467895868366,3.5902900125063324
1990-05-28,-0.003291444639770763,-0.003291444639770763
1990-05-29,-0.8900000000000035,-0.8100000000000023
1990-05-30,-2.880000000000019,-2.9300000000000126
1990-05-31,-0.8508404239921604,-0.8833404239921655
1990-06-01,-1.9900000000000018,-1.5428067825016047
1990-06-04,-0.7352875525974252,-0.820000000000004
1990-06-05,2.9769260242229945,3.0872126380177103
1990-06-06,-0.1862023977298533,-0.2834150357475708
1990-06-07,4.2,4.55
1990-06-08,-0.24529049015968016,-0.26529049015968015
1990-06-11,2.0250000000000012,2.185
1990-06-12,1.174999999999996,1.265
1990-06-13,-1.8649999999999982,-1.955
1990-06-14,-0.9650000000000103,-1.040807254034864
1990-06-15,-2.137712998004127,-2.7100000000000075
1990-06-18,2.625,2.7024999999999975
1990-06-19,0.3132497652734578,0.32250000000000906
1990-06-20,-0.9,-1.167499999999996
1990-06-21,0.7,0.9124999999999961
1990-06-22,-1.2,-1.3449999999999949
1990-06-25,2.6,2.715000000000003
1990-06-26,-0.5,-0.442500000000004
1990-06-27,0.3,0.4725000000000063
1990-06-28,1.3,1.7124999999999986
1990-06-29,0.3,0.5399999999999932
1990-07-02,0.9852711648070963,1.1037464530574563
1990-07-03,0.09819907132409804,0.21889814264820612
1990-07-04,-0.0017994047185480365,-0.004542150749901652
1990-07-05,-4.4,-5.315000000000021
1990-07-06,-3.5227433667535344,-4.602499999999979
1990-07-09,0.2560525583832085,0.13749999999998522
1990-07-10,0.08999999999999488,0.05999999999998977
1990-07-11,-1.6899999999999948,-2.1274999999999897
1990-07-12,-1.3420006135704445,-1.5124999999999955
1990-07-13,0.6399999999999931,1.0179979510134485
1990-07-16,-2.3770418148911316,-3.075
1990-07-17,-0.9740980005660553,-1.314098000566045
1990-07-18,-0.6600000000000102,-1.1626571453739547
1990-07-19,0.00794716336534861,0.015447163365358844
1990-07-20,-0.4550000000000068,-0.4600000000000205
1990-07-23,1.2902702055094208,1.9175000000000304
1990-07-24,-0.6120747767221314,-1.1047179972506687
1990-07-25,-0.22000000000000794,-0.21500000000001593
1990-07-26,0.6549999999999977,1.0599999999999954
1990-07-27,-0.4070807877572557,-0.39749999999998653
1990-07-30,0.09732973790030384,0.4649999999999932
1990-07-31,0.030000000000022193,-0.1251769948478316
1990-08-01,-1.1400000000000359,-1.8350000000000597
1990-08-02,-1.0579398196073808,-2.1073251139518874
1990-08-03,-0.5321208782004195,-0.9221208782004172
1990-08-06,-0.7696283241131553,-0.40962832411317585
1990-08-07,-0.6424999999999613,-0.8896345276619018
1990-08-08,-0.4625,-0.815384129670773
1990-08-09,0.44996932625758523,0.3149999999999568
1990-08-10,-0.35999999999999144,-0.5699999999999886
1990-08-13,-0.3679590326943452,-0.8524999999999705
1990-08-14,0.2349999999999881,0.552864045704692
1990-08-15,0.33286329693466,0.7053632969346612
1990-08-16,-0.1538170427472426,-0.5007461247418884
1990-08-17,0.20786713968698065,0.3000000000000044
1990-08-20,0.005000000000015348,-0.03335322695183397
1990-08-21,-0.2850000000000222,-0.4900000000000296
1990-08-22,0.09500000000002728,0.31000000000003636
1990-08-23,0.37999999999998124,1.239999999999975
1990-08-24,-0.19999999999999146,-0.33999999999998864
1990-08-27,-0.17999999999999827,-1.1199999999999979
1990-08-28,-0.3100000000000222,-0.5600000000000296
1990-08-29,-0.3100000000000051,-1.220000000000007
1990-08-30,-0.425,-1.19
1990-08-31,0.035000000000030694,0.007774762711053785
1990-09-03,0.0,0.0
1990-09-04,0.06999999999998464,0.21999999999997955
1990-09-05,0.26500000000000346,0.5750000000000045
1990-09-06,0.20500000000001536,0.49277242774010505
1990-09-07,-0.28500000000003917,-0.7800000000000523
1990-09-10,-0.037239069365178505,-0.022239069365174526
1990-09-11,0.14,0.385
1990-09-12,-0.04999999999999659,-0.26499999999999546
1990-09-13,-0.5622978999457997,-1.7122978999457932
1990-09-14,-0.1650000000000307,-0.43230003616987145
1990-09-17,0.06000000000002728,0.23000000000003637
1990-09-18,0.026590884631544572,0.08769963620327348
1990-09-19,-0.3548109213730369,-0.7200000000000045
1990-09-20,0.08750000000001193,0.15474312177563937
1990-09-21,0.0901968590516033,0.03000000000001419
1990-09-24,-0.025000000000022192,0.06768853606771308
1990-09-25,-0.16749999999998808,-0.2199999999999801
1990-09-26,-0.044999999999972715,0.010000000000045474
1990-09-27,0.08999999999999826,0.4566023314189461
1990-09-28,-0.1374999999999966,-0.027499999999994317
1990-10-01,-0.24250000000002406,-0.6625000000000401
1990-10-02,-0.035000000000015345,0.16999999999997445
1990-10-03,0.1,0.4715885891510869
1990-10-04,-0.06999999999997271,0.16000000000004547
1990-10-05,-0.04250000000001194,-0.14000000000001991
1990-10-08,0.2524999999999881,0.7299999999999801
1990-10-09,0.01709442908924913,-0.5699999999999517
1990-10-10,-0.1859326734045929,-0.24999999999999145
1990-10-11,-0.215000000000025,-0.5300000000000313
1990-10-12,0.11000000000002501,-0.09999999999996874
1990-10-15,-0.045,-0.27
1990-10-16,0.01499999999996362,-0.10000000000004547
1990-10-17,0.2399999999999886,0.4899999999999858
1990-10-18,0.24500000000002958,0.14000000000003693
1990-10-19,0.5299999999999818,0.7099999999999773
1990-10-22,0.15500000000000455,0.3600000000000057
1990-10-23,0.06500000000002046,0.20000000000002557
1990-10-24,0.035,0.21
1990-10-25,0.00499999999996362,-0.16337565286536135
1990-10-26,-0.08999999999996362,-0.38749999999995455
1990-10-29,-0.20286968339365125,-0.41536968339364844
1990-10-30,-0.08500000000005116,-0.04250000000006139
1990-10-31,0.2050000000000313,0.40750000000003755
1990-11-01,0.3649999999999659,0.709999999999959
1990-11-02,-0.014999999999954525,0.14724237768297901
1990-11-05,0.13225058745123458,0.5249999999999722
1990-11-06,-0.09328457717397534,-0.2750000000000359
1990-11-07,-0.22749999999994544,-0.26524562100946864
1990-11-08,0.12226036850464979,0.31499999999996814
1990-11-09,0.7199999999999522,0.6839798969414659
1990-11-12,0.6650000000000157,1.11000000000002
1990-11-13,0.25000000000000794,0.31000000000001027
1990-11-14,-0.06523161080289673,-0.5277316108028968
1990-11-15,0.0678208772523565,-0.12219092882249957
1990-11-16,0.5490428358090271,1.247285128746538
1990-11-19,-0.22770338895370892,-0.057703388953724295
1990-11-20,0.49000000000006255,0.3067771094014164
1990-11-21,1.0672916127605976,1.4197916127605925
1990-11-22,0.0,0.0
1990-11-23,0.030000000000056277,0.11000000000007162
1990-11-26,-0.15500000000011255,-0.34000000000014324
1990-11-27,-0.7427094407590296,-1.1677094407590212
1990-11-28,0.16681093676692252,0.4401123403338371
1990-11-29,-0.2625000000000614,-0.11569064816626988
1990-11-30,0.4047944901099944,0.525
1990-12-03,0.4250000000000665,0.5222962939164855
1990-12-04,0.40729556153304375,0.5199999999999363
1990-12-05,0.2575,0.32229629391640874
1990-12-06,0.10480631713459218,0.16499999999993234
1990-12-07,2.862499999999992,3.392287205268528
1990-12-10,-0.1000000000000171,0.10999999999997954
1990-12-11,0.8025000000000171,1.0650000000000206
1990-12-12,0.6575000000000171,0.8900000000000203
1990-12-13,-1.5432320799814627,-2.080000000000041
1990-12-14,-1.7999999999998977,-2.009999999999877
1990-12-17,0.9499999999998807,1.2699999999998566
1990-12-18,0.6450000000001536,0.6850000000001841
1990-12-19,-0.26,-0.5
1990-12-20,-0.9249999999999404,-1.0849999999999282
1990-12-21,-0.7999999999999404,-0.8599999999999283
1990-12-24,-1.9900000000000342,-2.130000000000041
1990-12-25,0.0,0.0
1990-12-26,0.8400000000000767,1.0300000000000922
1990-12-27,0.33,0.25
1990-12-28,-1.3550000000000342,-1.555000000000041
1990-12-31,0.8349999999998635,0.7999743985228205
1991-01-01,-0.0023492333890839166,-0.0023492333890839166
1991-01-02,2.100000000000034,2.115000000000039
1991-01-03,1.2976664299591079,1.4350000000000387
1991-01-04,-1.4150000000000937,-1.4373335700410326
1991-01-07,-2.507333269371643,-2.6699999999998165
1991-01-08,-0.17873459957660542,-0.2237681020979732
1991-01-09,-2.439824606663107,-2.629824606663102
1991-01-10,1.3321762853043053,1.4394252174292748
1991-01-11,-0.36500000000001254,-0.3950000000000125
1991-01-14,-0.937321578945515,-0.8473215789455151
1991-01-15,0.8148128477814157,0.9224999999999812
1991-01-16,-0.5124999999999602,-0.3251738850159819
1991-01-17,2.3499999999999432,2.439999999999943
1991-01-18,0.6190786151616308,0.5140786151616307
1991-01-21,0.22000000000001024,0.17268282530226528
1991-01-22,-0.44500000000001017,-0.38730248227646497
1991-01-23,0.6999999999999744,0.597701459425169
1991-01-24,0.3100000000000563,0.6100000000000564
1991-01-25,-1.0750000000001023,-0.6872992218104792
1991-01-28,0.07272097946004542,0.07272097946004542
1991-01-29,0.2927204326110466,0.4677204326110465
1991-01-30,0.21772172441885076,0.04272172441885075
1991-01-31,0.4400000000000563,0.5077346301364586
1991-02-01,1.819486175398905,1.9000664168545374
1991-02-04,0.5900000000000564,0.5127577637202689
1991-02-05,0.38525662110058323,-0.0072433788994259
1991-02-06,-0.0551903140436253,-0.3932692168869832
1991-02-07,-0.12500000000009096,-0.3526897274707972
1991-02-08,0.7848579904176998,1.2225000000000126
1991-02-11,0.5475000000000251,0.634851465484557
1991-02-12,0.4023504686843408,-0.10764953131565806
1991-02-13,0.19928245363413985,0.5342824536341358
1991-02-14,-0.13264431675594837,-0.07764431675594326
1991-02-15,-0.0879786498688932,0.15880731712663443
1991-02-18,0.0,-0.002642618932790144
1991-02-19,-1.6100000000000478,-1.7000000000000546
1991-02-20,-0.8700000000000161,-1.110000000000018
1991-02-21,-1.0900000000000318,-1.2100000000000364
1991-02-22,-1.240000000000032,-1.2700000000000362
1991-02-25,-0.22000000000001593,0.03499999999998181
1991-02-26,-1.5899999999998329,-1.529999999999809
1991-02-27,0.0873378224372009,-0.07266217756281729
1991-02-28,-0.8900000000000148,-0.41000000000001713
1991-03-01,-2.5799999999999925,-2.3499999999999917
1991-03-04,0.4846123623089577,0.6769185434634316
1991-03-05,1.1200000000000812,1.1900000000000888
1991-03-06,-0.5346940794809137,-0.8796940794809148
1991-03-07,0.8949999999999204,0.8899999999999124
1991-03-08,-1.4769788643502788,-1.3352007771679835
1991-03-11,0.5472994042898535,-0.13717703732620778
1991-03-12,-0.46323775934604744,0.31249999999993744
1991-03-13,0.7200000000000103,0.7500000000000114
1991-03-14,0.7256048090061914,0.6574999999999829
1991-03-15,-1.4127028126645569,-2.577702812664549
1991-03-18,-1.2675000000000272,-1.7662466272005037
1991-03-19,-1.7749999999999637,-1.6968761121640445
1991-03-20,0.7997333497600321,0.6769666995200483
1991-03-21,0.5997382775781065,0.41738167321755615
1991-03-22,0.3600000000000068,0.540000000000008
1991-03-25,-0.06,-0.311816209850096
1991-03-26,0.005689204423145676,-0.11499999999996419
1991-03-27,0.6724999999999522,0.6231926247465436
1991-03-28,0.6131898093194189,0.640000000000008
1991-03-29,0.0,-0.001807242320469803
1991-04-01,0.1400000000000307,0.7950000000000359
1991-04-02,0.7450000000000205,0.6800000000000239
1991-04-03,0.03749999999997613,0.21499999999997219
1991-04-04,0.6874999999999829,0.498154248983819
1991-04-05,0.0275,-0.015
1991-04-08,0.16250000000002388,0.11500000000002786
1991-04-09,-0.7824999999999829,-0.9082210477161676
1991-04-10,-1.2150000000000512,-1.1368324287768572
1991-04-11,0.20500000000006138,0.24317851296586912
1991-04-12,1.3374999999999897,1.4124999999999879
1991-04-15,0.16750000000002385,0.09750000000002783
1991-04-16,-0.09750000000003069,-0.10750000000003582
1991-04-17,0.2750000000000068,0.25000000000000794
1991-04-18,-0.8550000000000375,-0.911794944444603
1991-04-19,-0.4425,-0.4442996329380113
1991-04-22,-0.5074437752068557,-0.45
1991-04-23,0.28,0.22075584021383393
1991-04-24,0.7924999999999801,0.9324999999999773
1991-04-25,-0.1275,-0.0975
1991-04-26,0.09,0.21
1991-04-29,-0.1175,0.038238173296987255
1991-04-30,0.4900829558220659,0.48067154246288224
1991-05-01,-0.1768265833502722,-0.19682658335026426
1991-05-02,0.6556968238640041,0.5338936477280637
1991-05-03,-0.7324999999999682,-0.8024999999999641
1991-05-06,-0.3192705621543456,-0.5666294178265633
1991-05-07,0.00015735658632660618,0.28249999999994885
1991-05-08,0.04750000000003581,0.5025000000000398
1991-05-09,0.06324895163274186,0.04
1991-05-10,-1.097937645872066,-0.8167685569547278
1991-05-13,0.40823022046963586,0.12750000000003978
1991-05-14,-1.201774416478692,-1.2242744164786932
1991-05-15,0.45499999999996416,0.588225961593359
1991-05-16,0.3432288777704248,0.2607288777704259
1991-05-17,0.4102381865931313,0.3034045675277991
1991-05-20,-0.355,-0.35425669277877025
1991-05-21,0.8532433072212042,0.5657433072212013
1991-05-22,0.28999999999997444,0.4149999999999716
1991-05-23,-0.4499999999999898,-0.5216751061944396
1991-05-24,0.320000000000046,0.35250000000005116
1991-05-27,0.0,0.0
1991-05-28,1.129999999999918,1.519999999999909
1991-05-29,0.5176615890141762,0.9025000000000512
1991-05-30,0.9783205354554148,0.8876612017410275
1991-05-31,-1.5940241376328492,-1.8065241376328465
1991-06-03,-2.0499999999999687,-2.212499999999966
1991-06-04,0.8299999999998563,1.0724999999998432
1991-06-05,-0.6099999999999,-0.5699999999998908
1991-06-06,-1.3600000000000252,-1.4700000000000273
1991-06-07,-1.510000000000025,-1.5075000000000272
1991-06-10,1.5800000000000125,2.235000000000014
1991-06-11,0.08999999999994372,0.13738270194214444
1991-06-12,-1.4099999999998687,-1.3049999999998565
1991-06-13,0.39706419278512917,0.38767145598951513
1991-06-14,0.7249999999999687,0.6849999999999686
1991-06-17,0.775,0.9397290939454968
1991-06-18,0.18999999999991252,0.17999999999992042
1991-06-19,-1.0,-1.2
1991-06-20,1.4899999999999125,1.4999999999999203
1991-06-21,-0.024999999999968714,0.25000000000002837
1991-06-24,-1.3774999999999125,-1.5049999999999204
1991-06-25,-0.35000000000012504,-0.2600000000001137
1991-06-26,-0.1522795026345436,-0.18
1991-06-27,0.987500000000091,1.105000000000091
1991-06-28,2.9999999999999716,3.1799999999999717
1991-07-01,-1.8625000000000227,-2.0591077642591897
1991-07-02,0.45730438601754947,0.4739894876340842
1991-07-03,0.10000000000009095,0.06500000000008185
1991-07-04,0.0,0.0
1991-07-05,-0.45000000000007384,-0.030000000000066484
1991-07-08,1.410256423975746,1.4250000000000564
1991-07-09,-0.440000000000046,-0.41000000000004605
1991-07-10,-0.2719205366867894,-0.37999999999990797
1991-07-11,1.4299999999998927,1.2799999999998926
1991-07-12,-0.12944159131616978,-0.2678336959294333
1991-07-15,-0.727500000000046,-0.677500000000046
1991-07-16,-2.415,-2.22
1991-07-17,-0.6770414098944959,-0.645000000000046
1991-07-18,1.5025,1.4996892770035
1991-07-19,1.43791167058361,1.5129116705836099
1991-07-22,-1.6625,-1.65
1991-07-23,-2.447511711010029,-2.5322459232869288
1991-07-24,1.530549458981718,1.530549458981718
1991-07-25,0.37000000000001027,0.36776140818763753
1991-07-26,-0.5050000000000818,-0.49723399651618333
1991-07-29,-1.2772640436530467,-1.320045825078467
1991-07-30,0.5277297731888304,0.5402698536673776
1991-07-31,0.03779004649388726,0.07799887664785905
1991-08-01,-0.8523117624039757,-0.9375
1991-08-02,2.925425261583168,3.7229252615831547
1991-08-05,0.7,0.9227378136353758
1991-08-06,2.0226086050514267,2.460108605051415
1991-08-07,0.3100000000000563,0.4300000000000665
1991-08-08,-0.7799999999999562,-0.9749999999999484
1991-08-09,0.16999999999995627,0.18499999999994826
1991-08-12,0.17485041942028084,0.1927145454233941
1991-08-13,1.1499999999999657,1.2698411321522884
1991-08-14,2.7601843111458946,3.477684311145904
1991-08-15,-0.5475,-0.69
1991-08-16,1.1473988149952659,1.4119290537672509
1991-08-19,0.26000000000012735,0.4300000000001546
1991-08-20,0.7798964173235194,0.9821849432037613
1991-08-21,-0.402286144879229,-0.6022861448792289
1991-08-22,0.065,-0.02977372985478814
1991-08-23,-2.4650781088547653,-2.890000000000043
1991-08-26,-1.7974999999999515,-1.9774999999999463
1991-08-27,0.815000000000087,0.895000000000097
1991-08-28,2.722499999999797,2.862499999999773
1991-08-29,2.5825000000001257,2.7625000000001405
1991-08-30,-2.592500000000126,-2.7775000000001406
1991-09-02,-0.002811689095538595,0.0
1991-09-03,1.0200000000001932,1.155000000000216
1991-09-04,0.019999999999845385,0.014999999999827197
1991-09-05,0.10000000000017394,0.12000000000019444
1991-09-06,2.289999999999797,2.6449999999997726
1991-09-09,1.045000000000174,1.2125000000001944
1991-09-10,0.20769508378276452,0.2326950837827566
1991-09-11,-0.07229521216256662,-0.1272952121625564
1991-09-12,1.8377106036403583,2.0599999999998326
1991-09-13,1.3250000000000455,1.4202069494808482
1991-09-16,0.7372797723016248,0.8300000000001125
1991-09-17,0.7927335187842582,0.8622842137145059
1991-09-18,-0.29220779589970447,-0.3422077958997097
1991-09-19,-0.30265309139923724,-0.2499999999999085
1991-09-20,1.6000000000000252,1.6973437741928932
1991-09-23,-0.09219655281053862,-0.047500000000235375
1991-09-24,0.04000000000011769,0.020000000000117688
1991-09-25,-0.1548247576582702,-0.15489361310082012
1991-09-26,1.3497823050785032,1.4225000000000272
1991-09-27,2.827499999999809,2.8097839174528745
1991-09-30,1.6922775931076457,1.5750000000002728
1991-10-01,0.2649999999999045,0.15499999999990452
1991-10-02,-1.3321516870202448,-1.3121516870202448
1991-10-03,0.9500000000000284,1.0000000000000284
1991-10-04,2.822445211129965,2.7724452111299653
1991-10-07,-0.38000000000025574,-0.3500000000002558
1991-10-08,-0.9049999999999004,-0.8499999999999005
1991-10-09,-4.18999999999983,-4.174999999999829
1991-10-10,-2.9576056973725935,-2.9776056973725935
1991-10-11,4.960000000000185,4.975000000000184
1991-10-14,0.5802679983027242,0.5952679983027243
1991-10-15,0.03999999999997272,0.07725280005293356
1991-10-16,0.7372548129566981,0.7500000000000272
1991-10-17,-3.9400000000000546,-3.98274717976556
1991-10-18,1.3373583895698715,1.3799999999997816
1991-10-21,-3.227499999999713,-3.4699999999997133
1991-10-22,-2.13500000000015,-2.382683487029847
1991-10-23,-1.1100000000001502,-1.1000000000001502
1991-10-24,1.88500000000015,1.8350000000001498
1991-10-25,-1.1674999999999045,-1.1274999999999045
1991-10-28,1.9724999999998092,1.992499999999809
1991-10-29,4.167500000000177,4.147500000000178
1991-10-30,0.6472460166206235,0.77
1991-10-31,0.5899999999997817,0.6774999999997817
1991-11-01,0.13000000000024556,0.025000000000245562
1991-11-04,-0.46500000000012276,-0.5025000000001227
1991-11-05,-1.4049999999999045,-1.5474999999999046
1991-11-06,1.4249999999999319,1.4449999999999317
1991-11-07,3.769999999999959,4.107499999999959
1991-11-08,0.29000000000012277,0.2925000000001228
1991-11-11,1.0700000000000272,1.1400000000000272
1991-11-12,2.394999999999959,2.462499999999959
1991-11-13,0.4522569405710925,0.2099999999998363
1991-11-14,3.7250000000002044,3.7650000000002044
1991-11-15,1.4587298184519601,1.5069834263230832
1991-11-18,0.175,0.245
1991-11-19,0.1349999999999085,0.14228644307523453
1991-11-20,-2.209999999999843,-2.359999999999843
1991-11-21,-0.9525000000000262,-0.9450000000000262
1991-11-22,-1.477500000000026,-1.590000000000026
1991-11-25,-0.9725000000002354,-1.0650000000002353
1991-11-26,1.2175000000001175,1.3650000000001177
1991-11-27,-0.1925000000001177,-0.2000000000001177
1991-11-28,-0.0026345010106665176,0.0
1991-11-29,1.8700000000001442,1.8900000000001442
1991-12-02,2.3249999999999345,2.274999999999934
1991-12-03,2.4749999999999344,2.484999999999934
1991-12-04,4.670000000000078,4.670000000000078
1991-12-05,-0.7150000000000915,-0.7050000000000916
1991-12-06,-1.4799999999997908,-1.459999999999791
1991-12-09,1.740000000000026,1.7200000000000262
1991-12-10,-0.46500000000002617,-0.3750000000000262
1991-12-11,0.029999999999790816,-0.010000000000209184
1991-12-12,1.0100000000002354,1.0300000000002354
1991-12-13,-2.270000000000144,-2.410000000000144
1991-12-16,0.7300000000001177,0.727346158687902
1991-12-17,1.0573539975823998,1.0373539975823998
1991-12-18,-1.059999999999817,-1.0726392006642445
1991-12-19,3.3873589909922814,3.3873589909922814
1991-12-20,5.197358749196004,5.197358749196004
1991-12-23,2.220000000000026,2.2173627776169598
1991-12-24,0.2673622707761154,0.285
1991-12-25,0.0,-0.0026323488336319778
1991-12-26,1.1249999999999085,1.1599999999999084
1991-12-27,0.9523694802945379,0.9599999999999085
1991-12-30,2.4173738616387572,2.4173738616387572
1991-12-31,2.1423797545324814,2.1449999999999343
1992-01-01,0.0,0.0
1992-01-02,-3.4600000000000524,-3.470000000000052
1992-01-03,-2.2799999999999345,-2.2649999999999344
1992-01-06,0.72,0.71
1992-01-07,3.4074009438470623,3.3900000000000787
1992-01-08,-0.605,-0.735
1992-01-09,-1.6476062817974435,-1.7202125635949526
1992-01-10,-3.3726065352187105,-3.3602130704372497
1992-01-13,-2.6546546183020263,-2.6546546183020263
1992-01-14,-8.15260007671802,-8.15520015343604
1992-01-15,0.9309513468888384,1.0009513468888385
1992-01-16,-2.8800967038519776,-2.9300967038519774
1992-01-17,0.18500000000012734,0.16000000000012732
1992-01-20,2.36241449801041,2.385000000000036
1992-01-21,0.9974181115341071,0.9974181115341071
1992-01-22,-0.82,-0.8225794398417309
1992-01-23,-2.7750791001610415,-2.770079100161041
1992-01-24,-1.0275866012044053,-0.9625866012044051
1992-01-27,0.4949999999999363,0.4949999999999363
1992-01-28,3.7174155465775653,3.7298310931549934
1992-01-29,-4.127668761179453,-4.125084380589835
1992-01-30,-2.2405274600975993,-2.2551640102201116
1992-01-31,1.0900000000000363,1.117417994889926
1992-02-03,-0.9475848834923849,-0.965084883492385
1992-02-04,2.262427166483059,2.559927166483059
1992-02-05,1.9848690521689798,2.2068766921771044
1992-02-06,0.847434694709502,0.874869389418904
1992-02-07,0.7974408183385002,0.8548816366770643
1992-02-10,1.1398839678429158,1.437496784763838
1992-02-11,-5.160000000000037,-5.970000000000038
1992-02-12,0.08938707284703314,0.30897845474501673
1992-02-13,-3.3649999999999274,-3.4599999999999227
1992-02-14,-0.8007905912975067,-0.8487820301263564
1992-02-17,0.0,0.0
1992-02-18,-1.140000000000017,-1.1850000000000194
1992-02-19,1.1450000000000768,1.1700000000000867
1992-02-20,0.937572203221784,1.0300000000001062
1992-02-21,-3.040000000000064,-3.440000000000077
1992-02-24,-0.4474689374921215,-0.4349378749842995
1992-02-25,0.5849999999999631,0.6499999999999574
1992-02-26,3.157512744972301,3.3249999999999744
1992-02-27,0.44695470151191813,0.597512744972204
1992-02-28,3.8325000000000546,4.355000000000064
1992-03-02,-2.1675359501719758,-2.6625359501719825
1992-03-03,-0.9124999999998874,-1.0149999999998671
1992-03-04,-0.0975,-0.075
1992-03-05,-2.195002237102955,-2.6350000000000593
1992-03-06,1.1824999999999561,1.3300051074474364
1992-03-09,1.6125971699665624,1.8425971699665689
1992-03-10,-1.0699148326337848,-1.0874148326337878
1992-03-11,-2.445000000000025,-2.7600000000000273
1992-03-12,-4.407499999999918,-4.919999999999911
1992-03-13,-2.7653402588848377,-3.0776701294424673
1992-03-16,-0.24749999999991815,-0.27085655273314846
1992-03-17,1.9924999999998823,2.052499999999869
1992-03-18,-0.23337234713693691,-0.2524999999999602
1992-03-19,0.38000000000005,0.5650000000000627
1992-03-20,-1.5099999999999862,-1.842499999999983
1992-03-23,0.8899999999999273,0.9774999999999091
1992-03-24,1.3800000000000592,1.7925000000000737
1992-03-25,0.7499999999999682,0.8474999999999602
1992-03-26,-0.5100000000000409,-0.6825000000000511
1992-03-27,-0.36999999999995,-0.25999999999993745
1992-03-30,-1.00999999999995,-0.9721844452076466
1992-03-31,-0.6320951282636296,-0.6266902565272046
1992-04-01,1.1879054026889257,1.6104054026889403
1992-04-02,-0.21000000000008184,-0.3245889376544769
1992-04-03,2.0579277535283826,2.4679277535283917
1992-04-06,0.7629689761482831,0.72
1992-04-07,-2.380000000000041,-2.2895530250134777
1992-04-08,-1.6414163440440503,-1.5918770811692635
1992-04-09,3.085485048730273,3.680215920426329
1992-04-10,-0.7245174142749581,-1.117017414274941
1992-04-13,0.4980807039787742,0.5980807039787741
1992-04-14,-0.0827352437014257,-0.11000000000005627
1992-04-15,-0.1,-0.2
1992-04-16,-2.1000000000000307,-2.490000000000037
1992-04-17,-0.001890579454613961,-0.001890579454613961
1992-04-20,-2.3499999999999495,-2.9299999999999375
1992-04-21,0.27999999999996417,0.3849999999999562
1992-04-22,-1.1568238998119744,-1.0636477996239773
1992-04-23,0.0006788448082508567,-0.17182115519175942
1992-04-24,0.8256723785681543,1.1804135026732299
1992-04-27,-1.0900000000000563,-1.3099919648480736
1992-04-28,0.9007940522144656,1.1490881044288934
1992-04-29,-0.40658610885606095,-0.536586108856061
1992-04-30,-0.33776621955182234,-0.2692783163010457
1992-05-01,2.3484514127647653,2.4834514127647447
1992-05-04,-0.01499999999996021,-0.9277613725971785
1992-05-05,0.009999999999948841,0.2449999999999284
1992-05-06,1.452243120758838,1.7372431207588626
1992-05-07,-0.3950000000001126,-0.8750000000001535
1992-05-08,1.6975000000000815,2.7731579802211277
1992-05-11,0.5699999999999249,1.1199999999998909
1992-05-12,1.7064810133475834,2.0942391961237914
1992-05-13,1.7250000000001022,1.8972180282909799
1992-05-14,-0.19000000000006137,-0.37163193951485296
1992-05-15,1.6240821957586933,2.1822836325488972
1992-05-18,0.7472196478448458,0.8672196478448343
1992-05-19,2.107217013030146,3.6176833532258166
1992-05-20,-1.4999999999999405,-1.6499999999999204
1992-05-21,-4.855000000000085,-5.710000000000114
1992-05-22,1.8371324382381522,2.071397314714399
1992-05-25,0.0,0.0
1992-05-26,-2.635000000000032,-3.4600000000000386
1992-05-27,1.2850000000001434,1.100000000000174
1992-05-28,1.77499999999996,2.1999999999999518
1992-05-29,1.862500000000016,1.7700000000000193
1992-06-01,-2.495396322821497,-2.8828963228214923
1992-06-02,2.5474999999998214,2.5499999999997853
1992-06-03,0.8925000000001707,1.1600000000002046
1992-06-04,-0.5375000000001535,-0.5100000000001842
1992-06-05,0.9075000000001706,1.5900000000002046
1992-06-08,1.0145940426015636,0.5399999999998363
1992-06-09,-0.5979057371481262,-0.7499999999998364
1992-06-10,-0.3675000000001739,-0.44290239394719305
1992-06-11,0.367500000000087,0.6100000000000972
1992-06-12,1.594594611961485,1.9700000000000433
1992-06-15,-0.9083691391385905,0.09999999999992441
1992-06-16,2.047091495009591,1.997091495009588
1992-06-17,0.8271052550035025,0.61
1992-06-18,1.4899999999999431,1.6266645514511615
1992-06-19,-1.765220596729919,-2.069999999999841
1992-06-22,0.5000000000000228,0.6950000000000227
1992-06-23,-1.2778911593722082,-1.534835450977606
1992-06-24,2.7055505444360537,2.8874999999998567
1992-06-25,2.5450000000000244,2.290000000000024
1992-06-26,-0.37499999999980904,-0.4219629393470218
1992-06-29,0.929999999999809,1.1099999999998091
1992-06-30,-0.747499999999809,-0.5474999999998089
1992-07-01,2.0547464985953066,1.7147272612568365
1992-07-02,8.025028535413645,8.487042869357136
1992-07-03,-0.00924142152132618,-0.011254795634357167
1992-07-06,0.7699999999999432,1.6099999999999433
1992-07-07,1.827882307621489,1.7900000000002274
1992-07-08,-1.6421206561493775,-1.4300000000002275
1992-07-09,-0.1121195239069006,-0.09211952390690059
1992-07-10,0.39788365619112875,0.44000000000002276
1992-07-13,-1.05212176391516,-1.0021217639151603
1992-07-14,0.7078718611384667,0.7628718611384666
1992-07-15,3.2728713414460335,3.2978713414460334
1992-07-16,1.2978713414460903,1.3228713414460902
1992-07-17,-0.952130294305871,-0.922130294305871
1992-07-20,0.19572928558819933,0.24786464279399734
1992-07-21,0.5178646427943043,0.5157292855885063
1992-07-22,3.0307352261901084,3.0478676130950886
1992-07-23,9.19286421491121,9.19286421491121
1992-07-24,0.1232865645925445,0.1232865645925445
1992-07-27,1.2278618113853454,1.2257236227706727
1992-07-28,2.1078614397591915,2.0978614397591917
1992-07-29,1.0178679100315318,1.0228679100315319
1992-07-30,-5.417133792058304,-5.374267584116543
1992-07-31,-0.22860118091782658,-0.1486011809178266
1992-08-03,-0.6821361161184403,-0.6821361161184403
1992-08-04,3.4578635852616046,3.487863585261605
1992-08-05,1.5928617550451662,1.662861755045166
1992-08-06,0.9578587915918553,1.0378587915918551
1992-08-07,5.4828473648683484,5.632847364868349
1992-08-10,2.1178448356237007,2.0400000000000635
1992-08-11,-0.6050000000001831,-0.670000000000183
1992-08-12,-0.4749999999999602,-0.4499999999999602
1992-08-13,-3.839999999999873,-3.899999999999873
1992-08-14,0.36174618912754786,0.3341734274486608
1992-08-17,-2.174999999999923,-2.2399999999999234
1992-08-18,4.824999999999899,4.899999999999898
1992-08-19,1.800000000000017,1.850000000000017
1992-08-20,-0.07828076940327565,-0.10328076940327564
1992-08-21,-4.334999999999992,-4.369999999999991
1992-08-24,-7.860000000000128,-7.900000000000128
1992-08-25,-2.3368778432695745,-2.3668778432695743
1992-08-26,2.3875,2.4375
1992-08-27,3.5999999999998806,3.6849999999998806
1992-08-28,3.212500000000034,3.2852745757001873
1992-08-31,0.7625000000000343,0.7625000000000343
1992-09-01,1.3499999999999148,1.3499999999999148
1992-09-02,0.5625000000000171,0.5602640365241741
1992-09-03,-0.14999999999992325,-0.14499999999992325
1992-09-04,4.699999999999949,4.719999999999949
1992-09-07,0.0,0.0
1992-09-08,1.5499999999999148,1.6249999999999147
1992-09-09,0.46250000000004254,0.38250000000004253
1992-09-10,1.5875000000000596,1.5225000000000597
1992-09-11,-2.12726669499623,-2.125000000000034
1992-09-14,1.925000000000017,1.925000000000017
1992-09-15,-3.917499999999958,-3.917499999999958
1992-09-16,-0.6849999999999574,-0.6849999999999574
1992-09-17,1.6475,1.6475
1992-09-18,0.02272745432391796,0.025000000000042655
1992-09-21,-1.0684593390170196,-1.0734593390170195
1992-09-22,-1.9050000000000362,-1.8700000000000363
1992-09-23,-1.3650000000000182,-1.3350000000000182
1992-09-24,1.5300000000001002,1.4827404669836712
1992-09-25,3.1224999999998455,3.0824999999998455
1992-09-28,3.5950000000002,3.7050000000002004
1992-09-29,-1.4150000000001637,-1.4950000000001638
1992-09-30,-0.06,-0.05
1992-10-01,5.555000000000009,5.615000000000008
1992-10-02,0.625,0.7227373692468232
1992-10-05,1.1277370498157364,1.1900000000001636
1992-10-06,-2.6897625384848465,-2.7120250769696566
1992-10-07,-6.614762538484856,-6.614762538484856
1992-10-08,2.304245152769634,2.409245152769634
1992-10-09,-3.017264281872156,-2.972264281872156
1992-10-12,-0.37226247102047555,-0.4622624710204756
1992-10-13,0.1899999999997908,0.1599999999997908
1992-10-14,-0.31226519672656533,-0.41499999999998183
1992-10-15,1.5300000000000182,1.610000000000018
1992-10-16,-0.4549999999999727,-0.3649999999999727
1992-10-19,-3.665000000000009,-3.6750000000000087
1992-10-20,-8.539999999999871,-8.6022175229291
1992-10-21,3.868923132108453,3.9289231321084532
1992-10-22,0.5555829978411936,0.49779149892057095
1992-10-23,-2.0300000000000447,-1.9900000000000444
1992-10-26,0.6627911006997329,0.6927911006997329
1992-10-27,2.592791536112133,2.572791536112133
1992-10-28,-0.4259171075704224,-0.4522092224729214
1992-10-29,-0.9049999999999385,-1.0072171080423757
1992-10-30,-2.040000000000089,-2.110000000000096
1992-11-02,-4.439999999999918,-4.7349999999999115
1992-11-03,0.14499999999992497,0.11554534161431289
1992-11-04,1.2350000000000478,1.2700000000000518
1992-11-05,1.4600000000000477,1.4755361049170568
1992-11-06,-4.315000000000055,-4.400000000000059
1992-11-09,-0.06999999999989086,-0.08999999999988177
1992-11-10,2.6999999999999313,2.799999999999926
1992-11-11,0.16499999999991816,0.2799999999999112
1992-11-12,0.9950000000000272,1.0900000000000296
1992-11-13,-3.4868492171200316,-3.502299204708891
1992-11-16,-1.1322343971183448,-1.2594687942366525
1992-11-17,-0.1422292779002801,0.037770722099718115
1992-11-18,2.6377719899174297,2.6955439798348775
1992-11-19,-1.1249999999998908,-1.0899999999998817
1992-11-20,0.8349999999999728,0.5799999999999705
1992-11-23,-3.469499437912404,-3.2317491568686
1992-11-24,1.46101182185347,1.5010118218534723
1992-11-25,-1.0300000000000409,-1.2200000000000444
1992-11-26,0.0,0.0
1992-11-27,-2.0849999999999316,-2.244999999999926
1992-11-30,0.22999999999989085,0.19999999999988177
1992-12-01,1.2950000000000614,1.2050000000000667
1992-12-02,0.24999999999989087,0.23999999999988178
1992-12-03,0.8300000000000136,0.876513026469581
1992-12-04,3.6199999999999926,3.9049999999999927
1992-12-07,2.505000000000089,2.727500000000096
1992-12-08,1.2149999999999523,1.3974999999999482
1992-12-09,-1.1772323375938958,-1.2734132672438898
1992-12-10,-0.8872345196491819,-0.783414053679357
1992-12-11,-2.2386633912501765,-2.407500000000034
1992-12-14,-0.45,-0.525
1992-12-15,1.0027993453485944,1.071632856865365
1992-12-16,2.52429925752225,2.7450000000001182
1992-12-17,0.5638564536157675,0.22250000000012732
1992-12-18,0.4299999999999841,0.34152807000907265
1992-12-21,1.2553073721876387,1.5219902274343393
1992-12-22,1.6078073721875112,1.8778073721874873
1992-12-23,-1.5080113436656613,-1.5043852556247546
1992-12-24,-0.49999999999986355,-0.5736076583229911
1992-12-25,-0.009265722254915155,-0.004384834173312872
1992-12-28,-0.7699999999999363,-0.8399999999999282
1992-12-29,2.429999999999791,2.399999999999765
1992-12-30,1.1278341476478944,1.1542483887551316
1992-12-31,-1.6479155727100925,-1.8093210628947607
1993-01-01,-0.0021557740778100814,-0.004311548155620163
1993-01-04,5.194999999999923,5.424999999999914
1993-01-05,-0.7171557740779647,-0.6650000000001728
1993-01-06,-1.102156594362244,-1.0571565943622439
1993-01-07,-5.355799969306681,-5.565799969306663
1993-01-08,1.6578720592722043,1.8063571032715937
1993-01-11,1.6829208099088446,1.7549999999999462
1993-01-12,-2.602081761221908,-2.430000000000022
1993-01-13,2.3449999999998568,2.2349999999998484
1993-01-14,1.8400000000000205,1.8700000000000219
1993-01-15,2.1500000000002046,2.260000000000216
1993-01-18,-1.010000000000184,-0.9700000000001944
1993-01-19,-1.3,-1.06
1993-01-20,0.5113852558236415,0.45138525582364286
1993-01-21,-0.15499999999997835,0.025000000000022737
1993-01-22,3.131372206171304,3.1950000000000687
1993-01-25,4.099999999999863,3.979999999999863
1993-01-26,-0.12499999999992041,-0.21499999999992042
1993-01-27,0.8749999999999204,0.9049999999999204
1993-01-28,3.2500000000002274,3.070000000000227
1993-01-29,2.0999999999999432,2.0999999999999432
1993-02-01,1.7230291683696408,1.6949999999998406
1993-02-02,-1.8174680738858242,-1.9185619533894676
1993-02-03,1.0980653076763724,1.0099999999999163
1993-02-04,4.62113061535309,4.37113061535309
1993-02-05,6.468082648945398,6.166165297890784
1993-02-08,-2.2055154705155897,-2.162433096789827
1993-02-09,-2.958801091271831,-2.680701636907838
1993-02-10,-4.349999999999989,-4.279999999999989
1993-02-11,2.9463778871050272,2.876377887105027
1993-02-12,0.29812578339270707,0.29812578339270707
1993-02-15,-0.05163277140376552,-0.05649254453360031
1993-02-16,1.4381759650917927,1.4400000000000432
1993-02-17,3.4000000000001616,3.398176576106845
1993-02-18,6.426359238434589,6.366359238434589
1993-02-19,1.0926909163354288,1.0045092504911166
1993-02-22,2.5783374259498255,2.5066748518994673
1993-02-23,6.556679997966297,6.555019996949559
1993-02-24,-3.317235981702388,-3.290586420833861
1993-02-25,0.4058524432834213,0.28420488656701653
1993-02-26,-1.465788348799886,-1.340788348799886
1993-03-01,-2.662500000000029,-2.2375000000000287
1993-03-02,0.05626542234842888,0.05463199329829464
1993-03-03,4.69249999999999,4.57249999999999
1993-03-04,1.9774999999998841,1.9774999999998841
1993-03-05,-2.744999999999836,-2.8349999999998357
1993-03-08,0.8099999999998454,0.7799999999998454
1993-03-09,-2.502499999999884,-2.502499999999884
1993-03-10,-1.7250000000001933,-1.7250000000001933
1993-03-11,2.0925000000000384,1.9725000000000386
1993-03-12,-4.669030883392591,-4.817499999999962
1993-03-15,-3.091538609071496,-3.020149871206937
1993-03-16,3.323610688053868,3.442221376107591
1993-03-17,-1.3675256777353568,-1.0175256777353567
1993-03-18,2.6050000000001448,2.675000000000145
1993-03-19,-2.130000000000034,-2.025000000000034
1993-03-22,0.9400000000000596,0.8000000000000596
1993-03-23,0.39999999999989777,0.5749999999998978
1993-03-24,-3.444999999999881,-3.1999999999998807
1993-03-25,0.01999999999992324,-0.05000000000007676
1993-03-26,-3.2800000000000087,-3.350000000000009
1993-03-29,0.1950000000000171,0.3000000000000171
1993-03-30,2.890000000000034,2.748638233985577
1993-03-31,0.009999999999923261,-0.03000000000007674
1993-04-01,-0.6199999999999233,-0.5399999999999233
1993-04-02,-4.628663895695645,-4.428663895695645
1993-04-05,2.4924999999998807,2.3711517511632914
1993-04-06,1.2199999999999573,1.3549999999999573
1993-04-07,-1.6224999999999232,-1.3538521097788154
1993-04-08,3.924999999999991,3.9236551309461736
1993-04-09,0.0,-0.0013390666855440595
1993-04-12,-0.6474999999999062,-0.28749999999990616
1993-04-13,-0.9763415532078592,-0.9750000000000171
1993-04-14,5.501147465056676,4.787499999999957
1993-04-15,-0.6844367467561,-0.48174053339721423
1993-04-16,3.44381634298162,2.8838163429816204
1993-04-19,-1.1528879487031933,-0.7901939743516194
1993-04-20,-1.8026747944466965,-1.5599999999999181
1993-04-21,4.7449846631360995,4.4249846631361
1993-04-22,3.018442518146848,2.8384425181468482
1993-04-23,0.03749999999989377,-0.10250000000010631
1993-04-26,-1.897500000000106,-1.857500000000106
1993-04-27,0.3350000000001834,0.015000000000183537
1993-04-28,-0.4275000000001739,-0.4275000000001739
1993-04-29,2.1925000000001447,2.2525000000001447
1993-04-30,-5.385000000000106,-5.046353598787117
1993-05-03,2.597500000000126,2.6275000000001256
1993-05-04,2.9274999999999323,2.7774999999999324
1993-05-05,0.17000000000008697,0.17000000000008697
1993-05-06,0.46641428601005647,0.5414142860100565
1993-05-07,0.55,0.475
1993-05-10,3.816477168950115,3.636477168950115
1993-05-11,-1.62,-1.5
1993-05-12,-4.618558398691554,-4.363558398691554
1993-05-13,-0.8050000000000433,-0.9400000000000434
1993-05-14,0.23,0.2
1993-05-17,-1.150086666038944,-1.270086666038944
1993-05-18,-2.8699999999999246,-2.7799999999999248
1993-05-19,4.209999999999849,4.059999999999849
1993-05-20,-1.559999999999903,-1.4099999999999029
1993-05-21,-1.9599999999998488,-1.9599999999998488
1993-05-24,0.021494448322011618,0.006494448322011615
1993-05-25,1.5349999999998978,1.3999999999998978
1993-05-26,0.8400000000000227,0.9000000000000227
1993-05-27,1.4200000000000796,1.298716480881902
1993-05-28,-1.5184903203935645,-1.5084903203935645
1993-05-31,0.0,-0.0025625387406798344
1993-06-01,9.950000000000097,9.950000000000097
1993-06-02,0.8336804790310121,0.8349999999998927
1993-06-03,1.9460653893022994,1.9486884631009256
1993-06-04,-5.737629550782382,-5.632629550782382
1993-06-07,-1.5450000000001674,-1.3500000000001675
1993-06-08,0.705000000000191,0.600000000000191
1993-06-09,1.844999999999809,1.799999999999809
1993-06-10,1.9300000000000836,1.7800000000000835
1993-06-11,7.960000000000096,7.780000000000096
1993-06-14,0.7949999999998328,0.8099999999998329
1993-06-15,1.308672638376359,1.280000000000215
1993-06-16,-1.7226618792989095,-1.6000000000002146
1993-06-17,-1.52,-1.31
1993-06-18,-3.6200000000001307,-3.380000000000131
1993-06-21,0.8600000000000476,1.0100000000000475
1993-06-22,-0.68,-0.59
1993-06-23,0.0,0.0
1993-06-24,1.4286739901094965,1.4899999999999405
1993-06-25,3.2717158933761774,3.0953950720726837
1993-06-28,2.1325000000000243,2.102500000000024
1993-06-29,-0.2669137718987554,-0.17559550529696916
1993-06-30,-5.79635006712595,-5.1313500671259495
1993-07-01,-8.634331669150873,-7.477887779433982
1993-07-02,-0.9442535079368671,-0.6701340915538407
1993-07-05,-0.001447888949597704,-0.001447888949597704
1993-07-06,-9.567499999999818,-8.592499999999818
1993-07-07,0.7952909890385743,0.7250000000001177
1993-07-08,5.088406595843636,4.8884065958436365
1993-07-09,2.5456254317591793,2.4772229531595933
1993-07-12,4.2269235825340665,4.116923582534067
1993-07-13,-0.3932391948315618,-0.4132391948315618
1993-07-14,1.257032234388624,1.317032234388624
1993-07-15,1.525,1.475
1993-07-16,-2.594999999999872,-2.479999999999872
1993-07-19,-0.9533208373178356,-0.9266604186589817
1993-07-20,-2.7199999999999576,-2.7199999999999576
1993-07-21,-4.105000000000185,-4.105000000000185
1993-07-22,-5.551018904671294,-5.551018904671294
1993-07-23,-1.505437957272867,-1.505437957272867
1993-07-26,2.6949999999999084,2.6949999999999084
1993-07-27,-1.252499999999791,-1.252499999999791
1993-07-28,3.297500000000026,3.297500000000026
1993-07-29,5.792499999999752,5.792499999999752
1993-07-30,0.3125000000000915,0.3125000000000915
1993-08-02,-4.992500000000052,-4.992500000000052
1993-08-03,0.5024999999999085,0.5024999999999085
1993-08-04,-0.0075,-0.0075
1993-08-05,2.540000000000144,2.540000000000144
1993-08-06,-0.012499999999973806,-0.012499999999973806
1993-08-09,3.8699999999999344,3.8699999999999344
1993-08-10,-2.834999999999817,-2.834999999999817
1993-08-11,0.2424999999999085,0.2424999999999085
1993-08-12,1.7949999999999082,1.7949999999999082
1993-08-13,2.7249999999999344,2.7249999999999344
1993-08-16,2.766667080054121,2.766667080054121
1993-08-17,-1.6025,-1.6025
1993-08-18,1.4299999999999085,1.428258641357278
1993-08-19,2.5382594186296545,2.5132594186296546
1993-08-20,1.477500000000026,1.477500000000026
1993-08-23,-1.4417437578597283,-1.4867437578597285
1993-08-24,4.800000000000196,4.8250000000001965
1993-08-25,1.7507570230550382,1.7624999999999083
1993-08-26,5.710000000000052,5.7082373418518335
1993-08-27,-2.43,-2.475
1993-08-30,2.254999999999817,2.269999999999817
1993-08-31,1.6257214531235538,1.6875
1993-09-01,0.0,-0.0017767583447233246
1993-09-02,3.517500000000052,3.562500000000052
1993-09-03,4.665715189543796,4.637499999999987
1993-09-06,-0.0017845634648996523,-0.0017845634648996523
1993-09-07,4.7825000000001445,4.7825000000001445
1993-09-08,-1.641799742473192,-1.6400000000001178
1993-09-09,-6.276801436375062,-6.2499999999998685
1993-09-10,3.6822079962098004,3.6522079962098
1993-09-13,-2.4268168443886657,-2.276816844388666
1993-09-14,-3.2600000000001876,-3.3400000000001877
1993-09-15,-0.6888743508805537,-0.6088743508805537
1993-09-16,0.5924999999998977,0.5824999999998977
1993-09-17,-4.067499999999818,-3.857499999999818
1993-09-20,-1.5474999999999204,-1.5293535222628383
1993-09-21,0.3550000000001819,0.2650000000001819
1993-09-22,-2.0775,-1.8825
1993-09-23,-1.7453218290226244,-1.5821908352959968
1993-09-24,0.5550879077285842,0.5550879077285842
1993-09-27,7.059999999999989,6.8581247446691345
1993-09-28,2.6181194668407914,2.3199999999999164
1993-09-29,-1.0600000000000478,-1.26188642730439
1993-09-30,-4.66999999999994,-4.26999999999994
1993-10-01,4.528094430473852,4.328094430473852
1993-10-04,4.515000000000215,3.940000000000215
1993-10-05,-0.9038757638882287,-0.9519378819441262
1993-10-06,-0.5650000000000835,-0.4250000000000836
1993-10-07,-2.115,-1.855
1993-10-08,4.344999999999881,4.364999999999881
1993-10-11,-2.1149999999998093,-1.894999999999809
1993-10-12,-0.2550000000001074,-0.2750000000001074
1993-10-13,-3.4,-3.0
1993-10-14,2.5150000000000476,2.4950000000000476
1993-10-15,1.6949999999998326,1.6749999999998326
1993-10-18,-6.624999999999773,-6.284999999999773
1993-10-19,-0.67699318404846,-0.5769931840484599
1993-10-20,1.478006323221972,1.4200000000000237
1993-10-21,-3.6550000000000713,-3.7019940204149693
1993-10-22,-0.5970083090729973,-0.8970083090729973
1993-10-25,-4.494036568698951,-4.232018284349404
1993-10-26,1.7279817156504764,1.725963431300929
1993-10-27,-0.9470183124976578,-0.9249999999999163
1993-10-28,1.6779767770717564,1.5429767770717564
1993-10-29,-2.1420262164437727,-2.0220262164437726
1993-11-01,-5.450000000000011,-5.437025923541475
1993-11-02,-4.0547787645804565,-3.894778764580457
1993-11-03,0.6079702032354048,0.5679702032354048
1993-11-04,-2.602032166668276,-2.442032166668276
1993-11-05,-3.5940620753380466,-3.554062075338047
1993-11-08,3.737984742006186,3.6579847420061857
1993-11-09,1.2752087946566235,1.2531934425828501
1993-11-10,-4.727112636392182,-3.7021126363921812
1993-11-11,-0.5163972560483509,-0.9600000000000216
1993-11-12,4.465724019096908,4.367862009548572
1993-11-15,0.034355723903528264,0.03221783494148498
1993-11-16,1.6378604580292748,1.587860458029275
1993-11-17,0.3378593782627761,0.29785937826277614
1993-11-18,-2.6571407685000565,-2.6071407685000563
1993-11-19,-3.402139110359542,-3.3921391103595417
1993-11-22,-1.79713898524298,-1.7892779704861035
1993-11-23,3.092860295837566,3.032860295837566
1993-11-24,-0.6071355879849066,-0.5376715661238823
1993-11-25,-0.002135435417036381,-0.002135435417036381
1993-11-26,1.9250000000001126,1.7700000000001062
1993-11-29,-0.18213471570152148,-0.17213471570151637
1993-11-30,-2.132135100434872,-1.9992702008696996
1993-12-01,1.107863125558671,1.18286312555867
1993-12-02,0.18321616153744794,0.37285808076872395
1993-12-03,-0.6571439302476624,-0.7042878604954005
1993-12-06,3.6853563159172658,3.362856315917271
1993-12-07,0.11074329251710963,0.24824329251710053
1993-12-08,0.5428538284276908,0.6057076568555454
1993-12-09,0.8182078986102655,0.7607078986102694
1993-12-10,-1.9114345868700302,-1.6942897245799828
1993-12-13,-2.0142985386440113,-2.0564478079659576
1993-12-14,-1.0500000000000194,-0.8700000000000182
1993-12-15,0.05820407040807851,0.18070407040806943
1993-12-16,-0.08679592959216308,-0.08929592959215796
1993-12-17,1.4508013135613793,1.4535524595536236
1993-12-20,-0.04929836029747522,0.2257016397025066
1993-12-21,-0.2342998225188337,-0.026694883955756053
1993-12-22,3.983220946770783,3.568581420156089
1993-12-23,0.7785825143724588,0.6014433524966037
1993-12-24,-0.004254082991139872,-0.004254082991139872
1993-12-27,0.495,0.615
1993-12-28,0.398259369437857,0.5157593694378622
1993-12-29,-0.09381356308324554,0.04868643691675446
1993-12-30,-3.026297428428663,-2.7362974284286596
1993-12-31,-0.5362872104435702,-0.47838294725815733
1994-01-03,-2.8425000000000615,-2.425000000000058
1994-01-04,0.9308398161770117,0.6329199080884422
1994-01-05,0.476257939698619,0.6963323324413007
1994-01-06,2.8516772529316965,2.698757939698801
1994-01-07,6.301303993449877,5.37086932896654
1994-01-10,-1.7487547170009035,-2.1175427308437142
1994-01-11,2.0700000000000163,2.090000000000015
1994-01-12,-1.1849999999999679,-1.5574999999999704
1994-01-13,1.160000000000008,1.7950000000000073
1994-01-14,-0.31708213207110364,-0.021664264142173102
1994-01-17,0.13499999999987267,0.1849999999998818
1994-01-18,-0.7499999999999127,-1.0449999999999184
1994-01-19,-3.1049999999999285,-3.2249999999999335
1994-01-20,-0.09754452439707904,-0.37210765816961705
1994-01-21,2.355,2.45
1994-01-24,1.330000000000077,1.3344593229637391
1994-01-25,-1.1275283898443562,-1.125000000000094
1994-01-26,-0.365,-0.375
1994-01-27,0.5800000000001,0.5224716626929256
1994-01-28,-2.432528695493023,-2.5000000000000453
1994-01-31,-1.580000000000087,-1.5895926943271006
1994-02-01,-3.355571781243371,-3.3499999999998837
1994-02-02,0.9949999999998159,0.9899999999998261
1994-02-03,-1.927499999999877,-1.719999999999884
1994-02-04,-5.647500000000011,-5.14500000000001
1994-02-07,0.42417396594910756,0.5423777485882838
1994-02-08,1.4749999999998182,1.4749999999998182
1994-02-09,4.792963714822669,4.790366395723831
1994-02-10,-0.38962753449675497,-0.37703628517759014
1994-02-11,2.340000000000094,2.340000000000094
1994-02-14,0.405,0.4024325006679179
1994-02-15,-2.3031845859486513,-2.3005911307919225
1994-02-16,2.4299999999998634,2.419999999999873
1994-02-17,-8.13000000000005,-8.040000000000049
1994-02-18,-2.7857235625688346,-2.6777582740065364
1994-02-21,-0.0025803401499087495,-0.005592810261874668
1994-02-22,1.6500000000000814,1.500000000000075
1994-02-23,-2.140000000000044,-1.8100000000000407
1994-02-24,-2.425665056365206,-2.1951122161285084
1994-02-25,0.03989193998044301,0.034891939980437894
1994-02-28,0.5974999999999124,0.5674999999999204
1994-03-01,-1.52749999999995,-1.4332489639918407
1994-03-02,-0.8657512925160373,-0.7926512080113983
1994-03-03,-3.9676505702629883,-3.809999999999978
1994-03-04,-2.4549999999999743,-2.372649628544372
1994-03-07,1.792345787524555,1.67999999999998
1994-03-08,-3.25500000000005,-3.175761586990282
1994-03-09,-2.152656115060249,-2.1024999999999454
1994-03-10,-2.4250000000000242,-2.071963915113753
1994-03-11,0.7773248582789953,0.6948248582789953
1994-03-14,5.49300857944501,5.388008579445008
1994-03-15,-1.010204325720846,-1.029582336234024
1994-03-16,1.172311971619406,1.105000000000011
1994-03-17,0.40749999999997444,0.3748147043915944
1994-03-18,-1.6799999999999715,-1.5599999999999772
1994-03-21,-2.2424999999999913,-2.092499999999993
1994-03-22,0.10473811871414057,0.05750000000001819
1994-03-23,0.04249999999998408,0.039747251473254905
1994-03-24,-1.880000000000007,-1.710000000000005
1994-03-25,-1.7149999999999888,-1.6082587441270386
1994-03-28,1.3071694544777799,1.2949999999999966
1994-03-29,-2.27250000000001,-1.9750000000000103
1994-03-30,-1.0024999999999915,-0.7828290049993569
1994-03-31,-3.6607366335252833,-3.4250000000000043
1994-04-01,-1.7618047469720717,-1.489999999999992
1994-04-04,-0.7430705943946412,-0.5649999999999955
1994-04-05,4.384999999999988,4.314999999999988
1994-04-06,0.7296259723429296,0.7164365097466803
1994-04-07,-2.3250000000000215,-2.3484445031235768
1994-04-08,-0.5317913253576727,-0.26858265071537785
1994-04-11,-1.303198465923324,-1.2450000000000052
1994-04-12,1.799999999999993,1.529999999999993
1994-04-13,-0.22999999999999318,-0.06676757092766984
1994-04-14,-3.404999999999997,-3.0874999999999972
1994-04-15,1.2511875805764505,1.113221995707054
1994-04-18,-4.477499999999998,-4.069300375592026
1994-04-19,-0.14465704319186914,-0.16286778239389973
1994-04-20,2.0774999999999983,1.8775
1994-04-21,1.833209289173446,1.533209289173447
1994-04-22,-2.214999999999992,-2.03680446439836
1994-04-25,1.4832032550313616,1.305
1994-04-26,0.05499999999998693,0.023207404591571605
1994-04-27,0.0,0.0
1994-04-28,1.4825000000000101,1.4875
1994-04-29,1.287499999999996,1.1325
1994-05-02,-1.7125000000000012,-1.5175
1994-05-03,-4.915985002130506,-4.3775
1994-05-04,0.8499529208149768,0.7599529208149767
1994-05-05,-3.1875,-2.8009823480445473
1994-05-06,0.12119116050425965,0.2711911605042545
1994-05-09,-1.565,-1.2819116804489696
1994-05-10,1.4705925574623517,1.102500000000002
1994-05-11,0.0925,0.13559202680507396
1994-05-12,1.6275,1.2974999999999888
1994-05-13,-0.13,-0.15999999999998918
1994-05-16,3.4625,2.812499999999989
1994-05-17,0.6141001458231693,0.4261426521716294
1994-05-18,1.095,0.8549999999999978
1994-05-19,0.015,-0.044999999999994315
1994-05-20,0.715,0.6349999999999982
1994-05-23,3.3175,2.767500000000002
1994-05-24,-3.5625,-2.892500000000001
1994-05-25,-1.6175,-1.3075000000000052
1994-05-26,-0.9625,-0.802499999999992
1994-05-27,0.8025,0.7024999999999881
1994-05-30,0.0,0.0
1994-05-31,4.8775,3.93750000000001
1994-06-01,1.07,0.8499999999999939
1994-06-02,0.91,0.6900000000000017
1994-06-03,-3.2025,-2.6424999999999943
1994-06-06,-3.555,-2.9188327981802034
1994-06-07,0.215,0.155
1994-06-08,1.5422427193661188,1.25
1994-06-09,0.20499999999999888,0.1785741374060438
1994-06-10,1.3250000000000017,1.085
1994-06-13,0.6799999999999938,0.54
1994-06-14,0.8499999999999994,0.68
1994-06-15,1.985000000000011,1.575
1994-06-16,-0.15500000000000907,-0.105
1994-06-17,1.4400000000000028,1.13
1994-06-20,-5.147458919916691,-4.155
1994-06-21,-4.407524026138338,-3.435
1994-06-22,-3.347574760251773,-2.6575747602517663
1994-06-23,-0.4275763747262031,-0.35757637472620024
1994-06-24,-0.04257948362544452,-0.05
1994-06-27,-2.250000000000012,-1.8776047731041197
1994-06-28,3.6000000000000014,2.74
1994-06-29,-3.370548530503553,-2.607774265251782
1994-06-30,0.012222243345837044,-0.04277775665415041
1994-07-01,-0.7414200672643871,-0.5797058690484683
1994-07-04,0.0,0.0
1994-07-05,-3.285000000000008,-2.62
1994-07-06,0.297139660937183,0.24
1994-07-07,-0.5549999999999897,-0.475
1994-07-08,-0.3950000000000005,-0.315
1994-07-11,-0.4750000000000063,-0.405
1994-07-12,-0.16285852268769718,-0.12
1994-07-13,0.3700000000000051,0.34
1994-07-14,0.8450000000000016,0.6960616014176954
1994-07-15,-0.505,-0.47
1994-07-18,0.7649999999999972,0.6350000000000028
1994-07-19,-0.4000000000000068,-0.4749999999999931
1994-07-20,-1.022790622145612,-0.7550000000000097
1994-07-21,-0.745000000000001,-0.6917204714306819
1994-07-22,-0.20000000000000626,-0.155
1994-07-25,0.6222202562428769,0.56
1994-07-26,0.29500000000000515,0.285
1994-07-27,-0.8500000000000022,-0.79
1994-07-28,0.3499999999999972,0.3
1994-07-29,1.810000000000007,1.6272119033878554
1994-08-01,-0.15278795421900748,-0.125
1994-08-02,0.17499999999999716,0.125
1994-08-03,-0.33999999999999486,-0.35
1994-08-04,-0.2727884726914851,-0.25278847269148913
1994-08-05,-0.8877880855646623,-0.7177880855646606
1994-08-08,0.549999999999996,0.525978643550807
1994-08-09,-0.374999999999992,-0.374999999999992
1994-08-10,0.3072071852037601,0.309999999999996
1994-08-11,-0.3250000000000023,-0.3200000000000023
1994-08-12,0.11000000000000737,0.052208873855706626
1994-08-15,-0.19279094098748456,-0.1900000000000051
1994-08-16,0.9388150094921247,0.9647488583117094
1994-08-17,0.5249999999999972,0.5722065637388409
1994-08-18,-0.8999999999999995,-0.8999999999999995
1994-08-19,0.17220589513229118,0.1749999999999909
1994-08-22,-0.28499999999998804,-0.28499999999998804
1994-08-23,0.08000000000000114,0.050000000000001134
1994-08-24,0.7422047107023593,0.7899999999999932
1994-08-25,-0.5500000000000063,-0.5800000000000063
1994-08-26,0.29500000000001136,0.2550000000000114
1994-08-29,-0.15500000000000907,-0.22500000000000908
1994-08-30,0.32720664974566793,0.35720664974566796
1994-08-31,0.275932755853562,0.319999999999996
1994-09-01,0.02499999999998181,0.03220523084921985
1994-09-02,-0.10202406071027456,-0.085
1994-09-05,0.0,-0.0042289418455831625
1994-09-06,-0.4324999999999864,-0.2424999999999932
1994-09-07,-0.28250000000000225,-0.21530186751230135
1994-09-08,-0.05999999999998977,-0.10999999999999488
1994-09-09,-1.5500000000000012,-1.4450000000000005
1994-09-12,-0.06250000000000228,0.018418450556736944
1994-09-13,0.1674999999999818,0.1474999999999818
1994-09-14,0.22000000000000228,0.15000000000000227
1994-09-15,0.3350000000000045,0.25500000000000456
1994-09-16,-1.727499999999993,-1.737499999999993
1994-09-19,0.319999999999992,0.309999999999992
1994-09-20,-0.3553227701203924,-0.35032277012039237
1994-09-21,-0.39531953280579313,-0.3903195328057931
1994-09-22,0.187191851681349,0.17438370336270592
1994-09-23,-0.11701037476264978,-0.11280645718605198
1994-09-26,0.007193759399314946,0.004387518798629891
1994-09-27,-0.22780456393749238,-0.324499415815968
1994-09-28,0.33598366652930034,0.3531829816425419
1994-09-29,-0.42779971397870553,-0.4305994279574167
1994-09-30,0.05220365821533245,-0.010592683569336235
1994-10-03,-0.4977981028778709,-0.6350000000000023
1994-10-04,-0.13500000000000512,-0.13500000000000512
1994-10-05,-0.4849999999999944,-0.5040432988057558
1994-10-06,0.24096140782851985,0.375
1994-10-07,0.66,0.75
1994-10-10,0.17,0.2
1994-10-11,0.22220627927363024,0.21815961795898833
1994-10-12,-0.3777942143677039,-0.4427942143676988
1994-10-13,0.185,0.11500000000000796
1994-10-14,-0.16,-0.3200000000000063
1994-10-17,0.105,0.18499999999999597
1994-10-18,0.22,0.3000000000000091
1994-10-19,-0.25,-0.18000000000000682
1994-10-20,-1.125,-1.1549999999999954
1994-10-21,0.14,0.17999999999999092
1994-10-24,-0.385,-0.38999999999999374
1994-10-25,0.08,0.1800000000000063
1994-10-26,-0.056816786435117866,-0.0400000000000091
1994-10-27,-0.4427755604925014,-0.5299999999999949
1994-10-28,0.7949999999999927,0.830985037796565
1994-10-31,0.085,0.095
1994-11-01,-0.23999999999999547,-0.1049999999999909
1994-11-02,-0.10777685636153557,-0.059999999999987494
1994-11-03,0.05526984273462713,0.08499999999999204
1994-11-04,-0.20179906943076206,-0.316960200167062
1994-11-07,-0.2780561835112606,-0.242073991974894
1994-11-08,-0.33149803137202527,-0.3374999999999914
1994-11-09,-0.54777921799169,-0.48777921799169005
1994-11-10,-0.17250000000002386,-0.15250000000002387
1994-11-11,0.8025000000000069,0.7125000000000069
1994-11-14,0.2999999999999898,0.26999999999998975
1994-11-15,0.421666424722421,0.3812947103489397
1994-11-16,0.4222275462873292,0.36499999999998806
1994-11-17,-0.41277339541641517,-0.34999999999998127
1994-11-18,0.3372266105067537,0.25722661050675366
1994-11-21,-0.16524792339445316,-0.127995846788937
1994-11-22,0.8595012769946228,0.7382414471636852
1994-11-23,1.382499999999983,1.0097465486707236
1994-11-24,0.0,-0.004045591864281135
1994-11-25,-0.7125000000000153,-0.6225000000000154
1994-11-28,-0.035253719045649425,-0.017499999999974442
1994-11-29,0.2979858753088975,0.23798587530889748
1994-11-30,-0.18300496929766025,-0.16850993859534208
1994-12-01,-0.0005048563978886879,-0.013257284596822797
1994-12-02,-1.0730085729175627,-1.0435171458351322
1994-12-05,-1.3440248142989288,-1.3840248142989289
1994-12-06,0.8449999999999994,0.8649999999999994
1994-12-07,-1.6090734703572909,-1.6540734703572906
1994-12-08,-0.025,-0.031818912719324764
1994-12-09,-0.1025,-0.022499999999987492
1994-12-12,-0.19139232387560523,-0.23750000000001137
1994-12-13,0.9,0.9
1994-12-14,1.8224999999999993,1.8224999999999993
1994-12-15,-0.14749999999999602,-0.14749999999999602
1994-12-16,-1.0124999999999909,-1.0124999999999909
1994-12-19,0.7974999999999937,0.7974999999999937
1994-12-20,-0.8375,-0.8415319437572648
1994-12-21,-0.745000000000013,-0.695000000000013
1994-12-22,-0.17249999999998808,-0.28499999999998804
1994-12-23,-1.1650000000000051,-1.1650000000000051
1994-12-26,0.0,0.0
1994-12-27,0.18499999999999434,0.43499999999999434
1994-12-28,-0.16147675376244303,-0.294999999999996
1994-12-29,0.9049999999999949,0.9049999999999949
1994-12-30,0.18000000000000282,0.18000000000000282
1995-01-02,0.0,0.0
1995-01-03,0.340000000000004,0.340000000000004
1995-01-04,-0.21000000000000282,-0.21000000000000282
1995-01-05,-1.7600000000000038,-1.7600000000000038
1995-01-06,-0.780000000000001,-0.7826742815774045
1995-01-09,-0.18499999999999092,-0.1876695728631558
1995-01-10,0.4899999999999972,0.4799999999999972
1995-01-11,0.28000000000000114,0.2764731145097912
1995-01-12,-0.9449999999999961,-0.875
1995-01-13,1.739999999999997,1.63
1995-01-16,-0.01999999999999602,-0.0025841779707823902
1995-01-17,-0.310000000000004,-0.3
1995-01-18,0.07999999999999488,0.075
1995-01-19,-0.06500000000000114,-0.05327995462789588
1995-01-20,0.3550000000000068,0.41999999999999305
1995-01-23,-1.059999999999996,-0.9300000000000039
1995-01-24,-0.03321552207245345,0.030000000000001133
1995-01-25,-0.425,-0.41321552207244033
1995-01-26,-0.105,-0.21500000000001473
1995-01-27,1.03,0.7599999999999909
1995-01-30,0.015,-0.06000000000000227
1995-01-31,0.175,0.11500000000002615
1995-02-01,-0.885,-0.745000000000016
1995-02-02,-0.48,-0.42999999999998983
1995-02-03,1.265,0.8700000000000045
1995-02-06,-2.205,-1.9514810226857422
1995-02-07,1.015,0.9204850162484813
1995-02-08,-0.215,-0.19816984199765958
1995-02-09,-0.30689214279926474,-0.45
1995-02-10,-0.660000000000001,-0.563208077674146
1995-02-13,0.12500000000001135,0.12500000000001135
1995-02-14,-0.38000000000000567,-0.13500000000000564
1995-02-15,0.7068181423661417,0.6669634943033101
1995-02-16,0.6099999999999931,0.5649999999999932
1995-02-17,0.17750000000000796,0.0821797017235311
1995-02-20,-0.003223998206330445,0.0
1995-02-21,0.48999999999998983,0.2899999999999898
1995-02-22,0.12000000000001128,0.47000000000001135
1995-02-23,-1.014999999999992,-0.767052292406299
1995-02-24,0.9274999999999839,0.6986168978009681
1995-02-27,0.8167470759089996,1.1281078484742981
1995-02-28,0.6413741139557059,0.5849469495411913
1995-03-01,0.006766319049198943,0.029999999999984085
1995-03-02,-0.6899999999999932,-0.8368504463377616
1995-03-03,0.9099999999999909,0.024999999999988632
1995-03-06,-2.1599999999999677,-1.5874999999999602
1995-03-07,-1.0300000000000045,-0.8425000000000056
1995-03-08,0.23000000000000909,0.7325000000000114
1995-03-09,1.1599999999999566,1.449999999999946
1995-03-10,0.7800000000000296,0.975000000000037
1995-03-13,-0.7332106550880025,-0.025710655088000262
1995-03-14,1.6138716410137783,1.8899999999999593
1995-03-15,-0.853217714504836,-0.5375
1995-03-16,0.6053231539558289,0.5813815357664268
1995-03-17,-1.603195349641417,-1.4743103078664328
1995-03-20,0.37749999999999195,0.026383270232654563
1995-03-21,0.6138797453282403,-0.06000000000004374
1995-03-22,-0.7086185823390667,-0.777500000000016
1995-03-23,-0.87,-0.4834296184580952
1995-03-24,2.8250000000000677,3.0200000000000675
1995-03-27,-0.17250000000005564,0.3949999999999443
1995-03-28,-2.4400000000000244,-2.520000000000024
1995-03-29,1.0700000000000636,0.6365524786114585
1995-03-30,-0.7800000000000438,-0.7800000000000438
1995-03-31,-1.5049999999999444,-1.1799999999999444
1995-04-03,0.16249999999993234,0.9424999999999324
1995-04-04,0.23780120579909286,0.3700000000000438
1995-04-05,0.3399999999999363,0.2299999999999363
1995-04-06,0.9114076708656168,0.9114076708656168
1995-04-07,-0.3900000000000716,-0.39107916028754297
1995-04-10,-0.6474999999999363,-0.4706049120358849
1995-04-11,0.0475,0.22306462928481408
1995-04-12,1.6889150422314125,1.1078300844628488
1995-04-13,2.805788876487643,2.2918868382001047
1995-04-14,0.0,0.0
1995-04-17,0.6924999999999683,0.28499999999996417
1995-04-18,0.8117075581046799,0.705000000000046
1995-04-19,-0.5530446231491636,-0.5999999999999744
1995-04-20,0.08999999999997445,0.606713818126222
1995-04-21,-0.06000000000004602,0.026969916117572976
1995-04-24,-0.21,0.01
1995-04-25,-1.3862264701681115,-0.9179993798623517
1995-04-26,-0.3749999999999602,-0.3949999999999562
1995-04-27,-0.004999999999960164,-0.41499999999995624
1995-04-28,-1.0450000000000625,-1.0261489341058996
1995-05-01,-2.3824999999999603,-1.4199999999999522
1995-05-02,1.0075000000000738,1.5200000000000886
1995-05-03,4.037499999999943,3.8499999999999317
1995-05-04,2.6974999999999945,3.3099999999999925
1995-05-05,6.449999999999938,6.66364556803136
1995-05-08,-1.6138557828565476,-0.9219583241501451
1995-05-09,2.1588870147608143,2.160000000000031
1995-05-10,-1.9150000000000666,-1.6750000000000667
1995-05-11,-0.8849999999999283,-0.8849999999999283
1995-05-12,-0.34500000000001024,-0.34500000000001024
1995-05-15,3.2299999999999742,2.209999999999974
1995-05-16,0.043855590195339834,0.7649999999999744
1995-05-17,-0.8365913161230856,-0.17729178175732435
1995-05-18,-2.4532911689324504,-2.2032911689324504
1995-05-19,1.1363412112111482,0.6375
1995-05-22,-2.2374999999999603,-1.51749999999996
1995-05-23,-0.5668395669561922,0.5143889335237797
1995-05-24,3.773877022807365,3.7375000000000504
1995-05-25,1.3224999999999687,1.2724999999999689
1995-05-26,-1.0612040625995565,-0.6612040625995563
1995-05-29,-0.0012033893409336078,-0.0012033893409336078
1995-05-30,4.184999999999994,3.6849999999999943
1995-05-31,0.06066726163863014,0.06500000000010005
1995-06-01,2.3799999999999457,2.5856074472834414
1995-06-02,1.831211414055006,2.1799228281099716
1995-06-05,1.1011963858051006,0.7411963858051007
1995-06-06,-0.4350000000000136,-0.5863045878170942
1995-06-07,-3.5938055596647454,-3.7675000000000076
1995-06-08,-1.8850000000000138,-1.2863402055736204
1995-06-09,-5.007499999999926,-5.287499999999926
1995-06-12,0.6659280032569369,0.6263278256234172
1995-06-13,5.948647518194959,6.14
1995-06-14,-1.12015120072864,-0.4915305089149279
1995-06-15,-0.816373656779391,-0.8849999999999772
1995-06-16,-0.17387646027129017,-0.4338764602712799
1995-06-19,0.8300000000001125,1.7650000000001
1995-06-20,-0.46999999999996417,-0.6599999999999682
1995-06-21,0.601052299686056,0.6775000000000091
1995-06-22,2.6585403816555773,2.205150731269966
1995-06-23,-0.49249999999996413,-0.6424999999999641
1995-06-26,0.21500000000007166,-1.2249999999999284
1995-06-27,-0.45089829511167767,-1.0191697693389412
1995-06-28,0.4625000000000626,1.0406438477397943
1995-06-29,-3.54100833185085,-4.275000000000057
1995-06-30,0.9998188512803885,1.6277784513157938
1995-07-03,-0.08749999999998863,0.27250000000001134
1995-07-04,0.0,0.0
1995-07-05,0.2624999999999091,0.3824999999999091
1995-07-06,3.7125000000000967,3.6325000000000967
1995-07-07,0.5749999999999204,0.43499999999992045
1995-07-10,0.1375,0.0775
1995-07-11,-1.5624999999999716,-1.4624999999999715
1995-07-12,-0.2500000000000511,0.06999999999994884
1995-07-13,-0.31249999999986927,-0.35589029751584894
1995-07-14,-1.6158931635901703,-1.6125000000000251
1995-07-17,-2.8200000000000816,-2.1800000000000814
1995-07-18,-1.260000000000025,-1.2800000000000251
1995-07-19,-3.432500000000019,-3.832500000000019
1995-07-20,0.11402923018190374,-0.005970769818096248
1995-07-21,-2.475000000000034,-2.115000000000034
1995-07-24,1.4125000000000627,1.2525000000000626
1995-07-25,0.47850895218343337,0.6621228731443303
1995-07-26,-0.9000000000001022,-1.1375000000001023
1995-07-27,1.6100000000000665,1.503081655342431
1995-07-28,-0.8099999999999744,-1.1099999999999746
1995-07-31,1.6799999999998927,1.1549999999998926
1995-08-01,-1.1799999999999746,-1.2424999999999746
1995-08-02,1.7399999999999847,1.5149999999999846
1995-08-03,-1.819999999999949,-2.0234908185651577
1995-08-04,0.9765082544710602,0.737500000000009
1995-08-07,0.5699999999999682,0.4324999999999682
1995-08-08,-0.32,0.23
1995-08-09,-0.7199999999999773,-0.7699999999999773
1995-08-10,-0.58000000000005,-0.85500000000005
1995-08-11,-2.2399999999999225,-2.2899999999999228
1995-08-14,0.06999999999992725,0.3074999999999272
1995-08-15,0.07000000000003184,0.004094143240565907
1995-08-16,1.068778849659413,1.013597960269584
1995-08-17,-0.6533770691344739,-0.7224999999999444
1995-08-18,0.14999999999993632,0.1999999999999363
1995-08-21,0.5700000000000518,1.2200000000000517
1995-08-22,-0.6799999999999801,-0.7924999999999801
1995-08-23,-0.1800000000000358,-0.41750000000003584
1995-08-24,1.5700000000000238,2.045000000000024
1995-08-25,1.9499999999999322,2.583970429641532
1995-08-28,0.23000000000004375,0.6016115551499255
1995-08-29,-0.53999999999998,-0.6899999999999828
1995-08-30,0.710000000000016,0.7250000000000136
1995-08-31,0.5699999999999801,0.8679326345928992
1995-09-01,1.0679347330866111,1.0479347330866131
1995-09-04,-0.0020652669133767983,-0.0020652669133767983
1995-09-05,0.8299999999999443,0.6399999999999523
1995-09-06,0.24000000000000796,-0.029999999999993178
1995-09-07,-0.7733915083271772,-0.4689816990058275
1995-09-08,-0.5820725427349756,-0.5695725427349693
1995-09-11,0.061482312327925906,-0.032962602658274144
1995-09-12,1.3595069739144354,2.2828996249933584
1995-09-13,-0.46500000000004604,-0.2983900588639729
1995-09-14,2.365000000000123,2.405000000000123
1995-09-15,-0.7721096772528812,-0.1321096772528811
1995-09-18,-0.9850000000001022,0.7349999999998977
1995-09-19,0.6291057357214923,0.028052960140401696
1995-09-20,0.6799999999999602,0.5366063560008384
1995-09-21,-2.2124999999999826,-2.062499999999983
1995-09-22,-0.5972235864209469,-0.7149999999999602
1995-09-25,-0.14,-0.49
1995-09-26,-0.6259089813402975,-0.6475000000000114
1995-09-27,-0.1247371096052864,0.01249999999994884
1995-09-28,0.23,0.36435551590887233
1995-09-29,2.6227594054238126,2.8727594054238126
1995-10-02,0.3224999999999562,0.370260571470342
1995-10-03,0.8452568624549331,0.6352568624549331
1995-10-04,0.9249999999999687,0.7749999999999687
1995-10-05,0.6427554653400276,0.7050000000001125
1995-10-06,0.06912665293807192,0.1668822902775138
1995-10-09,-0.062248213940115836,0.23351058454842222
1995-10-10,0.6786930821280798,0.13523682025227152
1995-10-11,0.4916300625767354,1.094999999999999
1995-10-12,0.9874999999998971,0.7041290295313953
1995-10-13,2.8268811163450196,3.3725000000001106
1995-10-16,0.0999999999999282,0.3599999999999334
1995-10-17,0.012696117379397014,-0.28000000000005176
1995-10-18,-0.49250000000001526,-0.48919513405196285
1995-10-19,0.5301955921728495,0.6250000000000718
1995-10-20,-1.6279253664758233,-1.8529253664758234
1995-10-23,-1.3148066751203875,-1.3773066751203875
1995-10-24,2.110389858600019,2.317694929300065
1995-10-25,0.40789028146646933,0.47539028146646933
1995-10-26,-3.407304638309884,-3.477304638309884
1995-10-27,0.5753860070721377,0.5653860070721377
1995-10-30,1.5126931112388984,1.5476931112388983
1995-10-31,-0.2521105452252557,-0.20230527261258965
1995-11-01,1.6470589642551867,1.8276956824713955
1995-11-02,2.567694727387292,2.565389454774626
1995-11-03,-1.8546133377779321,-1.882306668889042
1995-11-06,0.09269187132753559,0.09269187132753559
1995-11-07,-0.9523074640086101,-0.9523074640086101
1995-11-08,0.545383102151194,0.545383102151194
1995-11-09,-1.4523088826759616,-1.4523088826759616
1995-11-10,-0.43730172022889363,-0.43730172022889363
1995-11-13,-0.1922990550931741,-0.1922990550931741
1995-11-14,-2.354614185775801,-2.354614185775801
1995-11-15,-1.0438445439569544,-1.0473597209830714
1995-11-16,3.7899999999998966,3.85999999999989
1995-11-17,1.5503840937832927,1.570384093783303
1995-11-20,-0.27730577880112445,-0.27730577880112445
1995-11-21,-0.8878002630739198,-0.914611143771817
1995-11-22,-0.5623052013515734,-0.5623052013515734
1995-11-23,-0.004609994707751938,-0.004609994707751938
1995-11-24,1.1300000000001658,1.1300000000001658
1995-11-27,-0.2250000000001284,-0.2250000000001284
1995-11-28,-0.37399999999999883,-0.37630106442245104
1995-11-29,4.276696212452317,4.32084508616479
1995-11-30,3.174999999999989,3.284999999999988
1995-12-01,1.7250000000001,1.761853246934019
1995-12-04,4.042698464448679,4.042698464448679
1995-12-05,0.6549999999998992,0.6549999999998992
1995-12-06,-0.600000000000016,-0.600000000000016
1995-12-07,-1.462300555113969,-1.462300555113969
1995-12-08,1.21999999999998,1.21999999999998
1995-12-11,2.644999999999937,2.644999999999937
1995-12-12,0.0700000000000654,0.0700000000000654
1995-12-13,0.3277017295338832,0.3277017295338832
1995-12-14,0.30500000000000177,0.30500000000000177
1995-12-15,-0.07729815461060673,-0.08041205978204
1995-12-18,-0.19730763486423045,-0.3373076348642311
1995-12-19,5.808625397507045,5.915438096260574
1995-12-20,-2.9064768271253434,-2.9064768271253434
1995-12-21,-1.381919258847417,-1.381919258847417
1995-12-22,5.934999999999911,5.934999999999911
1995-12-25,-0.006951789055002848,-0.006951789055002848
1995-12-26,1.4900000000001326,1.4900000000001326
1995-12-27,-1.5675000000001034,-1.5808230617480292
1995-12-28,-0.36288351542887554,-0.45965040038838945
1995-12-29,3.2024999999999615,3.2024999999999615
1996-01-01,0.0,0.0
1996-01-02,2.5525000000001192,2.5525000000001192
1996-01-03,1.6925000000000137,1.6925000000000137
1996-01-04,-0.0350000000000663,-0.0350000000000663
1996-01-05,-1.8625000000000296,-1.8625000000000296
1996-01-08,-3.334999999999999,-3.334999999999999
1996-01-09,1.9778228515329521,1.9778228515329521
1996-01-10,-6.34499999999994,-6.34499999999994
1996-01-11,-2.5479132688202872,-2.5479132688202872
1996-01-12,3.9678884696161654,3.9648030389166933
1996-01-15,1.9576304097066213,1.9276304097066201
1996-01-16,-3.5973257035554687,-3.605000000000044
1996-01-17,2.0278269739786783,1.7555577413301846
1996-01-18,5.095000000000091,5.025000000000085
1996-01-19,2.8475000000000454,2.8675000000000415
1996-01-22,-4.0049454323661235,-3.9149454323661197
1996-01-23,-1.189940290243707,-1.1499402902437006
1996-01-24,0.6275000000000139,0.5975000000000129
1996-01-25,-2.9099999999999944,-2.7999999999999954
1996-01-26,2.9493913617252114,2.88612269600337
1996-01-29,2.361726008088191,2.5100000000000406
1996-01-30,2.9250000000000242,2.865000000000022
1996-01-31,1.24325504885434,1.1832550488543516
1996-02-01,-0.1650000000000046,-0.1650000000000046
1996-02-02,0.790000000000044,0.81000000000004
1996-02-05,-1.5800000000000078,-1.550000000000007
1996-02-06,0.5950000000000535,0.5850000000000485
1996-02-07,0.17260846337459637,0.1826084633746015
1996-02-08,0.3900000000000586,0.3769822437368462
1996-02-09,1.6876259409525212,1.6876259409525212
1996-02-12,1.8018089679790124,1.7936950240379277
1996-02-13,0.6151367592268566,0.5026367592268566
1996-02-14,1.347499999999989,1.6199999999999897
1996-02-15,-1.5109868554000043,-1.293538902114261
1996-02-16,0.8528939406020442,1.075000000000031
1996-02-19,0.0,0.0
1996-02-20,-5.7949999999999,-5.144999999999899
1996-02-21,1.129362111217504,1.1199999999999015
1996-02-22,2.1976702156437047,2.1976702156437047
1996-02-23,1.0970820317003132,1.0999999999999808
1996-02-26,0.29999999999993743,0.25999999999993123
1996-02-27,-2.4752391871077077,-2.6130612561177067
1996-02-28,-2.4552629277307867,-2.7382356059347774
1996-02-29,-1.8960732979741892,-1.9029400212596004
1996-03-01,0.2649999999999662,0.8999999999999613
1996-03-04,0.009490170556121447,0.32381114752830265
1996-03-05,0.2889250696345497,0.2894851836436093
1996-03-06,-0.12750000000001746,-0.21750000000002084
1996-03-07,3.272890704634881,3.2459999999999987
1996-03-08,-3.6560000000000277,-5.001000000000031
1996-03-11,2.404898730249799,2.7539047974115425
1996-03-12,-1.544999999999993,-1.6086637736773939
1996-03-13,0.017500000000002503,0.15750000000000233
1996-03-14,1.6467265708766425,1.7700000000000102
1996-03-15,-3.447499999999996,-3.5574999999999957
1996-03-18,2.14478048702912,2.3949999999999836
1996-03-19,-0.9975000000000073,-0.9775000000000112
1996-03-20,1.7124999999999941,1.8124999999999885
1996-03-21,-0.18799999999998976,-0.14799999999998353
1996-03-22,0.3705000000000047,0.35050000000000875
1996-03-25,1.2225000000000048,1.2825000000000073
1996-03-26,2.5995015286861722,2.5995015286861722
1996-03-27,-0.2080000000000148,-0.28800000000002735
1996-03-28,-0.4399999999999822,-0.5599999999999725
1996-03-29,5.628000000000006,5.688000000000009
1996-04-01,2.179979125286861,2.1899791252868517
1996-04-02,0.8149999999999902,0.8649999999999873
1996-04-03,3.0150000000000223,3.005000000000032
1996-04-04,3.629999999999996,3.5699999999999936
1996-04-05,-1.1779736269157624,-1.4545327216725292
1996-04-08,3.943294184642423,3.7998510142041027
1996-04-09,0.14099999999998664,0.23099999999997584
1996-04-10,6.295895046979138,6.249425409351595
1996-04-11,-4.390386716475655,-4.572886716475647
1996-04-12,0.551532768516909,1.2105147243559615
1996-04-15,-0.8559999999999934,-0.7559999999999935
1996-04-16,-3.998025957431922,-3.998025957431922
1996-04-17,1.8655203263255258,1.7530203263255257
1996-04-18,4.38,4.2675
1996-04-19,-1.2123166559309446,-1.0748166559309447
1996-04-22,1.8850000000000038,1.9975000000000038
1996-04-23,-0.0800000000000023,-0.1050000000000023
1996-04-24,0.2879999999999997,0.17549999999999974
1996-04-25,1.9784918726024685,2.019500000000012
1996-04-26,-3.1393299722159984,-3.0268299722160013
1996-04-29,-3.105000000000001,-3.2450000000000068
1996-04-30,2.8349999999999986,2.6150000000000055
1996-05-01,4.335,4.332500000000005
1996-05-02,-6.557537887609228,-7.186154694045406
1996-05-03,2.9674367561904,2.927436756190394
1996-05-06,0.7424237663504805,0.7624237663504765
1996-05-07,-0.3060000000000051,-0.315999999999996
1996-05-08,3.366,3.405999999999992
1996-05-09,0.3600000000000004,0.35646803367267516
1996-05-10,3.5100000000000042,3.5100000000000042
1996-05-13,3.2940000000000023,3.2940000000000023
1996-05-14,0.12599999999999595,0.12599999999999595
1996-05-15,2.3039999999999945,2.3039999999999945
1996-05-16,3.092102246470727,3.0891101224209154
1996-05-17,-1.1700000000000095,-1.1700000000000095
1996-05-20,-4.139999999999995,-4.139999999999995
1996-05-21,-1.4428528862070835,-1.4428528862070835
1996-05-22,0.6950000000000077,0.6950000000000077
1996-05-23,4.215999999999993,4.215999999999993
1996-05-24,1.3620661335950643,1.3620661335950643
1996-05-27,0.0,0.0
1996-05-28,1.7439999999999942,1.7439999999999942
1996-05-29,-4.883999999999995,-4.883999999999995
1996-05-30,-0.3829815164610781,-0.3829815164610781
1996-05-31,0.5249999999999987,0.5249999999999987
1996-06-03,-3.330000000000005,-3.330000000000005
1996-06-04,1.6200000000000079,1.6200000000000079
1996-06-05,-2.1359999999999992,-2.1359999999999992
1996-06-06,2.2859999999999987,2.2859999999999987
1996-06-07,0.269999999999994,0.269999999999994
1996-06-10,2.2499999999999987,2.2499999999999987
1996-06-11,-2.5709999999999966,-2.5709999999999966
1996-06-12,-1.0739999999999987,-1.0739999999999987
1996-06-13,-0.7050000000000047,-0.7050000000000047
1996-06-14,-0.018300885830861903,-0.014656703161219233
1996-06-17,0.06499999999999921,0.11499999999999636
1996-06-18,4.644999999999995,4.624999999999998
1996-06-19,-0.7349999999999931,-0.7649999999999941
1996-06-20,-0.48000000000000254,-0.49999999999999856
1996-06-21,0.7099999999999935,0.7399999999999946
1996-06-24,-1.3449999999999998,-1.3250000000000037
1996-06-25,1.9049999999999994,1.9350000000000005
1996-06-26,-1.2049999999999954,-1.1849999999999994
1996-06-27,-0.8049999999999901,-0.7249999999999919
1996-06-28,3.7149999999999936,3.8249999999999926
1996-07-01,2.2758897683076773,2.2754687994092344
1996-07-02,-1.7899999999999978,-1.839999999999995
1996-07-03,0.3100000000000025,0.34000000000000363
1996-07-04,0.0,0.0
1996-07-05,-5.560000000000008,-5.849999999999999
1996-07-08,-0.2900000000000032,-0.2900000000000032
1996-07-09,3.5750000000000104,3.6150000000000024
1996-07-10,0.42999999999998445,0.4961261924322731
1996-07-11,3.5300000000000145,3.643687798194633
1996-07-12,4.184999999999997,4.395
1996-07-15,-2.155000000000002,-2.307499999999994
1996-07-16,-3.8799999999999906,-3.51132555750218
1996-07-17,-2.5035419345835437,-2.5760419345835315
1996-07-18,-1.269984567373722,-0.6013280124865561
1996-07-19,-0.5139999999999917,-0.9054226837843757
1996-07-22,-2.6800564587601614,-3.190999999999964
1996-07-23,1.5221520332125502,1.8809999999999876
1996-07-24,-1.8559999999999928,-2.5509999999999997
1996-07-25,-0.49000000000000843,-0.5200000000000085
1996-07-26,-0.54,-0.4799999999999846
1996-07-29,2.246000000000002,1.8321530030406903
1996-07-30,-0.3201298477257509,0.008999999999969987
1996-07-31,-0.597953856057885,0.1410000000000149
1996-08-01,4.2750000000000075,5.7400000000000135
1996-08-02,0.23999999999999475,0.9699999999999971
1996-08-05,0.08104408666165297,-0.259999999999989
1996-08-06,0.8649999999999934,0.8049999999999627
1996-08-07,0.47250000000001435,0.3750000000000382
1996-08-08,1.910897866861873,2.0858978668618695
1996-08-09,0.867499999999987,1.2860645582950505
1996-08-12,3.738580628886058,4.27500000000004
1996-08-13,1.5970000000000095,1.4579708836981715
1996-08-14,0.1124999999999932,0.10749999999997785
1996-08-15,0.37846904353788496,0.06533280185266652
1996-08-16,0.06398178263320135,0.3196629703003971
1996-08-19,0.5484679659906126,0.26250000000001356
1996-08-20,0.11999999999998885,-0.12393031097629278
1996-08-21,-0.5229999999999976,-0.7055000000000021
1996-08-22,0.9279999999999909,0.8911737945566085
1996-08-23,-1.5243264104865641,-2.0899999999999688
1996-08-26,0.466999999999992,0.3644999999999785
1996-08-27,1.3350000000000013,1.577500000000006
1996-08-28,-0.9569999999999893,-1.4344999999999735
1996-08-29,-1.564999999999994,-1.8224999999999825
1996-08-30,-2.9773539215588714,-3.7648539215588896
1996-09-02,0.0,-0.003922355499750878
1996-09-03,0.833000000000003,0.9479999999999944
1996-09-04,-2.534035923112432,-3.1449999999999787
1996-09-05,-0.5505000000000088,-0.7445333039287534
1996-09-06,2.2524999999999964,2.401078226415778
1996-09-09,0.6875000000000037,0.8150000000000082
1996-09-10,0.9000000000000117,0.9656127750168737
1996-09-11,-1.76592775385926,-2.3820000000000197
1996-09-12,2.2024999999999944,2.7499999999999862
1996-09-13,1.1070000000000149,1.2820000000000473
1996-09-16,-2.967500000000016,-3.485000000000043
1996-09-17,-0.3447183378618973,-0.8191809476516897
1996-09-18,0.4804999999999955,0.412999999999992
1996-09-19,-1.3954999999999897,-1.6629999999999778
1996-09-20,-0.5875000000000031,-0.445000000000015
1996-09-23,0.36300000000000543,0.4380000000000361
1996-09-24,0.9094999999999949,1.1169999999999745
1996-09-25,0.47549999999999665,0.8929999999999881
1996-09-26,-0.8599999999999932,-0.9899999999999745
1996-09-27,-0.7324248040484401,-0.9980000000000233
1996-09-30,-1.7409344351237663,-2.4220000000000015
1996-10-01,1.7625644944064154,2.01756449440643
1996-10-02,-0.22700000000000914,-0.28700000000001485
1996-10-03,-0.3849999999999883,-0.42499999999997806
1996-10-04,0.7805710439738689,1.1941146422539268
1996-10-07,0.9410401721467027,0.9299999999999399
1996-10-08,-0.2149999999999718,0.04000000000004639
1996-10-09,-2.104440336181852,-2.5244403361818466
1996-10-10,-1.8765477974156957,-2.410000000000056
1996-10-11,-2.6949999999999745,-3.054999999999959
1996-10-14,-2.755000000000003,-2.5394633250970684
1996-10-15,-0.006506983511151826,-0.006506983511151826
1996-10-16,-3.689999999999978,-3.92499999999997
1996-10-17,4.476999999999943,4.596999999999919
1996-10-18,-0.37534338015986235,-0.49534338015986007
1996-10-21,-1.3099999999999832,-1.4930060167728123
1996-10-22,-2.264999999999989,-2.3824999999999767
1996-10-23,-0.6434201428258062,-0.3850000000000002
1996-10-24,-1.2750000000000152,-1.6075000000000255
1996-10-25,-0.8999999999999952,-0.8689332317986356
1996-10-28,1.9950000000000014,2.2425000000000015
1996-10-29,-0.4450000000000218,0.45802283532414445
1996-10-30,-1.960000000000002,-1.9450000000000018
1996-10-31,1.8300000000000345,1.845000000000053
1996-11-01,1.0676899991329882,0.8396674461719064
1996-11-04,1.0161557506451793,0.8774999999999986
1996-11-05,-0.1150000000000222,-0.17250000000002783
1996-11-06,0.1540000000000066,0.1577011266748507
1996-11-07,0.07228867528320543,0.36000000000009175
1996-11-08,1.1124999999999987,1.0848553177626508
1996-11-11,-0.26899999999999674,-0.28899999999999676
1996-11-12,0.8302568973827186,1.2252568973827134
1996-11-13,0.006000000000003274,0.16100000000000325
1996-11-14,1.9097781704246666,2.171836979184008
1996-11-15,-0.4959521930357655,-0.7200000000000599
1996-11-18,0.2625000000000362,0.2300000000000441
1996-11-19,0.8702054588578745,0.9037419081221032
1996-11-20,1.0905579642675856,1.5300000000000777
1996-11-21,0.9799999999999071,1.1199999999998889
1996-11-22,-0.579999999999909,-0.6662053163818811
1996-11-25,0.46382407032861644,0.5405243001470946
1996-11-26,0.920000000000054,0.8200000000000643
1996-11-27,0.05000000000000316,0.006629900134773143
1996-11-28,-0.0033670695108993553,0.0
1996-11-29,1.4000000000000392,1.617500000000046
1996-12-02,0.43599999999994005,-0.0015000000000701674
1996-12-03,0.30400000000005956,0.39650000000006985
1996-12-04,-1.3740545154409665,-1.7327862806908154
1996-12-05,-2.747500000000059,-2.7425000000000637
1996-12-06,-2.29316193834083,-2.3492491983523847
1996-12-09,2.6600000000000263,2.5000000000000306
1996-12-10,0.9930000000000414,0.7696321272275172
1996-12-11,-4.228000000000067,-4.258000000000073
1996-12-12,-1.2197495624219423,-1.128729597180331
1996-12-13,2.6304999999999823,2.4554999999999825
1996-12-16,-0.013248565446711514,0.011751434553288488
1996-12-17,1.5000000000000226,1.7000000000000226
1996-12-18,-1.1175000000000144,-1.1968732929826418
1996-12-19,2.1819999999999875,2.1819999999999875
1996-12-20,0.6398525716035693,0.5997204662540662
1996-12-23,0.4631701223372262,0.3449999999999596
1996-12-24,0.19499999999999512,0.3199999999999951
1996-12-25,-0.0026786682810452664,-0.0026786682810452664
1996-12-26,-0.1269999999999979,-0.10199999999999788
1996-12-27,0.4100000000000133,0.24000000000001437
1996-12-30,0.05749999999999841,-0.2050000000000016
1996-12-31,-3.035500000000004,-2.863000000000004
1997-01-01,-0.007528783494105141,-0.0031444689149323995
1997-01-02,-0.9899999999999618,-0.9899999999999618
1997-01-03,2.7748371704325194,2.7479999999999674
1997-01-06,0.5750000000000366,0.7918409206694266
1997-01-07,0.5799999999999923,0.5799999999999923
1997-01-08,0.4650000000000244,0.34500000000002445
1997-01-09,0.8299999999999538,0.7699999999999538
1997-01-10,-0.37310291492241776,0.17000000000003165
1997-01-13,-0.0700000000000492,-0.03310233240514612
1997-01-14,2.621866167514413,2.9850000000000274
1997-01-15,-0.13056919351944973,0.27943080648054625
1997-01-16,-0.8009999999999687,-0.7550666466346835
1997-01-17,0.8709999999999625,0.8019449953398768
1997-01-20,-0.11,-0.55
1997-01-21,2.0499777433378754,1.9599777433378773
1997-01-22,0.15100000000001196,0.25100000000001593
1997-01-23,0.5599999999999795,0.59602594440924
1997-01-24,-1.1859999999999506,-1.0659999999999388
1997-01-27,-1.4240000000000304,-1.46790013280266
1997-01-28,1.4401247468841856,1.5939999999999912
1997-01-29,-0.8389999999999807,-1.0159978284730506
1997-01-30,0.9449999999999631,0.4949999999999631
1997-01-31,1.5500000000000544,1.4000000000000545
1997-02-03,1.1839999999999862,0.9839999999999863
1997-02-04,0.6474429883099931,1.0974429883099928
1997-02-05,0.5399999999999819,0.9899999999999822
1997-02-06,0.2162904424278703,-0.1337095575721297
1997-02-07,1.200000000000009,1.450000000000009
1997-02-10,1.012482732849242,1.012482732849242
1997-02-11,0.23400000000002724,0.3840000000000273
1997-02-12,0.7459999999999828,0.8929098242220435
1997-02-13,0.9889999999999792,0.9589999999999723
1997-02-14,1.8247144775198791,1.8328716483670935
1997-02-17,0.0,-0.0034674626447002044
1997-02-18,-0.5910000000000061,0.8939999999999939
1997-02-19,1.8375275535446864,2.0925275535446906
1997-02-20,0.5655335031010403,1.5538716464178917
1997-02-21,1.5180309709481814,1.9125000000000492
1997-02-24,-0.7370844776576575,-1.316472007918487
1997-02-25,0.05449999999997924,0.491533373915777
1997-02-26,-5.923399291359977,-6.829999999999995
1997-02-27,-9.080951250128326,-8.695951250128326
1997-02-28,3.3987059493626353,3.558705949362632
1997-03-03,-0.8734052646396814,0.0519475693959351
1997-03-04,-0.2149999999999865,-0.3949999999999865
1997-03-05,-1.8299999999999954,-2.369999999999995
1997-03-06,1.404999999999975,2.274999999999975
1997-03-07,2.080000000000008,1.8966026704355021
1997-03-10,1.47999999999996,1.8299999999999599
1997-03-11,-1.1299999999999581,-1.5049999999999581
1997-03-12,-1.5850000000000046,-2.285000000000004
1997-03-13,-0.44499999999998385,0.17326676725824805
1997-03-14,2.2921500146753813,2.592150014675381
1997-03-17,0.2700000000000344,0.2700000000000344
1997-03-18,0.4799999999999736,0.26999999999997365
1997-03-19,1.0721599184854522,1.3449999999999969
1997-03-20,1.012298598835767,1.1044602185870076
1997-03-21,-0.15499999999998795,-0.2779237452292414
1997-03-24,1.1609999999999872,1.0834999999999873
1997-03-25,1.1170952800705243,1.355000000000008
1997-03-26,0.38150000000000345,0.38150000000000345
1997-03-27,-0.7493453002868166,-0.6415000000000113
1997-03-28,-0.0028097366504697733,-0.0028097366504697733
1997-03-31,-1.454999999999999,-1.6549999999999994
1997-04-01,0.07000000000001073,0.08000000000001074
1997-04-02,-1.0704123347627492,-1.0704123347627492
1997-04-03,-2.7044999999999924,-2.9344999999999923
1997-04-04,0.1221944841045021,0.01499999999999536
1997-04-07,3.9370000000000025,4.234200027750571
1997-04-08,0.2254999999999966,0.2254999999999966
1997-04-09,0.10200000000000396,0.07200000000000396
1997-04-10,0.4175000000000029,0.5475000000000029
1997-04-11,-1.5425000000000035,-1.7251973590058003
1997-04-14,0.1973564978985435,0.2773376606571902
1997-04-15,0.3971345529509729,-0.06267599495261747
1997-04-16,-0.9925000000000018,-1.2700000000000018
1997-04-17,1.4670000000000072,1.409378239861478
1997-04-18,1.3403791840777783,1.3229999999999895
1997-04-21,0.04250000000000273,0.22000000000000275
1997-04-22,0.7674999999999994,0.6949999999999994
1997-04-23,0.17931537443004303,0.09931537443004303
1997-04-24,-1.578500000000007,-1.691000000000007
1997-04-25,-0.9850000000000029,-0.960000000000003
1997-04-28,-4.781499999999994,-5.083999999999994
1997-04-29,2.7922888118789464,2.422235676910953
1997-04-30,1.1229999999999951,1.030552259831653
1997-05-01,0.800000000000005,0.8244744932298735
1997-05-02,1.1997740890450528,1.1074999999999995
1997-05-05,-0.389895259289122,-0.5675000000000017
1997-05-06,-0.508,-0.8904088456289886
1997-05-07,-1.6818856693324942,-1.6068856693324942
1997-05-08,1.5346181898761302,1.519295472231619
1997-05-09,0.22749999999999787,0.5451086694528224
1997-05-12,-0.28268271460147476,-0.5199999999999967
1997-05-13,0.3055978226743684,0.27559782267436844
1997-05-14,0.2894999999999974,0.22949999999999743
1997-05-15,0.56064765140331,0.5329999999999936
1997-05-16,0.04899276802789926,0.12127720795828878
1997-05-19,0.48315047643313264,0.4180000000000209
1997-05-20,-0.030901419873835052,-0.39307140509245175
1997-05-21,0.9749999999999978,1.0499999999999967
1997-05-22,0.032692701816523,-0.062307298183473026
1997-05-23,-0.6876008501666586,-0.9400000000000022
1997-05-26,-0.00222447278017015,-0.00222447278017015
1997-05-27,-1.2949999999999853,-1.5649999999999853
1997-05-28,-0.01724943659515969,0.17999999999998575
1997-05-29,0.4523258471369692,0.29007641054182376
1997-05-30,-0.047249436595142726,2.7284841053187848e-15
1997-06-02,0.7999999999999884,1.137732722879123
1997-06-03,0.1100000000000082,0.19740727226875265
1997-06-04,-0.24999999999999392,-0.5499999999999939
1997-06-05,-2.132681138515577,-1.9526811385155773
1997-06-06,0.31999999999999623,0.5147612800479647
1997-06-09,0.35599999999999077,0.06349999999997825
1997-06-10,0.4723953314572114,0.247500000000012
1997-06-11,0.671781205728614,0.6639999999999842
1997-06-12,1.3650000000000218,1.5775000000000303
1997-06-13,0.5599999999999961,0.7149999999999932
1997-06-16,0.7587688023970289,0.3809281475359761
1997-06-17,0.8788469021233328,0.8639999999999771
1997-06-18,1.6760000000000403,1.3412133308443392
1997-06-19,-2.4050000000000225,-2.565000000000033
1997-06-20,0.26677345029716865,0.364215179746908
1997-06-23,0.6349999999999997,0.39782569673037477
1997-06-24,0.3778189766450053,0.5278189766450054
1997-06-25,-0.6190000000000055,-1.0565494315325457
1997-06-26,-0.06849999999999036,-0.4659999999999818
1997-06-27,0.7353031366806796,0.6499999999999253
1997-06-30,0.23750000000001292,0.16779877903113122
1997-07-01,2.8634999999999957,2.9359999999999906
1997-07-02,-1.9141313555465893,-1.6469251478317122
1997-07-03,2.6627938478711375,3.207793847871151
1997-07-04,0.0,-0.002606489925269751
1997-07-07,3.2039999999999664,3.143999999999951
1997-07-08,1.1660000000000004,1.1960000000000004
1997-07-09,0.260240273118147,0.7900000000000724
1997-07-10,1.9914635498871676,1.773999999999999
1997-07-11,0.44849999999994417,0.695999999999935
1997-07-14,-2.288541021839419,-1.398537592464991
1997-07-15,-7.629781197170237,-7.024833702689672
1997-07-16,8.168246838946066,7.883150619971275
1997-07-17,-0.10714952178063897,-0.19959384773348876
1997-07-18,-1.4699999999999804,-1.2925469404265326
1997-07-21,0.3374901292217838,-0.2050000000000116
1997-07-22,3.7249999999999974,4.277499999999995
1997-07-23,0.42500000000000737,0.48000000000000964
1997-07-24,1.2350000000000012,1.085000000000001
1997-07-25,0.21500000000001857,0.02250000000002419
1997-07-28,-0.33500000000002766,0.12999999999996434
1997-07-29,1.4124072578243003,1.9474072578242843
1997-07-30,0.7963697363491994,1.1490000000000227
1997-07-31,-0.35258207580650863,-0.06764225610767377
1997-08-01,-4.056660695757186,-4.633999999999935
1997-08-04,0.8466712010046376,0.6519875274798715
1997-08-05,0.5240000000000519,0.334000000000061
1997-08-06,1.2634999999999759,1.4059999999999717
1997-08-07,-1.872499999999976,-2.1499999999999715
1997-08-08,-1.4460000000000568,-1.7960000000000662
1997-08-11,0.805876285639867,0.757994574079193
1997-08-12,0.43799999999996925,0.6779999999999693
1997-08-13,0.7900000000000047,0.8150000000000046
1997-08-14,2.187000000000016,2.2170000000000156
1997-08-15,-0.025807358713159617,-0.13901423025532078
1997-08-18,0.5243966463680952,0.5443966463680953
1997-08-19,0.3870000000000008,0.4620000000000008
1997-08-20,0.5521169538012436,0.5299999999999924
1997-08-21,-2.359999999999979,-2.359999999999979
1997-08-22,1.3899999999999864,1.3899999999999864
1997-08-25,-0.4320000000000092,-0.4320000000000092
1997-08-26,-0.46499999999996766,-0.4680178619895048
1997-08-27,1.0199999999999683,1.1049999999999682
1997-08-28,0.970000000000075,0.915000000000075
1997-08-29,-1.7125837448658536,-1.7100000000000393
1997-09-01,0.0,0.0
1997-09-02,2.024999999999986,2.1349999999999834
1997-09-03,-0.0524999999999508,-0.07249999999994171
1997-09-04,-1.3000000000000278,-1.3500000000000327
1997-09-05,-0.24749999999998173,-0.3774999999999777
1997-09-08,1.2373757332756898,1.2323757332756857
1997-09-09,0.2624999999999727,0.2874999999999676
1997-09-10,0.4174999999999958,0.4474999999999946
1997-09-11,-0.5174999999999824,-0.44249999999997836
1997-09-12,1.778499999999974,1.7134999999999683
1997-09-15,0.3749059569333837,0.4023695322120001
1997-09-16,3.5725000000000104,3.52750000000001
1997-09-17,0.11991810823834947,0.1275
1997-09-18,0.530000000000047,0.520000000000047
1997-09-19,-0.36000000000000343,-0.39000000000000346
1997-09-22,2.055000000000009,2.152500000000009
1997-09-23,-2.8375135135967646,-2.9225000000000354
1997-09-24,1.0875000000000328,1.0625000000000329
1997-09-25,-1.5375000000000167,-1.5675000000000168
1997-09-26,0.5575000000000048,0.5175000000000047
1997-09-29,1.825000000000025,1.8500000000000252
1997-09-30,1.2499999999999971,1.229999999999997
1997-10-01,1.9899999999999904,1.9599999999999904
1997-10-02,0.5275000000000047,0.5443948329926185
1997-10-03,-0.3524999999999979,-0.3550303234051124
1997-10-06,1.9350000000000092,1.9950000000000117
1997-10-07,0.9649701857020601,0.9974999999999233
1997-10-08,-2.5526179144419703,-2.557803028883408
1997-10-09,0.2834999999999718,0.23339550529030278
1997-10-10,-0.28749999999998493,-0.3374999999999821
1997-10-13,0.10674942391366928,0.10674942391366928
1997-10-14,2.6515000000000444,2.7182345998627
1997-10-15,0.04672704570770071,0.08500000000002074
1997-10-16,-0.5600000000000008,-0.5600000000000008
1997-10-17,-1.5676247020690433,-1.6509162246913693
1997-10-20,2.34450000000003,2.4019204883241954
1997-10-21,0.5946937199461717,0.688000000000002
1997-10-22,0.639499999999976,0.639499999999976
1997-10-23,-3.542499999999979,-3.545827458354583
1997-10-24,-5.128038113167432,-5.138038113167432
1997-10-27,-29.315760497303152,-29.37242717062369
1997-10-28,10.876895346126222,10.876895346126222
1997-10-29,-0.07499999999996161,-0.07499999999996161
1997-10-30,-0.08250000000001874,-0.08250000000001874
1997-10-31,0.4949999999999469,0.49170590810622133
1997-11-03,1.1130000000000169,1.1580000000000168
1997-11-04,-0.20128716774319017,-0.22299999999995254
1997-11-05,-0.2925000000000543,-0.2925000000000543
1997-11-06,0.17050000000003718,0.16722948403481702
1997-11-07,-0.2929999999999995,-0.25299999999999945
1997-11-10,-0.3257615361223565,-0.42749999999997657
1997-11-11,0.0,0.0
1997-11-12,-0.8275000000000233,-0.8275000000000233
1997-11-13,0.2724999999999753,0.2724999999999753
1997-11-14,0.15123936240652702,0.1506273965611415
1997-11-17,1.4205000000000005,1.4205000000000005
1997-11-18,-0.1100000000000633,-0.1100000000000633
1997-11-19,0.4794086732473962,0.4794086732473962
1997-11-20,-0.4019999999999687,-0.4019999999999687
1997-11-21,1.1720000000000097,1.1720000000000097
1997-11-24,-0.8720000000000091,-0.8720000000000091
1997-11-25,-0.07800000000003238,-0.07800000000003238
1997-11-26,0.5101210838549273,0.5180000000000734
1997-11-27,0.0,-0.002458481093222332
1997-11-28,-0.05000000000004629,-0.060000000000046225
1997-12-01,1.0759999999999994,0.9019999999999997
1997-12-02,0.5540000000000456,0.39800000000004565
1997-12-03,0.3635504337237717,0.40200000000001046
1997-12-04,-0.16000000000003983,-0.24000000000003582
1997-12-05,-1.235999999999982,-1.1444387891705217
1997-12-08,-0.3194333970714507,-0.39799999999997254
1997-12-09,0.19999999999990903,0.2679999999999091
1997-12-10,0.9399999999999723,1.026569447111535
1997-12-11,0.5599999999999825,0.717535950251928
1997-12-12,0.9075368211075658,0.8300000000000662
1997-12-15,-0.18000000000001024,-0.35000000000001014
1997-12-16,0.11690267525335563,0.08690267525335546
1997-12-17,0.5595583325299099,0.42499999999998905
1997-12-18,0.03000000000005775,0.1068975095184171
1997-12-19,-0.2540903646056182,0.11600000000005585
1997-12-22,0.3159999999999074,0.12091238150185442
1997-12-23,-0.896,-0.559
1997-12-24,0.44692638087754266,0.2519263808775422
1997-12-25,0.0,0.0
1997-12-26,0.5099999999999525,0.3099999999999529
1997-12-29,0.9060000000000374,0.4840000000000369
1997-12-30,-0.6910000000000103,-0.7340000000000102
1997-12-31,0.7495164076762539,0.7545164076762542
1998-01-01,-0.003061018229321888,0.0
1998-01-02,2.390000000000066,2.130000000000066
1998-01-05,3.382000000000015,3.3269468139043905
1998-01-06,-0.1200098568767188,0.030000000000010595
1998-01-07,-0.852944050539609,-0.9330612675447222
1998-01-08,0.6169319320749242,1.1099999999999024
1998-01-09,-2.780566612990447,-0.9430666129904401
1998-01-12,-1.512555227773858,-0.9580628530731808
1998-01-13,2.3319201679919637,1.32447575542524
1998-01-14,-0.9720592404796441,-1.0550000000000122
1998-01-15,-1.1180000000000416,-0.9350000000000517
1998-01-16,0.3055709285696607,-0.16499999999997125
1998-01-19,0.0,0.0
1998-01-20,-0.21999999999996306,-0.31499999999995937
1998-01-21,-1.3200000000000371,-0.760000000000041
1998-01-22,0.2320000000000833,0.075000000000092
1998-01-23,-2.9500000000000877,-2.997467073295486
1998-01-26,1.5648904784425153,1.5024184175400817
1998-01-27,-1.509499999999946,-1.427499999999939
1998-01-28,-1.5679999999999994,-1.13748463192435
1998-01-29,0.23999999999999508,0.6899999999999951
1998-01-30,1.1174806754294466,1.034999999999977
1998-02-02,0.5304999999999919,0.14249999999999072
1998-02-03,0.7470000000000718,0.610000000000082
1998-02-04,-0.210000000000062,-0.13302932690517086
1998-02-05,-0.8044999999999808,-0.8424999999999777
1998-02-06,-0.4154999999999992,-0.30749999999999944
1998-02-09,-1.312500000000044,-1.1325000000000502
1998-02-10,0.920000000000034,0.7300000000000397
1998-02-11,1.3599999999999814,1.2499999999999782
1998-02-12,-0.2524999999999359,-0.24249999999992697
1998-02-13,0.009380975865169706,0.16544334533283983
1998-02-16,0.0,0.0
1998-02-17,0.43549999999994443,0.5274999999999365
1998-02-18,-1.9705000000000104,-1.5725000000000104
1998-02-19,0.26304448090569804,0.12750000000007358
1998-02-20,-1.8275000000000103,-1.42750000000001
1998-02-23,-0.93300000000005,-0.8650000000000501
1998-02-24,-0.5894999999999933,-0.8974999999999939
1998-02-25,0.746999999999976,0.7549999999999764
1998-02-26,0.20300000000003218,0.02677689040912341
1998-02-27,1.1075000000000408,0.7375000000000358
1998-03-02,-1.0155000000000594,-1.0235000000000518
1998-03-03,-1.3150263114083192,-1.0752189022795162
1998-03-04,-0.7649999999999635,-0.4025232120806001
1998-03-05,-0.647209763006666,-0.3990000000000311
1998-03-06,1.1350000000000153,0.8650000000000133
1998-03-09,-0.060524743088312113,0.19147525691168535
1998-03-10,0.19300000000000045,0.12100000000000025
1998-03-11,1.8500000000000052,1.1870573987258166
1998-03-12,0.9749999999999832,0.794999999999986
1998-03-13,-0.905000000000031,-0.6679593387342736
1998-03-16,0.3100000000000072,0.18000000000000593
1998-03-17,0.1200000000000553,0.010000000000045884
1998-03-18,0.3999999999999683,0.1999999999999739
1998-03-19,0.029999999999970897,-0.14573637067352715
1998-03-20,0.5772626625200814,0.30500000000002464
1998-03-23,1.0649999999999993,0.7421673538267768
1998-03-24,-0.060000000000030695,-0.09500000000002558
1998-03-25,-0.5877740579965797,-0.5727740579965872
1998-03-26,0.3073847599874512,0.04938475998745229
1998-03-27,-0.7167564091824268,-0.5137564091824303
1998-03-30,-0.13500000000000645,-0.14274035064136184
1998-03-31,1.0049999999999844,0.8593974791330048
1998-04-01,1.0233968067121688,0.8969999999999593
1998-04-02,0.5672416853611535,0.4800000000000109
1998-04-03,-0.07499999999998026,0.1673978316368324
1998-04-06,0.9799999999999934,0.6922759696510752
1998-04-07,0.09732451471703196,0.06800000000001977
1998-04-08,0.18939467425105427,0.1023315719467123
1998-04-09,0.6473358793849714,0.3843957122680128
1998-04-10,0.0,0.0
1998-04-13,-0.9960000000000414,-0.8990000000000345
1998-04-14,1.6883731577457137,1.411373157745708
1998-04-15,-0.19500000000002132,-0.15059832304559323
1998-04-16,-0.5155947548741843,-0.4749999999999516
1998-04-17,0.5229999999999454,0.434404929873125
1998-04-20,0.742000000000048,0.6610000000000401
1998-04-21,-0.6230594312989831,-0.525595485641428
1998-04-22,1.43700000000003,1.153000000000025
1998-04-23,-0.7325923760516785,-0.6385923760516734
1998-04-24,-1.0050000000000237,-0.8550000000000196
1998-04-27,-1.8340000000000036,-1.8380000000000032
1998-04-28,0.823995147066673,0.8403756350230804
1998-04-29,0.6025000000000478,0.5001222190709158
1998-04-30,1.8975738534727113,1.6244122128878875
1998-05-01,0.7999999999999651,0.749999999999965
1998-05-04,0.3070293856798566,0.4570293856798565
1998-05-05,-1.512499999999966,-1.362499999999966
1998-05-06,-0.13000000000003553,-0.010000000000035515
1998-05-07,-0.5655787820681386,-0.5755787820681386
1998-05-08,1.4964999999999926,1.3264999999999925
1998-05-11,1.0650000000000264,0.7250000000000264
1998-05-12,-0.22750000000000556,-0.31750000000000556
1998-05-13,-0.4150000000000159,-0.2850000000000159
1998-05-14,-0.24749999999996816,-0.24749999999996816
1998-05-15,0.665821454679043,0.6144224199294261
1998-05-18,-4.133096426431323,-4.1230964264313235
1998-05-19,0.8078274288055777,0.7322306728108634
1998-05-20,-1.6890000000000123,-1.5130000000000121
1998-05-21,0.40664348338283685,0.3406434833828367
1998-05-22,-0.05999999999997954,-0.03560087939641859
1998-05-25,-0.0022985539751788067,-0.0022985539751788067
1998-05-26,-3.227500000000036,-2.7875000000000347
1998-05-27,-0.5881493729879917,-0.502499999999974
1998-05-28,0.4126491999016678,0.37500000000001715
1998-05-29,0.4170055127355883,0.3876550071207348
1998-06-01,-2.6023457589602037,-2.677345758960204
1998-06-02,2.9762613811561933,3.0962613811561934
1998-06-03,1.679301967086113,1.5236039341722105
1998-06-04,0.7101478070802186,0.6374999999999589
1998-06-05,0.6175000000000003,0.3951411712883932
1998-06-08,0.5116285776101751,0.3530000000000001
1998-06-09,-0.8514999999999987,-0.7054999999999989
1998-06-10,-0.9098709440734968,-0.7898709440734968
1998-06-11,-3.1198700076565893,-2.6998700076565885
1998-06-12,0.7784227300535848,0.9018680607440326
1998-06-15,0.02249999999998445,-0.15750000000001554
1998-06-16,-1.067381214705107,-0.8098165317503728
1998-06-17,-0.6650000000000608,-0.013137425867921042
1998-06-18,-1.5126921577823276,-1.3120394302130292
1998-06-19,-2.0700000000000207,-1.6200000000000208
1998-06-22,0.5730528159824874,0.41305281598248733
1998-06-23,-1.855000000000047,-1.470000000000047
1998-06-24,-1.3596772046629648,-1.079838602331483
1998-06-25,0.2509999999999944,0.0811522766383908
1998-06-26,-0.3433335454021814,-0.5309999999999989
1998-06-29,2.481,2.0335731935539205
1998-06-30,-0.014934218789566262,0.4075328906052421
1998-07-01,1.800000000000007,1.520000000000007
1998-07-02,0.20262425667806058,0.03329971313926896
1998-07-03,-0.0022122418378945448,-0.0022122418378945448
1998-07-06,1.2049999999999437,1.0249999999999437
1998-07-07,-0.38499999999997614,-0.09499999999997612
1998-07-08,-0.32599999999997475,-0.20599999999997476
1998-07-09,0.575000000000006,0.38500000000000595
1998-07-10,2.0709999999999464,1.7209999999999464
1998-07-13,-0.43099999999998345,-0.3109999999999834
1998-07-14,1.7460000000000233,1.476000000000023
1998-07-15,0.57,0.44
1998-07-16,-0.09943480552020449,-0.016000000000060754
1998-07-17,-0.5729999999999997,-0.38242003843840255
1998-07-20,2.060000000000007,1.820000000000007
1998-07-21,-0.543422715764294,-0.6299999999999392
1998-07-22,0.04199999999996896,-0.012000000000030991
1998-07-23,-0.03999999999997012,-0.03336721674638397
1998-07-24,0.6223043160024752,0.5349999999999696
1998-07-27,-0.7121524146134046,-0.7726839399711537
1998-07-28,-0.7026852943294165,-0.7500000000000622
1998-07-29,0.18531481400436015,0.18531481400436128
1998-07-30,0.056661868875360774,0.09500000000003021
1998-07-31,1.1973130788964481,0.9573130788964483
1998-08-03,0.1809999999999801,0.06865523823390424
1998-08-04,-0.2576888014706867,-0.2226888014706918
1998-08-05,-0.3336780083899078,-0.3759999999999984
1998-08-06,1.0233219831755578,0.973321983175563
1998-08-07,-2.0836798398413108,-2.023679839841317
1998-08-10,-1.7850000000000337,-1.5576836765160758
1998-08-11,-1.4850000000000005,-1.5450000000000004
1998-08-12,-0.0016930646043049598,-0.2323983159705618
1998-08-13,2.905553834944627,2.4803127029214824
1998-08-14,-0.6367874607226639,-0.6760469517851666
1998-08-17,-1.5796813149765991,-1.3106813149765986
1998-08-18,0.5684947678880773,0.5253186850234001
1998-08-19,-0.37500000000006684,-0.3323502863373849
1998-08-20,-2.355681397684713,-2.4906813976847175
1998-08-21,-2.5709340642172602,-2.7609340642172553
1998-08-24,0.2585851086653792,0.2812576889312594
1998-08-25,1.9750000000000447,1.732325478098842
1998-08-26,1.0473188221100689,0.6085173123928718
1998-08-27,0.5186495161971606,0.6035000000000423
1998-08-28,2.7688096685183963,2.3538096685184002
1998-08-31,1.9674999999999796,1.7324529705847163
1998-09-01,-1.526550943983366,-1.3205139830884352
1998-09-02,-0.7900000000000656,-0.7921115096649884
1998-09-03,-2.5150000000000143,-1.905000000000015
1998-09-04,-0.07389341013040263,0.020000000000072213
1998-09-07,-0.002123427305048073,-0.002123427305048073
1998-09-08,-2.6400000000000183,-2.340000000000018
1998-09-09,2.8578467351248533,2.7250000000000263
1998-09-10,2.1749999999999754,2.130018871088655
1998-09-11,-0.07714120449143079,-0.28714120449143077
1998-09-14,0.08281174876505089,0.09529670468223449
1998-09-15,-0.30499999999997757,-0.28147665299569
1998-09-16,1.8089825574606793,1.574500000000031
1998-09-17,1.0730000000000095,1.21276184327511
1998-09-18,2.3699999999999632,2.575073503727195
1998-09-21,0.16207407712106947,0.16676192651856964
1998-09-22,-1.1669999999999405,-1.3316868533707302
1998-09-23,1.6519999999999482,1.8944999999999403
1998-09-24,-0.9819138141646253,-0.7271974113375534
1998-09-25,-0.32750986640021906,-0.237499999999995
1998-09-28,-1.6452091624158232,-1.6452091624158232
1998-09-29,0.945499999999924,0.945499999999924
1998-09-30,3.574500000000041,3.574500000000041
1998-10-01,3.248000000000031,3.248000000000031
1998-10-02,-0.1025000000000519,-0.1025000000000519
1998-10-05,-0.784999999999944,-0.784999999999944
1998-10-06,-1.2802149998896268,-1.2802149998896268
1998-10-07,-5.9394999999999785,-5.9394999999999785
1998-10-08,-4.3432592316481955,-4.354296158241315
1998-10-09,-5.857692139971504,-5.517692139971504
1998-10-12,0.8021117620836099,0.6846718111637847
1998-10-13,-3.729999999999971,-3.064999999999965
1998-10-14,1.8926420842035088,2.04855005877808
1998-10-15,0.6509986126824876,0.670183545154077
1998-10-16,2.995500000000015,3.2870000000000177
1998-10-19,1.3545000000000011,1.1302785891837257
1998-10-20,0.5904999999999673,0.23278890985508272
1998-10-21,0.10999999999999235,0.02499999999999236
1998-10-22,-0.47299999999995745,-0.44299999999995743
1998-10-23,-0.501252382812918,-0.8270000000000411
1998-10-26,-0.504999999999934,-0.4099999999999342
1998-10-27,0.5749999999999765,0.974999999999976
1998-10-28,0.1409999999999845,0.2819999999999848
1998-10-29,0.11649999999999518,0.37799999999999495
1998-10-30,1.1035000000000306,0.32200000000003054
1998-11-02,0.45749999999997853,-0.10500000000002166
1998-11-03,0.7736932618632014,0.6229999999999786
1998-11-04,-0.4174999999999929,-0.8471308731887076
1998-11-05,-0.13180797793488197,-0.08899999999997349
1998-11-06,-0.4343208846586973,-0.76065015658627
1998-11-09,0.1747103063821599,0.50899999999993
1998-11-10,-2.095301594624205,-1.5518015946241996
1998-11-11,-0.649999999999977,-0.5649999999999725
1998-11-12,1.0674999999999566,1.1039999999999484
1998-11-13,1.3980636790746028,0.9388244850953169
1998-11-16,0.32818291531119703,0.23500000000002155
1998-11-17,0.3949999999999515,0.25999999999994183
1998-11-18,-0.5790000000000167,-0.39782947449962947
1998-11-19,0.37000000000004474,0.19500000000006304
1998-11-20,1.353999999999958,1.3157005502977697
1998-11-23,0.9103766795824056,0.7550000000000368
1998-11-24,-0.3032824079943794,-0.3517824079943851
1998-11-25,0.09271836258778625,-0.016611073501084893
1998-11-26,0.0,-0.004296222350389937
1998-11-27,-0.7179999999999652,-0.5379999999999537
1998-11-30,-0.8350000000000207,-0.37500000000002764
1998-12-01,1.4612117931288209,1.6079999999999712
1998-12-02,1.7677304632788762,2.0142304632788717
1998-12-03,0.43223495976630855,0.44723495976632105
1998-12-04,-0.443346831165506,-0.8262911099877519
1998-12-07,0.5452622245160831,0.19526222451608072
1998-12-08,2.7424695857400505,2.8742692145106012
1998-12-09,0.8987775983872393,1.0902775983872364
1998-12-10,1.1832882211325075,1.1749843432031921
1998-12-11,-0.5837098760513617,-0.8587098760513644
1998-12-14,0.6880129694438767,0.7146080911925882
1998-12-15,0.45230390240626334,0.17300608041119064
1998-12-16,2.9923050928412684,3.174456414260104
1998-12-17,0.17946702672953635,0.12000000000008368
1998-12-18,1.6073154748071443,1.4496309496143283
1998-12-21,-0.16766670991703309,-0.4319943734124658
1998-12-22,-0.16432119770375442,-0.43766673070755474
1998-12-23,-1.7191415285962233,-2.0616415285962217
1998-12-24,-1.5376427562850041,-1.7126427562849964
1998-12-25,-0.0043208280181967545,-0.006963664333228366
1998-12-28,3.1174999999999353,3.3199999999999275
1998-12-29,0.5924999999999767,0.789999999999974
1998-12-30,2.9955000000000966,3.0753894461649964
1998-12-31,1.0246249021213303,1.0071249021213207
1999-01-01,-0.004328621286609803,0.0
1999-01-04,2.235000000000009,1.9800000000000104
1999-01-05,0.0704999999999638,-0.1630000000000413
1999-01-06,-3.802499999999936,-3.8393520676426256
1999-01-07,0.6416089420693182,0.43366341310398343
1999-01-08,-2.8526131317790453,-3.062613131779052
1999-01-11,-2.474999999999908,-2.7112956123063556
1999-01-12,-3.5555000000000208,-3.8800024005026734
1999-01-13,-10.099438932487443,-9.322240159480069
1999-01-14,-1.694973940503223,-1.507155865936341
1999-01-15,7.042064633159184,5.817500000000049
1999-01-18,-0.005435288859803968,-0.013399118558347991
1999-01-19,1.7164999999999657,1.4154999999999658
1999-01-20,-1.2164999999999764,-1.1204999999999765
1999-01-21,0.01500000000001428,0.04500000000001419
1999-01-22,0.20649999999995589,0.2629796975232699
1999-01-25,-0.6025201311009225,-0.5125201311009223
1999-01-26,0.5134812511945652,0.319481251194565
1999-01-27,0.2900000000000042,0.34748299971125024
1999-01-28,0.25648251244032105,0.16048251244032122
1999-01-29,1.3749830282651803,1.2249830282651804
1999-02-01,-1.1425000000000127,-1.2550194702040305
1999-02-02,-1.0665000000000138,-1.1105000000000138
1999-02-03,0.39252825726533264,0.41500000000001747
1999-02-04,-0.5609999999999874,-0.6244718908825125
1999-02-05,-0.8257065996208577,-0.8457065996208579
1999-02-08,-0.46109982688790563,-0.4574999999999744
1999-02-09,0.5525313055435308,0.6297031561597525
1999-02-10,-1.4150000000000005,-1.6765000000000005
1999-02-11,1.9021698018400781,1.849999999999976
1999-02-12,0.9400000000000182,0.3990626726396417
1999-02-15,-0.05219434261041529,-0.05084999912152853
1999-02-16,1.5000000000000009,1.2900000000000011
1999-02-17,0.5790000000000068,0.5010000000000068
1999-02-18,-1.6499999999999897,-1.5228615668975984
1999-02-19,0.17713803645304396,0.22474920315840424
1999-02-22,1.019761876151811,0.9321351209390158
1999-02-23,-0.6879999999999947,-0.5549999999999972
1999-02-24,3.245000000000013,3.1250000000000067
1999-02-25,0.34339405866867895,0.48970618253638387
1999-02-26,2.269843184924609,1.9
1999-03-01,-0.820442459675978,-0.6881029295509224
1999-03-02,-3.623,-3.2447245429568348
1999-03-03,0.7954784627519659,0.7754784627519621
1999-03-04,-0.10994551143438029,-0.24194551143436938
1999-03-05,0.5298476917091092,0.2949999999999764
1999-03-08,-1.916499999999996,-2.203499999999992
1999-03-09,0.2428343587219538,0.15356029563083834
1999-03-10,-0.009999999999999818,-0.10999999999999982
1999-03-11,-0.010000000000000774,-0.09000000000000086
1999-03-12,2.396499999999986,1.9815228610856024
1999-03-15,0.7183466776309733,0.6333169294257377
1999-03-16,-2.657499999999992,-2.327499999999989
1999-03-17,-0.366979312576896,-0.29512276918574737
1999-03-18,0.21749999999999767,0.1214999999999966
1999-03-19,-2.1574999999999958,-1.7674999999999936
1999-03-22,-1.518782364327878,-1.2570250073014242
1999-03-23,2.9348712464843376,2.6881460966755664
1999-03-24,0.1723120656738567,0.08815603283694524
1999-03-25,0.5674999999999829,0.6024999999999744
1999-03-26,0.5640000000000014,0.5698613446863583
1999-03-29,2.483500000000006,2.538500000000009
1999-03-30,-0.49499999999998673,-0.58499999999998
1999-03-31,4.732499999999994,4.3074999999999894
1999-04-01,1.5811294811837417,1.4261294811837433
1999-04-02,-0.44250000000000683,-0.5325000000000103
1999-04-05,2.981000000000009,2.816000000000014
1999-04-06,-0.1975000000000055,-0.47250000000000836
1999-04-07,0.5225,0.6625
1999-04-08,-0.47849999999998855,-0.6584999999999829
1999-04-09,-1.9926565180589026,-1.8657222596039489
1999-04-12,3.248939182450725,2.888142355898918
1999-04-13,-0.8920000000000031,-0.9120000000000058
1999-04-14,-0.8604999999999897,-0.6779999999999794
1999-04-15,-1.2475000000000078,-1.070000000000016
1999-04-16,2.5230000000000024,2.293000000000004
1999-04-19,1.8006298425328948,2.0369999999997557
1999-04-20,-2.4619999999999957,-2.201999999999992
1999-04-21,1.9519999999999955,1.8569999999999909
1999-04-22,3.3100000000000076,3.0600000000000147
1999-04-23,0.20499999999999036,0.27499999999998126
1999-04-26,2.70500000000001,2.275000000000019
1999-04-27,1.2131485646256552,0.9999999999999986
1999-04-28,0.8880000000000012,0.9630000000000025
1999-04-29,0.9270257957133907,0.7470257957133886
1999-04-30,0.404999999999996,0.5199999999999919
1999-05-03,0.3151494132812949,0.42514941328129036
1999-05-04,-2.1519999999999944,-1.931999999999988
1999-05-05,0.837000000000004,0.6820000000000074
1999-05-06,-0.8569999999999971,-0.8719999999999944
1999-05-07,1.7481887489939412,1.7481887489939285
1999-05-10,-0.006814241521052261,0.13318575847895628
1999-05-11,-0.250000000000007,-0.1500000000000144
1999-05-12,-0.9649999999999903,-0.8999999999999807
1999-05-13,0.25,0.1700000000000006
1999-05-14,-0.490000000000011,-0.38178886290543845
1999-05-17,-0.5070387584948997,-0.403642485292504
1999-05-18,2.0420000000000016,1.9670000000000025
1999-05-19,0.4803598823378177,0.3653598823378261
1999-05-20,0.5682419144256181,0.578241914425609
1999-05-21,-2.124122835029021,-2.1759999999999815
1999-05-24,3.324232292768858,2.964232292768858
1999-05-25,-8.331769086325078,-8.183123280980324
1999-05-26,-0.23396759391329275,-0.2039675939132916
1999-05-27,-3.374999999999991,-3.184999999999986
1999-05-28,-0.06399999999998786,0.0913532763673974
1999-05-31,-0.007059352654101361,0.0
1999-06-01,1.2974999999999883,0.9199999999999884
1999-06-02,1.3999999999999877,1.2699999999999878
1999-06-03,-2.815646503617644,-2.593146503617644
1999-06-04,3.9845740036657924,3.6506362831163877
1999-06-07,1.9814999999999956,1.7610318024892602
1999-06-08,-1.5846743502158291,-1.283145930131063
1999-06-09,0.7393879674949213,0.7375000000000568
1999-06-10,0.7574999999999918,0.7324999999999918
1999-06-11,2.7799999999999767,2.5799999999999765
1999-06-14,-0.16999999999997706,-0.16499999999997705
1999-06-15,3.3199999999999745,2.959999999999974
1999-06-16,1.4350000000000454,1.2850000000000454
1999-06-17,0.44629882244715935,0.2599999999999598
1999-06-18,-1.4549999999999947,-1.3954607556717824
1999-06-21,1.5950000000000342,1.276626159636813
1999-06-22,2.7749999999999635,2.454999999999971
1999-06-23,-0.8799999999999855,-1.0724999999999885
1999-06-24,1.3500000000000085,0.9525000000000069
1999-06-25,-1.6049999999999802,-1.552499999999984
1999-06-28,2.142500000000009,2.3462500000000075
1999-06-29,-1.019169536896876,-0.7754195368968748
1999-06-30,-0.6200000000000316,-0.0025000000000253747
1999-07-01,4.8197717554662995,4.205000000000003
1999-07-02,4.438702189243573,4.035398087104453
1999-07-05,0.0,-0.001767832295811764
1999-07-06,4.4599999999999635,3.939999999999971
1999-07-07,0.8850000000000313,0.815000000000025
1999-07-08,2.4937499999999635,2.278749999999971
1999-07-09,0.8778973210986409,0.7007221637011076
1999-07-12,-2.910249999999958,-2.8971006218559157
1999-07-13,1.3924999999999996,1.377244330568077
1999-07-14,-0.4612500000000129,-0.4427961265456366
1999-07-15,-2.223749999999982,-2.114999999999987
1999-07-16,3.7789999999999546,3.8239999999999665
1999-07-19,-1.3689085561558119,-1.221954278077907
1999-07-20,-3.45875,-3.415
1999-07-21,-3.871018024892868,-3.9060180248928735
1999-07-22,0.3822179355215403,-0.08604809671767959
1999-07-23,-4.213693873651222,-4.277858846891573
1999-07-26,3.682849178066194,3.465698356132361
1999-07-27,3.98529018338307,3.7274950966159315
1999-07-28,0.8377973680694923,0.8377973680694936
1999-07-29,-2.6730000000000156,-2.70300000000001
1999-07-30,-0.41700000000000964,-0.3870000000000062
1999-08-02,-4.5449999999999955,-4.349999999999996
1999-08-03,-1.6097452127268608,-1.5797452127268676
1999-08-04,-1.9929999999999957,-1.9229999999999974
1999-08-05,-0.8263177580295414,-0.8492279229456643
1999-08-06,0.49006965825789983,0.5030000000000117
1999-08-09,1.2099999999999786,1.1049999999999838
1999-08-10,-2.040000000000009,-2.010000000000007
1999-08-11,6.619560427634156,6.5740447637299
1999-08-12,2.522665393528981,2.5230706666569755
1999-08-13,0.10652340249634802,0.27745021805155623
1999-08-16,-0.6078353147674952,-0.5124992622965822
1999-08-17,-0.9087500000000011,-0.665000000000001
1999-08-18,-0.30249999999997934,-0.29306233215371313
1999-08-19,1.3157500000000075,1.1870000000000052
1999-08-20,0.6312500000000076,0.6300000000000059
1999-08-23,0.8567499999999812,0.8329999999999858
1999-08-24,1.6007500000000197,1.9120000000000155
1999-08-25,-1.395144880760546,-0.9770000000000011
1999-08-26,0.3860296071857749,0.3169999999999997
1999-08-27,-0.1119999999999979,-0.1219999999999979
1999-08-30,0.009386282857811505,0.03615294548602896
1999-08-31,0.7304045016539241,0.7002709659998622
1999-09-01,-0.1749999999999899,-0.13637157033030617
1999-09-02,-0.3359668572459556,-0.41750000000000487
1999-09-03,0.574249999999986,0.5808652982248702
1999-09-06,-0.0033691291773571275,-0.0026209141198431027
1999-09-07,-1.240499999999987,-1.240499999999987
1999-09-08,1.4654999999999876,1.4654999999999876
1999-09-09,0.8326617948361317,0.8326617948361317
1999-09-10,2.034865393041456,2.0374999999999845
1999-09-13,0.3950000000000056,0.3573640112587845
1999-09-14,0.25986407435824804,0.25986407435824804
1999-09-15,1.966000000000009,1.966000000000009
1999-09-16,-2.707936235601559,-2.707936235601559
1999-09-17,2.1773947752207685,2.1773947752207685
1999-09-20,2.2724999999999884,2.2665316931934676
1999-09-21,-0.37509371297428556,-0.44134371297428554
1999-09-22,1.1224070938870427,1.1699070938870428
1999-09-23,0.857405069422783,1.1224050694227832
1999-09-24,-1.1650950110270692,-0.9321044935653114
1999-09-27,-1.0708617044394901,-1.3288537846109525
1999-09-28,-2.4725000000000095,-2.6762500000000093
1999-09-29,0.247500000000001,0.016250000000001
1999-09-30,3.309876924374765,3.6162499999999986
1999-10-01,-0.41499999999999665,-0.6899999999999966
1999-10-04,-2.1024999999999974,-1.958749999999997
1999-10-05,1.6050000000000044,1.3425000000000045
1999-10-06,-0.6926316240453803,-0.7176316240453803
1999-10-07,1.5599999999999936,1.5474999999999937
1999-10-08,2.954852538237776,2.986102538237776
1999-10-11,-0.135,-0.135
1999-10-12,-1.5200000000000047,-1.6075000000000046
1999-10-13,-3.1575000000000037,-3.3137500000000037
1999-10-14,-2.74287447950204,-2.8553744795020397
1999-10-15,-1.354407263041702,-1.123157263041702
1999-10-18,-1.4101575063856748,-1.4914075063856749
1999-10-19,3.1400000000000023,3.0400000000000023
1999-10-20,0.7250000000000056,0.6846012417718398
1999-10-21,0.188000000000005,0.167000000000005
1999-10-22,1.3848536926130202,1.26360369261302
1999-10-25,-1.8476508219455112,-1.8326508219455113
1999-10-26,-0.2000000000000025,-0.2383744372158149
1999-10-27,1.029126950069886,1.1462499999999862
1999-10-28,0.9025000000000019,1.0587500000000019
1999-10-29,2.5423514939412146,2.7248514939412143
1999-11-01,-0.39014829930008993,-0.46639829930008975
1999-11-02,1.2244999999999995,1.2188502981974092
1999-11-03,2.0453626509624763,2.0919636538183055
1999-11-04,0.9500000000000044,1.165000000000002
1999-11-05,-0.8790199564800564,-0.6656360406738057
1999-11-08,2.5379999999999856,2.484639038916503
1999-11-09,0.03250000000000216,-0.013749999999998408
1999-11-10,3.5018696143038177,3.3931196143038114
1999-11-11,0.5216402861959367,0.525
1999-11-12,1.517999999999999,1.6929999999999987
1999-11-15,-0.8515150190444156,-0.8706803539958495
1999-11-16,-0.38526584319193324,-0.457000000000001
1999-11-17,2.404500000000001,2.401145776435248
1999-11-18,-0.12210941697024183,-0.14710941697024754
1999-11-19,0.56575,0.5557499999999949
1999-11-22,-2.120110952603953,-2.17011095260395
1999-11-23,-0.05075000000000319,-0.04574999999999352
1999-11-24,1.742086399958672,1.7320863999586669
1999-11-25,0.0,0.0
1999-11-26,-1.3827499999999975,-1.4127499999999986
1999-11-29,-0.7612500000000013,-0.8462499999999951
1999-11-30,1.225,1.2499999999999913
1999-12-01,-3.51725,-3.5456025895976215
1999-12-02,-1.4493750000000012,-1.4493750000000012
1999-12-03,4.939919292853737,4.939919292853737
1999-12-06,-2.7048453673722612,-2.7048453673722612
1999-12-07,1.924375,1.924375
1999-12-08,1.5832500000000005,1.5832500000000005
1999-12-09,3.588,3.588
1999-12-10,0.7526249999999969,0.7526249999999969
1999-12-13,1.54125,1.54125
1999-12-14,-2.5362499999999963,-2.5362499999999963
1999-12-15,1.4226249999999994,1.4226249999999994
1999-12-16,-1.1925000000000008,-1.1925000000000008
1999-12-17,-0.5224263202602563,-0.5224263202602563
1999-12-20,-1.7587499999999978,-1.7587499999999978
1999-12-21,1.0331249999999983,1.0331249999999983
1999-12-22,-1.7562500000000014,-1.7562500000000014
1999-12-23,-1.8279658957227427,-1.8279658957227427
1999-12-24,0.0,-0.003253393550150378
1999-12-27,-4.618500000000286,-4.656000000000286
1999-12-28,2.006250000000001,2.0875000000000012
1999-12-29,0.16425185882386076,0.10167315936269529
1999-12-30,-0.5798186029260128,-0.5865000000000117
1999-12-31,0.6250000000002952,0.6250000000002952
2000-01-03,4.048999999999716,4.048999999999716
2000-01-04,-5.248749999999985,-5.248749999999985
2000-01-05,0.42361196260989886,0.42361196260989886
2000-01-06,-1.4854999999999856,-1.4854999999999856
2000-01-07,-0.47951164469735574,-0.47951164469735574
2000-01-10,0.5462499999999945,0.5462499999999945
2000-01-11,-0.9299999999997717,-0.9358615311141764
2000-01-12,-7.620500000000215,-7.440500000000205
2000-01-13,-0.6795598524350929,-0.6939748962978723
2000-01-14,1.0668888765550175,1.009444438277519
2000-01-17,-0.00254923426245621,-0.00254923426245621
2000-01-18,0.4375000000000087,0.5125000000000087
2000-01-19,-0.9808009679293594,-0.8032499999997904
2000-01-20,-0.2449999999999713,-0.28755078117207855
2000-01-21,-2.101897149405553,-1.9263078460322673
2000-01-24,-2.923305616628642,-2.3652185479709775
2000-01-25,-0.5238037719409511,-0.463803771940951
2000-01-26,3.145124999999966,2.6625609992583965
2000-01-27,-2.0022106119063983,-1.612070203968633
2000-01-28,0.3218749999997652,0.11930233249681624
2000-01-31,1.6856924334963577,1.2082500000000156
2000-02-01,-0.9204877097498371,-0.670487709749837
2000-02-02,1.5718234708592855,1.525124999999971
2000-02-03,3.4442499999999905,3.3109713121117514
2000-02-04,0.5837500000000281,0.805580770783004
2000-02-07,-0.26812499999996814,-0.34624999999996814
2000-02-08,0.6611333699731938,0.7705083699731938
2000-02-09,-0.23937499999999318,-0.39874999999999317
2000-02-10,-1.1181250000000504,-1.0462500000000505
2000-02-11,1.59625000000005,1.3492505078522259
2000-02-14,-0.1975000000000501,0.029999999999941976
2000-02-15,1.3094840178055853,1.3157160704088018
2000-02-16,-0.22250000000002046,-0.10000000000002388
2000-02-17,0.6485000000002548,0.4810000000002508
2000-02-18,0.4143750000000168,0.4837500000000191
2000-02-21,-0.002764433988932915,-0.002764433988932915
2000-02-22,-2.4525000000002755,-2.2450000000002714
2000-02-23,4.33485852373596,3.686249999999952
2000-02-24,-0.906249999999964,-0.8812499999999583
2000-02-25,1.7250000000000458,1.4067949416616046
2000-02-28,0.12999999999996162,0.1549999999999616
2000-02-29,-1.3707084289764921,-0.9425000000000311
2000-03-01,1.1724999999999988,1.0174999999999974
2000-03-02,1.3235419032982811,1.348541903298281
2000-03-03,-0.7537499999999829,-0.6137499999999795
2000-03-06,-0.8602499999999699,-0.5552499999999629
2000-03-07,3.968749999999974,3.5687499999999677
2000-03-08,-0.33099999999970336,-0.2259999999997079
2000-03-09,-1.3340000000003276,-1.1640000000003288
2000-03-10,-0.8712499999999618,-0.8262499999999544
2000-03-13,-4.0209999999999795,-3.665999999999974
2000-03-14,-2.1825000000000254,-1.5925000000000304
2000-03-15,1.3003433782356928,1.0952500000002867
2000-03-16,0.6965909226409976,0.5773142587649737
2000-03-17,-1.2066250000003285,-0.9779158233507244
2000-03-20,1.7341588351928154,1.3941588351928114
2000-03-21,2.1319023103798216,1.9043750000000597
2000-03-22,1.1449999999996758,1.2949999999996764
2000-03-23,2.6283750000003185,2.3733750000003173
2000-03-24,-0.48465391063485075,-0.3115000000000139
2000-03-27,0.8024999999999869,0.7618749999999861
2000-03-28,1.3314999999999897,0.9358749999999858
2000-03-29,-1.8263806911057408,-1.7877500000000066
2000-03-30,-1.9984999999999593,-2.167279095636157
2000-03-31,1.3754451544936983,1.4211626070656538
2000-04-03,-1.0399999999999674,-1.2130557874857562
2000-04-04,-1.9960000000000258,-2.221000000000031
2000-04-05,-0.3097306818947503,-0.27282262706317356
2000-04-06,1.7569328932660533,1.459999999999987
2000-04-07,2.2300000000000066,2.3019333752789874
2000-04-10,1.0599999999999845,0.9249999999999844
2000-04-11,-1.710000000000005,-1.9050000000000051
2000-04-12,-2.382500000000286,-2.232500000000286
2000-04-13,-1.2980648469510583,-1.1750000000000154
2000-04-14,-2.559999999999693,-2.6599999999996853
2000-04-17,1.2372972814921381,1.164280894404606
2000-04-18,2.581500000000001,2.596500000000001
2000-04-19,-1.1275000000002775,-0.9175000000002775
2000-04-20,1.0900000000000034,1.0450000000000035
2000-04-21,-0.0018908013753459365,0.0
2000-04-24,-1.4539999999997224,-1.3939999999997226
2000-04-25,-1.0550000000000017,-0.8150000000000016
2000-04-26,1.146499999999992,0.906499999999992
2000-04-27,-0.18499999999999092,-0.3849999999999909
2000-04-28,1.9774999999999978,1.8124004034288397
2000-05-01,-1.4125000000002752,-0.6168750000002752
2000-05-02,-1.723993385986684,-1.5494966929932021
2000-05-03,-3.7565,-3.379625
2000-05-04,-0.6469909093894975,-0.528750000000008
2000-05-05,-2.39669515980085,-2.327874999999993
2000-05-08,1.5876380127169967,1.4626380127169967
2000-05-09,0.11999999999999604,0.07796834536349352
2000-05-10,-3.8500000000002617,-3.642806531521158
2000-05-11,1.2295000000002596,1.2545000000002589
2000-05-12,-1.465392188506122,-1.2876250000002496
2000-05-15,4.284500000000275,4.0045000000002755
2000-05-16,1.2755295089657728,1.1345107869547095
2000-05-17,-1.2001249999997543,-1.2011249999997327
2000-05-18,-1.1761250000002292,-0.9801250000002458
2000-05-19,-0.6032499999997658,-0.579249999999748
2000-05-22,1.4157499999999879,1.4717499999999843
2000-05-23,0.5967500000000141,0.4907500000000191
2000-05-24,1.4070000000000014,1.298000000000002
2000-05-25,1.589999999999973,1.3599999999999643
2000-05-26,-0.6939599483792313,-0.6489599483792472
2000-05-29,0.0,0.0
2000-05-30,3.1476250000002546,2.911625000000274
2000-05-31,0.3512500000000018,0.31625000000000286
2000-06-01,0.26030028611234046,0.1375
2000-06-02,-1.8612807526848079,-1.735424467735895
2000-06-05,0.17787499999999595,-0.10712500000000405
2000-06-06,-5.359091722270375,-5.299091722270375
2000-06-07,-1.0622121490448693,-1.3893914326965808
2000-06-08,-0.9708750000002118,-1.1427071274416474
2000-06-09,0.32245458870449534,0.3875000000002012
2000-06-12,6.154552756093032,5.501162880770857
2000-06-13,0.21734761903623914,0.25404458005245373
2000-06-14,2.15822841618016,1.575113303422204
2000-06-15,-2.39849999999999,-2.1984999999999904
2000-06-16,-0.317500000000183,-0.17982705988591408
2000-06-19,1.0261689256601212,0.893500000000172
2000-06-20,0.7988667480812902,0.5788667480812905
2000-06-21,-0.9563326591141963,-0.8563326591141963
2000-06-22,-1.1309999999999976,-1.1709999999999976
2000-06-23,0.5061569001950187,0.18615690019501888
2000-06-26,0.6776489038034789,0.3176489038034789
2000-06-27,-0.9559999999999996,-0.7559999999999997
2000-06-28,3.8134999999999986,3.4711305295857535
2000-06-29,0.9711412496239268,1.1511412496239268
2000-06-30,5.546459094288253,5.039392863130107
2000-07-03,7.9449999999999985,7.659999999999998
2000-07-04,-0.006339015907108899,-0.006339015907108899
2000-07-05,0.03250000000000373,0.10750000000000373
2000-07-06,0.8589999999999988,0.6189999999999988
2000-07-07,-0.06281520780885563,0.08753566129181611
2000-07-10,2.074999999999998,1.9671819722124617
2000-07-11,0.5968288931063785,0.5175231276577207
2000-07-12,-0.6081027917752818,-0.6056194016803479
2000-07-13,1.1756250000000035,0.9725000000000035
2000-07-14,1.218861394654039,1.5095154857497712
2000-07-17,1.6081249999998422,1.619380823517189
2000-07-18,-1.1411138804043808,-1.150490457868489
2000-07-19,-2.020000000000005,-1.8500000000000052
2000-07-20,1.8952500000000012,1.2830000000000015
2000-07-21,-0.9796968666260177,-0.9811657593326257
2000-07-24,0.9514999999998299,0.9514999999998299
2000-07-25,1.293500000000164,1.293500000000164
2000-07-26,1.2683436014017522,1.2683436014017522
2000-07-27,0.3025000000001961,0.3025000000001961
2000-07-28,-0.37251354726208,-0.37251354726208
2000-07-31,0.5225000000002027,0.5225000000002027
2000-08-01,0.6668333556274629,0.6668333556274629
2000-08-02,-0.44900000000020746,-0.44900000000020746
2000-08-03,-0.09600000000000036,-0.09600000000000036
2000-08-04,2.96179064325417,2.9649919005751157
2000-08-07,-0.2887565073320158,-0.15750650733201582
2000-08-08,-0.35975583789378074,-0.47249999999999837
2000-08-09,1.1118691924787742,1.0858021715895905
2000-08-10,1.094368034755778,1.094368034755778
2000-08-11,2.0737499999999827,2.0737499999999827
2000-08-14,-0.3662545198918925,-0.3662545198918925
2000-08-15,1.015443879004722,1.015144797818638
2000-08-16,-0.7599999999999945,-0.7599999999999945
2000-08-17,1.227748332760112,1.227748332760112
2000-08-18,-2.517043027821499,-2.517043027821499
2000-08-21,1.4967067420214801,1.4967067420214801
2000-08-22,1.0249999999999764,1.0249999999999764
2000-08-23,0.9867580518496233,0.9867580518496233
2000-08-24,1.5312499999999847,1.5312499999999847
2000-08-25,-1.07549020500379,-1.07549020500379
2000-08-28,-2.2784463539700885,-2.2784463539700885
2000-08-29,-3.8924999999998082,-3.8924999999998082
2000-08-30,2.7098750000000336,2.7098750000000336
2000-08-31,-0.2656250000000036,-0.2656250000000036
2000-09-01,2.2593749999999755,2.2593749999999755
2000-09-04,-0.0031102863378145574,-0.0031102863378145574
2000-09-05,-4.008124999999982,-4.008124999999982
2000-09-06,-0.1562500000000273,-0.1562500000000273
2000-09-07,-0.21009529921219644,-0.21009529921219644
2000-09-08,0.5598749999999874,0.5598749999999874
2000-09-11,0.7924999999997562,0.7924999999997562
2000-09-12,1.3700000000002563,1.3700000000002563
2000-09-13,0.6462499999997312,0.6462499999997312
2000-09-14,1.1512500000002523,1.1512500000002523
2000-09-15,-2.9231249999999975,-2.9231249999999975
2000-09-18,-1.6704562449822307,-1.6704562449822307
2000-09-19,2.3224999999999767,2.3197311333585873
2000-09-20,-2.3381249999999634,-2.393124999999956
2000-09-21,-0.12249999999999636,-0.09249999999999522
2000-09-22,-1.5355000000000312,-1.4955000000000394
2000-09-25,1.1352471217006408,1.1430000000000438
2000-09-26,-0.19800000000004067,-0.19800000000004067
2000-09-27,-0.026999999999976376,-0.02974280913716206
2000-09-28,-1.3510466984295666,-1.346046698429571
2000-09-29,-0.5757602421652528,-0.5230136845046612
2000-10-02,0.04750000000006071,0.04477082610681944
2000-10-03,-2.5513750000000597,-2.586375000000071
2000-10-04,-3.1423749999999275,-3.187374999999914
2000-10-05,1.1787499999999405,1.1737499999999306
2000-10-06,0.7211250000000547,0.7261250000000645
2000-10-09,1.1173011834152993,1.12
2000-10-10,-0.8555000000000342,-0.8555000000000342
2000-10-11,-0.06937025441509315,-0.06687500000002387
2000-10-12,-4.283807985065168,-4.216499767599073
2000-10-13,1.011947959711152,1.0119485973965223
2000-10-16,0.8912499999999981,0.8012499999999977
2000-10-17,-0.34707079016060083,-0.21937500000001472
2000-10-18,1.3619999999999985,1.3019999999999987
2000-10-19,1.1123750000000119,1.0921942567376934
2000-10-20,0.897500000000044,0.8575000000000504
2000-10-23,1.039325324771263,0.9793253247712692
2000-10-24,-1.7557500000000936,-1.7134174624614325
2000-10-25,-1.97562499999994,-2.125624999999925
2000-10-26,-0.6055000000000842,-0.7055000000001048
2000-10-27,1.5555145866914146,1.3380000000000736
2000-10-30,0.2651249999999896,0.22936155804105907
2000-10-31,-2.3682550628722105,-2.001749999999948
2000-11-01,-0.1429871510070302,-0.03198715100702836
2000-11-02,-2.35325000000004,-1.7492500000000433
2000-11-03,-4.706775452567905,-4.540775452567905
2000-11-06,-1.3557887995601217,-1.295788799560124
2000-11-07,0.8554999999999997,0.8268931008636667
2000-11-08,-2.0099999999999993,-1.7724929148182178
2000-11-09,2.250000000000012,2.035000000000012
2000-11-10,4.6225051537927895,4.05250515379279
2000-11-13,2.103874070739201,1.9898740707392004
2000-11-14,1.476390089706596,1.201063541960563
2000-11-15,2.310000000000008,2.080000000000008
2000-11-16,-0.5024999999999832,-0.23749999999998336
2000-11-17,-1.3630000000000126,-1.0340000000000122
2000-11-20,1.9754999999999585,1.763385506484027
2000-11-21,0.8818843460154664,0.8150000000000415
2000-11-22,1.873000000000009,1.6938839912639971
2000-11-23,-0.003115999136010183,-0.0025878696419658733
2000-11-24,-1.2500000000000036,-1.105000000000004
2000-11-27,1.3124999999999212,1.2074999999999119
2000-11-28,0.42000000000006177,0.34687223146042767
2000-11-29,3.281000000000057,3.056000000000063
2000-11-30,-0.5086053372261831,-0.10860533722618927
2000-12-01,-0.3440000000000618,-0.279000000000068
2000-12-04,0.7100000000000072,0.5150000000000079
2000-12-05,2.072500000000091,2.2725000000001008
2000-12-06,2.4214999999999147,2.3814999999999054
2000-12-07,2.6628856350515324,2.3352068454582016
2000-12-08,-2.9775000000000222,-2.3825000000000225
2000-12-11,-0.7049999999999104,-0.8449999999999104
2000-12-12,-0.755000000000002,-0.825000000000002
2000-12-13,4.692499999999886,4.794857294626878
2000-12-14,0.06750000000003384,0.24750000000003672
2000-12-15,1.3749999999999671,1.3899999999999644
2000-12-18,-0.4501523646775578,0.2875000000001206
2000-12-19,-2.759841789262916,-2.550157578213704
2000-12-20,-2.7248366583834986,-2.7725000000000706
2000-12-21,-2.1863884339855457,-2.0645826509783687
2000-12-22,0.9693342896274627,1.004334289627463
2000-12-25,-0.0025268598421183766,-0.0025268598421183766
2000-12-26,0.2168749999999318,0.07687499999992542
2000-12-27,-2.855499999999976,-2.7314999999999743
2000-12-28,-1.0563749999999748,-1.0803749999999728
2000-12-29,-1.300499999999998,-1.0688250365172394
2001-01-01,0.0,0.0
2001-01-02,2.989249999999907,3.220249999999898
2001-01-03,-3.326075626406641,-3.513749999999878
2001-01-04,1.3363673041609592,1.6327991387631937
2001-01-05,4.031922646185348,4.0298723568369
2001-01-08,1.2815496091200895,1.4706561569960437
2001-01-09,-2.5974999999999935,-2.532499999999993
2001-01-10,-3.863749999999973,-3.6959363429140604
2001-01-11,1.43939603351495,0.534396033514952
2001-01-12,-2.1866190930045426,-2.6400000000000023
2001-01-15,0.0,0.0
2001-01-16,-0.12749999999997655,-0.407499999999972
2001-01-17,2.824999999999937,2.989999999999926
2001-01-18,2.5461135340132426,2.67437500000002
2001-01-19,0.4616250000000342,0.07062500000003984
2001-01-22,-0.8118750000000148,-0.8018750000000171
2001-01-23,-0.21585352165181446,-0.3987500000000222
2001-01-24,1.7991449023999102,2.231249999999997
2001-01-25,1.1856250000000121,0.9706250000000142
2001-01-26,1.3322778605653858,0.9593750000000358
2001-01-29,1.5693749999999715,1.4872786215073812
2001-01-30,-0.4787179905644464,-0.33602046475232705
2001-01-31,1.9622928837084048,1.9843750000000073
2001-02-01,-1.6166993778308636,-1.6586993778308612
2001-02-02,-1.9391250000000229,-1.512125000000027
2001-02-05,0.44999999999999574,0.27999999999999525
2001-02-06,-0.1383750000000435,0.21962499999994933
2001-02-07,1.1826293614088308,1.0346293614088364
2001-02-08,1.639124999999967,1.382124999999962
2001-02-09,-0.03622744593923974,-0.2642274459392275
2001-02-12,1.3255428719582907,1.5105428719582898
2001-02-13,-0.7338306183546961,-0.9038306183546974
2001-02-14,-2.4350596286402637,-2.120059628640267
2001-02-15,0.05396353915052691,0.18676445180312704
2001-02-16,0.9175000000000006,0.8625000000000009
2001-02-19,-0.0018090290910802874,-0.0031797224210476493
2001-02-20,0.3387499999999431,0.6217499999999425
2001-02-21,-0.33999999999992375,-0.9279999999999241
2001-02-22,0.7968749999999774,0.7868749999999781
2001-02-23,1.9786685471674659,2.0218893353929457
2001-02-26,1.0557257686893873,1.0957257686893869
2001-02-27,-0.09177032438771497,0.18822967561228504
2001-02-28,-1.5769556397094624,-1.0137500000000292
2001-03-01,-0.517624999999961,-0.21681725574951674
2001-03-02,0.5707274268051553,0.552500000000004
2001-03-05,0.8156249999999649,0.9006249999999641
2001-03-06,-1.2192821364433164,-1.2741249999999962
2001-03-07,3.1962499999999836,2.8612499999999836
2001-03-08,0.0012499999999996817,0.02308357495598053
2001-03-09,-0.1579597128593564,-0.27895971285935955
2001-03-12,-0.689374999999967,-0.5643749999999621
2001-03-13,2.7359371193950426,2.7887500000000225
2001-03-14,2.6043749999999948,2.349374999999994
2001-03-15,4.608749999999992,3.7087499999999896
2001-03-16,4.229159109585549,3.7074954657513173
2001-03-19,-0.726874999999984,-0.6047352988822134
2001-03-20,0.21625000000000819,0.6450000000000105
2001-03-21,0.8830517760305697,0.8199999999999454
2001-03-22,0.6452719904269911,0.32930177603063615
2001-03-23,-0.9800000000000326,-0.8850000000000365
2001-03-26,-0.4674999999999389,-0.2574999999999309
2001-03-27,-3.172500000000014,-3.2325000000000164
2001-03-28,1.7388392157220312,1.5855664313168245
2001-03-29,1.7493749999999781,1.5227157710526067
2001-03-30,5.1706250000000065,4.908957393170806
2001-04-02,-1.904374999999972,-1.619374999999972
2001-04-03,-0.2637499999999999,-0.2037499999999999
2001-04-04,-0.9256250000000477,-0.7756250000000476
2001-04-05,-1.2131249999999532,-1.1681249999999532
2001-04-06,3.7306249999999963,3.6256249999999963
2001-04-09,1.8674999999999333,1.8674999999999333
2001-04-10,0.7125,0.6225
2001-04-11,-1.617499999999976,-1.512499999999976
2001-04-12,-1.7718749999999592,-1.7285624661794892
2001-04-13,0.0,0.0
2001-04-16,-2.043750000000042,-2.013750000000042
2001-04-17,5.796874999999979,5.666874999999979
2001-04-18,2.1460257451822993,2.1194610131259664
2001-04-19,-0.8725000000000471,-1.2327029086634083
2001-04-20,-1.1984698418910056,-1.2349999999999846
2001-04-23,3.8012500000000284,3.7812500000000364
2001-04-24,4.730000000000011,4.7050000000000125
2001-04-25,-2.192861668359575,-2.242861668359578
2001-04-26,-0.49600000000003747,-0.2977747034510969
2001-04-27,0.40250000000003816,0.26750000000004726
2001-04-30,-0.7050000000000033,-0.7350000000000044
2001-05-01,-0.10025000000003638,-0.06025000000004434
2001-05-02,-1.2497499999999961,-1.2347499999999954
2001-05-03,2.143750000000027,2.228750000000035
2001-05-04,-1.0462499999999955,-1.0162499999999943
2001-05-07,3.2187499999999765,3.17874999999997
2001-05-08,2.0697500000000386,2.0747500000000483
2001-05-09,0.49124999999996816,0.5312499999999601
2001-05-10,2.740249999999996,2.585249999999995
2001-05-11,-1.5140296901273402,-1.7840296901273367
2001-05-14,-0.06209723933163659,0.021260187594102524
2001-05-15,-0.4674999999999972,-0.6768250448109284
2001-05-16,0.4524999999999778,0.5362623817799678
2001-05-17,6.702904692945547,6.700552877735104
2001-05-18,-0.33765759922426986,-0.33953259922426987
2001-05-21,5.669874999999991,5.641749999999992
2001-05-22,1.185000000000012,1.135000000000012
2001-05-23,-2.9762500000000105,-2.9325000000000108
2001-05-24,-1.4110316591739072,-1.6341566591739072
2001-05-25,1.2475000000000116,1.2100000000000117
2001-05-28,0.0,0.0
2001-05-29,0.640625000000013,0.561250000000013
2001-05-30,-2.9776206006861425,-2.9257500000000074
2001-05-31,-0.25237499999999635,0.2532500000000042
2001-06-01,-3.122500000000027,-2.8850000000000353
2001-06-04,1.8231247085341387,1.9150000000000342
2001-06-05,1.2604999999999815,1.517999999999975
2001-06-06,-0.4379999999999958,-0.42299999999999516
2001-06-07,-0.29262499999999675,-0.468249999999999
2001-06-08,2.5258679742381673,2.2996179742381684
2001-06-11,-0.25562499999997396,-0.026249999999966623
2001-06-12,-0.7938750000000274,-0.5957500000000342
2001-06-13,2.7018750000000074,2.6687500000000126
2001-06-14,-0.8221760449952537,-0.6606136634823824
2001-06-15,4.580749999999997,4.525749999999991
2001-06-18,-0.27950000000000114,-0.2994999999999972
2001-06-19,-2.32925000000001,-2.339250000000015
2001-06-20,1.365000000000022,1.3900000000000277
2001-06-21,1.8092499999999871,1.8220007389944348
2001-06-22,1.068750000000018,1.5081250000000364
2001-06-25,1.8031206920307123,1.7256206920306918
2001-06-26,-0.11780565676510492,-0.5292499999999715
2001-06-27,-2.8207500000000105,-2.8957500000000134
2001-06-28,-2.0517499999999984,-2.1767499999999984
2001-06-29,0.6650000000000271,0.6100000000000346
2001-07-02,-0.736216361132146,-0.6823123344279047
2001-07-03,-2.299763437328122,-2.3247634373281274
2001-07-04,0.0,0.0
2001-07-05,-3.409999999999999,-3.444999999999995
2001-07-06,-2.6360107383810445,-2.582500000000006
2001-07-09,-1.048750000000005,-0.9356250000000084
2001-07-10,-4.790999999999998,-4.560999999999992
2001-07-11,-8.170765904916646,-8.174656809833314
2001-07-12,-8.785873392355105,-8.422123392355104
2001-07-13,5.589144567315854,5.42851956731585
2001-07-16,5.561905885432115,5.62349191407409
2001-07-17,0.9957311801263433,1.005731180126334
2001-07-18,2.019853322709048,2.442763462527854
2001-07-19,-0.6438198845183605,-0.668819884518352
2001-07-20,4.434374999999995,4.419374999999993
2001-07-23,1.5843749999999983,1.6043749999999946
2001-07-24,-1.9262500000000156,-1.9101471335698723
2001-07-25,-2.686624999999971,-2.776624999999946
2001-07-26,0.8078749999999657,0.8678749999999396
2001-07-27,-0.029529414710151716,0.11437500000003374
2001-07-30,1.6143750000000179,1.6169205977978707
2001-07-31,0.167499999999975,0.4749999999999625
2001-08-01,-1.3090613062076806,-1.5090613062076748
2001-08-02,1.6873113880706228,1.320000000000002
2001-08-03,0.6951249999999616,0.5994999999999547
2001-08-06,0.25362500000002697,0.30050000000003263
2001-08-07,-0.4521833759452491,-0.4755000000000555
2001-08-08,2.4005489567671563,2.523000000000036
2001-08-09,-1.655499999999991,-1.6504999999999879
2001-08-10,0.6824999999999677,0.7774999999999597
2001-08-13,-0.34249999999997055,-0.20249999999996263
2001-08-14,-0.3030661743978313,-0.3930661743978325
2001-08-15,1.4175000000000182,1.3375000000000214
2001-08-16,1.7266651609188088,1.7141840868526315
2001-08-17,1.0500000000000393,1.1950000000000551
2001-08-20,-0.2914187494660833,-0.4925000000000592
2001-08-21,-1.4174677030454341,-1.3174677030454323
2001-08-22,0.6749611684520435,0.674961168452048
2001-08-23,-0.5500000000000164,-0.4400000000000199
2001-08-24,1.3934999999999644,1.2910642816001852
2001-08-27,-1.647394277924682,-1.6041249999999985
2001-08-28,1.4700000000000233,1.7787500000000271
2001-08-29,0.5925000000000239,0.8843975703292563
2001-08-30,-1.9869102536001235,-2.0238074968301167
2001-08-31,-0.4500000000000595,-0.536401119706854
2001-09-03,-0.0035478342571040366,0.0
2001-09-04,-3.3300000000000196,-3.7500000000000258
2001-09-05,-0.016249999999974445,0.07375000000003011
2001-09-06,1.8062499999999897,2.016249999999991
2001-09-07,-0.644999999999936,-0.5449999999999221
2001-09-10,-2.1387374724252557,-2.2137374724252594
2001-09-11,-5.234374999999981,-5.084374999999975
2001-09-12,-0.018457382018553837,-0.018745900562367145
2001-09-13,4.292499999999962,5.005624999999945
2001-09-14,2.5987815184131904,3.1056250000000545
2001-09-17,1.8274999999999373,1.4468749999999224
2001-09-18,0.15942137968484454,-0.34370742598263804
2001-09-19,1.0359970515067214,1.3181235698984555
2001-09-20,-1.3074900689408409,-1.2174900689408377
2001-09-21,2.09749999999999,2.285011152934952
2001-09-24,0.0575098694863005,-0.03249013051370405
2001-09-25,-0.5949850070648214,-0.5099850070648089
2001-09-26,0.5165140422910436,0.5680305314339094
2001-09-27,1.9623549689267143,2.3591391923542204
2001-09-28,0.6900000000000275,0.6262702384805219
2001-10-01,2.5990092230634745,2.8583842230634695
2001-10-02,0.6739329143860693,0.8548851054960007
2001-10-03,-0.14810781506358695,-0.19561640753184859
2001-10-04,-1.8324999999998692,-1.883601602789758
2001-10-05,-1.5314794338785787,-1.677866908597039
2001-10-08,-0.675,-0.725
2001-10-09,1.6337500000000704,1.6487500000000763
2001-10-10,1.6232098552039556,1.5912500000000012
2001-10-11,-1.3448435354315416,-1.4768523199198598
2001-10-12,3.8283003160853593,3.806870525202495
2001-10-15,3.929999999999921,4.017999999999908
2001-10-16,2.4625000000000834,2.1745000000000956
2001-10-17,-0.1300079924437674,-0.19950000000012114
2001-10-18,1.2913503650534048,1.253350365053407
2001-10-19,-2.1762568997162868,-2.2287499999999607
2001-10-22,1.0444418834727478,0.9760002162717097
2001-10-23,-1.123758078956912,-1.1687580789568996
2001-10-24,-0.3637477013034892,-0.2817477013034904
2001-10-25,0.8536249999999167,0.9966249999999083
2001-10-26,0.6920016925479754,0.6499918547271821
2001-10-29,2.0093150767588304,2.224836469529265
2001-10-30,0.7737499999999705,0.7737499999999705
2001-10-31,3.8085000000000604,3.820500000000061
2001-11-01,0.3464875356937761,0.37150793336399884
2001-11-02,-2.9779756022193453,-2.984999999999967
2001-11-05,4.616820401451383,4.300460218472121
2001-11-06,1.134363649642404,1.2243636496424122
2001-11-07,3.06375086573116,3.1337508657311606
2001-11-08,-2.781249999999978,-2.874239648986825
2001-11-09,-1.6399991934273768,-1.6449991934273864
2001-11-12,-0.002984440627318786,-0.002984440627318786
2001-11-13,-3.2106249999998915,-3.22562499999988
2001-11-14,-1.5181203408215598,-1.8381203408215647
2001-11-15,-6.418939452248138,-6.6713205534693705
2001-11-16,-2.7166244143605898,-3.050638170464452
2001-11-19,3.030433760131957,3.2750011733229902
2001-11-20,-1.9818750000000154,-2.3513813152875924
2001-11-21,-1.2406249999999561,-1.445624999999948
2001-11-22,-0.006440181306522077,0.0
2001-11-23,-0.7921250000000378,-0.8555703329997812
2001-11-26,2.5139999999999927,2.4599999999999893
2001-11-27,-1.8012003069960867,-1.4827349022180611
2001-11-28,1.968499999999978,2.017499999999976
2001-11-29,0.7156250000000255,0.9181795452420856
2001-11-30,-0.9352498245370974,-1.0062173010985844
2001-12-03,2.521453052787175,2.6845780527871876
2001-12-04,1.2635000000000254,1.5962500000000317
2001-12-05,-2.556250000000059,-3.784375000000079
2001-12-06,-0.4662499999999528,-1.0660537353815538
2001-12-07,-0.27625000000003896,-1.004375000000045
2001-12-10,0.1477500000000156,0.2081250000000189
2001-12-11,2.5300000000000016,2.6499999999999986
2001-12-12,2.9383212429122163,3.3200646128672515
2001-12-13,0.3085000000000011,-0.36624999999999774
2001-12-14,-0.4546827390072561,-0.9585585390759099
2001-12-17,1.0423146648627888,0.6233434234802784
2001-12-18,0.7002499999999887,1.0402499999999921
2001-12-19,1.0898190519454802,1.3054632899614287
2001-12-20,-2.2385000000000157,-2.253500000000016
2001-12-21,3.4725682681885903,3.4575682681885893
2001-12-24,0.8337499999999716,0.7787499999999649
2001-12-25,0.0,0.0
2001-12-26,-1.0214999999999963,-1.0864999999999942
2001-12-27,0.5420011431257574,0.67125
2001-12-28,-1.5511524676614936,-1.5511524676614936
2001-12-31,1.6724999999999877,1.9224999999999877
2002-01-01,-0.0023783116239099594,-0.0023783116239099594
2002-01-02,1.7375000000000096,1.4575000000000085
2002-01-03,-0.051249999999986355,0.05875000000002729
2002-01-04,-2.8433484512455163,-2.817499758725597
2002-01-07,0.09224999999998336,0.7053749999999857
2002-01-08,-1.9509999999999912,-1.9835000000000014
2002-01-09,-0.6290000000000328,-0.5665000000000499
2002-01-10,-1.0149999999999582,-0.537499999999932
2002-01-11,1.794157484515594,2.3179074845155956
2002-01-14,0.035776985461829613,0.07584176436234491
2002-01-15,-0.7325000000000135,-0.5537500000000253
2002-01-16,-0.6862499999999887,-0.853563517987359
2002-01-17,3.9531955964765397,3.024999999999983
2002-01-18,0.5375000000000112,0.8869966585075888
2002-01-21,0.0,0.0
2002-01-22,1.1362500000000233,1.142500000000033
2002-01-23,-0.43625000000003084,-1.1915000000000378
2002-01-24,-0.03874999999996321,-0.3174999999999482
2002-01-25,-0.3785314990790954,-0.6325000000000434
2002-01-28,-0.05499999999998417,0.007161849141529599
2002-01-29,0.4040041401047062,1.2374999999999645
2002-01-30,2.59625000000003,2.6775000000000415
2002-01-31,-0.47009786588529473,-0.8939385037571363
2002-02-01,1.705000000000007,1.982761818858943
2002-02-04,0.1471352704279972,0.6802602704280212
2002-02-05,1.604999999999974,1.6599999999999469
2002-02-06,2.550625000000013,2.3152602780681852
2002-02-07,-2.004375000000007,-2.1125000000000225
2002-02-08,2.613750000000029,2.9608150253784764
2002-02-11,0.10937499999997272,0.10249999999993634
2002-02-12,-0.06449679214605678,-0.4296919337457805
2002-02-13,-3.035625000000004,-3.197500000000008
2002-02-14,0.3675000000000072,0.655819639661792
2002-02-15,3.409380786759155,4.07190906314408
2002-02-18,-0.0028183727730959124,-0.005008659612265187
2002-02-19,-1.4053750000000054,-1.508500000000008
2002-02-20,-0.764374999999988,-0.6724999999999675
2002-02-21,0.12562500000000226,0.20750000000000454
2002-02-22,1.419589577925778,1.6808834123349052
2002-02-25,4.55438183300642,4.299339577925843
2002-02-26,-0.4628708752905822,-0.8941167505811538
2002-02-27,0.47131574656517006,1.4491250000000355
2002-02-28,-1.7446792840310466,-1.7603042840310625
2002-03-01,-1.2149999999999832,-1.8449999999999607
2002-03-04,1.0039999999999965,0.7489999999999919
2002-03-05,-0.8200000000000455,-0.7525000000000819
2002-03-06,0.5635000000000032,0.27162499999999645
2002-03-07,-2.101252430072378,-3.3881274300723687
2002-03-08,-2.196730448006021,-3.17335731969063
2002-03-11,-0.4542494839867276,-0.3364142893928335
2002-03-12,-1.500125554290873,-1.3432505542908786
2002-03-13,2.991875000000009,3.2203373327328806
2002-03-14,-2.1906250000000274,-2.972500000000041
2002-03-15,4.196874999999993,4.418917137067382
2002-03-18,-0.02950000000003174,0.02549999999996089
2002-03-19,0.2694404768005486,0.2587500000000837
2002-03-20,-0.14612499999996198,-0.26612499999993816
2002-03-21,1.4224326473612967,1.4624326473612888
2002-03-22,0.4982422388422747,0.4625204894283987
2002-03-25,2.976658929887402,2.9122839298874013
2002-03-26,-0.8694643496904522,-0.4988393496904739
2002-03-27,0.4064999999999938,0.4377499999999938
2002-03-28,1.790000000000019,1.4325000000000312
2002-03-29,0.0,0.0
2002-04-01,-0.2302500000000147,-0.27087500000002607
2002-04-02,0.04250000000003729,0.5162500000000555
2002-04-03,2.418749999999968,2.8706249999999582
2002-04-04,0.0037500000000136426,0.003125000000022737
2002-04-05,2.1102499999999997,2.478374999999986
2002-04-08,-1.561250000000008,-1.751875000000002
2002-04-09,0.17225000000002944,0.3128750000000408
2002-04-10,0.7012499999999854,0.6843749999999865
2002-04-11,-1.1760000000000121,-1.1035000000000212
2002-04-12,-0.16198941923008772,0.0716667567704365
2002-04-15,0.2981250000000081,0.3338420680164899
2002-04-16,-1.4608749999999704,-1.6008225018983595
2002-04-17,-5.616800754212184,-5.815000000000031
2002-04-18,2.8384068616688167,2.919031861668809
2002-04-19,0.4256250000000008,0.4982031082659024
2002-04-22,-0.34624999999995726,-0.09999999999993679
2002-04-23,-1.126875000000013,-1.0725000000000113
2002-04-24,1.7588172593048408,2.3131922593048255
2002-04-25,-1.916249999999984,-1.8149999999999826
2002-04-26,-0.15537205379163932,0.04778069081454741
2002-04-29,-0.007500000000030013,-0.15562500000003382
2002-04-30,-0.7762911226881603,-0.5267260334541218
2002-05-01,-3.06799999999996,-2.770291899313765
2002-05-02,-0.7149903623767178,-0.8268749999999679
2002-05-03,1.2086462645261746,1.410521264526179
2002-05-06,-1.651800745788741,-1.7311710441188854
2002-05-07,-3.2074921165568084,-3.103742116556821
2002-05-08,0.309127374723884,-0.8784624643414679
2002-05-09,-0.8486774533303577,-0.4307017810268757
2002-05-10,-0.5199999999999741,0.10250000000003055
2002-05-13,-8.51749999999999,-8.980624999999987
2002-05-14,-0.16012192531920366,-0.7050759699684013
2002-05-15,1.062500000000024,1.2000732591347736
2002-05-16,2.6350000000000473,2.7600000000000557
2002-05-17,1.9512328891910014,1.7531906425915187
2002-05-20,-0.5089857414268145,-0.2289857414268217
2002-05-21,0.9825000000000437,1.01750000000005
2002-05-22,1.044999999999975,1.2299999999999718
2002-05-23,-0.38549999999997997,-0.43749999999997474
2002-05-24,0.912499999999992,0.9674999999999923
2002-05-27,0.0,0.0
2002-05-28,-1.2750000000000279,-1.200000000000032
2002-05-29,-3.804499999999978,-3.162499999999974
2002-05-30,0.13121396597403703,0.16066611089456298
2002-05-31,0.3449999999999929,0.11082738753650034
2002-06-03,2.190833557372208,2.2108485883770856
2002-06-04,-2.197499999999915,-1.624257167094443
2002-06-05,-0.061345425310427824,-0.24470685790368643
2002-06-06,1.8408484051515486,1.9058484051515427
2002-06-07,0.17312499999993353,-0.016875000000081308
2002-06-10,1.1921250000000536,0.9901250000000621
2002-06-11,2.9687499999999387,3.0465394419119636
2002-06-12,-0.8277499999999939,-0.7797499999999932
2002-06-13,-0.2209999999999436,-0.45899999999993124
2002-06-14,3.3758144310090414,3.6358144310090528
2002-06-17,0.09787499999993106,-0.34412500000008217
2002-06-18,-0.15474999999994907,0.20225000000005822
2002-06-19,1.5712500000000562,2.2012500000000674
2002-06-20,-6.456500000000095,-5.7627158833805785
2002-06-21,0.11940838878076468,0.6936512515611294
2002-06-24,-5.337258261965705,-5.550000000000034
2002-06-25,-1.9910973900244495,-1.8985279120195613
2002-06-26,0.4262500000000438,0.7812500000000469
2002-06-27,-4.0755000000000425,-4.27378698579418
2002-06-28,0.3128392222480858,0.3267224791137357
2002-07-01,-2.2950000000000603,-2.4366668189825402
2002-07-02,3.7156770060993893,3.8026275176965347
2002-07-03,1.2382873344270222,1.3115746688540806
2002-07-04,0.0,0.0
2002-07-05,-3.00000000000004,-3.285000000000045
2002-07-08,2.9307115197671063,3.0475000000000603
2002-07-09,2.068207144962646,1.8882071449626396
2002-07-10,3.490000000000074,3.6700000000000843
2002-07-11,2.701499999999969,2.6974999999999665
2002-07-12,1.1800000000000004,1.0957574233815242
2002-07-15,-2.2617422438236336,-2.387500000000064
2002-07-16,-3.214293773723075,-3.654293773723066
2002-07-17,1.9891249999999738,2.1562078717201314
2002-07-18,1.8512500000000296,1.8512500000000331
2002-07-19,0.9609823803233116,0.9493750000000252
2002-07-22,-0.702375000000087,-0.6293750000000986
2002-07-23,2.0708672296786834,2.2529336148393537
2002-07-24,-1.8693697975109216,-1.9371250051553988
2002-07-25,-0.33039703410053267,0.3672849725662261
2002-07-26,2.4028672426385804,2.084725822399044
2002-07-29,-1.1167500000000317,-1.4047500000000337
2002-07-30,-3.170227459556127,-3.0322274595561205
2002-07-31,-0.8993750000000731,-0.23437500000008113
2002-08-01,1.7415066062727724,1.5909175241745075
2002-08-02,2.140499999999969,2.1534999999999638
2002-08-05,1.3849999999999778,1.3299999999999783
2002-08-06,-1.537499999999965,-1.9224999999999637
2002-08-07,2.5570000000000395,2.7790000000000465
2002-08-08,-0.9895000000000146,-0.9515000000000161
2002-08-09,1.3124999999999565,1.462499999999952
2002-08-12,-2.904999999999927,-2.5349999999999207
2002-08-13,0.11197702003493877,0.18897702003493935
2002-08-14,-1.637000000000031,-1.5140000000000353
2002-08-15,-1.2850000000000015,-1.577539281320261
2002-08-16,-0.2213096190010191,-1.028214075368627
2002-08-19,2.077382079757656,1.8649999999999956
2002-08-20,2.972500000000054,3.437500000000061
2002-08-21,-0.2624999999999832,-0.26147014326279366
2002-08-22,-2.124500000000035,-2.0285000000000335
2002-08-23,1.429499999999996,1.3734999999999953
2002-08-26,0.6729999999999781,0.633999999999978
2002-08-27,-1.7799999999999456,-1.6099999999999448
2002-08-28,1.2619999999999036,1.315999999999904
2002-08-29,1.8975000000000273,1.9636786809893998
2002-08-30,0.048000000000058295,0.1090000000000634
2002-09-02,-0.003813303987769438,0.0
2002-09-03,1.3625000000000065,1.4275000000000078
2002-09-04,0.6224999999999316,0.44749999999993045
2002-09-05,0.7475000000000196,0.7375000000000204
2002-09-06,-2.8779999999999677,-2.9789999999999677
2002-09-09,-0.4200000000000915,-0.6400000000000915
2002-09-10,0.5203185464121427,0.6740000000000239
2002-09-11,-1.6399999999999781,-1.8699999999999775
2002-09-12,3.557000000000044,3.9010000000000438
2002-09-13,2.4729999999999035,2.7389999999999035
2002-09-16,0.7145000000001075,0.6285000000001068
2002-09-17,0.8355000000000022,0.8515000000000027
2002-09-18,-0.1930000000000864,0.0709999999999135
2002-09-19,-0.7208242893950308,-0.10482428939503091
2002-09-20,-1.4149999999999636,-0.894999999999964
2002-09-23,3.6574999999999434,3.797499999999943
2002-09-24,-0.5402328688337417,-0.687499999999945
2002-09-25,-1.1269039106115046,-1.0869039106115046
2002-09-26,0.7550000000000838,0.6750000000000839
2002-09-27,1.0414999999999315,1.1114999999999315
2002-09-30,2.6445588021576083,2.9345588021576083
2002-10-01,-1.1599999999999355,-1.3299999999999355
2002-10-02,-0.14795065364552995,-0.1978058409331997
2002-10-03,0.27849999999991915,0.4395448256256456
2002-10-04,-1.0860000000000127,-1.1700000000000124
2002-10-07,0.591214494640141,0.501214494640141
2002-10-08,0.997033512758178,0.9770335127581772
2002-10-09,0.6125000000000222,0.8825000000000226
2002-10-10,0.3159999999999845,0.38999999999998397
2002-10-11,-0.6304965740042658,-0.6004965740042648
2002-10-14,0.275,0.325
2002-10-15,-6.333042987523432,-6.733042987523432
2002-10-16,-0.3925000000000325,-0.4525000000000323
2002-10-17,-2.172500000000049,-2.3625000000000496
2002-10-18,0.8415000000000528,0.8075000000000523
2002-10-21,-1.4815000000000393,-1.5675000000000392
2002-10-22,-0.5324999999999083,-0.43534224603639476
2002-10-23,1.0411532395378216,1.1139999999999528
2002-10-24,1.8444599198048408,1.8644599198048406
2002-10-25,1.9269999999999994,1.9409999999999994
2002-10-28,-0.4563216393392558,-0.29653730958241076
2002-10-29,1.049462523884253,1.7525000000000186
2002-10-30,-0.11949999999998843,-0.17050901161311494
2002-10-31,1.4269999999999838,1.3659632540847926
2002-11-01,-1.413037309582472,-1.305000000000091
2002-11-04,-1.3824999999999064,-1.3624999999999043
2002-11-05,-0.1375,-0.1175
2002-11-06,0.7574999999999861,0.7574999999999839
2002-11-07,2.9649999999999834,3.231976411550656
2002-11-08,-0.15159494844784402,0.13340505155215604
2002-11-11,0.075,0.09
2002-11-12,0.36499999999995103,0.2299999999999518
2002-11-13,1.0200000000000105,0.7050000000000091
2002-11-14,-3.0525000000000317,-3.1325000000000305
2002-11-15,-0.8273197816280068,-0.6811320672202434
2002-11-18,2.305499999999987,1.9254790411747245
2002-11-19,-0.10750000000003447,-0.007500000000037835
2002-11-20,-1.6274999999999946,-2.0724999999999962
2002-11-21,-1.448000000000033,-1.466000000000035
2002-11-22,-1.0269999999999417,-1.0939999999999341
2002-11-25,0.6119999999999305,0.5989999999999189
2002-11-26,1.4555000000000577,1.8235000000000687
2002-11-27,-2.980000000000013,-3.360000000000018
2002-11-28,-0.00410765067650507,-0.00410765067650507
2002-11-29,0.7625000000000052,0.9075000000000084
2002-12-02,0.13949999999999174,-0.03350000000001092
2002-12-03,-0.7045000000000023,-0.3215000000000002
2002-12-04,-1.4104999999999739,-1.203499999999973
2002-12-05,2.3405000000000142,2.643500000000019
2002-12-06,2.4499999999999957,2.329999999999992
2002-12-09,1.3174999999999482,1.3274999999999422
2002-12-10,0.7670000000000434,0.6240000000000482
2002-12-11,0.7229999999999472,0.7459999999999402
2002-12-12,-0.5079999999999975,-0.31599999999999806
2002-12-13,-0.8465835578457254,-1.2374999999999101
2002-12-16,-1.0620000000000238,-0.9170118072030693
2002-12-17,0.026999999999934698,-0.00700000000006512
2002-12-18,2.3325000000000284,2.0625000000000284
2002-12-19,1.9924999999999633,2.042499999999963
2002-12-20,-0.004499999999926013,0.07950000000007498
2002-12-23,-0.3135184346916146,-0.45862224516361977
2002-12-24,0.13087723734113807,0.3550000000000479
2002-12-25,0.0,0.0
2002-12-26,-0.3584999999999964,-0.3104999999999972
2002-12-27,1.4309999999999539,1.7429999999999528
2002-12-30,-1.1334999999999367,-0.5526481094226585
2002-12-31,0.8968599337663533,0.5179999999998958
2003-01-01,-0.003066026046297885,0.0
2003-01-02,-5.346999999999959,-5.422999999999959
2003-01-03,-0.028000000000051636,0.0479999999999477
2003-01-06,-1.3144999999999283,-1.319745005965599
2003-01-07,1.6099999999999428,1.4399999999999358
2003-01-08,-1.3705097203925931,-1.3324999999999465
2003-01-09,-4.26497554906551,-4.447980938053884
2003-01-10,-1.0061037536304622,-0.600103753630468
2003-01-13,1.7049834102180943,1.7509668204362092
2003-01-14,2.167499999999992,2.20749999999999
2003-01-15,-0.24107469682160845,-0.206999999999956
2003-01-16,-0.27249999999997043,-0.23749999999996588
2003-01-17,0.6599999999999536,0.7269352993972095
2003-01-20,0.0,0.0
2003-01-21,-2.312999999999984,-1.858999999999982
2003-01-22,1.4904999999999902,1.496499999999988
2003-01-23,0.29199999999998927,0.07599999999998854
2003-01-24,-0.7995387200527321,-0.4503143879353199
2003-01-27,-1.3765000000000644,-1.4615000000000724
2003-01-28,-1.333499999999934,-1.4414425949936653
2003-01-29,-0.7372206704015414,-0.6740000000000252
2003-01-30,0.7449999999999779,0.7339999999999752
2003-01-31,-0.12749999999999895,-0.21649999999999878
2003-02-03,-0.24687229457760354,-0.2200940599437631
2003-02-04,0.9124999999999834,0.9281691216656717
2003-02-05,-1.0212098695492708,-1.1568749999999377
2003-02-06,1.128749999999938,1.1237499999999314
2003-02-07,-0.3406249999999074,-0.33562499999989703
2003-02-10,-1.1960418046838297,-1.3081250000000686
2003-02-11,0.48431419513308765,0.4845834234206236
2003-02-12,2.2708287740366058,2.5408287740366093
2003-02-13,2.1593750000000322,2.3093750000000357
2003-02-14,-1.45708520455093,-1.441757097275791
2003-02-17,0.0,0.0
2003-02-18,0.858375000000051,1.0293750000000568
2003-02-19,1.9859999999998996,2.1799999999998887
2003-02-20,0.6796250000000663,0.6206250000000738
2003-02-21,-0.49499999999996624,-0.37999999999996287
2003-02-24,1.135647241280076,1.2199999999999676
2003-02-25,0.0403749999999256,-0.21498078716627142
2003-02-26,1.1393750000000673,1.1743750000000739
2003-02-27,0.6190748008348562,0.7243750000000565
2003-02-28,1.7943749999999257,1.8350748008347308
2003-03-03,0.40796353814272157,0.3062500000000812
2003-03-04,0.5881249999999066,0.48312499999990716
2003-03-05,0.1643750000000181,-0.10062499999998245
2003-03-06,-1.131250000000027,-1.166250000000027
2003-03-07,1.6856249999999657,1.8356249999999659
2003-03-10,2.4531250000000275,2.7631250000000276
2003-03-11,0.6463755996072085,1.031375599607209
2003-03-12,-0.6393750000000229,-0.6093750000000232
2003-03-13,-5.056874999999971,-5.101874999999971
2003-03-14,1.036049890435559,1.0220498904355595
2003-03-17,-1.0924999999999938,-0.6474999999999935
2003-03-18,-3.2734999999999053,-3.4024999999999053
2003-03-19,-1.5525206637512572,-1.489999999999934
2003-03-20,-1.0900000000000156,-1.2593296066904296
2003-03-21,-1.4837499999999606,-1.3669507178674893
2003-03-24,3.4580860311410984,3.513500000000021
2003-03-25,0.742353420074577,0.8746208412688761
2003-03-26,0.7243037005724737,0.7248587629308477
2003-03-27,0.21735876293091144,0.15735876293091142
2003-03-28,1.5923618608072752,1.649174626898909
2003-03-31,-0.9846908415474805,-1.5931003989185009
2003-04-01,-0.09217293513229967,-0.25993233783069336
2003-04-02,-1.2455000000000032,-1.2505000000000033
2003-04-03,0.7079999999999383,0.7548217110800562
2003-04-04,-0.9180208480310901,-0.9920208480310897
2003-04-07,-1.6619999999999928,-1.6679999999999928
2003-04-08,0.541831299899486,0.39000000000002943
2003-04-09,1.5857124179020954,1.6107124179020955
2003-04-10,0.5400000000000311,0.5950000000000311
2003-04-11,0.9049999999999457,0.8999999999999457
2003-04-14,-1.1304999999999812,-1.095499999999981
2003-04-15,1.450500000000027,1.385500000000027
2003-04-16,0.684999999999936,0.7318474896715055
2003-04-17,0.812828674521373,0.9718286745213724
2003-04-18,0.0,-0.004195432289012467
2003-04-21,-0.4382499999999737,-0.4422499999999704
2003-04-22,-0.32501064277499936,-0.3739884543111815
2003-04-23,1.744125,1.744125
2003-04-24,3.24709432916455,3.3562500000000464
2003-04-25,1.1071250000000044,1.1040363944563154
2003-04-28,0.8750460492353039,0.968124999999998
2003-04-29,0.27187499999993425,0.2647452949774652
2003-04-30,3.450042650245847,3.684042650245858
2003-05-01,0.48249999999995324,0.5174999999999481
2003-05-02,-1.2333300714753632,-1.2573300714753564
2003-05-05,0.8175419469632581,0.9156249999999047
2003-05-06,1.135625000000016,1.28754025487044
2003-05-07,4.09012499999994,4.399124999999935
2003-05-08,3.329375000000119,3.5702042546114834
2003-05-09,-1.0574999999999988,-1.027499999999998
2003-05-12,-0.04957209331831013,-0.13855337660879208
2003-05-13,2.5041987244067947,2.496249999999966
2003-05-14,-1.289152114744798,-1.2911854666754128
2003-05-15,-6.102513618625054,-6.012249999999968
2003-05-16,5.5772500455372445,5.8035634088862
2003-05-19,-0.042905295779682044,-0.1479052957796821
2003-05-20,3.9421250000000256,3.9471250000000255
2003-05-21,-0.33539073548009113,-0.3271249999999604
2003-05-22,1.0843750000000207,1.0183750000000211
2003-05-23,-0.10000000000004838,-0.13000000000004924
2003-05-26,0.0,0.0
2003-05-27,-3.405625000000004,-3.7496250000000035
2003-05-28,0.6437500000000408,0.7437500000000408
2003-05-29,3.227156254646445,3.422156254646446
2003-05-30,-0.009999999999893702,-0.0249999999998937
2003-06-02,-0.4350000000000857,-0.3450000000000862
2003-06-03,2.1293184803901313,2.0383184803901306
2003-06-04,-4.578375000000064,-5.192375000000062
2003-06-05,0.13369394394225442,0.20869394394225477
2003-06-06,-3.819250000000074,-4.095250000000074
2003-06-09,3.167088345716884,3.2230883457168837
2003-06-10,2.793125000000006,2.843125000000006
2003-06-11,0.16062499999988414,0.4056249999998845
2003-06-12,-0.6019999999999797,-0.7179999999999794
2003-06-13,3.966374999999972,4.172374999999972
2003-06-16,-2.50812499999999,-2.60812499999999
2003-06-17,-3.435000000000009,-3.460000000000008
2003-06-18,-3.8081249999999445,-3.9581249999999457
2003-06-19,2.2819905259467643,2.512990525946764
2003-06-20,-1.0900000000000285,-1.1300000000000283
2003-06-23,2.677499999999951,2.6524999999999523
2003-06-24,0.9550000000000695,0.8550000000000689
2003-06-25,-1.7570000000000898,-1.6680000000000905
2003-06-26,-3.0899999999999204,-3.2299999999999205
2003-06-27,0.049499999999931786,0.22049999999993178
2003-06-30,0.820500000000023,0.5895000000000239
2003-07-01,-0.3821776311733885,-0.29949999999996424
2003-07-02,-0.06052489508657767,-0.23395192899955847
2003-07-03,-0.8811797518468358,-0.7655000000000368
2003-07-04,-0.001679751846799502,-0.001679751846799502
2003-07-07,-3.0729999999999453,-3.3969999999999447
2003-07-08,-0.9670000000000294,-0.7330000000000302
2003-07-09,1.149499999999971,1.065499999999972
2003-07-10,2.165770011464084,2.082319171588575
2003-07-11,2.5565446159140484,2.669999999999987
2003-07-14,-1.9247293126284453,-1.960729312628446
2003-07-15,-5.608735406829243,-5.81619767128543
2003-07-16,0.45731227807213437,0.8573122780721354
2003-07-17,-0.3497346726623895,-0.381734672662391
2003-07-18,-0.23873467266246182,-0.2167346726624598
2003-07-21,-6.0592442582622565,-6.210988516524545
2003-07-22,0.47869008332615,0.5057368092044876
2003-07-23,-0.9148706409816558,-1.405066609769605
2003-07-24,0.0003033136357092946,0.2709857404073388
2003-07-25,0.42512996021952787,0.670129960219528
2003-07-28,-2.793250000000023,-2.768005738684337
2003-07-29,-3.3736249999999925,-3.865624999999992
2003-07-30,2.1805610405570266,2.4175610405570205
2003-07-31,-3.779758539085214,-4.454999999999931
2003-08-01,-1.0609805942282864,-1.0298977549721082
2003-08-04,-1.4875000000000014,-1.1987500000000013
2003-08-05,-0.7092499999999766,-1.0885217682929031
2003-08-06,1.6937500000000005,2.1137500000000005
2003-08-07,0.5010215003507357,0.743021500350735
2003-08-08,-0.061250000000014466,0.08374999999998108
2003-08-11,-1.034249999999988,-1.676249999999984
2003-08-12,-3.6624999999999934,-3.0560611952850922
2003-08-13,-2.114033155064996,-2.4440331550650054
2003-08-14,0.08425000000001073,0.07333825617740783
2003-08-15,0.04600240130981726,0.08173272806569384
2003-08-18,-2.7992499999999896,-2.320249999999986
2003-08-19,2.1772073802019802,1.9192286901009785
2003-08-20,-1.2290345785556733,-1.1230345785556763
2003-08-21,-0.8879999999999874,-1.2739999999999834
2003-08-22,0.40844785434663455,0.626500000000011
2003-08-25,-1.1860401490325525,-1.3295501250659456
2003-08-26,-0.2937499999999819,-0.4437499999999757
2003-08-27,-0.6400000000000243,-0.6300000000000326
2003-08-28,-0.2907499999999858,-0.4225516030213928
2003-08-29,-1.1662500000000144,-1.169797386806065
2003-09-01,0.0,0.0
2003-09-02,-0.821749999999968,-0.8157499999999684
2003-09-03,0.6614352270453147,1.014999999999987
2003-09-04,1.316664643207785,1.6830908727503457
2003-09-05,2.245250000000034,2.0092500000000344
2003-09-08,-1.249606154726929,-1.6096061547269291
2003-09-09,0.5912500000000033,0.8112500000000032
2003-09-10,1.6387499999999795,1.6751917624479455
2003-09-11,0.08974999999991377,-0.2802500000000862
2003-09-12,1.8527500000001202,1.65275000000012
2003-09-15,0.7747499999999791,0.734749999999979
2003-09-16,0.6797499999998945,0.5647869959336128
2003-09-17,0.6652499999999851,0.7752499999999806
2003-09-18,-0.0625,-0.06694181950932258
2003-09-19,0.29100000000012294,0.4560000000001229
2003-09-22,0.5401205002281434,0.3751205002281413
2003-09-23,-0.0269632712915376,-0.07912499999985392
2003-09-24,1.4484999999998731,1.8147499999998715
2003-09-25,-1.1397499999998977,-0.9238406080604877
2003-09-26,-0.28947480963831906,0.1175000000000493
2003-09-29,-0.23996563308407987,-0.3076480797352707
2003-09-30,3.0000726569125398,2.970000000000007
2003-10-01,-0.5109999999999818,-0.5482427270915362
2003-10-02,-2.3024916500951407,-2.3452500000000094
2003-10-03,-4.631875000000168,-4.7218750000001775
2003-10-06,0.8061261241632982,0.7673738357156998
2003-10-07,-1.4147521416057505,-1.342499999999992
2003-10-08,0.37749999999995637,0.20749999999994762
2003-10-09,-0.30312500000010995,-0.23063088191624528
2003-10-10,2.5608550677744346,2.3008550677744415
2003-10-13,-0.3,-0.225
2003-10-14,-1.9481249999999948,-1.9981249999999942
2003-10-15,-0.21687500000003612,-0.40687500000004356
2003-10-16,-1.6460253053401441,-1.8760253053401441
2003-10-17,2.0000000000001203,2.0727247533222815
2003-10-20,1.1983508618707992,1.2356249999999562
2003-10-21,0.5102258618707876,0.5602258618707985
2003-10-22,-0.46374999999992506,-0.15602951063801415
2003-10-23,-3.18749999999996,-2.797499999999952
2003-10-24,2.792107710222966,2.8221077102229617
2003-10-27,-0.4493750000000089,-0.5017587405091878
2003-10-28,1.520625000000018,1.6706250000000218
2003-10-29,-1.8323805668976503,-1.8349999999999962
2003-10-30,-1.364375000000145,-1.4493750000001542
2003-10-31,0.9262500000001485,0.9088722591498732
2003-11-03,-0.06749999999998926,-0.29749999999998766
2003-11-04,2.1037499999998444,1.8787499999998338
2003-11-05,-1.5586561051406747,-1.4347398689169983
2003-11-06,-0.5281249999999936,-0.6431249999999922
2003-11-07,-0.9231250000000324,-0.9791250000000388
2003-11-10,0.4237500000001195,0.41475000000014345
2003-11-11,-0.003485011102338384,-0.003485011102338384
2003-11-12,-1.2643749999999851,-1.3543749999999821
2003-11-13,1.5646249999998467,1.8286249999998203
2003-11-14,1.071095789956986,1.1429377020997322
2003-11-17,0.8093749999999659,0.876973968689695
2003-11-18,0.09337500000012454,-0.13262499999985464
2003-11-19,-0.41187499999999366,-0.5068749999999924
2003-11-20,0.9247500000000433,1.0257500000000517
2003-11-21,-0.2635000000000496,-0.31450000000005945
2003-11-24,-1.439624999999949,-1.718624999999939
2003-11-25,0.05249999999981578,0.15749999999978292
2003-11-26,-1.644374999999844,-1.7443749999998166
2003-11-27,0.0,0.0
2003-11-28,-1.7781250000000182,-1.838125000000022
2003-12-01,-1.3259999999999745,-1.4419999999999698
2003-12-02,1.0428742060856766,1.2162499999999792
2003-12-03,-0.37249999999995814,-0.07030605761222995
2003-12-04,1.2368749999999424,1.5201139098057495
2003-12-05,3.1712499999999926,3.94299999999999
2003-12-08,-0.8548214138338927,-1.1848793093406005
2003-12-09,-1.1637500000000984,-0.9717500000001387
2003-12-10,0.3000000000000902,0.2116262583652163
2003-12-11,2.566875000000026,3.1915599400940247
2003-12-12,-1.3218749999999988,-1.8918749999999982
2003-12-15,-0.6606249999999878,-0.7826249999999861
2003-12-16,1.2801978337508297,1.5021978337508268
2003-12-17,0.6812499999999809,0.7912499999999774
2003-12-18,0.44500000000005113,0.43496890836558605
2003-12-19,0.17361823979405924,0.2979999999997757
2003-12-22,-0.9499999999998509,-1.4052924600606342
2003-12-23,-1.646875000000061,-2.109500000000071
2003-12-24,2.280000000000021,2.3100000000000254
2003-12-25,0.0,0.0
2003-12-26,0.7499999999999402,1.6649999999998863
2003-12-29,-1.4037499999999439,-1.7029999999998913
2003-12-30,-0.3783466496059505,-0.64999999999998
2003-12-31,0.26249999999997975,0.6599999999999758
2004-01-01,-0.0023000076006957173,0.0
2004-01-02,-0.8556249999999984,-0.3974999999999985
2004-01-05,0.250184101748254,0.29500000000006227
2004-01-06,2.7507605166021016,3.57713551660206
2004-01-07,1.3519322478825664,1.576000000000191
2004-01-08,0.0847638855544742,0.20749999999999522
2004-01-09,3.7230661459082754,4.561633881487945
2004-01-12,-0.0003750000001752142,0.26249999999980583
2004-01-13,-0.6645968212594958,-0.4283669713090446
2004-01-14,1.1745112611085555,1.3335000000000752
2004-01-15,-0.24499270757894734,-0.3174927075789722
2004-01-16,-0.49606833943170797,-0.7423183394316863
2004-01-19,-0.005666217292679663,-0.005666217292679663
2004-01-20,-1.3075000000001968,-1.6150000000002134
2004-01-21,-1.7287694355163445,-1.8768222177580343
2004-01-22,-0.4464600526749218,-0.15542854634234282
2004-01-23,1.5384010125524223,1.6724010125524265
2004-01-26,-1.4680824100047838,-1.8413663008754668
2004-01-27,0.5901906652773559,0.8651906652773538
2004-01-28,-4.522499999999939,-4.312499999999932
2004-01-29,-2.3487442687134155,-2.323657903401379
2004-01-30,2.787691441285671,2.632691441285673
2004-02-02,-0.14499999999999508,0.10000000000000492
2004-02-03,0.33175000000001825,0.5130000000000211
2004-02-04,-1.4087500000002007,-1.4450000000002063
2004-02-05,-0.5411249999997996,-1.185499999999794
2004-02-06,2.949874999999969,3.2304999999999637
2004-02-09,1.165749999999974,0.9969999999999712
2004-02-10,-1.184500000000101,-1.1420000000000927
2004-02-11,3.7218750000001863,3.9225000000001904
2004-02-12,0.030624999999835062,0.025060747506878412
2004-02-13,1.0195045717928257,1.2401122122624813
2004-02-16,-0.007517135901573437,-0.002429752507549692
2004-02-17,0.3774999999999918,0.29249999999999127
2004-02-18,-1.1350000000000302,-1.0300000000000349
2004-02-19,1.0328567372353679,0.9328567372353781
2004-02-20,-0.7079026388834065,-0.8179026388834088
2004-02-23,0.09249999999977063,-0.007500000000237378
2004-02-24,1.14807986706844,1.0179755513070299
2004-02-25,0.3324080357680993,0.38749999999991475
2004-02-26,0.05707777280314731,-0.06292222719685384
2004-02-27,1.5025811321948854,1.522490248109233
2004-03-01,1.5200903813206998,1.4676807626414592
2004-03-02,-2.654571800090416,-2.711921290438248
2004-03-03,-1.3236250000000735,-1.3336250000000645
2004-03-04,2.142375000000182,2.1873750000001833
2004-03-05,6.278366225033766,6.540749999999892
2004-03-08,0.13285342030099112,0.3177202280212044
2004-03-09,3.807500000000026,3.652500000000026
2004-03-10,-1.1355000000000766,-1.0729168751343983
2004-03-11,0.24000000000007762,0.21758563651551868
2004-03-12,0.2504999999999478,0.09536904462886095
2004-03-15,1.2395000000000367,0.9016589557122996
2004-03-16,1.0895356140232972,1.2424999999997708
2004-03-17,1.726000000000046,1.6360000000000456
2004-03-18,0.014000000000023646,-0.30099999999997634
2004-03-19,-0.24400000000002164,-0.37900000000002165
2004-03-22,3.761499999999974,3.2161821108730075
2004-03-23,0.15599999999996908,0.26999999999997004
2004-03-24,-2.651314654179396,-2.542500000000002
2004-03-25,-1.6849999999998013,-1.4349999999998015
2004-03-26,-4.000040779333269,-3.9700407793332695
2004-03-29,-3.7100000000000217,-3.6700000000000217
2004-03-30,2.1575000000000424,1.9175000000000422
2004-03-31,5.759694029965075,5.319694029965075
2004-04-01,-0.136384050777298,-0.48369202538873124
2004-04-02,-4.568999999999807,-4.7239999999998075
2004-04-05,-1.725134045345415,-1.7401259361013675
2004-04-06,0.16713011865196079,0.39150000000002955
2004-04-07,0.26749999999999324,0.20999999999999383
2004-04-08,0.16312499999999902,0.05476239327906639
2004-04-09,0.0,0.0
2004-04-12,-3.2777499999998305,-3.4189999999998326
2004-04-13,-5.150800036421184,-5.628500000000074
2004-04-14,-0.3865062696779623,-0.6970997816045464
2004-04-15,-2.4681250000000414,-2.7681250000000412
2004-04-16,2.3018881526980963,2.4318881526980967
2004-04-19,-0.6050052049161379,-0.6121249999998041
2004-04-20,-1.894750000000196,-2.079750000000199
2004-04-21,-0.9346249999999479,-1.1796249999999393
2004-04-22,0.5468750000001454,0.7318750000001392
2004-04-23,-1.1424999999999679,-1.2174999999999627
2004-04-26,0.6827499999998141,0.5677499999998135
2004-04-27,1.9575000000000138,2.377500000000016
2004-04-28,-3.064000000000049,-3.244000000000057
2004-04-29,-1.1334934730362698,-1.0884934730362685
2004-04-30,1.3311250000000345,1.5361250000000413
2004-05-03,-0.23000000000020923,-0.15000000000021949
2004-05-04,0.24262500000015336,0.22262500000015223
2004-05-05,-1.2120000000001037,-1.480061072566248
2004-05-06,-2.4248749999998944,-3.1498749999999056
2004-05-07,-4.196875000000135,-4.395018476156459
2004-05-10,-3.3824785064732645,-3.9005780694504573
2004-05-11,1.6302506066689988,1.6261292544099633
2004-05-12,-0.5462500000001145,-0.6871045908639462
2004-05-13,-1.003966918478857,-1.251875000000018
2004-05-14,1.0891735160988065,1.2248891205033892
2004-05-17,1.7305096569002596,2.286151832762542
2004-05-18,-1.1239999999998862,-1.453999999999888
2004-05-19,0.29274999999988616,0.602749999999888
2004-05-20,-0.5487500000000161,-0.8720053746043606
2004-05-21,-0.46349084178815003,-0.5902499999999706
2004-05-24,1.69775,2.222750000000001
2004-05-25,0.9835000000001083,1.4201970698231108
2004-05-26,0.4362500000000102,0.4062500000000136
2004-05-27,1.0724999999998541,1.117499999999845
2004-05-28,-0.06224999999986221,0.09275000000014398
2004-05-31,0.0,0.0
2004-06-01,0.7910000000000098,1.556000000000013
2004-06-02,-0.17500000000000512,-0.1400000000000068
2004-06-03,-0.2935000000001172,-0.6485000000001166
2004-06-04,-0.09999999999988658,-0.12999999999988884
2004-06-07,0.1521898961657192,-0.09025000000011169
2004-06-08,-0.03199999999986685,-0.24856159403461084
2004-06-09,-0.6280000000001579,-0.5380000000001641
2004-06-10,-0.3882499999998401,-0.8357738731962764
2004-06-11,-0.00250223239947349,-0.0036932339976465845
2004-06-14,-1.227499999999983,-1.2674999999999779
2004-06-15,1.8299999999999836,1.849999999999978
2004-06-16,0.30949999999998573,0.28323724621027696
2004-06-17,0.4792500000000204,0.5652500000000269
2004-06-18,-0.3749941625720586,-0.37999416257206825
2004-06-21,0.90000000000002,0.9825006432300839
2004-06-22,-0.5127476449200586,-0.539747644920062
2004-06-23,0.21625000000002037,0.14891385669302218
2004-06-24,0.7062327966702296,1.0937671140104877
2004-06-25,-0.18874999999998046,-0.2356249999999629
2004-06-28,-3.73699673968579,-4.705124999999991
2004-06-29,-0.07100000000003184,0.02317847391639442
2004-06-30,1.4449999999998164,2.142499999999806
2004-07-01,0.018688686412962036,0.19141053391655416
2004-07-02,2.687750000000043,3.288042501394513
2004-07-05,-0.006295073974178472,-0.0024797749941419494
2004-07-06,-0.6137500000000508,-0.7446250000000721
2004-07-07,-0.2550000000001573,-0.26250000000015755
2004-07-08,-0.26222361900595287,-0.2188359533337617
2004-07-09,0.6018749999998219,0.647674836772741
2004-07-12,0.20616429505816064,0.241996224548236
2004-07-13,-0.032930285953884114,-0.19900487834220956
2004-07-14,0.1486781861869483,0.08099999999999317
2004-07-15,-0.433124999999976,-0.5124999999999673
2004-07-16,3.5249179183793973,4.3661679183793805
2004-07-19,0.8367904872789139,0.8815000000002293
2004-07-20,-1.9500000000000033,-2.6224903254622736
2004-07-21,-0.7444894119363653,-1.2713644119363592
2004-07-22,1.7868749999999114,1.897499999999883
2004-07-23,-0.08812499999996588,0.1336068030029418
2004-07-26,-1.4999999999999536,-1.8899999999999386
2004-07-27,-1.6182662569426507,-2.1925
2004-07-28,1.976249999999746,2.2231016851042154
2004-07-29,0.7598518046781982,0.9900000000002979
2004-07-30,1.5736666072451282,2.0141008229148154
2004-08-02,0.4084999999999784,0.5995707122469992
2004-08-03,-0.11624999999997535,-0.028900288643944973
2004-08-04,-1.034903069575789,-1.1480000000000028
2004-08-05,0.3906984498449864,0.7250734498449892
2004-08-06,3.6483728996222275,4.9475889270961675
2004-08-09,-1.0207682749965132,-1.1857313929319344
2004-08-10,-0.7668750000000853,-1.0925000000000995
2004-08-11,1.148673364886334,1.153673364886335
2004-08-12,1.3630000000000744,1.4450000000000867
2004-08-13,1.7281483528224995,2.0287629145708674
2004-08-16,-1.5135094765819364,-1.5205014913384418
2004-08-17,0.16335402273012498,0.4274999999999507
2004-08-18,0.42100000000007676,0.39400000000008767
2004-08-19,-0.514871073385838,-0.4698710733858506
2004-08-20,0.002500000000008049,0.08339314927492711
2004-08-23,-2.686607818242239,-2.942838736110883
2004-08-24,0.8450000000000019,0.8870000000000022
2004-08-25,1.512667419627563,1.519999999999959
2004-08-26,1.7659999999999623,1.824852879804356
2004-08-27,0.8558955081399695,0.8076664483326922
2004-08-30,-1.0483233085291253,-0.9393538563231729
2004-08-31,1.3409810628902818,1.7497227112669933
2004-09-01,-1.8293750000000826,-1.7993750000001003
2004-09-02,-2.1190781937388916,-2.664999999999999
2004-09-03,-1.7381249999999204,-2.0121833166370493
2004-09-06,-0.0041136902425277415,-0.0041136902425277415
2004-09-07,0.3243749999999919,-0.030625000000008912
2004-09-08,2.5406250000000457,2.6856250000000506
2004-09-09,-0.3961250000000265,-0.41912500000002945
2004-09-10,0.3911249999999574,0.09912499999995267
2004-09-13,2.738968495508399,2.8912499999999755
2004-09-14,1.31617382951695,1.253911761978407
2004-09-15,-0.07781350467341303,0.04425000000001255
2004-09-16,3.7284354625555807,3.7834354625555777
2004-09-17,0.2715601991837174,0.321560199183714
2004-09-20,2.538461824788414,2.4484618247884167
2004-09-21,1.5668749999999563,1.7478491427489697
2004-09-22,2.2684763534431935,2.268476353443202
2004-09-23,-0.26375000000006144,-0.42277508953853876
2004-09-24,0.46410096713455234,0.3628832711733655
2004-09-27,-0.5312500000000174,-0.4752779703823382
2004-09-28,-0.7849999999999283,-0.8122381124501024
2004-09-29,-1.1593527597411994,-1.1581250000000953
2004-09-30,0.6781249999996876,0.7019141139826064
2004-10-01,-0.46252306115440395,-0.2074999999995285
2004-10-04,2.2597324242594286,2.2647324242594324
2004-10-05,-0.04209250415440209,0.187907495845597
2004-10-06,-2.723338812366199,-2.6883388123662013
2004-10-07,1.2818750000000467,1.4668750000000528
2004-10-08,4.138382743809694,4.349374999999949
2004-10-11,-0.12200701331729176,-0.11301359679760424
2004-10-12,1.9360271722969709,1.846027172296971
2004-10-13,-1.2893749999998898,-1.267374999999889
2004-10-14,-0.9600000000000262,-1.292000000000027
2004-10-15,-4.856385123143198,-5.0243851231431975
2004-10-18,1.6976050715462108,1.6156050715462082
2004-10-19,0.23875000000001972,0.3387500000000215
2004-10-20,-0.23380992938501072,-0.4618099293850522
2004-10-21,1.8833279169462047,2.0733159326254165
2004-10-22,0.6839388517724162,0.35597328954089846
2004-10-25,-1.7584999999999567,-1.745499999999952
2004-10-26,0.12877842293384678,0.28174999999991235
2004-10-27,-3.617499999999911,-3.785430526605941
2004-10-28,0.8791937821668072,0.9411937821667681
2004-10-29,2.4904431110197494,2.4584431110197826
2004-11-01,-0.10937500000001128,-0.13437500000001182
2004-11-02,2.4492103753136996,2.7692103753137003
2004-11-03,0.30233537531369753,0.3153573330953813
2004-11-04,1.2718750000000432,1.282963955797923
2004-11-05,-3.8370380821980707,-3.9370380821980673
2004-11-08,-0.3218750000000546,-0.3959080365181694
2004-11-09,-0.7843749999999537,-0.8443749999999541
2004-11-10,0.7154722224235832,0.7914722224235828
2004-11-11,2.04,2.04
2004-11-12,0.8001407716253833,0.8648623250835882
2004-11-15,-0.6350000000000023,-0.6050000000000026
2004-11-16,-2.1112500000000525,-2.1291338852835477
2004-11-17,2.8199999999999874,3.0319999999999854
2004-11-18,-0.05765359605352118,-0.181312881003978
2004-11-19,-0.14625000000003582,-0.035000000000036564
2004-11-22,1.2437500000000075,1.2600000000000062
2004-11-23,0.22622394945140833,0.34859894945141034
2004-11-24,1.1797500000000583,1.4230000000000564
2004-11-25,0.0,0.0
2004-11-26,0.6177499999999593,0.7869999999999615
2004-11-29,-1.3109100465441788,-1.073285046544179
2004-11-30,0.4715803950549747,0.5745000000000285
2004-12-01,2.855730281650812,2.999834739730155
2004-12-02,-0.14449999999970978,-0.17649999999966962
2004-12-03,2.8762427355484563,3.056242735548456
2004-12-06,-0.6850680413150774,-0.7450680413150766
2004-12-07,0.795161216051878,0.5889999999999697
2004-12-08,0.4026250000000013,0.3266250000000016
2004-12-09,-0.4474999999999683,-0.4874999999999681
2004-12-10,0.14500000000002855,0.055000000000027464
2004-12-13,-1.7151249999999962,-1.669124999999996
2004-12-14,-0.46812500000006757,-0.4581250000000673
2004-12-15,3.9958232465100987,4.135249999999987
2004-12-16,-3.8329999999999185,-3.69745274663706
2004-12-17,1.1556275401989589,1.2437550803978532
2004-12-20,0.8376189424723501,0.8394999999999773
2004-12-21,0.3900000000000317,0.36000000000003085
2004-12-22,-0.08749999999995897,-0.05749999999995808
2004-12-23,-0.4560000000000883,-0.4156308604537122
2004-12-24,0.0,0.0
2004-12-27,-2.679781368309053,-2.8087813683090466
2004-12-28,-1.3449999999999789,-1.4849999999999755
2004-12-29,1.0957329684209485,1.0347329684209472
2004-12-30,2.5134999999999046,2.7094999999998928
2004-12-31,1.4615000000000438,1.5455000000000494
2005-01-03,-0.13899999999995377,-0.2779999999999489
2005-01-04,-4.0099999999999945,-4.294999999999993
2005-01-05,0.3611658637129073,0.4011658637128991
2005-01-06,-3.81650000000001,-3.8325000000000107
2005-01-07,2.2632996497641384,2.3842996497641473
2005-01-10,1.04656538918933,1.1205653891893304
2005-01-11,1.0224999999999294,1.092499999999921
2005-01-12,4.7474999999999925,4.822499999999992
2005-01-13,1.2812583976362222,1.3112583976362255
2005-01-14,1.502999999999953,1.463999999999947
2005-01-17,0.0,0.0
2005-01-18,0.6070000000000154,0.5610000000000165
2005-01-19,0.26250000000007045,0.2975000000000796
2005-01-20,-1.1375000000000317,-1.1643370820707108
2005-01-21,1.5806808471831881,1.7574999999999386
2005-01-24,-0.2084999999999773,-0.21900765364147268
2005-01-25,-3.5296721140187746,-3.9199523817097828
2005-01-26,0.5393750000000364,0.6193750000000452
2005-01-27,0.36124999999995,0.1912499999999379
2005-01-28,2.9687500000000564,3.288750000000071
2005-01-31,0.7152499999999665,0.9072499999999576
2005-02-01,0.13562500000006938,0.19562500000008706
2005-02-02,1.4102833971707402,1.4602833971707196
2005-02-03,-0.7599434341392581,-0.7899434341392593
2005-02-04,2.7995667349323163,3.0428151739902543
2005-02-07,-1.308073617823956,-1.4130736178239565
2005-02-08,0.92650567978826,0.9045056797882594
2005-02-09,2.8137500000000593,3.013750000000066
2005-02-10,-3.946191350543432,-3.996191350543433
2005-02-11,-0.4594827974257275,-0.4476708796959832
2005-02-14,-0.7743749999999637,-0.7811814257745964
2005-02-15,-0.8032348759574988,-0.9025357456842433
2005-02-16,0.6893750000000699,0.6493750000000779
2005-02-17,0.22124999999998235,0.32624999999998106
2005-02-18,-1.3348749999999572,-1.3758749999999513
2005-02-21,0.0,0.0
2005-02-22,-4.674375000000078,-4.679375000000087
2005-02-23,1.0155845652440003,0.9983750000000385
2005-02-24,-1.9587500000000253,-1.9837500000000312
2005-02-25,-0.7537945405550048,-0.75062500000002
2005-02-28,-5.06899999999992,-5.308999999999902
2005-03-01,0.9053694474434851,0.822161383884956
2005-03-02,0.96784690703886,0.9806938140777253
2005-03-03,0.11999999999996686,0.09499999999996171
2005-03-04,3.9775000000000493,4.042500000000057
2005-03-07,3.4300000000000175,3.3568129061914096
2005-03-08,-0.17211555321420302,-0.162115553214203
2005-03-09,-5.400726219813283,-5.332499999999942
2005-03-10,-2.1757472014387345,-2.0727896129501473
2005-03-11,-4.51375471875864,-4.483754718758639
2005-03-14,-0.8828408321930978,-0.9510454525058594
2005-03-15,-5.709303164702643,-5.5193031647026425
2005-03-16,1.2023870578747664,1.1755947449935948
2005-03-17,2.8199999999999994,2.8149999999999977
2005-03-18,1.400624999999969,1.2635874563698355
2005-03-21,0.20250000000002646,-0.09072252586048682
2005-03-22,0.08789608759551537,0.029659248120991407
2005-03-23,0.43937499999997476,0.17437499999997397
2005-03-24,0.4818770503046552,0.4551296761633697
2005-03-25,0.0,0.0
2005-03-28,-1.7589999999999812,-1.8199999999999703
2005-03-29,2.125250000000001,2.256249999999991
2005-03-30,1.5375000000000016,1.6143304794472026
2005-03-31,2.286574977936483,2.4205749779364827
2005-04-01,-1.3664988671200224,-1.245660878250792
2005-04-04,0.735000000000013,0.595000000000014
2005-04-05,1.3912500000000008,1.089317601597495
2005-04-06,0.8175000000000014,0.957500000000002
2005-04-07,0.9125000000000087,0.9525000000000077
2005-04-08,2.193831423076227,2.3837499999999925
2005-04-11,0.5573354430008729,0.7174208860017447
2005-04-12,1.0799999999999892,1.1449999999999882
2005-04-13,1.049344079929712,1.0943440799297137
2005-04-14,-1.6786400663879484,-1.7718937313278171
2005-04-15,1.3650000000000035,1.3381105069934014
2005-04-18,1.3543606200198492,1.3513764003931188
2005-04-19,-1.4692457521459774,-1.3152136438039004
2005-04-20,-0.936462988435878,-0.9475249149143412
2005-04-21,-0.4653943480955994,-0.565394348095604
2005-04-22,1.3834999999999888,1.3984999999999863
2005-04-25,-2.6641250000000185,-2.6291250000000197
2005-04-26,-1.1274563209120942,-1.1474563209120954
2005-04-27,2.771250000000007,2.7612500000000093
2005-04-28,2.0255455392324815,2.075545539232491
2005-04-29,2.438175878410231,2.3663517568204826
2005-05-02,3.091125000000005,2.936125000000005
2005-05-03,3.280000000000019,3.120000000000023
2005-05-04,1.453749999999988,1.5287499999999898
2005-05-05,0.7119376688321072,0.8419376688321095
2005-05-06,-2.5049999999999906,-2.627782085386519
2005-05-09,-0.6468750000000006,-0.7052766078718432
2005-05-10,-1.5068750000000153,-1.4736082989635682
2005-05-11,1.9999999999999585,1.9782974053689641
2005-05-12,1.9978389272600683,2.052838927260075
2005-05-13,0.3630000000000171,0.42300000000001936
2005-05-16,-1.7986249999999941,-1.833624999999991
2005-05-17,0.9920849708870549,1.0150146953087453
2005-05-18,0.5512500000000229,0.6062500000000297
2005-05-19,-0.6150000000000156,-0.6700000000000225
2005-05-20,-1.9617500000000008,-1.9967499999999971
2005-05-23,-5.148124999999986,-5.058124999999983
2005-05-24,2.0996892210905913,2.1229483955321005
2005-05-25,-0.12423952440199892,-0.09423952440199893
2005-05-26,-1.4742500000000027,-1.4342500000000027
2005-05-27,3.8467500000000467,3.791750000000057
2005-05-30,0.0,0.0
2005-05-31,1.5649999999999862,1.6549999999999847
2005-06-01,1.5963788215244927,1.7881250000000108
2005-06-02,4.546875000000007,4.545085556736687
2005-06-03,-3.5003195679889774,-3.586024520937147
2005-06-06,-1.3393749999999627,-1.2024999999999526
2005-06-07,1.1473749999999352,1.4054999999999205
2005-06-08,1.029546853543673,0.8050000000000239
2005-06-09,-0.48987499999997564,-0.5754999999999761
2005-06-10,1.1418749999999374,0.7224999999999288
2005-06-13,-2.230749999999953,-2.3019999999999454
2005-06-14,-0.9279888363439515,-1.0017388363439481
2005-06-15,-1.4545000000000576,-1.362000000000063
2005-06-16,1.0500251015082958,1.2681375507541486
2005-06-17,-2.628000000000008,-2.693000000000009
2005-06-20,-2.8893750000000034,-2.984419638353914
2005-06-21,4.000395702079396,4.171072851039667
2005-06-22,3.665750000000053,4.130073783600113
2005-06-23,-0.04130945986935449,-0.19317676465457723
2005-06-24,-0.7982500000000547,-0.7982500000000547
2005-06-27,2.4095514515086522,2.4074709374558854
2005-06-28,-0.5102636429687754,-0.5681757619791862
2005-06-29,2.133750000000049,2.133750000000049
2005-06-30,2.8987499999999495,2.8987499999999495
2005-07-01,-1.907997604412305,-1.906951738854148
2005-07-04,-0.029999999999972715,-0.029999999999972715
2005-07-05,-6.423500000000015,-6.423500000000015
2005-07-06,0.5399999999999523,0.5399999999999523
2005-07-07,-0.49149999999995025,-0.49149999999995025
2005-07-08,2.508749999999971,2.508749999999971
2005-07-11,2.3502500000000373,2.3502500000000373
2005-07-12,-1.7689999999999877,-1.7689999999999877
2005-07-13,-0.43922090755802456,-0.4386784811183931
2005-07-14,-0.9287500000000382,-1.0487500000000436
2005-07-15,0.07127227886625957,-0.06624999999998848
2005-07-18,-0.6799999999999516,-0.7574788736651514
2005-07-19,3.1276745018808625,3.3123210827267218
2005-07-20,1.8667645308554042,2.136764530855404
2005-07-21,0.10474999999999726,0.4047499999999973
2005-07-22,-0.9142436825936682,-0.9142436825936682
2005-07-25,-2.308749999999996,-2.1687499999999957
2005-07-26,0.5358172056857241,0.3758172056857241
2005-07-27,0.39987499999998655,0.29987499999998657
2005-07-28,1.7138749999999534,1.5238749999999532
2005-07-29,1.082500000000051,1.252500000000051
2005-08-01,0.28739003296967214,0.4501713986661095
2005-08-02,-1.0212499999999878,-1.111874999999988
2005-08-03,2.4867500000000096,2.8036250000000096
2005-08-04,0.2910311910834649,0.3281249999999829
2005-08-05,-0.8037500000000181,-0.968349542897705
2005-08-08,-1.9089735357986808,-2.027610547350428
2005-08-09,2.0427879119479004,2.0630200360190627
2005-08-10,0.4772605297126416,0.3272605297126416
2005-08-11,0.7550000000000356,0.6850000000000356
2005-08-12,-0.2537500000000176,0.03624999999998245
2005-08-15,4.218000000000011,4.52800000000001
2005-08-16,0.633515863506106,0.6721531475661066
2005-08-17,-3.0660720564010124,-3.2332499999999826
2005-08-18,-0.3037499999999971,-0.2687499999999971
2005-08-19,-2.8108224306229905,-2.78582243062299
2005-08-22,0.14257679422757952,0.08975863700396565
2005-08-23,-2.266569549313582,-2.1837500000000243
2005-08-24,-1.8007020907093072,-1.7685232747840787
2005-08-25,4.67295819911479,4.77295819911479
2005-08-26,-1.3695479835372506,-1.2867205286421095
2005-08-29,-0.4312500000000159,-0.4690780573725673
2005-08-30,1.8516714924870574,1.8889217222215955
2005-08-31,3.577169015576457,3.8571690155764573
2005-09-01,-1.325749999999987,-1.477624999999987
2005-09-02,3.915749999999992,4.087624999999992
2005-09-05,0.0,-0.0029298901227103004
2005-09-06,-1.9379311634078658,-2.2625000000000033
2005-09-07,-0.4247656279438058,-0.4095000000000184
2005-09-08,0.7100000000000206,0.7600000000000207
2005-09-09,1.8999999999999864,1.9099999999999862
2005-09-12,0.9278567608833279,1.1107500000000203
2005-09-13,-1.6866440045803106,-1.6537499999999856
2005-09-14,-0.24552195005778119,-0.24552195005778119
2005-09-15,0.01625000000002219,0.01625000000002219
2005-09-16,-1.6410061018351545,-1.6410061018351545
2005-09-19,1.1294999999999842,1.1294999999999842
2005-09-20,-0.374131389760616,-0.374131389760616
2005-09-21,1.6617499999999985,1.6617499999999985
2005-09-22,-1.742243861432719,-1.742243861432719
2005-09-23,-0.18800000000003703,-0.18800000000003703
2005-09-26,-0.4176249999999747,-0.4176249999999747
2005-09-27,-0.04750000000001717,-0.04750000000001717
2005-09-28,1.9283820899746584,1.9283820899746584
2005-09-29,1.1549999999999638,1.1549999999999638
2005-09-30,-0.12399480727745821,-0.12399480727745821
2005-10-03,-1.6360641938619465,-1.6332499999999754
2005-10-04,2.2937499999999633,2.3156249999999634
2005-10-05,0.9157500000000329,0.9376250000000329
2005-10-06,-2.883668998625263,-2.8866601954074564
2005-10-07,1.5983385379000903,1.6250000000000162
2005-10-10,0.25914109966377585,0.26711980417762515
2005-10-11,-0.7092500000000247,-0.7658750000000254
2005-10-12,-6.0766367581503,-6.4488078630105905
2005-10-13,0.8033363478754321,0.7893363478754318
2005-10-14,1.3212499999999856,1.408278662635761
2005-10-17,1.0060294095020705,1.0830000000000077
2005-10-18,1.1500000000000057,1.1500000000000057
2005-10-19,0.48561636265518776,0.5183601080257154
2005-10-20,-0.5377500000000071,-0.5484127337032244
2005-10-21,0.36399111039288967,0.45086611039288343
2005-10-24,0.9577500000000003,0.9154999999999931
2005-10-25,-0.1518827577263842,-0.27088275772637693
2005-10-26,-1.0209999999999892,-1.198720080144079
2005-10-27,0.7739975258304788,0.8931106570310969
2005-10-28,2.1633115543822368,2.403247769423464
2005-10-31,1.497499999999983,1.6174999999999808
2005-11-01,0.9227698893666596,1.039829067281584
2005-11-02,0.8662500000000053,1.0162500000000072
2005-11-03,-1.1745777198896956,-1.1578542812629407
2005-11-04,-0.06670443526440566,-0.026704435264415297
2005-11-07,0.8558280740702289,0.8935613104613607
2005-11-08,0.0019999999999833562,0.08075024183851157
2005-11-09,1.0154390800555162,1.0871610511832035
2005-11-10,2.4100000000000223,2.320000000000033
2005-11-11,-1.17,-1.17
2005-11-14,-0.7300000000000122,-0.6650000000000146
2005-11-15,1.944723095397552,1.8885948309899725
2005-11-16,1.1232799282067534,1.048279928206765
2005-11-17,0.8449999999999811,0.8099999999999702
2005-11-18,-0.1650000000000155,-0.12000000000001378
2005-11-21,0.35500000000002,0.30500000000002286
2005-11-22,0.2849999999999903,0.24999999999999378
2005-11-23,1.4905228848249064,1.5177963839183504
2005-11-24,-0.04779472580083105,-0.09279472580083276
2005-11-25,1.1659999999999773,1.304124999999968
2005-11-28,2.075,2.111250000000004
2005-11-29,0.2650000000000139,0.11841071689015815
2005-11-30,1.0772261640796525,1.0147261640796525
2005-12-01,0.46222344930647136,0.38722344930647135
2005-12-02,1.9790000000000136,1.9790000000000136
2005-12-05,-3.175000000000003,-3.293750000000003
2005-12-06,4.083210401337598,4.2957104013375975
2005-12-07,0.017207497703871193,-0.0327925022961288
2005-12-08,-2.895999999999975,-2.7147499999999747
2005-12-09,-5.444000000000019,-5.669000000000018
2005-12-12,-2.4412488701878856,-2.4787488701878857
2005-12-13,-0.8277856589673936,-0.7715356589673936
2005-12-14,-1.9749999999999968,-1.7499999999999967
2005-12-15,0.12099999999999203,0.09599999999999202
2005-12-16,-1.2859999999999872,-1.2172499999999873
2005-12-19,-1.1550000000000162,-1.1550000000000162
2005-12-20,2.001000000000007,1.951000000000007
2005-12-21,1.5521957613305644,1.4924999999999864
2005-12-22,-1.8209999999999813,-1.7259999999999742
2005-12-23,-1.7277407166473822,-1.6100000000000088
2005-12-26,0.0,0.0
2005-12-27,-1.7402499999999936,-1.7602499999999897
2005-12-28,-0.9360000000000187,-0.9110000000000272
2005-12-29,5.755000000000024,5.762249585135409
2005-12-30,0.07762724566370674,0.07943862283185155
2006-01-02,0.0,0.0
2006-01-03,-3.4550000000000054,-3.5150000000000055
2006-01-04,2.4799999999999875,2.5999999999999868
2006-01-05,0.030000000000003274,-0.05999999999999636
2006-01-06,2.2753279672547158,2.3792414024848134
2006-01-09,1.9700000000000102,1.9
2006-01-10,-2.7887499999999794,-2.7464326410791395
2006-01-11,-0.3217500000000309,-0.2507500000000321
2006-01-12,1.2205,1.2145
2006-01-13,-0.06424999999997498,-0.03324999999997426
2006-01-16,0.0,0.0
2006-01-17,2.797499999999987,2.727499999999987
2006-01-18,2.032499999999991,2.0224999999999906
2006-01-19,1.8093030517976727,1.8637500000000138
2006-01-20,-0.29374999999999385,-0.3137499999999995
2006-01-23,-2.2792499999999927,-2.2120020668423614
2006-01-24,-2.058802297622319,-2.0243250299956266
2006-01-25,-2.861027418097024,-2.6710274180970255
2006-01-26,-0.03525885059047576,0.04974114940952197
2006-01-27,1.281941717099648,1.3369417170996525
2006-01-30,-0.6587499999999941,-0.6514352063881879
2006-01-31,-0.8287500000000014,-0.7037500000000061
2006-02-01,0.6923147222390859,0.6423147222390785
2006-02-02,-3.0626880773897236,-2.902688077389718
2006-02-03,-1.737690590723558,-1.5653160291216375
2006-02-06,1.798558060298579,1.7346161205971111
2006-02-07,-0.01020244591378358,-0.27031307902895196
2006-02-08,-1.5956548378841418,-1.3254013650199452
2006-02-09,-0.443750000000008,-0.24000000000000402
2006-02-10,0.830870472889658,0.7573102364448229
2006-02-13,-0.7401855818385629,-0.772899917668965
2006-02-14,1.4537163403975735,1.550000000000003
2006-02-15,-1.7007611224733277,-1.5837865557480792
2006-02-16,1.199999999999996,1.2749999999999961
2006-02-17,0.5199999999999813,0.5849847177508154
2006-02-20,0.0,0.0
2006-02-21,-1.4799999999999813,-1.3612499999999697
2006-02-22,1.7999999999999896,1.4987499999999963
2006-02-23,-1.1600000000000041,-0.92500000000002
2006-02-24,-1.2399999999999958,-0.9637499999999958
2006-02-27,-0.12518598961743843,-0.04134299480869989
2006-02-28,0.1081616009484226,-0.15442306566429634
2006-03-01,1.5040000000000027,1.5140000000000253
2006-03-02,-3.7239999999999984,-3.266500000000013
2006-03-03,-1.8185609791549329,-1.5760609791549387
2006-03-06,-1.4724355169082148,-1.5750000000000022
2006-03-07,-0.528769489529324,-0.636884744764651
2006-03-08,-0.6609999999999984,-0.7849172789817375
2006-03-09,-0.5090000000000028,-0.3500000000000041
2006-03-10,0.029241688575033856,0.2437500000000059
2006-03-13,1.1078516048187133,0.8813781417060107
2006-03-14,0.3492499999999961,0.4812500000000057
2006-03-15,1.4855928001692607,1.535592800169255
2006-03-16,1.386249999999983,1.096249999999974
2006-03-17,-0.64374999999999,-0.8961637695354553
2006-03-20,-1.1012499999999705,-1.4762499999999603
2006-03-21,-2.9356832594330355,-2.9656832594330393
2006-03-22,-0.9184999999999988,-1.0398551301341754
2006-03-23,0.16431817557531045,0.006250000000011187
2006-03-24,0.6712499999999884,0.8332499999999876
2006-03-27,-3.2432067622104177,-3.4232067622104183
2006-03-28,0.126543211689424,0.09454321168942256
2006-03-29,-0.6982613744697663,-0.6102181627803184
2006-03-30,-0.2812499999999912,-0.09124999999999091
2006-03-31,-2.693249999999999,-2.327249999999999
2006-04-03,0.9787254986660695,1.0627254986660701
2006-04-04,-0.3314496075529206,-0.4735000000000165
2006-04-05,-2.3682500000000024,-2.5822171625721406
2006-04-06,-3.340499999999984,-3.2944999999999833
2006-04-07,-1.4564786330570185,-1.4764786330570183
2006-04-10,0.9617693900057808,0.9217633537011976
2006-04-11,0.6607528516610187,0.6807699959145213
2006-04-12,1.955000000000009,1.8026262328323508
2006-04-13,-0.6869647949446749,-0.7089751538186867
2006-04-14,-0.002009522053937961,0.0
2006-04-17,0.6640000000000106,0.750000000000014
2006-04-18,0.36099999999998783,0.5949999999999849
2006-04-19,-0.3062500000000007,-0.34829619943911444
2006-04-20,0.3450000000000118,0.27500000000001296
2006-04-21,-0.9372499999999807,-0.8995419778547717
2006-04-24,0.5672499999999924,0.27349999999998953
2006-04-25,0.01625000000000068,0.28250000000000014
2006-04-26,-0.26625000000001453,-0.11953102934793192
2006-04-27,0.40546868778033224,0.17500000000001117
2006-04-28,-0.9987500000000061,-0.8625000000000119
2006-05-01,0.19499999999999995,0.4500000000000034
2006-05-02,2.3562500000000126,2.0925000000000207
2006-05-03,0.62174999999999,0.7154999999999819
2006-05-04,1.2784698444275349,1.1745000000000025
2006-05-05,-0.5675000000000077,-0.554903297124192
2006-05-08,1.202500000000017,1.1125000000000271
2006-05-09,0.16249999999997913,0.2224999999999598
2006-05-10,0.12750000000002004,0.22750000000003937
2006-05-11,-2.4118266412854563,-2.0995000000000195
2006-05-12,-5.779999999999983,-5.337324168141854
2006-05-15,-1.8964376498697284,-1.884468824934899
2006-05-16,1.3973724548501907,1.2623724548502147
2006-05-17,-2.2900937191982056,-2.066234851112432
2006-05-18,0.06282373772760126,-0.16912962529713607
2006-05-19,1.7749999999999877,1.6826078798102837
2006-05-22,-1.2754996279854058,-1.270499627985397
2006-05-23,0.7200000000000002,0.7250000000000014
2006-05-24,-0.012500000000002228,-0.10750000000000336
2006-05-25,0.9475000000000064,1.0675000000000079
2006-05-26,-0.34650000000000736,-0.3565000000000084
2006-05-29,0.13499999999996248,0.17999999999994998
2006-05-30,-1.4509999999999648,-1.4459999999999558
2006-05-31,0.5802237090968125,0.6025000000000041
2006-06-01,-0.2550000000000303,-0.055000000000040655
2006-06-02,-2.627500000000002,-2.784805090092419
2006-06-05,1.885374354229762,1.8053743542297638
2006-06-06,1.0503939417968011,0.937500000000023
2006-06-07,-0.5825000000000069,-0.5475000000000102
2006-06-08,0.4437499999999976,0.41374999999999656
2006-06-09,0.926250000000001,0.926250000000001
2006-06-12,-1.5525000000000015,-1.5525000000000015
2006-06-13,0.4976971295455428,0.4800000000000121
2006-06-14,1.8899999999999795,1.9949999999999695
2006-06-15,1.640000000000004,1.8350000000000057
2006-06-16,-0.7999999999999958,-0.8449999999999939
2006-06-19,1.0700000000000103,1.0350000000000155
2006-06-20,0.12023283609186712,0.162499999999977
2006-06-21,-0.3399999999999906,-0.17999999999998564
2006-06-22,0.5324851196679103,0.5064851196679124
2006-06-23,0.69624999999999,0.7112499999999854
2006-06-26,1.4529484573110516,1.2815544536510926
2006-06-27,-0.5973916721268493,-0.5299999999999844
2006-06-28,0.20519642400340732,0.31250000000000616
2006-06-29,-0.541250000000003,-0.3759540352428755
2006-06-30,-2.1089199737769406,-2.1007687685554934
2006-07-03,-1.2487499999999998,-0.57875
2006-07-04,0.057610319577306716,0.10000000000005116
2006-07-05,1.0784999999999796,1.0024999999999658
2006-07-06,-1.0859999999999785,-0.854999999999964
2006-07-07,1.5272499999999956,1.4612499999999926
2006-07-10,-2.042249999999999,-1.8937300516044735
2006-07-11,-2.168764088837084,-1.9886834615886784
2006-07-12,-1.7965301407095102,-1.9335301407095091
2006-07-13,1.8377500000000098,1.5797500000000162
2006-07-14,0.17746934370884995,0.4024693437088411
2006-07-17,2.3050000000000126,2.2100000000000217
2006-07-18,2.173585252565208,2.393585252565185
2006-07-19,0.1437886635743223,0.126422112478695
2006-07-20,0.2675000000000068,0.14788527412925215
2006-07-21,0.6390000000000051,0.26453135697000973
2006-07-24,0.21865694982682218,0.573999999999977
2006-07-25,-0.1434726438645192,-0.18900000000000436
2006-07-26,0.24305843028458873,0.13400000000001502
2006-07-27,-0.1599999999999849,-0.05016346983923089
2006-07-28,0.49155667743327114,0.8099999999999576
2006-07-31,-1.9229997051468508,-2.3548202733338166
2006-08-01,-1.3156996056595196,-1.5636996056595214
2006-08-02,-1.202316303677331,-0.6200000000000135
2006-08-03,1.0067500000000023,1.0760000000000032
2006-08-04,0.18499999999999983,0.4476717516075044
2006-08-07,1.891543193761581,1.7327931937615801
2006-08-08,1.0926842524807632,0.9514342524807631
2006-08-09,-0.6980000000000033,-0.43475000000000447
2006-08-10,0.167999999999999,0.07974999999999863
2006-08-11,4.880000000000004,4.561250000000007
2006-08-14,0.4999999999999974,0.07999999999999637
2006-08-15,0.647486553647372,1.117499999999998
2006-08-16,0.3927441060122429,0.594983195995526
2006-08-17,0.295999999999989,0.03924999999998845
2006-08-18,-0.30290124706644245,-0.3016512470664451
2006-08-21,-0.11137490341146611,0.1255628520244381
2006-08-22,-0.41731029400500885,-0.7274999999999782
2006-08-23,-2.302907917948989,-2.467907917948989
2006-08-24,-1.7650000000000052,-1.674777515197306
2006-08-25,-0.15000000000000316,-0.5026113393641506
2006-08-28,1.660608681444512,1.9730000000000296
2006-08-29,1.2745765140439629,1.3243147065935932
2006-08-30,-2.192499999999999,-1.9029999999999994
2006-08-31,-1.5312500000000013,-1.3845000000000027
2006-09-01,1.5714929087810494,1.657499999999993
2006-09-04,0.0,-0.002257091218944571
2006-09-05,0.595000000000004,0.4400000000000047
2006-09-06,-0.8962500000000022,-1.5155000000000027
2006-09-07,-2.063734750368303,-1.8999847503682945
2006-09-08,-0.00125000000001819,0.08024329402277441
2006-09-11,0.13249329402280008,-0.20058737929470816
2006-09-12,2.8287500000000088,2.8862500000000106
2006-09-13,0.43900000000000194,0.5810000000000023
2006-09-14,0.04975000000001815,-0.1420073408775278
2006-09-15,-1.1330034445187596,-0.893003444518781
2006-09-18,-2.1027499999999746,-1.9322499999999652
2006-09-19,0.3337500000000189,0.7212500000000259
2006-09-20,-0.6487500000000275,-0.46625000000003763
2006-09-21,-4.271000000000005,-3.709000000000008
2006-09-22,1.3931815606103453,1.7481831038321096
2006-09-25,0.36499999999999283,0.6449999999999889
2006-09-26,-1.4729999999999412,-1.5189999999999173
2006-09-27,1.8962499999999773,1.6556612943336921
2006-09-28,-3.503156365477486,-3.0100000000000366
2006-09-29,0.6388954687280062,0.4661829403575713
2006-10-02,-1.1887499999999895,-0.8212499999999884
2006-10-03,0.15971414683631371,-0.10500000000000599
2006-10-04,-1.6919999999999509,-1.211515456779584
2006-10-05,-0.11373306949244967,-0.5009830694924652
2006-10-06,-1.3227323129615882,-1.8497499999999898
2006-10-09,-4.64999999999998,-4.352317783797527
2006-10-10,2.9874145824689937,2.542664582468993
2006-10-11,-1.9680794403545678,-1.918329440354568
2006-10-12,-0.47868309073456405,0.09499999999997143
2006-10-13,-2.3101968254197325,-2.339163554234138
2006-10-16,0.042110031030402346,0.2419369837065447
2006-10-17,-0.5194999999999899,-0.29949999999998744
2006-10-18,0.326938922910068,0.3532500000000631
2006-10-19,-0.46700000000002156,-0.6195328291730092
2006-10-20,0.015749999999999136,-0.014557633110867366
2006-10-23,-1.5213563564584447,-1.7649999999999508
2006-10-24,0.4137499999999785,0.43638380751261574
2006-10-25,0.6082499999999909,0.9459220990502629
2006-10-26,1.8792499999999623,2.290581496701669
2006-10-27,-0.16549999999996354,0.041000000000043335
2006-10-30,-0.1445397818423603,-0.2985397818423653
2006-10-31,1.2596233482486885,1.4050000000000729
2006-11-01,-0.5500000000000322,-0.4000000000000391
2006-11-02,-2.7375000000000327,-3.0175517494335495
2006-11-03,0.10750000000003893,-0.12499999999995344
2006-11-06,-0.566250000000018,-0.6025000000000215
2006-11-07,0.09649999999998754,0.26700322579937613
2006-11-08,-0.24500000000000205,-0.15000000000000266
2006-11-09,-0.11180356219613172,-0.5434999999999631
2006-11-10,0.5474999999999858,0.6849999999999828
2006-11-13,0.5490000000000244,0.5910000000000294
2006-11-14,0.6587499999999763,0.9224999999999712
2006-11-15,-0.256999921217013,-0.4343943116310381
2006-11-16,-0.8034999999999745,-1.0989999999999693
2006-11-17,0.0587499999999859,0.167499999999983
2006-11-20,-0.7342860170546409,-0.8625360170546307
2006-11-21,0.30000000000000093,0.4374689681349582
2006-11-22,-0.07375000000004264,-0.01750000000005116
2006-11-23,-0.10404349675353904,-0.12404349675353506
2006-11-24,-0.8287499999999925,-0.8598814579299036
2006-11-27,-0.8648814579299556,-0.8750000000000605
2006-11-28,1.184000000000037,1.3850000000000433
2006-11-29,0.2293767289844578,0.19600918520357277
2006-11-30,1.0105000000000655,1.3790000000000895
2006-12-01,-0.32500000000007345,-0.20000000000009824
2006-12-04,1.271022617282835,1.4408811947894222
2006-12-05,1.1595000000000293,1.281123922823756
2006-12-06,-0.5098838746245731,-0.7621541912337036
2006-12-07,-0.8229999999999803,-0.9469999999999781
2006-12-08,-0.12914260696261745,-0.495000000000022
2006-12-11,0.5674999999999408,0.7774999999999336
2006-12-12,0.5200000000000864,0.6808551214425159
2006-12-13,-1.1236548292006108,-1.6855000000000204
2006-12-14,0.9845000000000259,0.7857936282120139
2006-12-15,0.165,0.11
2006-12-18,-0.517005165797972,-0.6740000000000841
2006-12-19,-0.06367571067303701,-0.18517571067303318
2006-12-20,-3.637978807091713e-14,0.014999999999959072
2006-12-21,0.6133334419003641,0.7225150280415161
2006-12-22,-0.9524999999999615,-1.4491693013024463
2006-12-25,-0.0023437819047975295,-0.006513199930722658
2006-12-26,-0.13799999999998486,-0.16999999999998197
2006-12-27,-0.5766665342792745,-0.7900000000000545
2006-12-28,0.39750000000001373,0.31848767876254386
2006-12-29,0.748487792852292,0.8850000000000436
2007-01-01,0.0,-0.004155198041826284
2007-01-02,0.6979999999999712,0.8999999999999662
2007-01-03,-2.319195035704297,-2.4150000000000245
2007-01-04,-0.978999999999964,-0.8471883192936953
2007-01-05,-0.04100000000005984,-0.29230085757060925
2007-01-08,-0.19924496556394325,-0.20500000000000232
2007-01-09,-1.7549999999999981,-1.844999999999998
2007-01-10,0.2900000000000157,0.3200000000000152
2007-01-11,1.3700000000000516,1.3500000000000525
2007-01-12,2.6364938097776762,2.651481429333159
2007-01-15,-0.01345874968949477,-0.006781919386134033
2007-01-16,0.023999999999995046,0.25499999999999384
2007-01-17,-0.048999999999961984,-0.15999999999996184
2007-01-18,0.6689999999999953,0.7099999999999961
2007-01-19,0.725000000000021,0.775523907526822
2007-01-22,-0.06348165331795902,-0.2594816533179604
2007-01-23,0.09399999999999768,-0.026789950930972493
2007-01-24,-0.4557790542952865,-0.43400000000000116
2007-01-25,-1.4200000000000303,-1.4500000000000304
2007-01-26,-0.6627304355725614,-0.6499861821725551
2007-01-29,-1.039999999999966,-0.9244799412119186
2007-01-30,1.2305890620396729,1.1955890620396763
2007-01-31,0.10277188033730787,0.03725246702650403
2007-02-01,0.02500000000001421,0.08552007330282446
2007-02-02,1.3424999999999845,1.3074999999999877
2007-02-05,-0.22749082062291032,-0.24799999999998343
2007-02-06,-0.6625000000000106,-0.6469982017298901
2007-02-07,-0.5950000000000163,-0.6150000000000123
2007-02-08,1.272500000000037,1.2675000000000272
2007-02-09,-0.24950000000002392,-0.1795000000000165
2007-02-12,-0.4294762495868932,-0.40947624958689705
2007-02-13,1.6919999999999942,1.706999999999995
2007-02-14,0.2024999999999869,0.08749999999999204
2007-02-15,0.21730549820179776,0.19452295101786843
2007-02-16,1.511999999999987,1.491999999999991
2007-02-19,0.0,0.0
2007-02-20,0.13249999999997672,0.12249999999998581
2007-02-21,2.1075000000000257,2.132500000000017
2007-02-22,0.8300000000000042,0.8650000000000007
2007-02-23,-2.0044999999999904,-2.049499999999992
2007-02-26,-0.9180000000000209,-0.960074599504416
2007-02-27,-3.2366391943684345,-3.0120000000000124
2007-02-28,2.3628833534834364,2.4378833534834246
2007-03-01,-1.2239999999999989,-1.2389999999999992
2007-03-02,-1.8500000000000227,-1.8921230548744992
2007-03-05,0.8450000000000172,0.7777576514877542
2007-03-06,-0.24212657531295315,-0.2900000000000015
2007-03-07,0.6050000000000002,0.6028652438230548
2007-03-08,0.2027573862774663,0.19039049515214856
2007-03-09,-0.7699999999999739,-0.9707604592835566
2007-03-12,-0.7900000000000343,-0.707500000000034
2007-03-13,-0.6699999999999914,-0.3764999999999908
2007-03-14,0.36000000000001614,0.24150000000001565
2007-03-15,-0.7449999999999996,-0.8084999999999992
2007-03-16,0.7778704947266932,0.8187499999999621
2007-03-19,0.9312500000000522,0.8512500000000526
2007-03-20,0.9975000000000247,0.9735000000000243
2007-03-21,1.1649999999999474,0.9989999999999479
2007-03-22,-0.3074999999999676,-0.32749999999996815
2007-03-23,-0.14750000000002583,-0.1559831554546952
2007-03-26,-1.7819811022402667,-1.93749999999996
2007-03-27,-0.26000000000003887,-0.21000000000003882
2007-03-28,-0.4724999999999829,-0.43249999999998306
2007-03-29,0.9677906622172978,0.8739999999999966
2007-03-30,-5.024999999999982,-4.989999999999985
2007-04-02,-3.166377552601602,-3.2110969407519847
2007-04-03,-0.08722219997199591,-0.10914199865252892
2007-04-04,1.664999999999976,1.3999999999999806
2007-04-05,0.7809970883076216,0.6827082019480072
2007-04-06,-0.41100000000001946,-0.3650000000000157
2007-04-09,-0.07149999999995242,-0.06438113122097171
2007-04-10,0.8214999999999835,0.7864999999999869
2007-04-11,-0.9583620685591644,-0.9413204274213034
2007-04-12,0.06286423064396553,0.059999999999964776
2007-04-13,0.6700000000000191,0.46314359690467954
2007-04-16,-0.2020000000000162,-0.0816254220556761
2007-04-17,-0.7079999999999469,-0.5579999999999588
2007-04-18,0.48827057133994056,0.4081471199509419
2007-04-19,-0.3550000000000075,-0.34000000000000685
2007-04-20,-0.17999999999999314,-0.17999999999999314
2007-04-23,-0.4249999999999972,-0.4399999999999977
2007-04-24,0.2801737071731375,0.22535294749555373
2007-04-25,1.3789999999999862,1.2839999999999878
2007-04-26,-0.6389999999999876,-0.4639999999999898
2007-04-27,-0.3150000000000176,-0.19000000000001302
2007-04-30,-0.1898738862258675,-0.19183643092363445
2007-05-01,0.8040000000000014,0.8000000000000016
2007-05-02,0.2941834194615637,0.3200610754325823
2007-05-03,0.4799999999999423,0.35818426085432925
2007-05-04,0.7331962015356076,0.6640000000000326
2007-05-07,0.5300000000000206,0.6782110622840525
2007-05-08,-0.9550000000000455,-0.6300000000000363
2007-05-09,0.5032095010640069,0.5982095010639986
2007-05-10,-0.9331149199713688,-0.7837881315397489
2007-05-11,0.9780000000000026,1.0760000000000054
2007-05-14,-0.21978400202831103,-0.17778400202832598
2007-05-15,0.3502169109979922,0.3582169109979947
2007-05-16,0.16499999999998574,0.21999999999998465
2007-05-17,-0.6535317749911252,-0.6005592757321458
2007-05-18,-0.6000000000000436,-0.5437326511844989
2007-05-21,1.5982710250364047,1.7500000000000104
2007-05-22,-0.948999999999964,-0.9737260902957176
2007-05-23,-0.38725518934059316,-0.36000000000000637
2007-05-24,-1.751739000108097,-2.0839915199217574
2007-05-25,1.8779999999999806,2.1811023805360086
2007-05-28,-0.006142975971474204,-0.005738914013906328
2007-05-29,-1.0424999999999738,-1.0274999999999812
2007-05-30,2.004999999999983,2.089999999999988
2007-05-31,0.7250000000000064,0.8000000000000028
2007-06-01,0.9037781174684821,1.0547781174684896
2007-06-04,-1.6859999999999844,-1.8219999999999843
2007-06-05,-1.1489307379289297,-1.147214709108304
2007-06-06,-1.3449999999999989,-1.5418241776671908
2007-06-07,-0.7687423104492522,-0.32908970952063715
2007-06-08,0.10426962537835646,0.09000000000000152
2007-06-11,1.0929999999999989,1.1999999999999953
2007-06-12,-0.3280000000000102,-0.30500000000001054
2007-06-13,0.23,0.12828369832272238
2007-06-14,1.2150000000000118,1.304550098410041
2007-06-15,2.5333521024211922,2.7889999999999966
2007-06-18,-0.23176300573049785,-0.2335260114609991
2007-06-19,-1.046425729525657,-0.9924257295256573
2007-06-20,-0.7700000000000174,-0.8900000000000181
2007-06-21,0.0760000000000071,0.11200000000000704
2007-06-22,-2.485999999999999,-2.5645017435511304
2007-06-25,-1.1254064648470359,-1.1954064648470384
2007-06-26,0.01600000000000375,0.012000000000008754
2007-06-27,-0.47099999999998915,-0.42699999999998817
2007-06-28,0.7845390832607927,0.8799999999999828
2007-06-29,-0.918999999999999,-1.1534814805301938
2007-07-02,0.6069205882631262,0.649317124115486
2007-07-03,-0.2805156280262775,-0.24499999999999092
2007-07-04,0.0,0.0
2007-07-05,0.12899999999998998,0.292999999999985
2007-07-06,1.1160000000000077,1.4220000000000104
2007-07-09,-0.11653748840224906,-0.19253748840224155
2007-07-10,-1.8350000000000004,-1.9117135993898158
2007-07-11,0.0027232466676312384,0.009999999999969806
2007-07-12,1.540999999999998,2.1429999999999985
2007-07-13,0.0014999999999970725,0.029781159312992796
2007-07-16,-0.7924999999999931,-1.3474999999999857
2007-07-17,0.9735000000000033,0.9098347409997136
2007-07-18,-0.43167481153705595,-0.5080000000000039
2007-07-19,0.4685000000000062,0.4155000000000157
2007-07-20,-1.2609999999999897,-1.5696900596808585
2007-07-23,1.0699999999999903,1.1493366812143904
2007-07-24,-1.6021587991914015,-2.0334999999999845
2007-07-25,-1.1250000000000138,-1.4017218923175006
2007-07-26,-2.919999999999996,-3.3256683843501156
2007-07-27,0.845470008151229,1.0261466156576171
2007-07-30,0.3859990668465985,0.45423967674752075
2007-07-31,-0.6599999999999889,-0.7425623122331365
2007-08-01,-0.13500000000001605,-0.3200000000000164
2007-08-02,0.1900000000000064,0.3550000000000067
2007-08-03,-0.5365945978327222,-0.5350000000000033
2007-08-06,0.09000000000000258,0.10740719192754661
2007-08-07,-0.36000000000000737,-0.16565481670907287
2007-08-08,0.234000000000007,0.3000000000000078
2007-08-09,-0.525000000000006,-0.6450000000000066
2007-08-10,-0.3433788222370762,-0.36937882223707585
2007-08-13,0.1249999999999966,0.1249999999999966
2007-08-14,-0.5450000000000003,-0.6450000000000002
2007-08-15,-1.0249999999999955,-1.1573929819520508
2007-08-16,-0.7112505574156587,-0.5731051668152649
2007-08-17,1.1507756309281785,1.4156946743837944
2007-08-20,-0.39180702724654304,-0.37180702724654413
2007-08-21,-0.36762559258188343,-0.2566255925818835
2007-08-22,-0.3299999999999901,-0.03499999999998977
2007-08-23,0.13750000000000467,0.08650000000000563
2007-08-24,0.6174999999999794,0.632499999999979
2007-08-27,0.5223806379581952,0.38338063795819477
2007-08-28,0.4975000000000107,0.20006496116515354
2007-08-29,0.3449999999999772,0.23399999999997706
2007-08-30,0.4250000000000222,0.5900000000000223
2007-08-31,0.3125678204546015,0.2673765745518933
2007-09-03,-0.008351278991328141,-0.005727853543249868
2007-09-04,-1.2049999999999654,-0.9199999999999662
2007-09-05,1.1549999999999776,0.9009999999999778
2007-09-06,0.5550000000000185,0.46900000000001957
2007-09-07,0.06499999999998544,0.07742568066099381
2007-09-10,0.7049999999999929,0.793999999999991
2007-09-11,0.42999999999997157,0.4649999999999648
2007-09-12,-2.019999999999989,-2.0839999999999863
2007-09-13,0.18223373133759962,0.09000000000003784
2007-09-14,-0.4249999999999803,-0.4749999999999803
2007-09-17,-0.6450000000000077,-0.6690000000000081
2007-09-18,1.224999999999968,1.3849999999999683
2007-09-19,-0.6299999999999877,-0.5559999999999886
2007-09-20,-3.070000000000022,-3.054000000000021
2007-09-21,0.06704483421792341,0.09104483421792386
2007-09-24,0.3849999999999754,0.4049999999999746
2007-09-25,0.5549999999999828,0.5949999999999827
2007-09-26,-0.3007351622468755,-0.2889999999999973
2007-09-27,-0.31999999999998807,-0.5409999999999879
2007-09-28,0.9431455799816008,1.1941560000682916
2007-10-01,0.8660000000000362,0.8641426706188226
2007-10-02,1.8764999999999727,1.850499999999973
2007-10-03,0.07569050727550478,0.06949999999999686
2007-10-04,0.5679999999999972,0.6111636400193754
2007-10-05,-0.8054999999999786,-0.7394999999999777
2007-10-08,0.14816493570158654,0.19816493570158655
2007-10-09,0.0719999999999763,0.0609999999999759
2007-10-10,-0.3119999999999987,-0.4209999999999988
2007-10-11,0.3525000000000432,0.4425000000000438
2007-10-12,-0.4807876533126089,-0.5858204423647704
2007-10-15,-0.9649999999999931,-0.9968214209373567
2007-10-16,0.2556781896780438,0.2175000000000005
2007-10-17,1.1724999999999788,1.168499999999979
2007-10-18,0.560678180041499,0.6446781800414998
2007-10-19,0.4635000000000288,0.42950000000002797
2007-10-22,-0.45100000000003204,-0.5170000000000313
2007-10-23,0.6335000000000227,0.679500000000023
2007-10-24,0.776499999999994,0.740499999999994
2007-10-25,-0.8975000000000135,-0.8775000000000143
2007-10-26,0.8809999999999952,1.03217238745563
2007-10-29,0.3665000000000169,0.4695000000000212
2007-10-30,0.07599999999997731,0.030251562981959662
2007-10-31,-0.25553152985987326,-0.448749999999978
2007-11-01,0.8671723962899792,0.8569999999999866
2007-11-02,0.424500000000032,0.9317500000000317
2007-11-05,-1.1798551980414398,-1.31482587480391
2007-11-06,-0.3699999999999398,-0.5974999999999397
2007-11-07,-0.8225000000000608,-0.7797428180479298
2007-11-08,-0.9844999999999735,-0.9172499999999723
2007-11-09,-0.3333625330408798,-0.27274999999996535
2007-11-12,0.42,0.4181995538493463
2007-11-13,-0.008750000000064574,-0.008750000000064574
2007-11-14,-0.9519999999999825,-0.9519999999999825
2007-11-15,1.0434463641627103,1.0415999857427045
2007-11-16,-0.015052356522197123,-0.015052356522197123
2007-11-19,0.0679999999999628,0.06493432574557675
2007-11-20,0.022695177223456674,0.0007500000000599812
2007-11-21,0.3724538397358481,0.3724538397358481
2007-11-22,0.0,-0.003054617213653087
2007-11-23,0.1500000000000409,0.20500000000004776
2007-11-26,2.3297688530900484,2.563749999999963
2007-11-27,-0.7879953196697322,-0.5787499999999998
2007-11-28,-0.5337499999999795,-0.7105123680180758
2007-11-29,1.7144871022848844,1.8712500000000187
2007-11-30,0.16500000000001078,0.17500000000001137
2007-12-03,1.584999999999998,1.6749999999999972
2007-12-04,0.12624999999999417,-0.008750000000006388
2007-12-05,0.42999999999994015,0.4749999999999311
2007-12-06,-0.559493934174581,-0.6694939341745799
2007-12-07,-2.458749999999962,-2.733749999999955
2007-12-10,-0.325917380562249,-0.37091738056225126
2007-12-11,1.8952499999999501,2.0234988443186075
2007-12-12,-0.9174999999999732,-1.0759083023272256
2007-12-13,-1.3165210558176834,-1.3530000000000186
2007-12-14,-0.9450000000000064,-0.9425194485390194
2007-12-17,-0.00674999999994443,-0.07074999999994325
2007-12-18,1.530997454210912,1.6057500000000111
2007-12-19,1.013537958155904,0.867258769534384
2007-12-20,1.02550611962246,1.056999999999943
2007-12-21,-1.795749999999957,-2.2975007665746348
2007-12-24,-0.4006106433958969,-0.4555951176432384
2007-12-25,-0.005695072695851339,-0.0017517491882639129
2007-12-26,-0.3249999999999431,-0.6999999999999318
2007-12-27,-0.5010000000000142,-0.7300000000000169
2007-12-28,0.7002919900151053,0.874291990015097
2007-12-31,0.3765000000000301,0.39819635095423167
2008-01-01,-0.005688483581962842,0.0
2008-01-02,2.586000000000012,2.340000000000012
2008-01-03,1.0074999999999956,0.8174999999999949
2008-01-04,0.15149999999998753,0.03183152617248425
2008-01-07,0.9068348811523834,0.9807383499075331
2008-01-08,1.635000000000017,1.2215207043225784
2008-01-09,-1.1074831623599795,-0.942660510230927
2008-01-10,-0.5379506136566776,-0.5392785427608645
2008-01-11,3.1479999999999984,2.3462203606636303
2008-01-14,3.0791736040368884,2.3191736040368878
2008-01-15,0.545064293354664,0.6667894181949235
2008-01-16,-1.0350000000000117,-0.8700000000000114
2008-01-17,1.0287499999999845,1.0437499999999849
2008-01-18,0.243000000000003,0.32700000000000307
2008-01-21,-0.007258659375309379,-0.0037165737407935605
2008-01-22,2.2420000000000266,2.015500000000026
2008-01-23,-0.8319999999999873,-0.5579999999999867
2008-01-24,-2.280000000000021,-2.1312467746470114
2008-01-25,1.6544555426700778,1.5073906665609076
2008-01-28,0.3187499999999805,0.29874999999998475
2008-01-29,-0.037500000000006,-0.05250000000000455
2008-01-30,-0.8725000000000882,-0.7825000000000734
2008-01-31,1.9675000000000946,1.8525000000000778
2008-02-01,1.2787499999999943,1.1987499999999962
2008-02-04,0.6028929024274539,0.6161306926637791
2008-02-05,0.07623317948742903,0.021233179487436464
2008-02-06,-0.38999999999998347,-0.36999999999998745
2008-02-07,-0.977500000000041,-0.8275000000000352
2008-02-08,2.032249999999993,1.9822499999999956
2008-02-11,0.2422529943070504,0.20225299430704416
2008-02-12,-1.4350000000000809,-1.3417409543325447
2008-02-13,0.4807669300137573,0.5107669300137567
2008-02-14,-1.427560671899565,-1.277560671899572
2008-02-15,0.7214319632027109,0.7294401361374796
2008-02-18,-0.001722836081660112,-0.001722836081660112
2008-02-19,-1.4449999999999574,-1.2999999999999658
2008-02-20,-0.7957500000000177,-0.7987500000000167
2008-02-21,2.9132883227674022,2.649999999999988
2008-02-22,0.039656691485533815,0.11298983550076858
2008-02-25,-0.9499999999999515,-0.8299999999999614
2008-02-26,2.117441454533591,2.1854414545335934
2008-02-27,0.6099999999999814,0.6469999999999846
2008-02-28,5.152499999999974,5.1508409486170725
2008-02-29,1.6587500000000834,1.2107500000000708
2008-03-03,1.5470379831009138,1.6001336257878285
2008-03-04,-1.7699999999999987,-1.8779999999999981
2008-03-05,-0.27500000000009023,0.13999999999990798
2008-03-06,-3.2316969462081646,-3.9500000000000024
2008-03-07,-1.3742872744633876,-1.6851809116951173
2008-03-10,3.181999999999986,2.881999999999986
2008-03-11,0.6597492993927303,1.1929767242974456
2008-03-12,1.5007500000000138,1.4964358828106397
2008-03-13,0.6804999999999864,0.7179999999999865
2008-03-14,0.8724999999999902,0.35559559055861545
2008-03-17,-0.1387499999999818,-0.18749999999997727
2008-03-18,1.9995000000000127,2.187000000000016
2008-03-19,-2.0079826259978795,-2.2042326259978857
2008-03-20,-2.378420417369558,-2.4696704173695627
2008-03-21,-0.006168289948107675,-0.004399168341704364
2008-03-24,-0.5652499999999847,-0.43524999999997943
2008-03-25,1.9390000000000247,2.334000000000029
2008-03-26,0.210999999999973,0.399789922241633
2008-03-27,-0.3408772214335894,-0.411250000000005
2008-03-28,1.0975000000000323,1.0928710434331987
2008-03-31,2.5839999999999432,2.6889999999999326
2008-04-01,-0.0002500000000016371,-0.1552500000000029
2008-04-02,0.6327500000000038,0.5377500000000052
2008-04-03,0.46836638121328916,0.44336638121328337
2008-04-04,1.9341240113873737,2.139124011387386
2008-04-07,-0.9466360132365159,-1.0166360132365235
2008-04-08,-0.6403731262534361,-0.6503731262534271
2008-04-09,2.3075000000000365,2.41250000000004
2008-04-10,-0.2653706928115342,-0.320370692811541
2008-04-11,0.758499999999949,0.8434999999999429
2008-04-14,2.12487178939587,2.074871789395873
2008-04-15,0.5582499999999833,0.44324999999997416
2008-04-16,-1.6963942732911386,-1.8849999999999831
2008-04-17,-0.8548556318869762,-0.8648556318869717
2008-04-18,0.08549999999999446,0.15913328167454324
2008-04-21,-3.6549999999999883,-3.5899999999999905
2008-04-22,3.096249999999943,3.1062499999999345
2008-04-23,-0.19124999999998946,-0.1962499999999849
2008-04-24,-1.1717500000000218,-1.306750000000027
2008-04-25,-0.895,-0.925000000000001
2008-04-28,2.8455000000000603,2.895500000000072
2008-04-29,-3.428750000000035,-3.415464147887399
2008-04-30,3.9612500000000206,3.8962500000000224
2008-05-01,-1.0137499999999944,-1.0137499999999944
2008-05-02,0.18625000000001618,0.08125000000001782
2008-05-05,-1.6987500000000038,-1.348750000000003
2008-05-06,-0.4580240254170844,-0.731250000000066
2008-05-07,-1.5262499999999803,-1.5012499999999747
2008-05-08,1.9684908216312529,2.0834908216312478
2008-05-09,0.6617500000000441,0.6967500000000549
2008-05-12,3.049499999999953,3.044499999999944
2008-05-13,-2.5093316833043304,-2.7243316833043196
2008-05-14,-2.1511594806430887,-2.201250000000058
2008-05-15,3.3224999999999794,3.672499999999974
2008-05-16,1.2406323523965737,1.2440780827028697
2008-05-19,1.204999999999963,1.224999999999959
2008-05-20,0.33499999999997526,0.3899999999999679
2008-05-21,1.7462500000000098,1.6812500000000121
2008-05-22,-2.347499999999981,-2.507499999999977
2008-05-23,0.41749999999996285,0.4874999999999561
2008-05-26,0.0,0.0
2008-05-27,-1.1037499999999705,-1.2337499999999657
2008-05-28,-0.024999999999998454,-0.1349999999999979
2008-05-29,-0.8212499999999967,-0.9312499999999964
2008-05-30,1.7136510342649924,1.7335195220135844
2008-06-02,1.7187500000000129,1.9517227165288211
2008-06-03,2.4505842784664207,2.822499999999987
2008-06-04,-0.10600000000000245,-0.33350000000001717
2008-06-05,1.2175000000000111,0.588750000000026
2008-06-06,-1.1955108478904872,-0.7804700821894287
2008-06-09,-0.016999999999992632,-0.4444999999999932
2008-06-10,-3.270505868620511,-3.7792500000000118
2008-06-11,1.8989676678215075,2.245217667821517
2008-06-12,1.832499999999993,0.9612499999999956
2008-06-13,1.6234999999999953,1.2971713560575484
2008-06-16,0.8764999999999854,0.9577499999999854
2008-06-17,1.8325000000000362,2.103750000000045
2008-06-18,1.089865735102822,1.5224999999999762
2008-06-19,-1.602500000000007,-1.9312500000000206
2008-06-20,1.3189999999999993,1.6590000000000025
2008-06-23,-1.5915000000000123,-1.8352500000000183
2008-06-24,1.0540000000000005,1.479000000000006
2008-06-25,1.6559999999999928,1.5434999999999814
2008-06-26,1.1300000000000077,1.6800000000000246
2008-06-27,0.2925000000000015,0.37124999999999236
2008-06-30,-2.000999999999984,-1.8434999999999793
2008-07-01,-2.961322624492842,-2.9793719366187372
2008-07-02,2.52800000000001,2.6955000000000107
2008-07-03,0.014499999999983335,0.03074999999999129
2008-07-04,0.0,0.0
2008-07-07,-0.20950000000001617,0.014249999999956527
2008-07-08,-0.2504999999999926,0.13575000000002554
2008-07-09,0.7304568070993521,1.1217500000000233
2008-07-10,-0.27875000000000855,-0.22875000000002554
2008-07-11,-0.5379999999999974,-0.7979999999999882
2008-07-14,-1.4052722591416782,-1.4052722591416782
2008-07-15,-0.06508762933888285,0.1437499999999895
2008-07-16,1.8257499999999975,1.8357500000000089
2008-07-17,-1.2032499999999877,-2.1882499999999854
2008-07-18,0.44950000000000373,-0.09964006799508726
2008-07-21,1.1212763965608725,1.1405000000000216
2008-07-22,2.610749999999987,2.240749999999976
2008-07-23,2.2892499999999925,2.1890160288572176
2008-07-24,1.0014940151173366,1.2507500000000245
2008-07-25,-4.044500000000026,-3.9737572821616696
2008-07-28,2.485654304772171,2.6956543047721797
2008-07-29,0.41250000000001696,0.6275000000000157
2008-07-30,0.7239999999999763,0.8889999999999673
2008-07-31,1.2835000000000236,1.0935000000000312
2008-08-01,4.063749999999984,3.6537499999999756
2008-08-04,2.630362020979908,1.9750000000000196
2008-08-05,-1.7847500000000096,-2.2247500000000198
2008-08-06,-0.41410936341058363,-1.1791093634105723
2008-08-07,-0.9187500000000036,-0.24350438108622208
2008-08-08,-6.307373015598774,-6.807499999999982
2008-08-11,-1.347046371751006,-1.4620463717510181
2008-08-12,0.987499999999996,1.562500000000005
2008-08-13,-1.3959999999999995,-0.24100000000000146
2008-08-14,-0.40650000000000364,0.42349999999999466
2008-08-15,1.1860012718491333,0.10505535800445664
2008-08-18,-0.14775000000000071,0.7818740002105474
2008-08-19,0.004851939056115755,0.23499999999998586
2008-08-20,0.3787500000000205,0.5887500000000206
2008-08-21,0.11973927082100227,0.5697392708210023
2008-08-22,-1.3862500000000053,-1.611387015982996
2008-08-25,1.4962500000000187,1.4212500000000254
2008-08-26,-0.4955000000000102,-0.5905000000000187
2008-08-27,0.9717499999999952,1.0417499999999964
2008-08-28,-2.5412500000000176,-2.72131558736907
2008-08-29,-1.7080172030297776,-1.827999999999965
2008-09-01,-0.005057637712686524,0.0
2008-09-02,-0.7000000000000124,-1.0150000000000123
2008-09-03,0.21999999999997708,0.07999999999997708
2008-09-04,-3.0049999999999635,-2.965069459129681
2008-09-05,1.6311069265103326,1.2780000000000071
2008-09-08,-0.8309323040218132,-0.7830000000000386
2008-09-09,0.09000000000001573,-0.13999999999998544
2008-09-10,-1.8100000000000014,-2.1500079771400302
2008-09-11,-0.4950000000000229,-0.6700000000000277
2008-09-12,-1.260819547090373,-0.5519181134117033
2008-09-15,0.4729988797489653,0.1449999999999367
2008-09-16,1.6207342525889463,0.5287312426842865
2008-09-17,-2.0357681334598774,-1.3237499999999804
2008-09-18,0.5212499999999811,-0.6907704306461516
2008-09-19,-1.562499999999963,-0.5724999999999628
2008-09-22,-1.0322727894437762,-0.3022727894437768
2008-09-23,-2.402000000000017,-2.576000000000017
2008-09-24,-0.8280000000000082,-0.8740000000000088
2008-09-25,0.8725000000000185,0.8825000000000185
2008-09-26,0.21299999999997699,-0.5410000000000227
2008-09-29,0.8625000000000127,-0.7474999999999865
2008-09-30,1.0545207726237138,0.2745207726237131
2008-10-01,0.2805057606947882,0.07450576069478737
2008-10-02,0.35099999999999276,-1.193000000000007
2008-10-03,-0.20600000000000218,-0.31200000000000255
2008-10-06,-1.8889999999999592,-4.052999999999958
2008-10-07,-3.0752191827193127,-3.8161664525689063
2008-10-08,-2.782499999999993,-2.572499999999993
2008-10-09,-4.053474601179985,-3.8350000000000195
2008-10-10,0.18049999999999936,-0.9435
2008-10-13,-0.1986242298889978,-0.1336242298889978
2008-10-14,-0.3099999999999893,0.32500000000001095
2008-10-15,0.3496465297554466,-0.5775000000000065
2008-10-16,-0.22075000000000441,-0.637312724325359
2008-10-17,-0.5699999999999906,0.1700000000000091
2008-10-20,-1.3704999999999896,-0.8812248805809308
2008-10-21,1.7317499999999781,2.095499999999978
2008-10-22,1.0319999999999954,0.8119999999999955
2008-10-23,0.03099194634557639,0.41800000000001525
2008-10-24,0.7525000000000065,0.22500000000000592
2008-10-27,-1.2700000000000162,-0.7900000000000156
2008-10-28,-0.876249999999992,-0.687499999999992
2008-10-29,-2.46275,-2.005091178816275
2008-10-30,1.2102500000000005,0.8015000000000003
2008-10-31,0.43999999999999273,0.059999999999992726
2008-11-03,0.023500000000009597,0.3860000000000096
2008-11-04,0.33125000000000693,1.117500000000007
2008-11-05,1.7212499999999775,1.4574999999999774
2008-11-06,0.5040000000000062,0.23900000000000624
2008-11-07,0.22769337533705394,0.01750000000001387
2008-11-10,-0.2749999999999958,-0.09499999999999581
2008-11-11,0.88,0.66
2008-11-12,1.393663091923848,1.2859999999999956
2008-11-13,-0.9709999999999948,-0.6809999999999947
2008-11-14,0.4074629261806828,0.5136990800452527
2008-11-17,-0.3749999999999949,-0.11499999999999491
2008-11-18,1.726499999999993,1.474274323910567
2008-11-19,1.3300170131998428,1.2950000000000401
2008-11-20,3.2149999999999523,2.2209999999999526
2008-11-21,1.9075000000000504,1.3925000000000496
2008-11-24,-2.9650000000000434,-2.211000000000043
2008-11-25,2.25000000000004,2.501000000000041
2008-11-26,1.0250000000000057,1.0640000000000047
2008-11-27,0.0,0.0
2008-11-28,1.0799999999999954,0.8409999999999959
2008-12-01,3.535000000000013,2.964000000000014
2008-12-02,0.4449999999999477,0.3999999999999471
2008-12-03,0.5768490162591908,0.5486832146659884
2008-12-04,2.551304493507572,1.9513044935075725
2008-12-05,1.6350000000000084,0.5027699924263567
2008-12-08,-3.277499999999995,-2.827499999999995
2008-12-09,1.0237499999999915,0.981461923887267
2008-12-10,-2.3272486434707527,-1.7272486434707526
2008-12-11,0.7362499999999976,1.106249999999998
2008-12-12,-2.050000000000007,-1.110000000000007
2008-12-15,0.23000000000009777,0.33000000000009777
2008-12-16,1.3074999999998977,2.06141756821526
2008-12-17,2.256250000000034,2.1062500000000424
2008-12-18,0.9637500000000705,1.033750000000088
2008-12-19,-0.47484286243852897,-0.9637500000000909
2008-12-22,-0.764999999999946,-0.684999999999946
2008-12-23,-1.092499999999946,-0.582499999999946
2008-12-24,-1.0912500000000143,-1.0212500000000142
2008-12-25,0.0,0.0
2008-12-26,-0.9937499999999971,-0.3937499999999971
2008-12-29,2.971249999999892,2.241249999999892
2008-12-30,-0.9061814685903553,-0.7937499999998835
2008-12-31,-3.106250000000054,-2.891250000000054
2009-01-01,0.0,0.0
2009-01-02,-3.518749999999955,-3.4237499999999548
2009-01-05,-0.17500000000009946,-0.19500000000009948
2009-01-06,-0.924999999999912,-0.6049999999999119
2009-01-07,1.6188875301866026,1.4038875301866027
2009-01-08,2.5287499999999627,2.3237499999999627
2009-01-09,0.0912500000000648,0.17125000000006482
2009-01-12,4.357499999999873,3.7574999999998733
2009-01-13,1.701241083531284,1.350133619270793
2009-01-14,1.1638824155560508,1.3649999999999283
2009-01-15,0.06125000000013131,0.05125000000013131
2009-01-16,-3.306249999999992,-2.7912499999999922
2009-01-19,0.0,0.0
2009-01-20,0.011249999999992042,-0.12375000000000796
2009-01-21,-3.538750000000048,-3.423750000000048
2009-01-22,-1.1812499999999244,-1.2262499999999243
2009-01-23,-0.9012500000000161,-0.851250000000016
2009-01-26,-0.88999999999998,-0.82999999999998
2009-01-27,3.214393452039927,2.899999999999992
2009-01-28,-2.616000000000031,-2.310000000000032
2009-01-29,-2.3087500000001193,-2.4537500000001193
2009-01-30,0.1663806484812451,-0.05861935151875455
2009-02-02,2.8437265350420304,2.5037265350420306
2009-02-03,-1.201250000000116,-1.4418826678787466
2009-02-04,-0.6011254750962282,-0.6911254750962281
2009-02-05,-1.1452499999999575,-0.8752499999999573
2009-02-06,-1.8612500000000116,-1.7312500000000117
2009-02-09,-0.668750000000108,-0.668750000000108
2009-02-10,3.2015000000000997,3.1765000000001
2009-02-11,2.217292589752005,2.0136087463215255
2009-02-12,1.2202500000000338,1.075250000000027
2009-02-13,-2.633155766783258,-2.545837443288838
2009-02-16,-0.006118969989570013,0.0
2009-02-17,4.9472499999999915,4.642249999999992
2009-02-18,-0.9047500000000277,-0.9597500000000275
2009-02-19,-2.400842990639021,-2.2637499999999724
2009-02-20,1.9134999999999935,1.7534999999999934
2009-02-23,-0.353750000000023,-0.283750000000023
2009-02-24,-1.0279433788572432,-0.9179433788572432
2009-02-25,-2.9640000000000177,-2.584000000000018
2009-02-26,-0.36421628055808636,-0.4184999999999998
2009-02-27,2.0437500000000757,1.4337500000000751
2009-03-02,4.405750000000019,3.709750000000019
2009-03-03,-0.712500000000075,-0.5793235104658407
2009-03-04,-3.6199999999999375,-2.6799999999999313
2009-03-05,4.120499999999938,3.068999999999931
2009-03-06,-0.789391684342193,-0.5350000000000021
2009-03-09,-0.8679999999999108,-0.8239999999999112
2009-03-10,-2.910000000000089,-2.380000000000089
2009-03-11,2.1750000000000727,1.9650000000000727
2009-03-12,-3.0070000000000054,-1.9710000000000065
2009-03-13,-0.9429999999999847,-0.5506387829059802
2009-03-16,-1.3145000000000802,-0.959376347409684
2009-03-17,-0.9149999999999345,-0.6849999999999341
2009-03-18,4.800500000000012,5.012500000000011
2009-03-19,-1.3514367989255855,-1.5409251705201479
2009-03-20,-0.0485000000000385,0.1297499999999612
2009-03-23,0.02850000000000027,-0.18975000000000028
2009-03-24,0.33900000000000224,0.18850000000000228
2009-03-25,0.06750000000004511,0.12875000000004583
2009-03-26,-0.28650000000002745,0.0627499999999729
2009-03-27,0.4475000000000002,0.06131857579594526
2009-03-30,0.8180542760654903,0.7360000000000113
2009-03-31,-2.4899999999999975,-1.2399999999999975
2009-04-01,1.4852620052744432,1.165262005274443
2009-04-02,-2.0099999999999434,-1.3919853364379968
2009-04-03,-2.2700000000001053,-1.7650000000001047
2009-04-06,-0.5249999999999146,-0.517999999999955
2009-04-07,1.5889947751123354,1.3279999999999472
2009-04-08,0.8750000000001084,0.9939897299299538
2009-04-09,0.3834999999999851,0.5354999999999835
2009-04-10,0.0,0.0
2009-04-13,1.4439999999999698,1.3819999999999717
2009-04-14,0.022485901878856417,0.23049999999999382
2009-04-15,2.0255000000000596,1.5534802605506606
2009-04-16,-0.9525000000000136,-0.8425000000000158
2009-04-17,-0.2959878899556062,-0.9609878899556057
2009-04-20,1.143000000000011,0.040000000000010826
2009-04-21,-0.7450000000000115,0.019999999999988267
2009-04-22,-0.5654999999999337,-0.5724999999999313
2009-04-23,-0.9499999999999722,-0.5349999999999745
2009-04-24,-0.49200000000008703,-0.9650000000000862
2009-04-27,-0.2349999999998874,-1.929999999999888
2009-04-28,-0.8580710080326608,-0.4912620622192598
2009-04-29,-3.3174999999999777,-2.0774999999999775
2009-04-30,-1.0970000000000988,-1.2010000000000984
2009-05-01,-1.9780000000000102,-1.3540000000000099
2009-05-04,2.849987165536759,2.9287792744254375
2009-05-05,0.4274999999998884,0.4011840549590999
2009-05-06,0.7650000000000067,0.7900000000000049
2009-05-07,-2.3395000000000157,-2.014500000000015
2009-05-08,-0.6217528897528586,-0.26549999999999835
2009-05-11,1.0550000000000512,1.0750000000000512
2009-05-12,-1.2019999999999553,-0.9019960064774628
2009-05-13,0.49699999999995936,0.4519999999999594
2009-05-14,-0.14199999999996984,-0.02199999999996985
2009-05-15,1.054813756641194,0.4089383413599183
2009-05-18,-0.6399999999999939,-0.4299999999999939
2009-05-19,-0.4255000000000964,-0.1255000000000964
2009-05-20,0.3425000000000479,0.3511407785266853
2009-05-21,-1.9320000000000153,-2.281000000000015
2009-05-22,-2.1200000000000467,-1.7200000000000477
2009-05-25,0.0,-0.006240961450443307
2009-05-26,-0.46500000000001457,-0.515000000000046
2009-05-27,-2.0249999999999413,-1.8099999999999206
2009-05-28,-0.7693256468854072,-0.5883674393970778
2009-05-29,0.9349999999999489,1.5587566616393294
2009-06-01,-4.02520865829152,-2.868499999999963
2009-06-02,0.011228689153461941,0.29750000000000026
2009-06-03,1.8984999999999623,0.8241487978879379
2009-06-04,-2.5004112293163754,-1.1710000000000031
2009-06-05,-1.7868693387227437,-2.0240502322075304
2009-06-08,-0.562819863821099,-0.7563398361831803
2009-06-09,-0.7800000000000106,-0.45000000000001056
2009-06-10,0.3489999999999315,0.018999999999931447
2009-06-11,1.083500000000071,1.293500000000071
2009-06-12,1.3240000000000116,0.7040000000000118
2009-06-15,1.5424999999999864,0.7424999999999865
2009-06-16,0.24625000000000435,0.1462500000000044
2009-06-17,0.1172500000000166,0.2572500000000166
2009-06-18,-0.4472500000000391,-0.6472500000000391
2009-06-19,0.6697500000000371,0.499750000000037
2009-06-22,1.5002499999999757,0.9402499999999757
2009-06-23,-0.06149999999999382,0.07850000000000618
2009-06-24,0.31524999999999365,0.23672539104084422
2009-06-25,1.543720792636498,1.4372499999999855
2009-06-26,-0.18474999999998343,-0.07474999999998344
2009-06-29,0.9147499999999802,0.6347499999999802
2009-06-30,2.9554489216099413,1.7554489216099414
2009-07-01,-0.023999999999995362,0.05600000000000464
2009-07-02,1.3107102982640808,0.8442788870787274
2009-07-03,0.0,0.0
2009-07-06,1.448999999999998,0.8749999999999986
2009-07-07,0.7359999999999973,0.26999999999999613
2009-07-08,-0.07850000000000128,-0.39250000000000146
2009-07-09,-0.9383373195301438,-0.6543373195301424
2009-07-10,0.246499999999998,0.04249999999999754
2009-07-13,-0.8239356109884527,-0.844999999999999
2009-07-14,-1.7446503582357027,-1.2186140922989304
2009-07-15,1.143499999999991,1.3676776168589857
2009-07-16,2.01400000000004,1.4540000000000186
2009-07-17,-0.47400000000004494,-0.10900000000002165
2009-07-20,0.5415000000000475,0.516500000000024
2009-07-21,2.5030549741637866,1.8659999999999832
2009-07-22,0.5375000000000051,0.4445609985192056
2009-07-23,-4.698499999999972,-3.7134999999999883
2009-07-24,2.260999999999971,1.7509999999999877
2009-07-27,-1.6825000000000117,-1.3975000000000057
2009-07-28,0.9449999999999628,0.7649999999999808
2009-07-29,0.07649999999999607,0.006499999999996066
2009-07-30,-2.1389999999999607,-1.57899999999998
2009-07-31,0.16000000000004339,0.2550000000000218
2009-08-03,-4.4410000000000345,-3.4653706193237226
2009-08-04,0.3645689468596239,0.2545689468596247
2009-08-05,1.2810000000000044,1.1500000000000037
2009-08-06,2.861499999999954,2.1524999999999768
2009-08-07,1.6536037423593668,1.3956571075841946
2009-08-10,0.4225000000000371,0.4185000000000183
2009-08-11,-0.0024999999999905866,-0.19849999999999418
2009-08-12,-0.30750000000004496,-0.20650000000002364
2009-08-13,2.095676269917951,1.9456762699179313
2009-08-14,0.9494293822501063,0.8147194418197148
2009-08-17,0.8315000000000337,0.5211864598548589
2009-08-18,-0.3141330316196929,-0.10450000000002393
2009-08-19,-0.047792502807605386,0.22949999999998144
2009-08-20,0.8425000000000815,0.662500000000042
2009-08-21,-0.9705000000000349,-0.6695967277811535
2009-08-24,-1.5691907786389996,-1.335000000000009
2009-08-25,0.9100000000000117,0.4500000000000113
2009-08-26,-1.3900000000000006,-1.6100000000000005
2009-08-27,-1.1625000000000414,-1.1125000000000407
2009-08-28,0.01718024261589461,-0.011500000000008049
2009-08-31,-0.5149999999999589,-0.5973184700965816
2009-09-01,-0.17199999999999618,-0.9001954845314489
2009-09-02,0.6883502505448744,0.6983044872966193
2009-09-03,0.5574999999999815,0.472544490014597
2009-09-04,2.2317493860196476,1.858999999999931
2009-09-07,-0.004196659734552441,0.0
2009-09-08,0.06250000000007272,0.21750000000007366
2009-09-09,-1.2874999999999996,-1.3164999999999998
2009-09-10,0.5299999999999404,0.9458106826359435
2009-09-11,-0.7824999999999432,-0.5124999999999431
2009-09-14,-0.2050000000000127,-0.3250000000000126
2009-09-15,-5.8074999999999894,-4.089802684401013
2009-09-16,2.3943086762123733,1.9905998912316432
2009-09-17,1.593750000000018,1.0912227937219257
2009-09-18,0.424999999999988,-0.015000000000012096
2009-09-21,-0.5175000000000499,-0.59750000000005
2009-09-22,-0.5524999999998761,-0.16249999999987613
2009-09-23,0.09249999999992882,0.27249999999992885
2009-09-24,-1.4769731548949239,-1.2212499999999138
2009-09-25,0.617499999999937,0.4524999999999536
2009-09-28,-0.021250000000029922,0.1080263023395378
2009-09-29,-0.0637499999999086,0.026250000000091426
2009-09-30,-0.21249999999999653,-0.09249999999999652
2009-10-01,0.9849999999999024,0.8449999999999025
2009-10-02,1.2487499999999963,0.9647286579547213
2009-10-05,-1.0081927946381568,-0.7431927946381574
2009-10-06,-1.9449999999999141,-1.4049999999999139
2009-10-07,1.6025000000001168,1.5425000000001163
2009-10-08,-0.7511148655171801,-0.7411148655171792
2009-10-09,-2.1550000000000997,-2.1750000000000997
2009-10-12,-2.66,-1.9
2009-10-13,2.1480732862589234,2.0180732862589235
2009-10-14,-1.320000000000111,-1.3760000000001116
2009-10-15,0.21391458118296786,-0.17008541881703143
2009-10-16,0.6243668529353799,0.615249999999893
2009-10-19,-0.2987500000000938,-0.17775000000009267
2009-10-20,0.7175000000002107,0.7445568571996763
2009-10-21,-1.2589503827696018,-1.082950382769601
2009-10-22,-0.38624999999999937,-0.25625
2009-10-23,-1.6140000000000068,-1.4200000000000055
2009-10-26,-0.6887499999999251,-1.2887499999999257
2009-10-27,2.0075000000001317,1.8975000000001325
2009-10-28,0.3927499999998792,0.47874999999987805
2009-10-29,-0.32649999999999546,-0.18950931622401224
2009-10-30,1.5877500000000238,1.0487500000000238
2009-11-02,-2.4611300092207604,-1.3499999999999126
2009-11-03,-1.199750000000102,-0.8837500000001032
2009-11-04,0.1472500000000149,-0.1587499999999848
2009-11-05,0.6339999999999878,0.4399999999999874
2009-11-06,0.47749999999999126,0.34037265477535306
2009-11-09,-0.033749999999882214,0.921250000000119
2009-11-10,-0.1599575390731287,0.1807821027090865
2009-11-11,1.093295436071737,0.9987500000000058
2009-11-12,0.4627500000001268,0.3287500000001279
2009-11-13,0.7040003056452948,0.524933625358433
2009-11-16,1.9912500000001474,2.281250000000147
2009-11-17,-0.1890000000001409,-0.16500000000014017
2009-11-18,-0.23657906642167992,-0.4849999999999824
2009-11-19,0.4910000000001253,0.3321054895940826
2009-11-20,-0.5303961323426911,-0.5945201452060559
2009-11-23,1.0349999999999673,0.8044332278009848
2009-11-24,2.550000000000026,1.930000000000026
2009-11-25,0.3649999999999737,1.240931751590043
2009-11-26,-0.00898678010847673,0.0
2009-11-27,0.7000000000000344,1.0350000000000334
2009-11-30,-0.16199999999999237,0.06400000000000787
2009-12-01,0.15972513102136499,-0.20500000000001628
2009-12-02,0.26999999999998253,-0.22527208847285626
2009-12-03,0.37700000000001016,-0.08775047874294614
2009-12-04,-3.1019999999997934,-3.656999999999793
2009-12-07,1.4697007770924224,1.1847007770924223
2009-12-08,-0.9288059350088804,-0.8688059350088804
2009-12-09,0.21620970830127392,0.1712097083012739
2009-12-10,-1.8230000000000162,-1.298000000000016
2009-12-11,-1.5720000000001377,-1.002000000000138
2009-12-14,-0.40800000000006337,-0.2730000000000634
2009-12-15,-0.15499999999994907,-0.3049999999999491
2009-12-16,1.546140993013978e-13,0.2497198896204851
2009-12-17,1.4829999999998513,0.60299999999987
2009-12-18,-1.193000000000015,-1.1077119504385204
2009-12-21,-3.3799999999999777,-2.7187499999999805
2009-12-22,-0.9003268771273361,-0.7028268771273465
2009-12-23,-0.8897176049548691,-0.48125000000000034
2009-12-24,-0.6745000000001481,-0.43950000000012696
2009-12-25,0.0,0.0
2009-12-28,-2.5617499999998548,-2.161749999999876
2009-12-29,0.7814671960075729,0.7167499999998738
2009-12-30,0.30200000000003974,0.10171512390697432
2009-12-31,-0.6637500000000103,-0.6937500000000085
2010-01-01,0.0,0.0
2010-01-04,1.7117500000000054,1.9517500000000043
2010-01-05,1.338249999999998,1.338249999999998
2010-01-06,0.8367499999999919,0.9817499999999941
2010-01-07,-0.31500000000001627,-0.5850000000000145
2010-01-08,0.4950000000000091,0.7916101190449197
2010-01-11,-0.5712203743323331,-0.7519999999999971
2010-01-12,3.4625000000001207,1.542500000000102
2010-01-13,-0.2113507970056597,-0.10135079700562045
2010-01-14,1.1892500000001378,1.0510637088686519
2010-01-15,1.4363321368338668,1.1814022218338465
2010-01-18,0.0,-0.0031651587090732254
2010-01-19,0.10024999999986921,0.19624999999988876
2010-01-20,-0.39024999999984394,-0.5662499999998694
2010-01-21,-1.0095809940333444,-1.2725000000000362
2010-01-22,0.6014999999998888,0.42432359795981534
2010-01-25,0.39375000000013716,0.46168353551404906
2010-01-26,0.6623111720274901,0.6573111720274947
2010-01-27,-1.8183148357492689,-1.7812500000000033
2010-01-28,-0.7482434335340054,-0.6818614433340792
2010-01-29,1.1059999999998953,0.8085699545542646
2010-02-01,1.0849999999999889,0.973749999999989
2010-02-02,-0.0013382059538938444,-0.06764637691880862
2010-02-03,-0.6950000000000508,-0.6094104592050097
2010-02-04,0.7870000000000041,0.8230000000000036
2010-02-05,1.0100000000000606,0.985000000000053
2010-02-08,-1.32000000000005,-1.2000000000000437
2010-02-09,0.0779999999998341,0.025249332235638838
2010-02-10,-1.498143049565004,-1.4849999999999883
2010-02-11,0.46300000000000546,0.46300000000000546
2010-02-12,1.375000000000205,1.375000000000205
2010-02-15,-0.05154904931362154,-0.04235900215588095
2010-02-16,0.664999999999935,0.774999999999935
2010-02-17,-1.1329999999999534,-1.2529999999999535
2010-02-18,-0.5299999999999853,-0.5599999999999852
2010-02-19,-0.6270000000000485,-0.5670000000000486
2010-02-22,-0.8579999999999495,-0.6629999999999495
2010-02-23,0.5349999999999955,0.5349999999999955
2010-02-24,1.3199999999998133,1.3499999999998133
2010-02-25,2.122999999999988,2.067999999999988
2010-02-26,0.5669519285789149,0.6950000000001788
2010-03-01,1.0699999999998007,0.8799999999998017
2010-03-02,0.1288231819599467,0.13700000000000767
2010-03-03,-0.028047911865459043,0.011952088134539776
2010-03-04,1.1400000000000154,1.0000000000000135
2010-03-05,-0.04615068293966891,-0.16211035416769382
2010-03-08,-0.8499999999997657,-0.7500404545307666
2010-03-09,1.494999999999577,1.3199999999996193
2010-03-10,0.31695870421036837,0.2400000000003789
2010-03-11,-0.24408853638618747,-0.24803376926994017
2010-03-12,0.7519643581659646,0.6849999999998156
2010-03-15,0.11500000000001603,0.10066447823939657
2010-03-16,1.5039767457627469,1.3510000000001916
2010-03-17,0.559999999999987,0.333012282350832
2010-03-18,-1.7089632670208894,-1.6149999999998088
2010-03-19,-1.640000000000243,-1.4700000000002023
2010-03-22,1.7882335310732413,1.6780000000002573
2010-03-23,2.417999999999678,2.2319999999997315
2010-03-24,-4.965918903171637,-4.194918903171687
2010-03-25,-0.1337828776041501,0.18499999999978464
2010-03-26,1.3890000000002405,1.2980000000002
2010-03-29,0.8509999999997562,0.8269999999997962
2010-03-30,1.409000000000012,1.291797347027765
2010-03-31,2.4860000000000055,2.402000000000004
2010-04-01,-0.9039314922188684,-0.7978339933989381
2010-04-02,-0.26283345092373134,-0.3248878246394459
2010-04-05,-2.9099999999999904,-2.516471447790173
2010-04-06,2.491166924288535,2.20650000000023
2010-04-07,-0.01763364209028921,-0.48658680139068106
2010-04-08,2.3825849245260384,2.25251154400455
2010-04-09,0.6925000000000257,0.6375000000000223
2010-04-12,2.162500000000233,2.044663439978139
2010-04-13,-0.0790874038778979,-0.07625000000005193
2010-04-14,-1.6662500000001856,-1.5162500000001682
2010-04-15,-0.5215774748438656,-0.4465774748438855
2010-04-16,-0.7249999999999515,-0.6999999999999558
2010-04-19,2.8374999999999724,2.537499999999975
2010-04-20,-0.6283032882005384,-0.5193032882005385
2010-04-21,1.8262499999999746,1.7437283835534119
2010-04-22,-2.0512499999999694,-1.9922499999999694
2010-04-23,1.669999999999984,1.419999999999984
2010-04-26,1.5800000000000065,1.4950000000000065
2010-04-27,-1.2062499999999714,-1.0891223569714825
2010-04-28,-3.1518538292727936,-2.9797245951273545
2010-04-29,3.521486162318199,3.4309999999997296
2010-04-30,-1.895410899972184,-1.516410899972163
2010-05-03,0.5149935671199781,0.27583713133240606
2010-05-04,-3.427500000000192,-2.9325000000002124
2010-05-05,-1.8646424029982571,-1.5166068022486794
2010-05-06,-0.669000000000013,-0.4672097646952988
2010-05-07,2.197913124244504,1.8215920086884136
2010-05-10,0.9050000000000026,0.9050000000000026
2010-05-11,-1.1106096828410992,-1.1106096828410992
2010-05-12,0.5024999999999993,0.5024999999999993
2010-05-13,0.6949999999998349,0.6949999999998349
2010-05-14,2.1524999999999626,2.1524999999999626
2010-05-17,0.25422492872653923,0.25791512029206626
2010-05-18,0.16000000000024267,0.16000000000024267
2010-05-19,-0.2887500000002456,-0.2887500000002456
2010-05-20,1.040112206906212,1.0437500000002098
2010-05-21,0.6399999999997846,0.49260631040910385
2010-05-24,-0.6799999999998114,-0.6799999999998114
2010-05-25,0.780000000000009,0.780000000000009
2010-05-26,-2.3000000000000824,-2.3000000000000824
2010-05-27,-1.6584912248001722,-1.6549999999998648
2010-05-28,2.608999999999801,2.511503549034533
2010-05-31,0.0,0.0
2010-06-01,0.6309999999999605,0.6309999999999605
2010-06-02,0.37500000000023975,0.37500000000023975
2010-06-03,-0.6410000000000146,-0.6410000000000146
2010-06-04,4.490999999999771,4.490999999999771
2010-06-07,1.4300000000001856,1.4300000000001856
2010-06-08,0.03899999999982347,0.03899999999982347
2010-06-09,-0.0649999999998257,-0.0649999999998257
2010-06-10,-2.875544428819396,-2.8700000000000014
2010-06-11,1.1309999999998612,1.2609999999998613
2010-06-14,-1.0550000000000461,-0.9750000000000462
2010-06-15,-0.20399999999979893,-0.20399999999979893
2010-06-16,0.16900000000001086,0.21400000000001085
2010-06-17,2.0759999999998304,2.0959999999998304
2010-06-18,-0.6600000000000447,-0.6204190367334114
2010-06-21,1.010526681635432,1.010526681635432
2010-06-22,1.7549999999999863,1.7549999999999863
2010-06-23,1.5850000000000044,1.5850000000000044
2010-06-24,-0.2036269149542872,-0.2036269149542872
2010-06-25,1.420000000000004,1.420000000000004
2010-06-28,3.2047786795624877,3.209999999999995
2010-06-29,1.779999999999936,1.6049999999999358
2010-06-30,-5.5149999999999535,-4.924999999999954
2010-07-01,-2.316765004008019,-2.0911766693386773
2010-07-02,-1.4469002273079903,-1.4472845475675262
2010-07-05,0.0,0.0
2010-07-06,2.6550000000000633,2.5500000000000633
2010-07-07,-0.6749999999999909,-0.47499999999999093
2010-07-08,-1.198982754420093,-1.0535252621863886
2010-07-09,-0.9049999999999812,-0.9049999999999812
2010-07-12,0.0899999999997884,0.0899999999997884
2010-07-13,-0.029999999999812645,-0.029999999999812645
2010-07-14,0.9200000000000369,0.9200000000000369
2010-07-15,1.1150000000000087,1.1150000000000087
2010-07-16,1.004999999999994,1.004999999999994
2010-07-19,1.014999999999992,1.014999999999992
2010-07-20,1.725000000000016,1.725000000000016
2010-07-21,0.13999999999997043,0.13999999999997043
2010-07-22,0.46999999999979025,0.46999999999979025
2010-07-23,-0.9999999999998318,-0.9999999999998318
2010-07-26,0.8500000000000029,0.8500000000000029
2010-07-27,-0.9483764880438836,-0.9450000000001791
2010-07-28,0.6800000000002547,0.6900000000002549
2010-07-29,0.9000000000001875,0.9000000000001875
2010-07-30,1.330999999999787,1.294999999999787
2010-08-02,0.12400000000004666,-0.0033723155396306157
2010-08-03,2.067633844315805,2.070999999999941
2010-08-04,-2.159999999999981,-2.239999999999982
2010-08-05,0.12000000000022046,0.15474139159944966
2010-08-06,0.2527453446980886,0.48061694995445636
2010-08-09,1.012,1.012
2010-08-10,2.15800000000018,2.15800000000018
2010-08-11,0.5019999999998211,0.5019999999998211
2010-08-12,-1.8599999999998145,-1.8599999999998145
2010-08-13,-0.11699999999996306,-0.11699999999996306
2010-08-16,2.808982621871568,2.809240022459099
2010-08-17,-1.2799999999999678,-1.2799999999999678
2010-08-18,-0.9549999999999589,-0.9549999999999589
2010-08-19,0.9950000000000305,0.9950000000000305
2010-08-20,-2.5370000000000887,-2.5370000000000887
2010-08-23,-0.20026658705676967,-0.20026658705676967
2010-08-24,2.8019999999998007,2.8019999999998007
2010-08-25,-1.6599999999995523,-1.6599999999995523
2010-08-26,-0.695000000000253,-0.695000000000253
2010-08-27,-3.2299999999999605,-3.2299999999999605
2010-08-30,1.5800000000001997,1.5767375201793297
2010-08-31,0.776460539245603,0.8964605392456232
2010-09-01,-1.2569999999996497,-1.4342872251473113
2010-09-02,-0.3782876380747752,-0.4950000000003905
2010-09-03,-1.600000000000013,-1.7200000000000137
2010-09-06,0.0,0.0
2010-09-07,1.7000000000001834,1.8200000000001841
2010-09-08,-0.41542190256778594,-0.4500000000000012
2010-09-09,-3.0540000000000216,-3.1900000000000213
2010-09-10,-0.37500000000015293,-0.625000000000153
2010-09-13,1.8889999999999878,1.7245500331014867
2010-09-14,1.5885044218594837,1.5600000000002308
2010-09-15,-0.6589999999998277,-0.6854918285230643
2010-09-16,-0.9110000000003884,-0.8950000000003889
2010-09-17,0.5000000000002341,0.4300000000002348
2010-09-20,0.884999999999729,0.8749999999997287
2010-09-21,3.410000000000199,3.3567722941336897
2010-09-22,1.161767404608132,1.1649999999998202
2010-09-23,0.07674062629768472,0.072767724273859
2010-09-24,-0.05700000000024665,-0.5070000000002467
2010-09-27,2.533758468409879,2.7137584684098788
2010-09-28,1.0150000000000068,1.0150000000000068
2010-09-29,-0.2332296105099908,-0.0782296105099908
2010-09-30,-1.2490000000000112,-1.067208109418718
2010-10-01,0.49400000000027305,1.1542143541065066
2010-10-04,0.9009999999997391,0.8649999999997393
2010-10-05,1.31210554362536,1.431318753237477
2010-10-06,1.5150000000002715,1.5150000000002715
2010-10-07,-0.20500000000028393,-0.20819491264947565
2010-10-08,2.7000000000000357,2.860000000000036
2010-10-11,0.23999999999999838,0.24399999999999822
2010-10-12,-0.44000000000001155,-0.41000000000001213
2010-10-13,1.201827829290606,1.2810000000002806
2010-10-14,-3.1850000000000795,-3.188171004090433
2010-10-15,-0.4909999999999607,-0.4669999999999617
2010-10-18,2.875999999999999,2.9319999999999995
2010-10-19,-1.0949999999999704,-1.2749999999999702
2010-10-20,1.9389999999997312,2.0998136130696534
2010-10-21,-0.9690000000000106,-0.9690000000000106
2010-10-22,-0.34999999999981196,-0.34999999999981196
2010-10-25,-0.010999999999970077,-0.010999999999970077
2010-10-26,-3.427909833386585,-3.4347287358110736
2010-10-27,-2.8218048006386867,-2.785000000000292
2010-10-28,3.7662500000001917,3.7662500000001917
2010-10-29,2.1327500000000423,2.1288403658150044
2010-11-01,0.6985000000000617,0.6860000000000617
2010-11-02,0.9124999999999942,0.8249999999999942
2010-11-03,1.0619582648955583,1.04003304131913
2010-11-04,4.784575189406863,4.352999999999697
2010-11-05,-0.45318783465467133,-0.3211760171351461
2010-11-08,-1.3431762816639823,-1.390000000000282
2010-11-09,-3.5229999999998243,-3.5297717890425897
2010-11-10,1.3474185522701012,1.291012353833921
2010-11-11,-2.236178638101205,-2.3021786381012053
2010-11-12,-5.511000000000217,-5.585000000000217
2010-11-15,-1.9301993671972935,-1.8359826064236986
2010-11-16,-4.143943161264231,-4.378025032700461
2010-11-17,1.805269358251145,1.9667961515628183
2010-11-18,0.6930000000000315,0.8492500000000315
2010-11-19,-0.6680000000002144,-0.6805000000002145
2010-11-22,1.4280000000001782,1.1967500000001783
2010-11-23,-1.027097381110541,-1.148000000000024
2010-11-24,-0.7732622922983895,-0.7765245845968436
2010-11-25,-0.0032588938232771154,0.0
2010-11-26,-1.1799999999999897,-1.1799999999999897
2010-11-29,0.8137499999999738,0.8137499999999738
2010-11-30,0.8199999999999682,0.8199999999999682
2010-12-01,-1.7074999999999947,-1.7074999999999947
2010-12-02,-0.5578765666966615,-0.5620429108349045
2010-12-03,0.5249999999998239,0.44999999999982393
2010-12-06,1.7937500000001958,1.5125000000001956
2010-12-07,-5.905000000000037,-5.130000000000036
2010-12-08,-0.7012082016490334,-0.45932237687909366
2010-12-09,-1.1993169479733397,-1.1950000000000032
2010-12-10,-0.9275000000000304,-1.0325000000000344
2010-12-13,2.010000000000039,2.0650000000000457
2010-12-14,-2.150000000000123,-2.360000000000145
2010-12-15,-2.77768484634409,-2.872684846344075
2010-12-16,1.3850000000000264,1.4100000000000321
2010-12-17,2.6149999999999887,2.7855069353527004
2010-12-20,0.27314369097234653,0.3918936909723437
2010-12-21,0.7800000000000005,0.732500000000001
2010-12-22,0.6948175450635293,0.7235675450635316
2010-12-23,-1.2849999999999855,-1.2024999999999837
2010-12-24,0.0,0.0
2010-12-27,0.3599999999998806,0.24749999999985786
2010-12-28,-1.2495144463152905,-1.0225000000000048
2010-12-29,1.3049056070997747,1.4699056070997951
2010-12-30,-0.9162500000001096,-0.9712500000001306
2010-12-31,2.066250000000133,2.1129643578374577
2011-01-03,0.16112522767903545,0.2837499999999917
2011-01-04,-0.6987499999999885,-0.46374999999998656
2011-01-05,0.7137499999999836,0.26374999999998056
2011-01-06,-0.4719702528809954,-0.23297025288101986
2011-01-07,-0.020249999999901958,0.272539811988185
2011-01-10,0.9612500000000288,0.8712500000000344
2011-01-11,0.8596508578464843,1.0376508578464831
2011-01-12,2.7182500000000065,2.6902500000000074
2011-01-13,1.06374999999989,0.7987499999998684
2011-01-14,1.6150000000000895,1.8650000000001075
2011-01-17,0.0,-0.007732076490930312
2011-01-18,0.3867499999998917,0.3297499999998703
2011-01-19,-2.055762660932299,-2.200999999999845
2011-01-20,0.6517499999999956,0.4647499999999951
2011-01-21,2.0982499999998976,1.9452499999998774
2011-01-24,0.19925000000000148,0.2169512271440421
2011-01-25,-1.3783032155196573,-1.5100000000000167
2011-01-26,2.3832500000001207,2.2462500000001446
2011-01-27,-0.7282500000000077,-0.5012500000000094
2011-01-28,-3.2642500000001164,-3.503787575248972
2011-01-31,2.843724318533665,2.6936729556009973
2011-02-01,2.5350000000001045,2.550711191138943
2011-02-02,-0.7730175242426489,-1.0720175242426868
2011-02-03,-1.8391262637325896,-1.8241262637325493
2011-02-04,1.6362499999999909,1.1412499999999903
2011-02-07,-0.25349999999997325,-0.2944999999999638
2011-02-08,-0.9500000000000233,-1.2900000000000325
2011-02-09,1.583499999999984,1.4116480805548492
2011-02-10,-0.48724999999996765,-0.6275824917527192
2011-02-11,1.988185126509731,2.1168157509018757
2011-02-14,-2.009999999999901,-1.9899999999998808
2011-02-15,-4.64216985876827,-4.894753966460354
2011-02-16,1.2032499999999842,1.271328465515897
2011-02-17,6.5437499999998785,6.283749999999855
2011-02-18,-1.044281550410103,-1.034281550410084
2011-02-21,0.0,0.0
2011-02-22,-5.6744999999999655,-5.035499999999959
2011-02-23,0.269499999999957,-0.05450000000005057
2011-02-24,-0.6362499999999677,-0.3762499999999616
2011-02-25,4.017499999999978,3.702499999999973
2011-02-28,1.3573478729208723,1.3257499999998992
2011-03-01,-0.44049999999988215,-0.44074999999985837
2011-03-02,0.15999999999987266,0.307499999999847
2011-03-03,1.9175000000000058,2.0330183609362806
2011-03-04,0.06750000000009314,-0.13624999999988804
2011-03-07,-0.6445000000000871,-0.7702500000001046
2011-03-08,0.5344999999999933,0.777749999999992
2011-03-09,2.3005000000001137,2.382250000000136
2011-03-10,-3.722500000000101,-4.00875000000012
2011-03-11,-0.5499999999999291,-0.3849999999999147
2011-03-14,0.6726490830895742,0.5289999999999028
2011-03-15,-6.72699999999988,-7.043799551882485
2011-03-16,-0.6484956720543494,-1.6454921747047517
2011-03-17,4.877683622462325,5.023050867386992
2011-03-18,3.267249699293327,3.3288680924705334
2011-03-21,1.8593357669871526,1.8925000000000312
2011-03-22,0.24900000000001343,0.3080000000000147
2011-03-23,-0.5375000000000398,-0.5875000000000398
2011-03-24,0.5850000000000094,0.805000000000009
2011-03-25,-2.2237725085279174,-2.4300000000000304
2011-03-28,-1.8624999999999696,-1.842499999999969
2011-03-29,-0.1449999999999801,-0.1472728175017383
2011-03-30,0.5924999999999845,0.6924999999999847
2011-03-31,4.563750389445289,4.67575038944529
2011-04-01,2.5199999999999902,2.6799999999999895
2011-04-04,1.3450000000001534,1.2827464130267148
2011-04-05,-0.24622570538512073,-0.07750000000016097
2011-04-06,-0.3937500000000228,-0.17975552219391036
2011-04-07,0.12524441594271843,0.14774441594272017
2011-04-08,1.9175000000000175,2.135000000000014
2011-04-11,0.09150486256073635,0.06025486256073635
2011-04-12,-2.4462500000000387,-3.046757695998574
2011-04-13,2.9262500000000187,3.063500000000019
2011-04-14,2.2000000000001374,2.5950000000001405
2011-04-15,2.7272762766257737,2.803526276625772
2011-04-18,1.8499999999998706,1.363999999999873
2011-04-19,2.6649999999999974,2.9999999999999964
2011-04-20,-2.682499999999851,-2.144999999999851
2011-04-21,1.7287499999998623,1.7534999999998628
2011-04-22,-0.002203977600427369,-0.004404914580011017
2011-04-25,3.328500000000096,3.316500000000092
2011-04-26,0.8175000000000207,0.9675000000000207
2011-04-27,-1.2231951533428607,-1.118999999999991
2011-04-28,-3.4940075668627193,-3.5075000000001406
2011-04-29,7.343466857836492,7.404466857836496
2011-05-02,-1.152047633869013,-1.1763650331134274
2011-05-03,-1.462783830801869,-1.5684194563627674
2011-05-04,-0.14927935880241516,-0.2762499999999964
2011-05-05,-2.8299999999998278,-3.242399107321204
2011-05-06,0.8006101816331745,0.9106101816331735
2011-05-09,3.086599681869914,3.112775776278264
2011-05-10,0.03172699803701699,0.26800000000003765
2011-05-11,-4.549750000000039,-4.9930000000000385
2011-05-12,0.17361260624083447,0.3556593472403857
2011-05-13,-1.3337500000002347,-1.6390000000002116
2011-05-16,1.977820821796018,1.8133600009151485
2011-05-17,3.2332980337527566,3.2468088385963485
2011-05-18,0.4492859559258573,0.44749999999995566
2011-05-19,1.0862500000000632,1.226250000000058
2011-05-20,1.650249999999725,1.6262499999997464
2011-05-23,-1.1489999999999818,-1.3199999999999819
2011-05-24,0.32024999999994086,0.38712652467080255
2011-05-25,1.5211131641992282,1.5251131641992282
2011-05-26,3.544450206273693,3.570450206273693
2011-05-27,2.4024999999997023,2.4824999999997033
2011-05-30,0.0,0.0
2011-05-31,0.2975000000002553,0.36750000000025435
2011-06-01,2.1784999999999957,2.0324999999999958
2011-06-02,1.4039999999997959,1.449999999999796
2011-06-03,-0.13150000000003528,-0.14750000000003458
2011-06-06,-4.4034999999997595,-4.537499999999761
2011-06-07,1.9602755184179619,2.000275518417963
2011-06-08,3.1645000000003027,3.008500000000302
2011-06-09,1.9424999999996535,2.0202544629038415
2011-06-10,-1.159260534483195,-1.1569999999999847
2011-06-13,-1.514500000000023,-1.4827595422950632
2011-06-14,-5.300000000000005,-5.300000000000005
2011-06-15,-0.8433938240638222,-0.8433938240638222
2011-06-16,-1.238750677680788,-1.2364511932211029
2011-06-17,1.8549999999997877,1.9887066236920792
2011-06-20,0.34999999999994247,0.34999999999994247
2011-06-21,3.470000000000036,3.470000000000036
2011-06-22,-3.9050000000002485,-3.9050000000002485
2011-06-23,0.4102245986618408,0.4199999999999971
2011-06-24,-0.4799999999997135,-0.7599999999997135
2011-06-27,-1.545000000000017,-1.6500000000000168
2011-06-28,0.4899999999999785,1.0149999999999786
2011-06-29,-1.1692521105542386,-1.2290876117183067
2011-06-30,-4.714999999999948,-4.714999999999948
2011-07-01,-2.8919904828010403,-2.881410677540627
2011-07-04,0.0,-0.010074631610697514
2011-07-05,3.7899999999999956,3.7899999999999956
2011-07-06,0.8349999999997914,0.8349999999997914
2011-07-07,0.07500000000019172,0.07500000000019172
2011-07-08,5.289999999999997,5.289999999999997
2011-07-11,-0.2043531239830569,-0.20870624796614615
2011-07-12,2.7349999999997943,2.709999999999817
2011-07-13,4.145000000000182,4.090000000000161
2011-07-14,-1.7650000000000095,-1.7200000000000077
2011-07-15,1.6200000000000556,1.5650000000000486
2011-07-18,-0.3850000000000307,-0.4200000000000273
2011-07-19,2.1900000000000044,2.200749143698582
2011-07-20,-1.7750000000001935,-1.7750000000001935
2011-07-21,-1.0650000000000226,-1.0650000000000226
2011-07-22,2.0350000000002524,2.0350000000002524
2011-07-25,-1.3000000000002074,-1.3103010529569563
2011-07-26,3.1456706227648095,3.398560172062144
2011-07-27,-1.3449999999997777,-1.4489999999997776
2011-07-28,-0.6150000000002211,-0.6810000000002209
2011-07-29,1.8500000000000312,1.840000000000031
2011-08-01,3.6149999999999856,3.6049999999999858
2011-08-02,5.157753072388079,5.076000000000002
2011-08-03,-0.6459999999999998,-0.6459999999999998
2011-08-04,-1.12499999999976,-1.12499999999976
2011-08-05,-3.7372555767795506,-3.735000000000214
2011-08-08,-2.2442780170365935,-2.6666916503312974
2011-08-09,2.7132583247844186,2.7132583247844186
2011-08-10,2.5462499999997816,2.5462499999997816
2011-08-11,2.658062695033591,2.658062695033591
2011-08-12,0.8984999999999634,0.8984999999999634
2011-08-15,0.7740000000000029,0.7740000000000029
2011-08-16,1.49135776514541,1.4886504569619154
2011-08-17,1.3100594175112474,1.1924999999998018
2011-08-18,-1.6537499999998158,-1.6537499999998158
2011-08-19,1.4087500000000277,1.4087500000000277
2011-08-22,0.006249999999943247,0.006249999999943247
2011-08-23,0.5912499999999928,0.5912499999999928
2011-08-24,-2.7999999999999985,-2.7999999999999985
2011-08-25,0.410023752425587,0.410023752425587
2011-08-26,4.2022500000000305,4.2022500000000305
2011-08-29,-0.6310000000000185,-0.6310000000000185
2011-08-30,1.7062499999998118,1.7062499999998118
2011-08-31,-0.3992399279042547,-0.3992399279042547
2011-09-01,-2.1340000000001744,-2.1340000000001744
2011-09-02,3.6530144383365193,3.6530144383365193
2011-09-05,0.0,0.0
2011-09-06,-1.6050000000000175,-1.6050000000000175
2011-09-07,-1.0775000000001327,-1.0775000000001327
2011-09-08,-1.0238499694883927,-1.0238499694883927
2011-09-09,0.6983530849940772,0.6901774347600607
2011-09-12,-0.9649999999997743,-1.537698811992994
2011-09-13,-3.4320000000000657,-2.982000000000065
2011-09-14,-0.23652041237182556,-0.24799999999994704
2011-09-15,-3.7870000000000235,-3.7957097652118814
2011-09-16,-0.9729999999999555,-0.9729999999999555
2011-09-19,2.3779999999999486,2.3779999999999486
2011-09-20,-0.3957299793468653,-0.3929999999999987
2011-09-21,-0.07999999999994288,-0.4127982601480891
2011-09-22,-1.1547808533603012,-1.1547808533603012
2011-09-23,-3.340127061153479,-3.340127061153479
2011-09-26,-1.441000000000044,-1.441000000000044
2011-09-27,-1.3988482021457058,-1.3988482021457058
2011-09-28,-1.6790000000000447,-1.6790000000000447
2011-09-29,0.4528057620506356,0.4528057620506356
2011-09-30,-2.3682513947303883,-2.3682513947303883
2011-10-03,2.374999999999989,2.374999999999989
2011-10-04,-0.6849999999999659,-0.6849999999999659
2011-10-05,-1.3964762236796067,-1.3849999999998523
2011-10-06,-1.4500000000003979,-1.461464938464446
2011-10-07,-2.0699999999997956,-2.0699999999997956
2011-10-10,-2.93750000000004,-2.93750000000004
2011-10-11,2.6332799566507474,2.6332799566507474
2011-10-12,-0.6950000000000056,-0.6950000000000056
2011-10-13,1.6187499999998525,1.6187499999998525
2011-10-14,-0.8049999999998294,-0.8049999999998294
2011-10-17,1.4325000000002162,1.4325000000002162
2011-10-18,0.6212499999998238,0.6212499999998238
2011-10-19,-0.14125000000004545,-0.14125000000004545
2011-10-20,-0.09874999999996022,-0.09874999999996022
2011-10-21,0.06375,0.06375
2011-10-24,-0.43873349121206373,-0.43873349121206373
2011-10-25,2.6524999999999563,2.6524999999999563
2011-10-26,-1.746249999999925,-1.746249999999925
2011-10-27,-2.493750000000056,-2.493750000000056
2011-10-28,2.257499999999994,2.257499999999994
2011-10-31,2.4136490812919167,2.4136490812919167
2011-11-01,2.605000000000188,2.605000000000188
2011-11-02,0.4650000000000171,0.45361884937124125
2011-11-03,-0.3001217635369377,-0.17374999999996021
2011-11-04,0.6337500000001536,0.6337500000001536
2011-11-07,0.5612499999997727,0.5612499999997727
2011-11-08,-1.1149999999999771,-1.1149999999999771
2011-11-09,-0.04624999999994889,-0.04624999999994889
2011-11-10,-2.2024999999998407,-2.2024999999998407
2011-11-11,-1.8443750000004038,-1.8443750000004038
2011-11-14,1.2056250000001592,1.2056250000001592
2011-11-15,0.49440271740302943,0.4943191861003749
2011-11-16,0.4712499999997783,0.4712499999997783
2011-11-17,-0.6162499999999432,-0.6162499999999432
2011-11-18,-0.8625000000000056,-0.8625000000000056
2011-11-21,-0.20623593564090684,-0.20623593564090684
2011-11-22,0.42249999999995624,0.42249999999995624
2011-11-23,0.32124999999979986,0.32124999999979986
2011-11-24,0.0,-0.003775633174532684
2011-11-25,-1.5199999999997562,-1.4099999999997572
2011-11-28,0.6199999999997373,0.3899999999997378
2011-11-29,-0.23250000000000628,-0.3365000000000062
2011-11-30,-0.35672640687317586,-0.6527264068731763
2011-12-01,-0.9099999999996863,-1.0339999999996854
2011-12-02,1.0299999999999523,0.9939999999999524
2011-12-05,0.15500000000023875,0.15500000000023875
2011-12-06,-0.12000000000027967,-0.2000000000002806
2011-12-07,2.1650000000000547,2.2510000000000545
2011-12-08,1.9700000000000273,2.110000000000027
2011-12-09,-2.065000000000082,-2.151000000000082
2011-12-12,0.5899999999997817,0.8559999999997826
2011-12-13,0.7950000000002252,0.7650000000002243
2011-12-14,-0.1499999999999932,-0.03999999999999281
2011-12-15,-0.2850000000002388,-0.31100000000023836
2011-12-16,1.726379193391166,1.7123791933911658
2011-12-19,0.7149999999999926,0.6889999999999931
2011-12-20,-1.6350000000000295,-1.7150000000000305
2011-12-21,-0.2800000000000148,-0.21400000000001396
2011-12-22,-0.26999999999994084,-0.3059999999999408
2011-12-23,-1.904999999999734,-1.9189999999997343
2011-12-26,0.0,0.0
2011-12-27,0.9049999999999483,1.1089999999999482
2011-12-28,2.679999999999734,2.645999999999733
2011-12-29,0.6510909716429352,0.6790000000002665
2011-12-30,1.1509999999997114,1.1403198780162795
2012-01-02,-0.010631381267977962,0.0
2012-01-03,-1.3110000000000153,-1.3110000000000153
2012-01-04,-0.17499999999968877,-0.17499999999968877
2012-01-05,0.07099999999977763,0.07099999999977763
2012-01-06,0.6739999999999632,0.6739999999999632
2012-01-09,0.9650000000002512,0.9650000000002512
2012-01-10,-0.4040000000002583,-0.4040000000002583
2012-01-11,1.3097185287522548,1.3053497178634297
2012-01-12,-2.4749999999999344,-2.5687499999999344
2012-01-13,1.1900000000002147,1.4212500000002146
2012-01-16,0.0,0.0
2012-01-17,0.16499999999975595,0.18374999999975597
2012-01-18,-1.8849999999997045,-2.0162499999997046
2012-01-19,-0.9935240052857071,-1.2145607168841979
2012-01-20,-1.9249999999999599,-2.1639999999999606
2012-01-23,-0.5599999999996896,-0.730858410099798
2012-01-24,1.216040168552826,1.2099233866243744
2012-01-25,3.7649999999996986,3.6349999999996974
2012-01-26,2.673811891888077,2.5638118918880766
2012-01-27,1.1700000000000614,1.0160414297183546
2012-01-30,-0.18894738204774472,-0.05999999999999891
2012-01-31,1.1849999999996785,1.146054810201839
2012-02-01,0.9000000000000066,0.7550000000000066
2012-02-02,1.0790349947803999,1.038000000000006
2012-02-03,-2.0039999999999445,-2.2219761474775783
2012-02-06,0.8490000000002406,0.8440417516986262
2012-02-07,-2.4529732462893654,-2.4529732462893654
2012-02-08,-0.4089631682810202,-0.4089631682810202
2012-02-09,-1.3958881335888746,-1.3860000000000163
2012-02-10,-0.22297540921085346,-0.05797540921085345
2012-02-13,0.9650000000000372,0.8200000000000371
2012-02-14,0.007999999999968713,0.06299999999996872
2012-02-15,-0.5659766798639752,-0.4772524575979726
2012-02-16,-0.4899999999997501,-0.65499999999975
2012-02-17,-0.20999999999996077,-0.21499999999996078
2012-02-20,0.0,0.0
2012-02-21,-1.5200000000003049,-1.4300000000003048
2012-02-22,0.6400000000003063,0.6250000000003063
2012-02-23,-0.3480000000002785,-0.24249614450559367
2012-02-24,-0.937000000000019,-0.937000000000019
2012-02-27,1.7700000000002598,1.7700000000002598
2012-02-28,1.2150000000000138,1.2150000000000138
2012-02-29,-0.1500000000000161,-0.1500000000000161
2012-03-01,-0.6142269087883178,-0.6049999999999585
2012-03-02,1.91699999999974,1.8428117510451687
2012-03-05,-0.994999999999721,-0.994999999999721
2012-03-06,-1.0600000000002652,-1.0600000000002652
2012-03-07,-0.4104496721093368,-0.4104496721093368
2012-03-08,0.6950000000002917,0.6950000000002917
2012-03-09,0.3160308706706537,0.3160308706706537
2012-03-12,-0.30999999999999367,-0.30999999999999367
2012-03-13,-0.7540000000002827,-0.7540000000002827
2012-03-14,-5.195999999999645,-5.195999999999645
2012-03-15,1.771188986948216,1.771188986948216
2012-03-16,-0.4212499999997785,-0.4212499999997785
2012-03-19,-2.451500000000004,-2.451500000000004
2012-03-20,-2.457499999999961,-2.457499999999961
2012-03-21,1.0377499999997584,1.0377499999997584
2012-03-22,-0.04044492657287463,-0.04044492657287463
2012-03-23,1.2450000000001726,1.2450000000001726
2012-03-26,0.4724999999999036,0.4724999999999036
2012-03-27,0.8699999999999906,0.8699999999999906
2012-03-28,-2.7785000000000615,-2.7785000000000615
2012-03-29,-0.9475000000000753,-0.9475000000000753
2012-03-30,1.0825000000000204,1.074128408604925
2012-04-02,1.7666478142561053,1.680000000000221
2012-04-03,-2.5590000000001036,-2.5590000000001036
2012-04-04,1.0940909988816732,1.0940909988816732
2012-04-05,1.2190000000000212,1.2190000000000212
2012-04-06,1.528500000000203,1.528500000000203
2012-04-09,0.7756412735667848,0.7789999999998142
2012-04-10,-1.656500000000031,-1.6215000000000344
2012-04-11,0.027499999999993228,-0.006507443976427334
2012-04-12,0.420000000000212,0.300000000000235
2012-04-13,-1.2607254505095151,-1.0875000000002202
2012-04-16,-1.2891441013720446,-1.2891441013720446
2012-04-17,0.601249999999944,0.5902416693214205
2012-04-18,-0.08431503902344811,-0.040154595448403184
2012-04-19,1.423749999999953,1.283749999999954
2012-04-20,0.00750000000010441,-0.0584999999998965
2012-04-23,1.3530163072751982,1.2719348940003274
2012-04-24,-1.043750000000018,-0.9637500000000181
2012-04-25,-0.6364999999999494,-0.5664999999999495
2012-04-26,0.22524999999984266,0.28524999999984263
2012-04-27,1.927251635685293,1.852251635685293
2012-04-30,0.6599999999997836,0.5699999999997837
2012-05-01,-0.5870448528518929,-0.4970448528518929
2012-05-02,-0.5360000000002361,-0.3810000000002361
2012-05-03,-0.4599999999999969,-0.42999999999999694
2012-05-04,-0.03900000000003838,0.06599999999996162
2012-05-07,0.31900000000000484,0.3090000000000048
2012-05-08,-0.007981573375676388,-0.07298157337567637
2012-05-09,-1.6789999999999985,-1.4618609719307707
2012-05-10,-1.6399084336527034,-1.491999999999948
2012-05-11,0.3858266996534105,0.5257500000002183
2012-05-14,0.740288051363028,0.735288051363028
2012-05-15,0.12330833112493714,-0.05669166887506289
2012-05-16,1.5417619723767753,1.3030175715922807
2012-05-17,1.2435768782777707,1.2375000000000183
2012-05-18,0.7937500000000681,0.6187500000000681
2012-05-21,0.12000000000028213,0.04616343772519891
2012-05-22,-2.9338308410435383,-2.5200000000002993
2012-05-23,1.367749999999949,1.347749999999949
2012-05-24,-1.8679226065170718,-1.7079226065170718
2012-05-25,1.3475000000000095,1.2136465406878316
2012-05-28,-0.0038357984266411864,0.0
2012-05-29,-0.19500000000007275,-0.11500000000007277
2012-05-30,3.378750000000355,3.318750000000355
2012-05-31,1.3387500000000272,1.3050741663373115
2012-06-01,1.5137499999996635,1.757749999999663
2012-06-04,-0.8698649146595279,-1.225250000000037
2012-06-05,-1.5924999999996088,-1.272499999999609
2012-06-06,-1.228963329523139,-1.4607422868031745
2012-06-07,1.8071851839886235,1.687185183988623
2012-06-08,0.9360000000000084,0.9220000000000084
2012-06-11,0.2687500000002985,0.3687500000002986
2012-06-12,-2.8310000000003837,-2.8670000000003832
2012-06-13,0.9300000000000339,0.9200000000000337
2012-06-14,-0.04524999999993161,-0.049249999999931425
2012-06-15,0.5272500000002471,0.4232500000002474
2012-06-18,2.1652499999997197,2.1092499999997205
2012-06-19,1.5600000000003498,1.403609518191811
2012-06-20,-0.8378884966712451,-0.8754999999999502
2012-06-21,-0.5174999999999996,-0.3574999999999992
2012-06-22,-1.0697500000003761,-1.1357500000003766
2012-06-25,4.4660000000003155,4.582000000000318
2012-06-26,1.3399999999999996,1.129999999999999
2012-06-27,0.7187499999996505,0.5254196009184033
2012-06-28,1.7806877964553893,1.7840000000003922
2012-06-29,-1.415458426222031,-1.7644564988579385
2012-07-02,3.3629263403351985,3.3089263403351987
2012-07-03,0.14260172206698116,0.14999999999999145
2012-07-04,0.0,-0.003312500905128503
2012-07-05,3.571000000000367,2.8910000000003664
2012-07-06,0.07249999999988067,0.38249999999988066
2012-07-09,3.9948500000000466,3.2548500000000464
2012-07-10,-0.537719844730744,-0.2845999999999445
2012-07-11,-1.1529549466799816,-0.8789549466799815
2012-07-12,2.332999999999629,1.8708877889680438
2012-07-13,0.27324999999998073,0.11324999999998071
2012-07-16,3.991250000000026,3.346250000000026
2012-07-17,-1.0343781056046988,-1.006249999999716
2012-07-18,2.056250000000099,1.7977738555470744
2012-07-19,-1.4605000000000115,-1.3975515077953942
2012-07-20,2.446527338984589,2.4549999999999477
2012-07-23,-1.1045000000003649,-0.8995000000003649
2012-07-24,-0.36874999999968205,-0.22374999999968204
2012-07-25,1.4599268726309416,1.2649268726309415
2012-07-26,-1.0790800000000353,-0.8440800000000354
2012-07-27,-1.0174999999998948,-1.3574999999998947
2012-07-30,3.9229999999999623,3.499444814260901
2012-07-31,-0.4675000000000669,-0.4675000000000669
2012-08-01,-2.603170000000334,-2.603170000000334
2012-08-02,0.5882112472945153,0.5882112472945153
2012-08-03,-0.8605000000003548,-0.8605000000003548
2012-08-06,1.0876747997414653,1.0962500000003383
2012-08-07,-3.027001213983745,-2.9370012139837454
2012-08-08,1.7775000000000678,1.4575000000000677
2012-08-09,1.062499999999933,0.9174999999999328
2012-08-10,-0.7184911245910612,-0.42549999999998345
2012-08-13,-2.2688999999999697,-1.8918924542801985
2012-08-14,-2.068600000000335,-2.003600000000335
2012-08-15,-0.5431402190556321,-0.8434398609965927
2012-08-16,-0.6873500000003393,-0.7606227982159051
2012-08-17,0.6982856239751175,0.6500000000000171
2012-08-20,2.4278525303807807,2.0708500000003207
2012-08-21,1.8051499999999814,1.5462354439320405
2012-08-22,2.5200000000000546,2.6000000000000543
2012-08-23,-1.3800000000000396,-0.9800000000000397
2012-08-24,-1.2250000000002874,-1.1000000000002874
2012-08-27,0.0950000000003015,0.2500000000003014
2012-08-28,-0.032907223955061765,0.07499999999965894
2012-08-29,0.7810000000003448,0.555000000000344
2012-08-30,0.2889999999996646,0.444999999999665
2012-08-31,2.4248500000000046,2.3998500000000043
2012-09-03,0.0,0.0
2012-09-04,0.06099999999998927,-0.07000000000001036
2012-09-05,-1.289850000000017,-1.0748500000000174
2012-09-06,-0.9459999999999751,-1.154999999999975
2012-09-07,2.010000000000033,1.900000000000033
2012-09-10,-2.7639999999999976,-2.344999999999998
2012-09-11,-0.37999999999972156,-0.3499999999997211
2012-09-12,-2.4911499999999975,-2.2801499999999977
2012-09-13,3.645149999999658,3.297235659098375
2012-09-14,-0.6439999999996846,-0.8089999999996846
2012-09-17,-4.418999999999998,-3.7389999999999977
2012-09-18,-0.40037595573739904,-0.240375955737399
2012-09-19,2.030000000000005,1.700000000000005
2012-09-20,-1.1139999999999208,-0.9039999999999209
2012-09-21,0.9110769157719929,0.8689999999999376
2012-09-24,0.04199999999994316,0.15307516186154843
2012-09-25,0.5699999999997027,0.5899999999997028
2012-09-26,-0.7469999999996929,-0.36699999999969296
2012-09-27,-0.732882824104098,-0.5694101790416318
2012-09-28,3.495000000000009,1.9521167777565174
2012-10-01,1.1252867596082203,1.1052867596082203
2012-10-02,-0.5076043754345241,-0.567604375434524
2012-10-03,0.8781599999999933,0.9349642257576996
2012-10-04,0.07666354699152472,-0.05515999999999531
2012-10-05,-2.919840000000359,-2.559840000000359
2012-10-08,0.39948999999995877,0.6394899999999588
2012-10-09,-1.112380828069149,-1.1094899999995704
2012-10-10,-1.0202500000003842,-0.7171342164821921
2012-10-11,3.283749999999996,1.8237499999999953
2012-10-12,-1.258545364161468,-0.43854536416146794
2012-10-15,-0.8311170621342614,-0.2010000000004014
2012-10-16,-1.4789999999999315,-1.4989999999999315
2012-10-17,-2.1337500000000693,-2.2787500000000693
2012-10-18,-0.2158330017441809,-0.39083300174418095
2012-10-19,1.0401700000003122,1.0501700000003122
2012-10-22,-1.7060000000003468,-1.6760000000003468
2012-10-23,0.19000000000034262,0.1700000000003426
2012-10-24,0.7760000000000951,0.6710000000000951
2012-10-25,-2.304999999999981,-2.209999999999981
2012-10-26,1.8976280458654762,1.8876280458654762
2012-10-29,0.11171211330810821,0.1017121133081082
2012-10-30,-0.6490000000000238,-0.6790000000000237
2012-10-31,1.4840000000001088,1.4990000000001087
2012-11-01,0.49100000000000155,0.43100000000000155
2012-11-02,-0.3300000000000708,-0.2700000000000708
2012-11-05,0.599768865865333,0.7098499999996855
2012-11-06,-0.16984999999998926,-0.39984999999998905
2012-11-07,2.3550000000003415,2.1950000000003413
2012-11-08,-0.39962807624210267,-0.21290550999858318
2012-11-09,-1.3100000000000105,-1.1987500000000104
2012-11-12,-1.9100080000000452,-1.5565782613870327
2012-11-13,0.44400800000005447,0.3905060000000426
2012-11-14,-0.9133530432434877,-0.7915627639398003
2012-11-15,-0.08499999999976349,-0.06689424090763817
2012-11-16,1.567706720088077,1.4177067200880766
2012-11-19,1.2489999999996628,0.9352479343470516
2012-11-20,0.018251419955600687,-0.12700000000001277
2012-11-21,-0.7091978176841818,-0.7101978176841819
2012-11-22,0.0,0.0
2012-11-23,0.7219999999996368,0.5929999999996373
2012-11-26,0.49300000000000943,0.47700000000000936
2012-11-27,1.5000000000002982,1.3300000000002983
2012-11-28,1.2650000000000923,1.1900000000000912
2012-11-29,0.5318781238309194,0.538000000000002
2012-11-30,0.19800000000000756,0.23990699625577155
2012-12-03,0.03219617979073509,-0.1370000000000753
2012-12-04,0.5489999999996914,0.4492974427959388
2012-12-05,1.5128396235301378,1.4142584488062562
2012-12-06,0.17565908252754622,0.25442000000037734
2012-12-07,-0.9001700000003763,-0.8128738626888258
2012-12-10,0.5551700000003801,0.5531461238699537
2012-12-11,-1.0823452247426193,-0.8003737035491943
2012-12-12,-1.5733199999995424,-1.4673199999995425
2012-12-13,-2.5929467034684506,-2.4939467034684504
2012-12-14,1.2850000000000075,1.095000000000007
2012-12-17,-2.0605000000003693,-1.7365000000003692
2012-12-18,-1.0882499999999504,-1.1722499999999494
2012-12-19,-1.6224999999996397,-0.9951265091341859
2012-12-20,-1.2000000000000064,-0.6177859750880198
2012-12-21,-1.2964014055675854,-1.6050000000004085
2012-12-24,-1.9378158241633663,-1.7903158241633663
2012-12-25,-0.0026410863485961393,-0.0026410863485961393
2012-12-26,-0.6062499999995645,-0.22999999999956508
2012-12-27,1.403749999999856,1.3939999999998558
2012-12-28,0.34786451074035296,0.15315138417282045
2012-12-31,0.8249999999999897,0.7149999999999909
2013-01-01,0.0,0.0
2013-01-02,-1.0801699999999907,-0.8041699999999911
2013-01-03,-2.444829999999991,-2.1758299999999906
2013-01-04,-2.5399999999996767,-1.6189999999996776
2013-01-07,0.31495605662747367,0.1899999999996859
2013-01-08,1.1150000000000106,1.0049605637939967
2013-01-09,2.029973424869456,1.7081442063700323
2013-01-10,0.3250000000003061,0.15000000000028796
2013-01-11,-0.6818531830145746,-0.3860000000000011
2013-01-14,2.220000000000024,1.8700000000000236
2013-01-15,1.0825154616059882,0.9150000000000078
2013-01-16,0.5338399999996625,0.4058399999996601
2013-01-17,-1.5405647240637783,-1.4825647240637783
2013-01-18,-0.40453251750701674,-0.2820395580433107
2013-01-21,0.032757263990994163,0.032757263990994163
2013-01-22,0.9176729599996676,0.8356729599996655
2013-01-23,-0.1961436626674696,-0.11614366266747114
2013-01-24,-0.4950424000000149,-0.3967910253786175
2013-01-25,-3.170783523915993,-2.995708480000056
2013-01-28,-1.3460673609698162,-1.28806736096982
2013-01-29,0.14045650000024748,0.11886561214697385
2013-01-30,0.46743963876669253,0.2412929187666928
2013-01-31,0.13421404000005582,0.11003568717285252
2013-02-01,1.6080438399999515,1.1918844799999535
2013-02-04,-0.3799246776644303,-0.24672499999998182
2013-02-05,-0.33912896655715763,-0.4040892056624813
2013-02-06,-1.5054072000003471,-1.0276426165294215
2013-02-07,-2.2046649599999966,-1.5843311999999965
2013-02-08,0.06764048000031189,0.17055060000026206
2013-02-11,-0.9778004000003175,-0.7010005000002681
2013-02-12,0.5634036800003002,0.38075460000025296
2013-02-13,-0.6523773097927166,-0.5467123000000117
2013-02-14,1.5912312000000224,1.23554890470069
2013-02-15,-0.7477104849656365,-0.5803144350299715
2013-02-18,-0.0030656610635600456,0.0
2013-02-19,-0.2528540000003115,-0.12783400000026343
2013-02-20,-0.36215608000000565,-0.33535066098020777
2013-02-21,-0.8126966399999795,-0.6093960799999839
2013-02-22,1.3615410289690797,1.1526808400002417
2013-02-25,0.41097720000005283,0.34609840000004455
2013-02-26,-1.024587160000047,-1.003017185916576
2013-02-27,1.5045330028552724,1.2849727817066785
2013-02-28,0.8690557000908442,0.6952419989195838
2013-03-01,0.10960250000001134,0.15660250000001008
2013-03-04,-0.7297130000003156,-0.5265108254754792
2013-03-05,0.7080828000000196,0.4980828000000183
2013-03-06,-2.5318533000000283,-2.081853300000027
2013-03-07,-1.520707199999726,-1.4407071999997265
2013-03-08,0.7413804000000287,0.21138040000002756
2013-03-11,2.0229436000000542,1.4829436000000549
2013-03-12,2.454026899999947,2.129805018294491
2013-03-13,-0.09617079100584763,-0.09119414001853648
2013-03-14,0.22178883999974014,0.1567888399997579
2013-03-15,1.9202805662673719,1.6992912414314716
2013-03-18,1.0635968000000233,0.9635968000000205
2013-03-19,0.10167093132970892,0.16103634833890837
2013-03-20,1.7819467999998952,1.3152303999999007
2013-03-21,-0.49294580000015886,-0.4403724000001431
2013-03-22,0.061484159999956434,0.12935211521735346
2013-03-25,1.2676619912132445,1.06840423121325
2013-03-26,0.10918830000000344,0.12216140000000288
2013-03-27,1.6486796426217725,1.5646057408980911
2013-03-28,-4.652572092180043,-3.9725720921800454
2013-03-29,-0.014991555158728907,-0.013771455991227814
2013-04-01,0.184992000000268,0.1899920000002688
2013-04-02,1.0162549319677574,0.9232792199997283
2013-04-03,0.3160938200000431,0.48609382000004375
2013-04-04,2.075181600000274,1.975181600000274
2013-04-05,2.5962074799996615,2.266207479999662
2013-04-08,-0.6780490199996834,-0.7480490199996839
2013-04-09,1.7123763199999573,1.6023763199999579
2013-04-10,-0.27659706577854015,-0.33113592962429683
2013-04-11,2.1231947999999607,2.0662224144925077
2013-04-12,0.6947302456167489,0.8716503999999708
2013-04-15,-4.275681088401056,-4.066549239999677
2013-04-16,2.4290966110697623,2.2451882315007947
2013-04-17,-1.0537880000003201,-0.9595790000003084
2013-04-18,-1.7741151478028283,-1.5153611401716887
2013-04-19,0.879788916866963,0.6881612768669638
2013-04-22,-0.6875000000004174,-0.4342395541924085
2013-04-23,-0.4754136182669546,-0.3459108000000317
2013-04-24,1.6100841600000473,1.434810326315609
2013-04-25,1.0320558400000215,0.8790100450690338
2013-04-26,0.7767776412085997,1.0951632640801772
2013-04-29,3.6139076165487194,2.937301827583045
2013-04-30,-0.16179350788462057,-0.13497600000004817
2013-05-01,-0.28999999999965526,-0.1349999999996556
2013-05-02,1.121910791899875,1.1255039999996523
2013-05-03,-1.5608085599999564,-1.7744025302061108
2013-05-06,-3.127747572371982,-3.118941278974043
2013-05-07,1.58581520000032,1.5593576800003013
2013-05-08,-0.3501304000002906,-0.3753673600002729
2013-05-09,0.9486353875147221,0.9793658275147228
2013-05-10,-5.631785520000053,-5.526283200000054
2013-05-13,-0.017196811939036303,0.006319453880674433
2013-05-14,-1.800384320000083,-1.825117545945531
2013-05-15,-0.6912452842991471,-0.6821097999999826
2013-05-16,1.3069224980798113,1.303103614069585
2013-05-17,-3.8386363825442946,-3.7763091227664725
2013-05-20,0.7632902665279415,0.7779882501452167
2013-05-21,-0.3446899101017751,-0.27885303010177576
2013-05-22,-2.6968760000000223,-2.6076248000000213
2013-05-23,-0.33655093462700847,-0.2418897436529103
2013-05-24,-1.6786667999999474,-1.6735101599999478
2013-05-27,0.23047392602789507,0.1994853660278954
2013-05-28,-3.3674082000002885,-3.377754840000289
2013-05-29,-0.41368798070738017,-0.35436900000000093
2013-05-30,-1.1097918725606137,-1.140749472560614
2013-05-31,-1.5703272168771008,-1.6643441817003377
2013-06-03,0.4195216052194784,0.5962260052194691
2013-06-04,-0.439220010617078,-0.5273141706170732
2013-06-05,-1.781350256177742,-1.588364999999716
2013-06-06,1.107777199999772,1.1149842689483527
2013-06-07,0.44398152780690564,-0.34422848000003736
2013-06-10,-2.9555041222193466,-2.9689127863857783
2013-06-11,0.9331947119855544,0.8769199919855728
2013-06-12,-2.6130153999999726,-2.241513199999969
2013-06-13,1.6238707736585614,1.6134492799998053
2013-06-14,1.513189696479973,1.6330951318275078
2013-06-17,-0.5494371389123871,-0.5501212000000103
2013-06-18,0.5216002400001338,0.3372839200001573
2013-06-19,-2.744107199999998,-3.2454855999999963
2013-06-20,-6.496178189208064,-5.864379164480902
2013-06-21,-1.11070441946816,-0.9860540533592626
2013-06-24,-1.9444276017929418,-1.7149001617929494
2013-06-25,0.020676646923177767,-0.01278000000010179
2013-06-26,1.0332224000000847,1.089819378771238
2013-06-27,1.0860331691831766,1.1804858000000156
2013-06-28,-2.788598480000022,-2.264632800000021
2013-07-01,-0.6722628370305141,-0.5107448000000674
2013-07-02,-0.3385818359672873,-0.28593179453674583
2013-07-03,-0.28177879999993577,-0.41070799999991414
2013-07-04,0.6863102400000096,0.6239184000000088
2013-07-05,-3.2850065600000735,-4.213540700561621
2013-07-08,2.7445458677585117,3.076064960000159
2013-07-09,2.089261999999875,2.1931671333094167
2013-07-10,-0.37750000000000195,-0.3989328766742913
2013-07-11,2.2853456000000625,2.3245610400000833
2013-07-12,-1.744616399999995,-1.4474047599999922
2013-07-15,0.5316936647773669,0.6848340106611863
2013-07-16,0.816909000000002,0.7149681000000031
2013-07-17,0.09860778463503825,0.3901996799999996
2013-07-18,0.3168176000000008,0.24407743985558647
2013-07-19,0.18135805999998553,0.21373459999998226
2013-07-22,-0.01219400877579959,0.03627920000000471
2013-07-23,-0.9536160016559888,-0.7441442442929154
2013-07-24,-1.5465478545068898,-1.5729978000000053
2013-07-25,-0.7147192799999411,-0.7164102774403696
2013-07-26,0.16792642842349986,0.47577664000000514
2013-07-29,-0.6839894873187159,-0.630040000000095
2013-07-30,0.1177695600000147,0.07913982838058069
2013-07-31,0.20163974896981587,0.1715259600000638
2013-08-01,-1.5572219999999772,-2.097434607540283
2013-08-02,2.0555369254011104,2.719497599999996
2013-08-05,-0.3712836800000802,-0.5392571571089713
2013-08-06,-0.3624614728081989,-0.3775240644816692
2013-08-07,-0.46817220000001186,-0.14163046486005
2013-08-08,1.2347993000000037,1.303055407651445
2013-08-09,-0.40425289999932346,-0.2576832000000996
2013-08-12,0.363752613347428,0.013563200000093957
2013-08-13,-1.8026271012289183,-2.4913791012289117
2013-08-14,0.31236757537480414,0.33731292021368153
2013-08-15,-0.5905322731577816,-0.8299602731577883
2013-08-16,-0.9319719005672819,-1.3522274647050005
2013-08-19,-0.18824359999993281,-0.4429192399998899
2013-08-20,0.011621999999928903,0.4899367999998828
2013-08-21,-1.6961240000000224,-1.987865800000021
2013-08-22,-0.46079319999990875,-0.9730910799998636
2013-08-23,1.822816462028948,2.1535919157038808
2013-08-26,0.7616043999999342,0.8835954603209872
2013-08-27,-1.6410240000000222,-1.114128000000022
2013-08-28,-1.1416764183241674,-1.3692151822208165
2013-08-29,0.38561080000001274,0.5093984000000135
2013-08-30,-0.726241639999948,-0.7314627199999292
2013-09-02,0.4914328934715605,0.4596809127357404
2013-09-03,-1.1738791999999387,-1.4831679999999183
2013-09-04,-0.38190064000006485,-0.7441256000000869
2013-09-05,-1.0463113600000096,-1.3818544000000093
2013-09-06,1.7220994886154921,1.7911831999999293
2013-09-09,0.7424214400000099,1.0256316000000099
2013-09-10,0.1990400000000531,-0.06082399999992608
2013-09-11,0.9427523200000152,1.1771057786691268
2013-09-12,-0.24757376000000528,-0.27517528128975705
2013-09-13,-0.3240022802564547,-0.4800788194021656
2013-09-16,0.927679023962352,0.9882359999999023
2013-09-17,0.08374800000004431,0.0448830116617676
2013-09-18,2.3984977735727018,2.716344959999926
2013-09-19,0.3010824000000682,0.2687469387832612
2013-09-20,-0.5136178410806778,-0.677792392742347
2013-09-23,0.2768719199998844,0.3695965306736888
2013-09-24,0.3094405989267112,0.2894358400000851
2013-09-25,0.23649440000000346,0.4036811099642894
2013-09-26,-0.3564500662398051,-0.42375154623978767
2013-09-27,-0.2706157249085232,-0.1679155049085449
2013-09-30,-0.8614816400000773,-1.0634050200000966
2013-10-01,-0.3246427999999105,-0.5779523999998883
2013-10-02,0.42770416000000416,0.6520698800000069
2013-10-03,-0.5337521991456218,-0.38045411487899866
2013-10-04,0.16022416357480804,-0.008409520000091358
2013-10-07,0.35749999999997806,0.48249999999997345
2013-10-08,-1.3264446599999697,-1.406753819999965
2013-10-09,-0.5618810000001165,-0.44758700000013973
2013-10-10,1.20844142056449,0.9869563066228169
2013-10-11,0.8509727512013197,0.7453673274610034
2013-10-14,-0.6610618399999721,-0.6885797599999686
2013-10-15,1.1271692399998883,1.1837483599998686
2013-10-16,1.2886403726488538,1.4772752315250293
2013-10-17,2.2334143999999867,2.680743679999986
2013-10-18,0.406152800000018,0.30147016000002475
2013-10-21,-0.5543624722130441,-0.60871364
2013-10-22,1.9763768000000175,2.2516829600000223
2013-10-23,-0.5755812000001392,-0.39941219260446
2013-10-24,-0.14749039999986058,-0.2547408799998378
2013-10-25,0.9314035271903811,1.0306210871903794
2013-10-28,-0.3228848034764642,-0.3239932231888011
2013-10-29,0.6057196967991333,0.6292865947556503
2013-10-30,-0.9577229746020549,-1.11123417612454
2013-10-31,-0.43015202000000946,-0.6223216813213166
2013-11-01,-1.8407141792071522,-2.253214179207122
2013-11-04,0.9852233599998645,1.2002233599998302
2013-11-05,-1.5191505872133664,-1.9429005872133218
2013-11-06,1.2637069999998365,1.6099569999997976
2013-11-07,0.6517625445597319,0.8242625445597268
2013-11-08,-2.2788756399998165,-2.9151256399997716
2013-11-11,-0.3512304896921499,-0.4910496581048162
2013-11-12,-0.5935498048109286,-0.571872014524881
2013-11-13,2.0395070482335655,2.3095070482335647
2013-11-14,1.9714803199998272,2.1614803199998076
2013-11-15,-0.017228972724833626,-0.0018091724516542222
2013-11-18,1.227772800000004,1.3427728000000054
2013-11-19,-1.2462415770537771,-1.3690033675868767
2013-11-20,-0.25406799999981355,-0.4063062094666903
2013-11-21,0.7162101999999845,0.7862001999999811
2013-11-22,0.40634707999982034,0.4513570799997988
2013-11-25,0.5223655687210109,0.45236556872103456
2013-11-26,1.0239956385721376,1.0539956385721347
2013-11-27,-0.7176536000001718,-0.8576536000001932
2013-11-28,0.024374999999998453,0.06687499999999794
2013-11-29,-0.6100715637902393,-0.6775815637902374
2013-12-02,-1.6386599999997882,-1.8086499999997652
2013-12-03,0.1819214000001275,0.331921400000143
2013-12-04,-1.4685776000001372,-1.4735776000001537
2013-12-05,-0.5992550000002046,-0.6442650000002282
2013-12-06,0.37168415999999727,0.49169415999999777
2013-12-09,1.1762570270606212,1.2882155200001635
2013-12-10,1.0674637600000503,1.067463760000058
2013-12-11,-1.959936392375519,-2.131984639999986
2013-12-12,-0.44961714203773406,-0.6296171420377602
2013-12-13,0.8879623200002276,0.7279623200002521
2013-12-16,0.5091748399999624,0.4841748399999584
2013-12-17,0.1933995599998166,0.34339955999979566
2013-12-18,0.9428582200002148,0.9378582200002384
2013-12-19,-1.629303880000036,-1.6843038800000418
2013-12-20,-0.00023667446114042628,-0.00023667446115688837
2013-12-23,-0.3473900999998261,-0.39739009999980435
2013-12-24,-1.2437500000001729,-1.3155977517855837
2013-12-25,0.0,-0.003843092879891799
2013-12-26,0.15000000000018746,0.15000000000018746
2013-12-27,0.12103841907027584,0.12468035999999036
2013-12-30,0.8757235746041826,0.9762499999999409
2013-12-31,-0.481350630281872,-0.5612499999999707
2014-01-01,0.0,0.0
2014-01-02,-0.3103987200000204,-0.24664872000002383
2014-01-03,0.27833632000000347,0.31958632000000287
2014-01-06,0.19343096000003335,0.4321809600000402
2014-01-07,1.3858827999999717,1.4683827999999683
2014-01-08,-1.5094394859753582,-2.0335997582740637
2014-01-09,0.3906874399999542,0.3892841670730841
2014-01-10,1.7200876000000314,2.6175876000000304
2014-01-13,0.17666816105266803,0.1554758854860707
2014-01-14,-0.664797799999995,-0.739797799999995
2014-01-15,-0.8698860433901338,-1.2048860433901336
2014-01-16,0.18511129815125577,0.265111298151256
2014-01-17,0.6651939199999612,0.6251939199999613
2014-01-20,0.6427375446336516,0.6427375446336516
2014-01-21,-0.5219365999999601,-0.6119365999999602
2014-01-22,-0.7701877999999898,-0.7901877999999891
2014-01-23,0.5058117999999802,0.45581179999997995
2014-01-24,-1.1768420000000135,-1.209773563725867
2014-01-27,-0.5345693049026344,-0.471639712640655
2014-01-28,1.3386150400000423,1.443615040000042
2014-01-29,0.17497340295140862,-0.03754399279539699
2014-01-30,-0.5677239200001016,-0.4864739200001015
2014-01-31,-0.042132560000000464,0.10661743999999934
2014-02-03,-1.3728859893151542,-1.2004120000000336
2014-02-04,-0.6638406555144251,-0.20384065551442598
2014-02-05,-0.391917899324551,-0.4099073391368695
2014-02-06,0.5917956000001272,0.6417956000001273
2014-02-07,2.283289809049713,2.3501787135746324
2014-02-10,0.17565846401932503,0.09712516535910676
2014-02-11,0.5425634999998614,0.3459214541470462
2014-02-12,-1.5548442783369336,-1.5330057183369172
2014-02-13,1.7158700800000475,1.7299642400000566
2014-02-14,-0.05260998675175126,0.021783812819326648
2014-02-17,0.0,0.0
2014-02-18,0.772292959999861,0.9827826242675503
2014-02-19,-0.9190990399999897,-0.7850740799999857
2014-02-20,-0.8161614478860938,-0.8069181678860953
2014-02-21,1.3405047156233352,1.1646754399998194
2014-02-24,-0.16640800000001316,-0.1449720024923515
2014-02-25,0.9473320000001786,1.0573320000001787
2014-02-26,0.12947353374347206,0.07947353374347202
2014-02-27,0.9141769999999468,0.6941769999999468
2014-02-28,-1.3850491199999506,-0.9685374797547803
2014-03-03,-1.6677309411431027,-1.2808542194083736
2014-03-04,0.04538568299304119,-0.025201725679665752
2014-03-05,0.28488625187527733,0.15841888791683845
2014-03-06,-0.7198888720472406,-0.55520479999994
2014-03-07,-2.1104198399999805,-2.2532001144806375
2014-03-10,0.5549974199999107,0.23714039999992
2014-03-11,-0.08374999999994648,0.16228493631762714
2014-03-12,0.5697377999999743,0.8640359999999767
2014-03-13,0.875497642828263,0.9342160000001882
2014-03-14,-0.322830400000228,-0.2236480000002035
2014-03-17,0.1343690673132716,0.010189550284034031
2014-03-18,0.8745493000001799,0.9401660000001602
2014-03-19,-3.254624260000042,-3.469761200000039
2014-03-20,0.17237668041634355,0.006900412680475167
2014-03-21,0.32625000000006776,0.35625000000006785
2014-03-24,-1.172111360000072,-1.1279632000000726
2014-03-25,0.7314320999999463,1.0716019999999473
2014-03-26,1.2247589945872954,1.1030112000001335
2014-03-27,-0.09179728000002724,0.07477639999997264
2014-03-28,-0.46383924000003934,-0.5446997694931843
2014-03-31,-0.28403738000001705,0.22371439999998355
2014-04-01,0.2688739369577422,0.513752225151401
2014-04-02,-1.0752712019124673,-1.3372543999998472
2014-04-03,0.21141176000000333,0.28538168000000314
2014-04-04,0.9136823728535066,0.9054240328535073
2014-04-07,1.5514085999999947,1.6324412150022694
2014-04-08,0.19676255999986547,0.17677255999988684
2014-04-09,0.6637147677742424,0.6162916000000019
2014-04-10,1.0131255600001168,1.0068755600000987
2014-04-11,-0.2709407015750256,-0.42594070157500763
2014-04-14,-0.4824999999998431,-0.3624999999998656
2014-04-15,-1.2363092000000788,-1.1613092000000678
2014-04-16,0.6165674844568285,0.5429092921952244
2014-04-17,-1.3310150400000211,-1.2390064457317223
2014-04-18,0.0,-0.0025167449954570605
2014-04-21,0.19250000000000186,0.19250000000000186
2014-04-22,0.3342610852293413,0.33586192000002935
2014-04-23,0.5174467999999841,0.49125109999998623
2014-04-24,-0.1361899199999701,-0.11895283999997473
2014-04-25,-0.42068936000004337,-0.38108680413812523
2014-04-28,0.19889155999998906,0.19979711999999214
2014-04-29,0.5796744000000242,0.6701770506329656
2014-04-30,1.5820800399998813,1.1874360799998978
2014-05-01,0.5512500000000816,0.20750000000006993
2014-05-02,-0.2832850399999477,-0.43372107999995596
2014-05-05,-0.16932304000006432,0.03262791999994604
2014-05-06,0.1691557599999929,0.3095555199999925
2014-05-07,1.36931664000005,1.1475043402290284
2014-05-08,1.4629498399998941,1.382944308973491
2014-05-09,-0.538754133171924,-0.7795796800000128
2014-05-12,-0.6222431999999096,-0.5295941683779987
2014-05-13,1.7879033942843872,1.5002544000000404
2014-05-14,1.437215046664805,0.8776585746909661
2014-05-15,-0.30270032378699463,-0.4870715237869946
2014-05-16,0.5816679430373554,0.6046955274327375
2014-05-19,0.43757796000000265,0.3437245065398788
2014-05-20,0.5622140131741484,0.45211326461401746
2014-05-21,-0.6837738460009033,-0.8134191254804041
2014-05-22,0.7185089199999002,0.7060089199999001
2014-05-23,0.7871646109205432,0.6005929501162681
2014-05-26,0.382026400000008,0.20978128020054812
2014-05-27,-0.17183750000005182,-0.44375000000005693
2014-05-28,1.8523567708173858,1.8215995911732146
2014-05-29,0.08098559999992286,-0.1207334479027043
2014-05-30,-1.2851983402886713,-1.3723081999999862
2014-06-02,-2.2583024366236475,-2.059375027613705
2014-06-03,-1.9499590022853108,-1.7885420000000702
2014-06-04,0.01363800000000856,-0.013861999999991485
2014-06-05,2.7257728098041523,2.700772809804153
2014-06-06,-0.23864624000001203,-0.07509358277914914
2014-06-09,-1.4123875107434551,-1.444523117968357
2014-06-10,-0.3745496360898145,-0.30579963608981453
2014-06-11,0.014633074529958753,-0.02521015999976812
2014-06-12,1.28527767999999,1.2434026799999902
2014-06-13,-1.4125961097777824,-1.3428432460101911
2014-06-16,-0.5230115156959615,-0.6316821200000173
2014-06-17,-1.37315199999993,-1.346623958472685
2014-06-18,3.2405870120694074,2.8997444683987763
2014-06-19,0.2433710857485629,0.3520134857485628
2014-06-20,-0.22610848000001346,-0.006945760000013502
2014-06-23,-0.47147919999999316,-0.6150073199999933
2014-06-24,0.7629973600000839,0.6282168400000839
2014-06-25,0.5778515199999222,0.6190878399999222
2014-06-26,0.6691100000000239,0.7057850000000239
2014-06-27,0.4482099199999624,0.5647375999999626
2014-06-30,1.429081920000037,0.9777542400000371
2014-07-01,0.39734256000002327,0.3523566800000233
2014-07-02,-1.2691632054952768,-1.167813201670396
2014-07-03,0.3297326000000097,0.1799525600000097
2014-07-04,0.2595588800000295,0.2983180600000296
2014-07-07,-0.44568764000007977,-0.4660302400000798
2014-07-08,0.20180716000007498,0.27564604000007503
2014-07-09,2.049576879999986,1.7203293199999858
2014-07-10,-0.7704697400000134,-0.6882746600000136
2014-07-11,1.0255189382267038,0.7794101357389338
2014-07-14,0.06239899999998288,0.2573989999999829
2014-07-15,-0.010383554935235767,-0.09663355493523576
2014-07-16,0.4431357400000236,0.5318857400000235
2014-07-17,-0.4467463599999933,-0.6729963599999932
2014-07-18,0.459832994323899,0.38682968484194125
2014-07-21,-0.19598311999995788,-0.20848311999995786
2014-07-22,1.798391584773379,1.765124160000001
2014-07-23,-0.06380720000009912,-0.03130720000009912
2014-07-24,-1.140535959999916,-0.9980359599999161
2014-07-25,-0.17298794000002485,-0.2597086687954719
2014-07-28,-1.4600288599999771,-1.386873645641139
2014-07-29,0.8546081200000436,0.7061081200000436
2014-07-30,-3.2998255669264087,-3.1181189600001056
2014-07-31,-1.5556463700169858,-1.5986463700169857
2014-08-01,0.2324329200000253,0.23061434865016028
2014-08-04,0.13771341528110617,0.13771341528110617
2014-08-05,0.13944560000005174,0.13944560000005174
2014-08-06,0.017950499999913883,-0.2882995000000863
2014-08-07,0.9255821000000715,0.7312071000000716
2014-08-08,0.8711715408502346,0.6040732945505477
2014-08-11,0.2681439599999225,0.6965160161626988
2014-08-12,0.25031636000000823,0.2690663600000082
2014-08-13,1.7121300800000412,1.5871300800000412
2014-08-14,0.36718277675468775,0.31251452647935024
2014-08-15,-0.04412409714418496,-0.0935379884194461
2014-08-18,1.5035433999999912,1.4280224999999926
2014-08-19,-0.1816073750684406,-0.11589083506844129
2014-08-20,-1.3183624000001082,-1.2670656615856777
2014-08-21,0.4657345600000943,0.4202456200000935
2014-08-22,-1.3004544000000566,-1.2638938000000566
2014-08-25,1.1602201600000406,1.120207987980028
2014-08-26,1.059384213110405,1.0510646399999681
2014-08-27,0.37597759999999963,0.2984775999999996
2014-08-28,-0.7315660799999801,-0.7257480628856142
2014-08-29,0.1611071999999656,0.17698364507143108
2014-09-01,0.1026679655836233,0.0842519455836233
2014-09-02,-1.1246232533146021,-0.8832332933146022
2014-09-03,2.806529999999953,2.982052199999953
2014-09-04,-0.1260017662692026,0.278049493815926
2014-09-05,-0.36799999999990796,-0.27367567999990783
2014-09-08,-0.28958923160480476,-0.4479466040367645
2014-09-09,-1.3581254799999924,-1.3581254799999924
2014-09-10,-0.8654639167095289,-0.8654639167095289
2014-09-11,0.024089340000040704,0.024089340000040704
2014-09-12,-0.30708033051543043,-0.3064805636848572
2014-09-15,-0.4531283600000699,-0.4559332013739881
2014-09-16,0.4263349688365411,0.44184956886046167
2014-09-17,-0.7379110400000217,-0.7080887200000205
2014-09-18,-0.08032335341202806,0.06728390302029957
2014-09-19,2.608747292792516,2.5024972927925164
2014-09-22,0.41915584000002837,0.2233082400000283
2014-09-23,0.05174527999993861,-0.2411883200000614
2014-09-24,-0.8109178399999373,-0.4897980799999371
2014-09-25,0.17743379999991876,-0.2760348000000812
2014-09-26,-0.4817171819510541,-0.16477398195105414
2014-09-29,-0.4324025600000321,-0.7912720800000321
2014-09-30,1.2619302400000287,1.4172467441366947
2014-10-01,0.7158972952363247,0.25569807999997257
2014-10-02,-1.0068042499578738,-1.2474422967942735
2014-10-03,-0.3182794800000079,-0.20246563145475574
2014-10-06,-0.1845412188373009,-0.2096632188373009
2014-10-07,-1.5635280399999967,-1.5033427599999956
2014-10-08,1.3880756271522066,1.3965301589500052
2014-10-09,-0.264190420000024,-0.20974374000002408
2014-10-10,0.6316871645992268,0.7599273645992273
2014-10-13,-1.1072728676741372,-1.1050046216004268
2014-10-14,-1.8819145822031822,-1.6971079899248729
2014-10-15,1.4066143675816432,1.3041099017913442
2014-10-16,-0.7845169407569295,-1.233787242808783
2014-10-17,0.4703460136884222,0.5096015150717474
2014-10-20,0.2488174384527062,0.1772263169053526
2014-10-21,-0.8220927327410664,-0.7720193826939236
2014-10-22,0.14041043185639557,0.12061173099821743
2014-10-23,-2.0401578799999767,-1.9053710302306202
2014-10-24,0.7750821999999634,0.6562415421496783
2014-10-27,-0.8758085200000487,-0.6876242400000551
2014-10-28,0.08924453453193333,-0.0761530399999143
2014-10-29,-2.4369999999999963,-2.3729999999999962
2014-10-30,0.9207317712327648,0.8494291199999082
2014-10-31,-0.7866075999999937,-0.7819582967676655
2014-11-03,-0.4823142248876334,-0.3417597248876331
2014-11-04,0.7940624766204885,0.767911999999968
2014-11-05,-0.5186926339207121,-0.5363035809622975
2014-11-06,-1.0003666200000343,-0.9043871400000355
2014-11-07,2.4576297851814157,2.2516345451814157
2014-11-10,-1.2279676799999493,-1.1338294399999485
2014-11-11,-0.5044423999999993,-0.44137920000000047
2014-11-12,-0.1977833119854057,-0.12126283784007272
2014-11-13,-0.2577078000000658,-0.09941645657739322
2014-11-14,1.048861481478732,0.9014732732900689
2014-11-17,-0.26299487999997573,-0.2796447590583818
2014-11-18,1.2785553953177495,1.1391834000000094
2014-11-19,-0.30948776000001094,-0.3879899200000114
2014-11-20,-0.7584237440473548,-0.4842352000000241
2014-11-21,0.924775200000003,0.8490178750945044
2014-11-24,0.4320000000000039,0.4930000000000047
2014-11-25,0.1125584147981046,0.18197364681982067
2014-11-26,0.40395888000001107,0.4041324000000117
2014-11-27,-0.15547369344628345,-0.1504569491586597
2014-11-28,1.0360957599999683,1.151080639999964
2014-12-01,-1.1070449499561024,-1.0837874766510476
2014-12-02,-1.0430900000000525,-0.9941000000000593
2014-12-03,-0.031073766040663968,-0.12876559999988585
2014-12-04,-0.32842611999998333,-0.0012106238097516057
2014-12-05,-2.0094052438270826,-1.939514843827094
2014-12-08,0.6119562400000871,0.6691759846846814
2014-12-09,-0.4966324000000283,-0.4761024800000277
2014-12-10,1.2624862614612364,1.2751668000000107
2014-12-11,-1.3384855999999514,-1.1665726399999505
2014-12-12,-0.7215661902959188,-0.7921249604137003
2014-12-15,-2.257713643459257,-1.9861326237251702
2014-12-16,2.056122438949186,1.911498638949187
2014-12-17,-1.9473069402617589,-1.8524790602617598
2014-12-18,-0.3556834418361594,-0.40994728000001524
2014-12-19,0.14844251999999483,0.1828999020693085
2014-12-22,0.6604084000000041,0.5766460000000035
2014-12-23,-1.4486479599999833,-1.468856679999982
2014-12-24,0.2587499999999999,0.17206521072715766
2014-12-25,0.0,0.0
2014-12-26,0.07749999999996363,0.08249999999995908
2014-12-29,0.28792479999998044,0.5561663999999784
2014-12-30,0.3217777600000468,0.240885611262908
2014-12-31,1.0214582763704902,0.8490000000000106
2015-01-01,0.0,0.0
2015-01-02,1.0895283999997825,1.0831470799997827
2015-01-05,-0.10011783999997297,0.140436720000027
2015-01-06,1.2771062535311812,1.2663666126577509
2015-01-07,0.7749589707592127,0.7427397452596788
2015-01-08,0.09210268434578137,-0.2501507556542188
2015-01-09,0.019205291134282203,0.35564548000009333
2015-01-12,1.2574649600000745,1.1598926860411634
2015-01-13,1.5512294213544595,1.37896899999985
2015-01-14,0.5800321200001717,0.5602821408320602
2015-01-15,2.5371231942359813,2.4708168799997803
2015-01-16,-1.7686920437958527,-2.1509045917585645
2015-01-19,0.49573960000000317,0.5050375200000031
2015-01-20,-0.3702899280442824,-0.49535824804428236
2015-01-21,-0.5566832800002038,-0.6586251200002039
2015-01-22,-0.5535442134052904,-0.9369328616874031
2015-01-23,1.1243840000000078,1.1243840000000078
2015-01-26,-0.22472490000009193,-0.22472490000009193
2015-01-27,0.3860347799998932,0.3860347799998932
2015-01-28,2.4724547887294355,2.476864479999996
2015-01-29,-0.12468495999980429,-0.1490903377504626
2015-01-30,2.3705710600000343,2.3705710600000343
2015-02-02,0.11393609999987804,0.11393609999987804
2015-02-03,-3.7313264800000896,-3.7313264800000896
2015-02-04,0.18397657927951014,0.18397657927951014
2015-02-05,-0.3138659599999995,-0.3138659599999995
2015-02-06,-3.277303799999988,-3.277303799999988
2015-02-09,-0.8514380077424687,-0.8506767928932749
2015-02-10,0.3860852999999922,0.27666037999999216
2015-02-11,0.37136696878277853,0.4580465687827785
2015-02-12,0.7416419999998632,0.40387000528617745
2015-02-13,-0.7776479292371103,-0.7024539258634885
2015-02-16,-0.17598640000000165,-0.19473640000000164
2015-02-17,-2.0288605599999805,-1.6538605599999805
2015-02-18,2.31119248576545,2.0079946478915645
2015-02-19,-0.9486804916737218,-0.945811999999852
2015-02-20,0.32042943999987705,0.2804294399998566
2015-02-23,1.2908005599999892,1.3708005599999873
2015-02-24,1.3080973399999964,1.4180973399999957
2015-02-25,0.08424452000014317,0.08924452000016704
2015-02-26,-0.8670950545306714,-0.9283116000000077
2015-02-27,0.1343963199999428,0.049599734487836236
2015-03-02,-0.35712798000006885,-0.44504450312089006
2015-03-03,-1.1639551396680603,-1.2273770996680404
2015-03-04,0.7038148074500807,0.7138148074500718
2015-03-05,0.9547495999999228,1.00259663999991
2015-03-06,-1.2164752734055013,-1.3930739934054783
2015-03-09,0.6367689655810166,0.7041676852832294
2015-03-10,0.17515804944157107,0.3660648199008687
2015-03-11,1.089477560000093,1.0801552000001111
2015-03-12,0.23212543028615887,0.30756087999987775
2015-03-13,1.1301422000001045,0.9339528000001259
2015-03-16,0.8784013199999353,0.9176031999999142
2015-03-17,0.563826387322191,0.4316870635558525
2015-03-18,0.7189943999999214,0.8883800222996285
2015-03-19,-0.4656022648117642,-0.41939887999987374
2015-03-20,0.2950551199999704,0.16084150060969718
2015-03-23,-0.7275400000000223,-0.6853601602497135
2015-03-24,0.6592216000000155,0.7265768000000264
2015-03-25,-1.4137116000000134,-1.5301677000000162
2015-03-26,-0.31636927999998693,-0.3791803599999842
2015-03-27,0.673332640000044,0.7120977600000448
2015-03-30,0.8020278399999411,0.8373110799999375
2015-03-31,1.3998249599999582,1.41374727999995
2015-04-01,0.6130620911162997,0.6895425111163075
2015-04-02,-1.115451519999992,-1.1425321999999982
2015-04-03,0.0,0.0
2015-04-06,0.5412499999999688,0.5862499999999705
2015-04-07,0.6720670571665486,0.6835305999999969
2015-04-08,0.10064828464390525,0.09463350000002697
2015-04-09,0.30930371161610537,0.4750813980104439
2015-04-10,0.777191320000047,0.7832514200000709
2015-04-13,0.7074610257886034,0.9390269000000451
2015-04-14,0.06608660981773924,0.049169676304317664
2015-04-15,-0.0008929999999777806,-0.005892999999956975
2015-04-16,-0.7847746483684123,-0.8193520295345201
2015-04-17,-2.133992379925949,-1.9703979311411286
2015-04-20,1.131521419998335,1.1512610238463745
2015-04-21,0.41296221999999655,0.39060715999999557
2015-04-22,-1.1208653800000898,-0.9936694000001026
2015-04-23,0.3159397600000789,0.26881712000009067
2015-04-24,1.6223847199999817,1.5228462399999791
2015-04-27,1.274156334289486,1.0387257199999143
2015-04-28,-1.8878320994320739,-1.6556403417023098
2015-04-29,-3.305928988253934,-2.887862127683143
2015-04-30,-0.10259652000005717,0.1564883850876458
2015-05-01,-0.8509999999999719,-0.3521810703121092
2015-05-04,0.6681056182088757,0.38840561999999285
2015-05-05,-2.032333888196544,-2.128447808196546
2015-05-06,-1.2215936669169678,-1.1310504782610378
2015-05-07,1.1598900329642918,1.2298217355643684
2015-05-08,2.047495999999972,1.1485545856825263
2015-05-11,-1.295581045094039,-0.7451534372284089
2015-05-12,-0.2418310696280764,-0.18327671899162118
2015-05-13,-0.8503543877205509,-0.901509969015097
2015-05-14,0.162141219999969,-0.1561050000000313
2015-05-15,1.0865890110788334,1.0755346127766807
2015-05-18,-1.1019967999999258,-1.1064623143423957
2015-05-19,0.8316024799999189,1.1860886399998989
2015-05-20,1.2774845800000114,1.1992271600000122
2015-05-21,0.060288500000011035,-0.20079499999998973
2015-05-22,0.11636909999999248,0.3277405999999935
2015-05-25,0.10200000000000005,0.09900000000000007
2015-05-26,0.8354041800000527,0.8247367600000723
2015-05-27,1.4528273999999508,1.5204471199999503
2015-05-28,-0.44167631999996976,-0.45673967999996967
2015-05-29,-0.34813799999997436,-0.2861447999999747
2015-06-01,-0.8503028000000131,-0.6045908000000121
2015-06-02,-2.2092215600000147,-2.1166632000000143
2015-06-03,-1.0832310000000203,-0.6840016000000213
2015-06-04,-0.31756543999996395,-0.5553673599999633
2015-06-05,-0.8646343000000446,-0.3691325200000457
2015-06-08,-1.1204294612141024,-1.3551683903952905
2015-06-09,-0.31453259999998917,-0.35790600000000955
2015-06-10,1.6547718166348078,1.698696360000051
2015-06-11,0.974620959999958,0.8834894772313442
2015-06-12,0.11342379999999656,0.36210539999999664
2015-06-15,0.8053300662770804,1.0916366695531783
2015-06-16,-0.6364140159603757,-0.7034084959603754
2015-06-17,-1.2299048814509088,-1.128412401450929
2015-06-18,0.7752070468336889,0.565402209963763
2015-06-19,1.3029377171546161,1.3281112999999924
2015-06-22,-1.2086004400000185,-1.1491651643207457
2015-06-23,-1.2478073999999673,-1.1878073999999668
2015-06-24,0.34880107999994636,0.4148010799999457
2015-06-25,-2.225952719999966,-2.235952719999966
2015-06-26,-1.6919836697266866,-1.6459836697266867
2015-06-29,0.4680538622725304,0.5940538622725301
2015-06-30,-3.6231494000000035,-3.6071494000000026
2015-07-01,-0.47793307651418404,-0.4239330765141842
2015-07-02,-0.08941038526360844,-0.19099832249649198
2015-07-03,0.04068500000000016,0.06468500000000056
2015-07-06,0.3088501616475316,0.344012120000033
2015-07-07,0.4677982418837349,0.5134345168201884
2015-07-08,0.2351794893726964,0.28589956444114684
2015-07-09,-0.49259840000001287,-0.5315301554712649
2015-07-10,-0.6899623457993285,-0.7835259999999158
2015-07-13,-0.7244133599999886,-0.7424133599999886
2015-07-14,1.2035276799999302,1.1671042085973748
2015-07-15,0.45125131950098607,0.6435518384584334
2015-07-16,0.1476686399999983,0.19966863999995874
2015-07-17,0.33475000000001565,0.47075000000005446
2015-07-20,0.5452830799999777,0.7412830799999794
2015-07-21,0.03789052000004312,-0.030109479999958284
2015-07-22,0.30782887999996306,0.5038288799999648
2015-07-23,0.40360892000002585,0.5076089200000244
2015-07-24,0.59849210759769,0.7169027999999827
2015-07-27,1.011604629470512,1.0364262207369377
2015-07-28,-0.22420736231147143,-0.27907484231147056
2015-07-29,0.1857400399999546,0.1300543394156078
2015-07-30,-0.22862847999994165,-0.22062847999990312
2015-07-31,0.31984952173867714,0.07902569999987956
2015-08-03,0.6553695359796604,0.7070030000001389
2015-08-04,-0.562069999999996,-0.28206999999999804
2015-08-05,-0.12495968000002922,0.19842330577304573
2015-08-06,0.2970044307100641,0.1490044307100581
2015-08-07,-0.46059620000001417,-0.7825962000000116
2015-08-10,-1.1624014399999876,-1.1098294501468937
2015-08-11,1.7149910142370421,1.729247359999998
2015-08-12,0.799725359999979,0.7911269999999841
2015-08-13,-0.5124512958083773,-0.394335440000026
2015-08-14,-0.2937738897868202,-0.21524630645553924
2015-08-17,0.5865000000000297,0.46264576000002283
2015-08-18,-0.4889106400000229,-0.40172208622997757
2015-08-19,1.2773577599999943,1.1417505599999944
2015-08-20,0.008897939999982084,0.052954039999981814
2015-08-21,1.284784250161687,1.3560234800000583
2015-08-24,0.1119665056105587,0.12971650561055914
2015-08-25,-0.6025685754431807,-0.30874045269024974
2015-08-26,-0.6392764494260101,-0.604856000000014
2015-08-27,-0.5553731410260004,-0.6023351999999744
2015-08-28,-0.26102464000005626,-0.35766519954114895
2015-08-31,0.3566257342488427,0.4175506000000637
2015-09-01,0.7822950101554548,0.7774165611512922
2015-09-02,0.015517279999918832,-0.031482720000100405
2015-09-03,1.075801920000113,1.0762285420928361
2015-09-04,1.066015893173049,1.2012163800000166
2015-09-07,0.05128097682380379,0.0914452643488206
2015-09-08,-1.8394984805769035,-1.9212118154009277
2015-09-09,0.3246279999999746,0.33033149999997896
2015-09-10,-1.2673760346762455,-1.1784103222916067
2015-09-11,-0.9109303298087518,-0.6220223653515626
2015-09-14,-0.5631053374111875,-0.47749999999999865
2015-09-15,-1.7142858000001655,-1.8012858000001852
2015-09-16,-0.7029663999998613,-0.9079663999998424
2015-09-17,1.8043167999999314,1.7063167999999125
2015-09-18,2.28007840000005,2.2700784000000698
2015-09-21,-1.314340955538294,-1.1394846777692074
2015-09-22,2.3552399200001237,2.488426160000144
2015-09-23,-0.2615307200001116,-0.10465956000013085
2015-09-24,-0.31595743999992454,-0.4872646199999052
2015-09-25,-0.3796737249723469,-0.14515233084942725
2015-09-28,1.7402687999999922,2.100470919999993
2015-09-29,0.4801951781170685,0.4565711599999715
2015-09-30,-0.47041991426961655,-0.8920850882528054
2015-10-01,0.06198703999999202,0.03909256442767861
2015-10-02,-0.4474110214446618,-0.5627732799999988
2015-10-05,-1.6720370400000175,-1.586037040000037
2015-10-06,-0.40525280000000224,-0.42025280000000215
2015-10-07,-0.7554458399999747,-0.8274007609818934
2015-10-08,-0.7534147593911314,-0.9516795999999565
2015-10-09,0.9621255855298695,0.7491566190226496
2015-10-12,0.6700044800000531,0.6421520000000533
2015-10-13,1.151259908578338,1.3745529820685578
2015-10-14,1.7090381200000184,1.478985742339349
2015-10-15,-1.7279737320011364,-1.9771346120011342
2015-10-16,-0.6824439999999743,-0.6942646982828065
2015-10-19,0.221225519999923,0.1954571199999231
2015-10-20,-0.21842723999999866,-0.11535051999999867
2015-10-21,0.5661488000000707,0.6591069200000702
2015-10-22,-1.151151960000001,-1.3505491600000015
2015-10-23,-0.5893712491234251,-0.47428438948499796
2015-10-26,-0.20937048000000189,-0.1881270529946914
2015-10-27,0.6363383999999997,0.5913665999999996
2015-10-28,-0.5075824000000008,-0.5096726000000015
2015-10-29,0.21200064000000302,0.22966736000000326
2015-10-30,0.0263457599999985,0.028541239999998372
2015-11-02,-2.248660239999991,-2.4232152600000108
2015-11-03,-0.5406841599999805,-0.5222828399999607
2015-11-04,-0.018009760000105096,0.11369871347931104
2015-11-05,0.2579801231831778,0.3116643600001124
2015-11-06,-1.6779032523720572,-1.5359110681226928
2015-11-09,0.6601714174955564,0.5562549774955506
2015-11-10,0.9654862400000368,0.8544298174161581
2015-11-11,-0.4365872533870988,-0.46659695999996237
2015-11-12,0.6632077079690551,0.7809710202955359
2015-11-13,1.1773521891892076,1.3196891175323782
2015-11-16,-0.04915333067303843,-0.24738351164334785
2015-11-17,0.3923985828625298,0.2019297028625651
2015-11-18,-0.34205700000000605,-0.3768372337401026
2015-11-19,0.24979224868884925,0.10618596868885721
2015-11-20,-0.3259492199999936,-0.4877724800000284
2015-11-23,-0.4850277218512468,-0.4411180519978518
2015-11-24,0.616641678567523,0.4922984785675318
2015-11-25,-0.2139999999999747,-0.2375268799999331
2015-11-26,0.30198436000000034,0.3216318641187209
2015-11-27,0.8622015199999478,0.9135328399999313
2015-11-30,-0.6489698399999657,-0.5379547599999568
2015-12-01,0.39014297993630054,0.23234657991274862
2015-12-02,-0.3591371200000367,-0.40901644000007936
2015-12-03,-2.682448479999976,-2.4168236799999363
2015-12-04,-0.4231255260914128,-0.439333463446067
2015-12-07,1.8664322419617783,2.1593784819618174
2015-12-08,0.042038732031742236,0.32168627999993576
2015-12-09,0.02609540000003524,0.1952758000000364
2015-12-10,-0.892921540000068,-0.8403856400001085
2015-12-11,1.7936502812744166,2.4645647046536117
2015-12-14,-1.26152976716671,-1.6750394460317475
2015-12-15,-0.41976111865965865,-1.1151036904617242
2015-12-16,0.00039750000004364663,-0.25860249999995033
2015-12-17,-0.18337820000008012,-0.1523782000000917
2015-12-18,0.5109383000000053,0.7249383000000045
2015-12-21,0.24167850000002072,0.31367850000006214
2015-12-22,0.20021200000003073,0.18721199999999855
2015-12-23,-0.175214277600186,-0.1578920000000055
2015-12-24,0.3147499999999764,0.4267499999999728
2015-12-25,0.0,0.0
2015-12-28,0.4046027199999696,0.34737839999996406
2015-12-29,-0.8659999999999706,-0.9379999999999303
2015-12-30,0.7695040000000152,0.987431776559703
2015-12-31,0.3067372008531279,0.03375000000003943
2016-01-01,0.0,0.0
2016-01-04,1.4159879999999851,1.6446724999999836
2016-01-05,0.09372603272142357,0.11097040000000673
2016-01-06,1.0453883199999916,1.4366103999999884
2016-01-07,0.998440400000054,1.4197067174630764
2016-01-08,0.2687250548008777,0.5409808148008782
2016-01-11,0.26264425961000765,0.11828449999991007
2016-01-12,-0.15700600000001416,-0.12300600000001409
2016-01-13,0.6114048448219139,0.7247460000000574
2016-01-14,-0.10977208000005342,-0.12927925017813702
2016-01-15,1.1616452283855165,1.6779118200554255
2016-01-18,-0.15927379999994137,-0.2799721780530176
2016-01-19,-0.7338010780016344,-0.606377281887606
2016-01-20,1.1216406589866952,1.4913603800319235
2016-01-21,0.3858197212993304,0.6478197212992939
2016-01-22,-2.2815327274624195,-2.652532727462386
2016-01-25,0.7328894800000745,0.9868894800000854
2016-01-26,-0.13704884000003062,-0.40704884000003505
2016-01-27,0.6204481999999129,0.6957964443306319
2016-01-28,0.4485143957976396,0.2261578200000448
2016-01-29,-0.6320614200000111,-0.6837135570273448
2016-02-01,-0.29642623999997203,-0.2419363360717677
2016-02-02,2.2328761599999907,2.8188761599999883
2016-02-03,-0.19640456000006526,-0.5356449164384098
2016-02-04,0.8655714600000798,0.871952116307413
2016-02-05,0.9241940000000024,0.9477280000000015
2016-02-08,2.5911422463813314,2.6426619463813257
2016-02-09,1.233262680000058,1.263900160000064
2016-02-10,1.1802823999999834,1.2575287999999814
2016-02-11,1.8832365642265074,2.0117180242265
2016-02-12,-2.305963570113123,-2.6170703999999154
2016-02-15,-1.0138483102745248,-1.0075673233449576
2016-02-16,-0.7209236999999419,-0.5634043999999221
2016-02-17,-2.511509999999918,-2.6193699999999174
2016-02-18,1.8332752199999607,1.6892446399999412
2016-02-19,-0.837026400000097,-0.8843568000000974
2016-02-22,-1.3229849999999639,-1.2330699999999648
2016-02-23,1.9421454600000252,1.799851520000026
2016-02-24,0.32745551999994676,0.2162382399999457
2016-02-25,1.580249999999987,1.3982499999999876
2016-02-26,-0.9332212799999415,-0.8766133599999412
2016-02-29,0.5469513599999563,0.33676231999995576
2016-03-01,-2.749376399999996,-2.9209952495053115
2016-03-02,-0.9566933249677647,-0.979808593901531
2016-03-03,-0.24758044000000204,-0.11058044000003815
2016-03-04,-1.2749802045472645,-1.4542470396054716
2016-03-07,-0.6622006999999399,-0.7302006999999472
2016-03-08,1.4915985999999541,1.7385985999999485
2016-03-09,-0.7413702000000503,-0.9339602715767239
2016-03-10,-1.195587430307495,-1.100315400123069
2016-03-11,-1.6239469145745933,-1.7743332599999824
2016-03-14,-0.9333079895969381,-0.7749306022930401
2016-03-15,-0.08913610000133249,0.06759119415292708
2016-03-16,1.3953837550481043,1.1336251696841906
2016-03-17,-0.11910668102708631,-0.46445401523951313
2016-03-18,0.4203382085247993,0.5248491992944068
2016-03-21,-1.013077431932808,-1.0175814321197305
2016-03-22,-0.6471910099982802,-0.7974494371413787
2016-03-23,1.3271454627386257,1.6752138390683757
2016-03-24,-0.33816547012328113,-0.3157387314062432
2016-03-25,0.0,0.0
2016-03-28,-0.01875,-0.10725000000000055
2016-03-29,0.6530570030203658,0.7244225025169798
2016-03-30,1.1895567459220662,1.0503565463179982
2016-03-31,3.963998777931451,3.7298255996703493
2016-04-01,-0.5533011841310832,-0.4773011841310906
2016-04-04,0.3962248001099566,0.5752248001099625
2016-04-05,0.30285639190663216,0.7321888628905265
2016-04-06,-0.4333674890850678,-0.5458910012245762
2016-04-07,0.5264579915999316,0.9564579915999205
2016-04-08,-0.5204194729325236,-0.6824194729325126
2016-04-11,0.8542138957977188,0.6058643822152383
2016-04-12,-1.2001380538399298,-1.4858430004119916
2016-04-13,-1.289641597747902,-1.3407123966218237
2016-04-14,-0.7171329109166751,-0.7858679108117745
2016-04-15,0.2969480733425025,0.5504602836125833
2016-04-18,-0.6272279663642004,-0.8152279663642026
2016-04-19,-1.1191879634303077,-1.3177425731570604
2016-04-20,-2.0502940269332885,-2.1906031597068556
2016-04-21,1.1577927065991975,1.4171243368010933
2016-04-22,1.2765378778618168,1.2532004098754619
2016-04-25,-1.4032756405438203,-1.2639635763282113
2016-04-26,-0.6775462987420405,-0.9844686982628323
2016-04-27,1.7373129277594588,1.8276543974869115
2016-04-28,-0.46455998229996237,-0.5461283374897292
2016-04-29,-0.32367498278499995,-0.43077563216343606
2016-05-02,-0.6450786799928327,-0.6390786799928129
2016-05-03,1.2777643403004868,1.5793164377558495
2016-05-04,0.14076429545767422,0.40944719540957647
2016-05-05,0.7125805768559057,0.8148611769268662
2016-05-06,-0.4436736816593281,-0.501887181682089
2016-05-09,0.9103657777511208,1.2778763766489383
2016-05-10,-0.4273066165441887,-0.6957780146593682
2016-05-11,-0.1472500801343693,-0.1329716816206075
2016-05-12,-1.315295200347744,-1.3374999999999446
2016-05-13,-0.0345384550084645,0.25542585766419723
2016-05-16,-0.8039970716981896,-0.7845950940940803
2016-05-17,-0.7460951957702803,-0.7304171794879628
2016-05-18,-1.462004199747079,-1.3741492647304725
2016-05-19,0.6695445008277199,0.6372607031072857
2016-05-20,-0.019460522575380987,-0.16464820909476494
2016-05-23,-0.4141675650922198,-0.20796024561845677
2016-05-24,-0.22990066141236049,-0.3071284074786528
2016-05-25,-0.5867464010715963,-0.5972196542158655
2016-05-26,0.7416736955640041,0.7136736955640038
2016-05-27,-0.8680143024919229,-0.8697175148503172
2016-05-30,0.071104532227563,0.15139201960184137
2016-05-31,0.6451917116096348,0.5168916006088503
2016-06-01,-0.7346159934996348,-0.6693167163618494
2016-06-02,0.6745338321910015,0.8087104001045328
2016-06-03,1.248179996489985,0.7204299964899454
2016-06-06,-0.8767042524441852,-0.6992544232579878
2016-06-07,-0.08295630788797213,-0.441227607726954
2016-06-08,-0.23310801155107122,-0.5302700620537171
2016-06-09,0.23868560218825716,0.4146856021882167
2016-06-10,0.5141863219747344,0.9396905842572228
2016-06-13,0.11331140160538448,0.23731140160538425
2016-06-14,-0.46213004376914757,-0.41629137470241273
2016-06-15,0.8784608156400808,0.7146324903963877
2016-06-16,0.019987199783385336,0.046275752421398635
2016-06-17,-0.7104967265940916,-0.7349882592060096
2016-06-20,-0.8704535713205482,-0.7096756706780054
2016-06-21,-0.07458359813701901,-0.11735449767127878
2016-06-22,0.2906319980619764,0.2051649975774756
2016-06-23,-1.2799559898364383,-1.5018199872955582
2016-06-24,3.9190173645024107,4.524271705628031
2016-06-27,1.3114429498617808,1.388113493887692
2016-06-28,-0.23815690135918302,-0.4528821935241239
2016-06-29,-0.33966839575748276,-0.4546683957574901
2016-06-30,0.412077410221165,0.24207741022116397
2016-07-01,0.3419761206017577,0.3854932908797955
2016-07-04,0.09145738053343944,0.09647496788364215
2016-07-05,0.8771106286048708,1.0801106286048676
2016-07-06,0.3166111315237989,0.29361113152379475
2016-07-07,-0.02422566318515981,0.0010303582811362583
2016-07-08,-0.37867739419576707,-0.5645134949685107
2016-07-11,-0.7072102507463817,-0.8504954628938951
2016-07-12,-1.2729614934917628,-1.216961493491756
2016-07-13,-0.09335701560983128,0.09864298439016712
2016-07-14,-0.3632237752868007,-0.47714478575392627
2016-07-15,-0.13438741803160342,-0.11238741803162157
2016-07-18,-0.32416293272247465,-0.2842663681506327
2016-07-19,1.0349999999999728,0.8599999999999771
2016-07-20,-0.128810572624277,-0.1622158589363695
2016-07-21,0.5957362680435513,0.4790086487270619
2016-07-22,-0.5251626300693534,-0.5599717247483097
2016-07-25,-0.10060101175302784,0.03259848237042345
2016-07-26,0.4102017195956321,0.3510000000000045
2016-07-27,0.46913643383970827,0.5174093015192803
2016-07-28,0.2997160665988998,0.2611481997966994
2016-07-29,0.6272356359958773,0.534347209374485
2016-08-01,0.20588633892894834,0.27479758739474236
2016-08-02,-0.3630669965743571,-0.2232009897229903
2016-08-03,-0.0806145429610497,-0.10067776976942691
2016-08-04,1.0562720770736325,0.891190561294569
2016-08-05,-1.7125,-1.7133226175311396
2016-08-08,-0.2475000000000307,-0.3459806518553859
2016-08-09,0.6432801115808585,0.42885295991537237
2016-08-10,0.6545989036559556,0.6074251827751875
2016-08-11,-0.827062503549897,-0.8787713394165086
2016-08-12,0.23029515426434224,0.2697899024541011
2016-08-15,-0.829919510434877,-0.8591189607738583
2016-08-16,-0.16302654211769219,-0.11685677187707152
2016-08-17,-0.029928049520242795,0.07562974028233639
2016-08-18,-0.1932577043318949,-0.11046022033689151
2016-08-19,-0.8548257799148341,-0.7736083456715425
2016-08-22,0.5365589971542496,0.557029498577129
2016-08-23,0.6374222880866766,0.6535685214996365
2016-08-24,0.14846224880226952,0.08132529265584076
2016-08-25,0.25848028718136434,0.13968168091770794
2016-08-26,0.05894086122508622,0.034220430612546385
2016-08-29,1.3869870489895233,1.2993576555252937
2016-08-30,0.6560021615184398,0.5120406657580622
2016-08-31,-0.18075837811633746,-0.10970970639373796
2016-09-01,-1.2570432190030691,-1.098729669007524
2016-09-02,-0.6219963302601796,-0.9001835536955998
2016-09-05,0.247211150683507,0.18315616352227881
2016-09-06,1.3272473285198416,1.0494989314079533
2016-09-07,-1.103354417905448,-0.9171012972446485
2016-09-08,-1.6656532184740684,-1.3358926548620658
2016-09-09,-1.7146292493076605,-1.4077667157382328
2016-09-12,0.4148281177637257,0.34492732799251175
2016-09-13,0.17860606985762018,0.2716479730591701
2016-09-14,-0.14544443321178752,-0.024910496457959015
2016-09-15,1.1920562667849601,0.9505021999128381
2016-09-16,-1.7048214077944805,-1.2247321236129203
2016-09-19,-0.2259901018140599,-0.15199010181407996
2016-09-20,-0.1307594711752779,-5.5778503380292934e-05
2016-09-21,1.186941705448233,0.9279635140725533
2016-09-22,1.3666931982059911,1.0829869871155846
2016-09-23,0.3025713253020246,0.3055998554228199
2016-09-26,0.8136986184089727,0.6873152659024031
2016-09-27,-0.25708418228762925,-0.4215491733803311
2016-09-28,0.6319263935100996,0.4820664291391915
2016-09-29,-0.35376810407407144,-0.23763178744742525
2016-09-30,-1.0540214974878708,-0.8244986126421489
2016-10-03,-1.9752038707733899,-1.6266906909943435
2016-10-04,-0.9073319367019149,-0.7673084509372654
2016-10-05,0.016625540758942958,-0.03539954117864242
2016-10-06,0.5215098059654749,0.460861564167105
2016-10-07,-0.05369409370465114,-0.041835733414112515
2016-10-10,-0.7034385986320163,-0.8455544891350133
2016-10-11,-0.3137924313540981,-0.29411479358889087
2016-10-12,0.8788782956882583,0.7513913528884127
2016-10-13,-1.5442018526860175,-1.3820877426930027
2016-10-14,-0.3824941882222557,-0.27428134441428836
2016-10-17,-0.02835166454347716,-0.09833735656767777
2016-10-18,0.9551822878856299,0.68663335253028
2016-10-19,-0.031033335875204873,0.00469690160430542
2016-10-20,0.8130290784829216,0.5642839975350639
2016-10-21,0.3314708275490631,0.3212955951696035
2016-10-24,0.19979934182155606,0.1813575954431812
2016-10-25,-0.21100175203266805,-0.17764492811148724
2016-10-26,-1.112717961912252,-0.8511669522571985
2016-10-27,-0.9396551885604495,-0.7219187756339341
2016-10-28,0.09128242263014943,0.028860976783588538
2016-10-31,0.1638159847265835,0.13230625542740404
2016-11-01,-0.21231887668379948,-0.32350271796972796
2016-11-02,0.02355845022230842,-0.029324995994302955
2016-11-03,-0.6578285732288556,-0.5645603427904355
2016-11-04,0.6419413881295157,0.5608579063409835
2016-11-07,1.1605542912513644,1.1349858984975383
2016-11-08,-0.6917109666831106,-0.48413614301657315
2016-11-09,-1.8365016479487943,-1.5853297214503954
2016-11-10,-1.6406075901991877,-1.4404971169649508
2016-11-11,-0.3391662515114241,-0.26772257221234386
2016-11-14,-0.26364801725922266,-0.26112453212030545
2016-11-15,0.23754013919630954,0.3031707212905906
2016-11-16,-0.01579802088872308,-0.06539185977087729
2016-11-17,-0.12793251733381544,-0.0943266263350111
2016-11-18,-1.0010229949915155,-0.8325277850687242
2016-11-21,0.09723589706317971,0.14216023892653246
2016-11-22,0.24095222772694241,0.22782427597018506
2016-11-23,-0.5479964966488348,-0.48803815851326965
2016-11-24,0.10045466518396,0.0743701152056252
2016-11-25,-0.19960646550631292,-0.08959730774097414
2016-11-28,-0.7915347635167139,-0.965954269888155
2016-11-29,0.9867803812730637,0.7970356698040408
2016-11-30,0.33992753887112553,0.33713981485308786
2016-12-01,-0.06901964020540272,-0.10085383509461003
2016-12-02,-0.19755628967328556,-0.1758485401416229
2016-12-05,0.0813017616291856,0.21885445785706614
2016-12-06,0.3751344900237301,0.3615230798827706
2016-12-07,0.5724185192595078,0.4674013669500247
2016-12-08,0.9111676197062321,0.8317097165689619
2016-12-09,-0.5594151435236936,-0.38275271886786105
2016-12-12,-0.6270300767622383,-0.5564786496155326
2016-12-13,0.322379631995789,0.3218150815960292
2016-12-14,-0.04559123516064115,-0.044491556983303794
2016-12-15,0.569018243578564,0.4925117300088147
2016-12-16,0.2856627812386814,0.27604599569576016
2016-12-19,0.8668108959215176,0.7767246627823979
2016-12-20,0.6820097599044812,0.625768212319921
2016-12-21,0.3053730857529422,0.24239905122988353
2016-12-22,-0.005749893009099135,-0.037502031341149655
2016-12-23,-0.18534453582751834,-0.17699206161487366
2016-12-26,0.0,-0.003120292244722458
2016-12-27,-0.7124568834304315,-0.49836636400216555
2016-12-28,0.2208040413870698,0.04617925024170213
2016-12-29,-0.38462340424852,-0.4240943522589322
2016-12-30,-0.07912378597259997,-0.11343522468193926
2017-01-02,0.9724043103348656,1.0452007179222316
2017-01-03,0.11559362411602306,0.10721929168802295
2017-01-04,0.41162915587574544,0.36956274032736475
2017-01-05,0.010666382073345448,-0.10730685595033285
2017-01-06,0.8905907478318539,0.9840680179581816
2017-01-09,-0.4338225995328352,-0.5374613518530876
2017-01-10,0.539976652374735,0.5112985046448085
2017-01-11,0.6375327563286801,0.633139680295194
2017-01-12,-0.6398248953616926,-0.6517414371495969
2017-01-13,0.22282097530368805,0.36082097530368884
2017-01-16,0.1601526376270645,0.13569204302717525
2017-01-17,-1.3496101684018955,-1.5202785205834872
2017-01-18,1.345666671753631,1.2314345067670585
2017-01-19,-0.2355491266249722,-0.22687281656241773
2017-01-20,-0.002607194587741074,0.21462308342763278
2017-01-23,-0.8749170930304128,-0.9457902626816219
2017-01-24,1.6976695394484087,1.7879494104351354
2017-01-25,0.10001293301346946,0.5522275359602631
2017-01-26,0.2947700374042373,0.11049314401767815
2017-01-27,-0.743521365165399,-0.6732564077374047
2017-01-30,-0.4488867831246692,-0.5251080508251446
2017-01-31,-0.7157901487374414,-0.9154218401936738
2017-02-01,-0.9362939779782302,-0.754376535415707
2017-02-02,-0.6248404854164885,-0.6336826284562059
2017-02-03,0.7596389236431824,0.9345376205423783
2017-02-06,-1.38968830871198,-1.7519839315816808
2017-02-07,-0.9285483398438393,-0.9599543716405757
2017-02-08,-0.40071610879981023,-0.4427161087998238
2017-02-09,1.625208515166075,1.79320851516608
2017-02-10,-0.1610059420155697,-0.07300594201556711
2017-02-13,0.28857279539100117,0.374572795391003
2017-02-14,0.22761534500032057,0.32961534500031475
2017-02-15,-0.3175216100219407,-0.2168818603860009
2017-02-16,-0.1409808731102513,-0.32898087311024715
2017-02-17,-0.04030318260303211,-0.11939067852282935
2017-02-20,-0.5357796309037126,-0.5631357534500113
2017-02-21,0.4079084100739177,0.6963005604777318
2017-02-22,-0.8362699298182313,-0.7021584739682803
2017-02-23,-0.0767341156023922,-0.173734115602376
2017-02-24,-1.1550675430314286,-1.423189329013972
2017-02-27,0.873962730426307,0.9609087355541092
2017-02-28,-0.9082415642586362,-0.9136359936886559
2017-03-01,1.8494030712876146,2.2428215520602413
2017-03-02,0.0330770916288702,-0.018004798635240533
2017-03-03,1.2844909539255285,1.4633230075867873
2017-03-06,-0.3802313117976019,-0.42701338363600017
2017-03-07,0.14509391403196287,0.2924126968383431
2017-03-08,0.1755235152253995,0.23462739658438672
2017-03-09,1.129760716202964,1.1956195106510434
2017-03-10,0.7360826864235834,0.6278907136910981
2017-03-13,0.39952328872650655,0.5437908780515026
2017-03-14,-0.7980598581197766,-0.8469861004313695
2017-03-15,1.715678871158481,1.5306008453409612
2017-03-16,0.5616032333396842,0.7058847351097686
2017-03-17,0.5806574787199262,0.5394695264171081
2017-03-20,0.6618379619215217,0.43652537729259766
2017-03-21,-0.1644419838591328,-0.4820001668927736
2017-03-22,0.700273820767521,0.7395375671718379
2017-03-23,1.3094215103085314,1.441630531638428
2017-03-24,0.5481406488415493,0.6240172984156631
2017-03-27,0.032458683743859906,-0.18918747517794496
2017-03-28,0.5909182723444958,0.8237678314536959
2017-03-29,1.1703637826470996,1.3147381536989042
2017-03-30,0.5781972112655054,0.6880783324076722
2017-03-31,-0.13034589024661092,-0.21814062996979058
2017-04-03,-0.5728917737807432,-0.6660434641838188
2017-04-04,0.6112554692658826,0.6212554692658697
2017-04-05,-1.2406982497473875,-1.2866982497473984
2017-04-06,1.4317360115091189,1.508736011509123
2017-04-07,0.6872072639481601,0.8196512399310226
2017-04-10,-1.6835786666844803,-1.774578666684481
2017-04-11,-0.7295878448479995,-0.8015801733634749
2017-04-12,0.13617365744270066,0.3347688751230424
2017-04-13,-0.7279853744505675,-0.7809853744505686
2017-04-14,-0.045819167140898405,-0.04515937113406947
2017-04-17,0.9327500000001452,1.079750000000161
2017-04-18,-0.27899954223373064,-0.330999542233749
2017-04-19,-1.2049801894602585,-1.3304471964276632
2017-04-20,1.9100695164210675,2.0714835662900644
2017-04-21,0.28315926933187646,0.31258906555070143
2017-04-24,6.4680158262226515,7.151257247921909
2017-04-25,-0.33307379567425016,-0.32838873266294016
2017-04-26,-0.5856640038501095,-0.8126640038501116
2017-04-27,0.22745742511648137,0.3074430266073579
2017-04-28,1.0826015911104196,1.0776015911104102
2017-05-01,-1.2472499999998332,-1.2172499999998463
2017-05-02,1.2849002304103936,1.2467468257493046
2017-05-03,-0.5748071191927916,-0.4916508350372085
2017-05-04,0.8344527065765119,0.8694527065765087
2017-05-05,1.2923338558679394,1.2723338558679436
2017-05-08,-0.9806121900084692,-0.9556121900084492
2017-05-09,0.08854887485502516,0.1185488748550263
2017-05-10,0.07030574638065812,0.05030574638063369
2017-05-11,0.818922504425879,0.806508219463953
2017-05-12,0.541020804719496,0.49513465626663405
2017-05-15,1.180655681530895,1.2080188787003616
2017-05-16,0.9588426641781306,0.9488426641781113
2017-05-17,-4.186104615837957,-4.315835923609132
2017-05-18,1.0496145453959453,1.0521330236980864
2017-05-19,0.2235749473566434,0.31692902326516337
2017-05-22,0.038699905394543106,-0.0038785543450168005
2017-05-23,1.1913226814274998,1.3059590523248796
2017-05-24,0.8974434442519033,0.8437827787399033
2017-05-25,0.0768625335694293,0.06338544464118931
2017-05-26,-0.5623799956773007,-0.59067040028568
2017-05-29,0.01959155464174615,0.004239443302167024
2017-05-30,-0.030865714344258884,-0.09279123276347122
2017-05-31,-0.07818903095425275,-0.028440965652833335
2017-06-01,0.9107345180662832,0.9107345180662832
2017-06-02,0.5080409538458601,0.6922285690326591
2017-06-05,0.7906313638685759,0.7906313638685759
2017-06-06,-0.8300386718360228,-0.8300386718360228
2017-06-07,-0.8349916615931057,-0.8324400353431017
2017-06-08,1.0353665499653746,1.037286018411467
2017-06-09,-0.16001024794665913,-0.075010247946654
2017-06-12,0.7903457294013362,0.5725618305825481
2017-06-13,0.6963548390158185,0.934835395811189
2017-06-14,1.5940527343741773,1.5552649941507268
2017-06-15,-2.2205659113325176,-2.4126690950791776
2017-06-16,1.3340255908955283,1.4981183586108875
2017-06-19,1.7211265339554134,1.8603866939510776
2017-06-20,-1.538741416018005,-1.6842990998417955
2017-06-21,-0.35352401252724613,-0.3971623296353864
2017-06-22,1.2918579850192593,1.35539110660508
2017-06-23,1.402930786132678,1.4590913619994181
2017-06-26,1.424234283445352,1.5858249664285518
2017-06-27,-2.469521786215199,-2.7257726449992585
2017-06-28,1.4259919013997262,1.6095527469069963
2017-06-29,-3.975748445025335,-4.077748445025336
2017-06-30,-2.966720718213409,-3.0337020809798143
2017-07-03,-0.6293898763315418,-0.6753898763315614
2017-07-04,0.06902888298020012,0.08502888298022025
2017-07-05,-1.1323563861857928,-1.200356386185812
2017-07-06,-1.1604349060106423,-1.1204349060106427
2017-07-07,1.5368048400853347,1.6322373354870587
2017-07-10,0.8712324022902661,0.8846914062511341
2017-07-11,0.045261718749834916,0.02026171874981502
2017-07-12,4.074373159412003,4.372314556125767
2017-07-13,2.628162514647347,2.796388701170649
2017-07-14,0.5124826786338945,0.5353495278083522
2017-07-17,0.1585858998463732,0.033267104236421007
2017-07-18,0.615154975892464,0.27164239502108367
2017-07-19,-0.6758465303749821,-0.5154587778421815
2017-07-20,0.02733651542694972,-0.04705449485753031
2017-07-21,-0.7563587989838347,-1.0331153183020518
2017-07-24,-0.13831963157656527,-0.06350708205538341
2017-07-25,-0.29040028572057297,-0.11540028572057004
2017-07-26,2.07678444212131,1.9267844421213027
2017-07-27,-1.3172872312065478,-1.2360372312065473
2017-07-28,-0.67812022280617,-0.72187022280619
2017-07-31,-0.49953140187283557,-0.5345314018728118
2017-08-01,1.6505098152146236,1.2942598152146034
2017-08-02,-0.3480370101932178,-0.23678701019321727
2017-08-03,0.23541976356576877,0.0629197635657676
2017-08-04,-0.6433001341812716,-0.445459961392939
2017-08-07,-0.38504948243597603,-0.40753948243594956
2017-08-08,0.5530471992872761,0.6092871992872502
2017-08-09,-1.0439190770960285,-1.153919077096025
2017-08-10,-1.1592534096280167,-1.3217534096279941
2017-08-11,0.7100605632900442,0.613810563290038
2017-08-14,1.5692872577585026,1.6942872577585082
2017-08-15,0.8205552985145204,1.0233074281171453
2017-08-16,2.177455723341271,1.9521273955698801
2017-08-17,-2.69736674261917,-2.6073493919446498
2017-08-18,1.4180419084735312,1.410238504142211
2017-08-21,0.9033225674626706,0.9482880927674638
2017-08-22,0.8305297732323954,0.7650132942175955
2017-08-23,0.5007249386608434,0.4818700436562324
2017-08-24,-0.6058201293947376,-0.4783201293947217
2017-08-25,1.3500241937637578,1.2000241937637426
2017-08-28,-1.397448981762433,-1.3372475509393371
2017-08-29,0.3783586174910946,0.3233665552254255
2017-08-30,1.702360080718709,1.6709140532177704
2017-08-31,-2.6195335258716947,-2.8288650821654118
2017-09-01,0.7292495825884585,0.6892495825884589
2017-09-04,-0.7904149181839668,-0.749414918183987
2017-09-05,0.06815201187300973,0.07115201187300862
2017-09-06,0.17608126272459038,0.1100812627245911
2017-09-07,2.8493573493944426,2.7733573493944426
2017-09-08,-0.8569440002432249,-0.8349440002432249
2017-09-11,0.18945492553730017,0.1574549255373001
2017-09-12,0.5357694206237787,0.5677694206237787
2017-09-13,-0.26274790551313915,-0.25474790551313947
2017-09-14,0.2614433020651529,0.20726268839368372
2017-09-15,-0.28336949181566656,-0.2773694918156848
2017-09-18,0.16330301952158544,0.2476280758745574
2017-09-19,0.22668630034062126,0.2952290201188903
2017-09-20,-0.12075020313207638,-0.12790082934479022
2017-09-21,-0.6429898866852718,-0.5329898866852865
2017-09-22,0.32329496952566505,0.31974304287780975
2017-09-25,-1.1110347735893635,-1.151034773589384
2017-09-26,-0.02596402669006875,-0.07846402669003351
2017-09-27,-2.1211838805493577,-2.060161126348359
2017-09-28,0.6960847431897803,0.8639783113957723
2017-09-29,-1.146598126345443,-1.0771834480538827
2017-10-02,1.1674350799221795,1.1775193920138636
2017-10-03,0.9262081027030897,0.84124801368578
2017-10-04,-0.4978104013101063,-0.6830844381567586
2017-10-05,-1.3485221099865805,-1.2570426688714904
2017-10-06,-0.656178262710585,-0.5177883808107501
2017-10-09,-1.2798138670729444,-1.1775122508789935
2017-10-10,-0.2108213859749128,-0.04576128196721361
2017-10-11,1.4217885570524722,1.3018650134317886
2017-10-12,-0.9792621174142567,-1.0429931035326596
2017-10-13,-0.5790669326397372,-0.6656014928432588
2017-10-16,0.024609901428643614,0.11848408580971034
2017-10-17,1.0816008943891902,1.2638450264453833
2017-10-18,0.9595484696610346,0.7575837745667092
2017-10-19,-0.2830727157602501,-0.26507271576026736
2017-10-20,-0.9034191901674953,-0.6764191901674724
2017-10-23,-0.29793975395818434,-0.23557061687122777
2017-10-24,-1.4074102582915682,-1.3533537046909032
2017-10-25,-0.23175417733144305,-0.19575417733150888
2017-10-26,0.7373625796527087,0.8123851944346588
2017-10-27,1.2330250759105017,1.1769579243131718
2017-10-30,-0.07695626054199127,-0.02897780037545758
2017-10-31,1.5703760032636949,1.3803760032636916
2017-11-01,0.9754817247393345,0.9884817247393276
2017-11-02,-0.6925362663279521,-0.8769317137534347
2017-11-03,-0.7172361459740001,-0.5808833751688014
2017-11-06,1.0906812872251452,0.9133600034712761
2017-11-07,-1.0197176067782694,-1.1094243347595396
2017-11-08,0.2468670082096884,0.21622658300442935
2017-11-09,-1.6847573366533928,-1.929628497547998
2017-11-10,-0.07938886039531196,0.13514314726153742
2017-11-13,0.09399653816139641,0.06299653816139483
2017-11-14,-0.1415299868576125,-0.001529986857573749
2017-11-15,-0.8156078839534003,-0.9266543755566451
2017-11-16,1.9330958786046704,1.8250958786046916
2017-11-17,-0.5255598273748942,-0.6109721811186131
2017-11-20,0.43115791320656394,0.42515791320656315
2017-11-21,1.5905880775488066,1.6485880775487904
2017-11-22,-0.11957253568530682,-0.19057253568524862
2017-11-23,0.49582348060610937,0.3418234806060705
2017-11-24,0.7597833824158928,0.7707833824159284
2017-11-27,-0.4643329079344449,-0.502332907934454
2017-11-28,2.3853752213480233,2.4363752213480434
2017-11-29,0.03721552085844244,0.19277885494211647
2017-11-30,-2.0379659589092234,-1.8532228816313834
2017-12-01,-2.3367544865566345,-2.1400993118313054
2017-12-04,0.5921311531060515,0.5637180863484546
2017-12-05,0.6414771280700546,0.6994771280699764
2017-12-06,-0.7943558089990762,-0.8323558089990595
2017-12-07,0.7599879646281972,0.8209879646282481
2017-12-08,0.6276211624130319,0.6116211624130521
2017-12-11,-0.18873622115375827,-0.13973622115384923
2017-12-12,0.3969816362662101,0.49098163626628766
2017-12-13,-0.45348806642992256,-0.470488066429968
2017-12-14,-0.9785126805321395,-1.0618955187589438
2017-12-15,1.0909079275121703,1.1589079275121517
2017-12-18,1.4005592951224515,1.3929281010675123
2017-12-19,-1.3483645105357414,-1.2747338055004944
2017-12-20,-1.6378734092721858,-1.5618734092722117
2017-12-21,-0.5383182797414658,-0.4403182797414162
2017-12-22,-1.1158628985487615,-0.962862898548838
2017-12-25,-0.003355502854878119,-0.003355502854878119
2017-12-26,-0.8955000000000375,-0.9264999999999829
2017-12-27,0.7609415145017348,0.556501579523283
2017-12-28,-1.0227957527743896,-1.009622965937577
2017-12-29,0.6734718015301946,0.6474518015302055
2018-01-01,0.0,0.0
2018-01-02,0.5479213919521979,0.47994139195218755
2018-01-03,1.6512886417030377,1.5902686417030412
2018-01-04,1.0578548769944054,1.073048490700625
2018-01-05,1.2609474508772935,1.254947450877314
2018-01-08,0.7749522099494652,0.8337141210939073
2018-01-09,-0.44658361434931126,-0.37858361434935894
2018-01-10,-0.7454940586088431,-0.6854940586088407
2018-01-11,0.3163876332019769,0.21091647927306023
2018-01-12,1.2809214870885015,1.1803607419249789
2018-01-15,1.0548149604792867,0.8008149604792868
2018-01-16,-0.12432023080004098,-0.11824728157277642
2018-01-17,0.7990813940673787,0.6111996151112951
2018-01-18,-0.9380521011652603,-1.0968961286545134
2018-01-19,-0.4397583497631803,-0.3133458726647117
2018-01-22,0.5484719986899281,0.678471998689974
2018-01-23,0.37528680497340927,0.3093168049733785
2018-01-24,0.9563599248138409,0.9201198822378593
2018-01-25,-2.7745509321585526,-2.9849111651982474
2018-01-26,0.4202477751652233,0.6308849522948436
2018-01-29,-1.252677379134162,-1.2160156478913513
2018-01-30,-2.610834408288268,-2.6313130154664988
2018-01-31,0.6583664842257289,0.7029231851924934
2018-02-01,1.3035903840245555,1.0876190157303967
2018-02-02,-2.9683740902064017,-3.111682361616016
2018-02-05,-6.878941868573098,-7.602611341251442
2018-02-06,0.7177319216404049,0.6610075694000905
2018-02-07,-1.2074629187345456,-1.2965676071046397
2018-02-08,-1.296952429562344,-1.2593099902997655
2018-02-09,-0.3128300054084594,-0.4695261931429818
2018-02-12,0.6702308551944847,0.7035391898151855
2018-02-13,-0.7538916711821498,-0.6768641074767364
2018-02-14,2.2588045160740338,2.3372696843119014
2018-02-15,0.12956658141103128,0.04980674133256223
2018-02-16,0.304691138764908,0.2413806944914288
2018-02-19,-0.13911901855487782,-0.12918951797503764
2018-02-20,-1.094944270494489,-0.9984148884206123
2018-02-21,0.40335324287401775,0.5784191131590709
2018-02-22,0.9540212826720517,0.7174174337334435
2018-02-23,0.24228005743218864,0.09436942506018403
2018-02-26,-0.27592982673499467,-0.2529615030274964
2018-02-27,-1.3348114700302542,-1.0355491752610564
2018-02-28,-0.7654340934562814,-0.8190759007549482
2018-03-01,-1.6889952526283618,-1.803432160654106
2018-03-02,-1.5371341314317764,-1.2992274248601614
2018-03-05,1.4876984017423334,1.4497771170667155
2018-03-06,0.49010787153241725,0.46766180729859946
2018-03-07,-0.3571129722595333,-0.3024365868568519
2018-03-08,-0.31532036493315085,-0.30147054405870133
2018-03-09,1.7606903066532718,1.6173936905481159
2018-03-12,0.3753870277404585,0.31765371459833525
2018-03-13,-1.5930058569908272,-1.4640991504192284
2018-03-14,-0.199584289100307,-0.20911099788493448
2018-03-15,0.2354975065996189,0.15009098561879325
2018-03-16,2.353897972139015,1.9208604778485134
2018-03-19,-0.8112940826037751,-0.7847565810682446
2018-03-20,0.7611202774047816,0.7586193921514238
2018-03-21,1.6100083546421189,1.7041246218681465
2018-03-22,-2.3673836297612287,-2.3804672555923956
2018-03-23,-1.3873156175613515,-1.3448101760194908
2018-03-26,1.852873929977434,1.742594773769391
2018-03-27,-0.7315896730421405,-0.626907811847083
2018-03-28,1.619313502918949,1.2463346646214515
2018-03-29,1.3001924438475148,1.0603702774046386
2018-03-30,-3.33,-2.96
2018-04-02,-0.473870396338837,-0.5062469308925166
2018-04-03,0.5716615999998234,0.6853800399998257
2018-04-04,0.819440181004406,0.8447062810044119
2018-04-05,0.9227658800001948,0.62451418000019
2018-04-06,-2.1531594000001903,-2.036404300000188
2018-04-09,0.36170600000000075,0.18163550923933286
2018-04-10,0.8263097600000073,0.7311214419918927
2018-04-11,-0.21521560000001183,-0.07465092000001726
2018-04-12,1.1012603563016201,0.9430495369073162
2018-04-13,1.5263388000000024,1.407676604813453
2018-04-16,0.556160016723065,0.5963790482154718
2018-04-17,0.724917019285978,0.4101240620388751
2018-04-18,0.373998590000245,0.292279480000267
2018-04-19,-2.8884852916494586,-2.9482892116494814
2018-04-20,0.2835129604084288,0.13723232081687242
2018-04-23,-2.1575733949700675,-2.265008237851112
2018-04-24,0.00920546074293865,0.046831988098912196
2018-04-25,-0.15688303999982653,-0.056747399999834545
2018-04-26,0.43557755702029277,0.41537281487754324
2018-04-27,0.35846212593051874,0.4270344813887232
2018-04-30,-0.2867025257913619,-0.29329094967347086
2018-05-01,-1.0040000000001899,-1.012210985669093
2018-05-02,-0.6903054642582405,-0.6242757999998146
2018-05-03,0.17029324000002494,0.11306157251710698
2018-05-04,-0.8433059874523279,-0.8237982923656569
2018-05-07,-0.5597273830812552,-0.580349457323481
2018-05-08,0.02108317194936005,0.0384561319493768
2018-05-09,-0.04884221008916501,0.09007083847455402
2018-05-10,1.282656931935799,1.2508349900001539
2018-05-11,0.49708636907711534,0.31501543592311915
2018-05-14,-0.3290884394569089,-0.27408843945690664
2018-05-15,-0.504496019999887,-0.2944960199998915
2018-05-16,0.20476188019877858,0.3120223214072925
2018-05-17,0.14389038765521797,0.11284201134782444
2018-05-18,-2.2182115226835823,-2.1952747407000164
2018-05-21,0.7050643200000988,0.6750643200000987
2018-05-22,0.8738439999999007,0.8225939999999007
2018-05-23,-1.425431793100526,-1.6891817931005306
2018-05-24,-0.700960599999967,-0.735776446529042
2018-05-25,-0.0222709199998877,-0.47727091999988314
2018-05-28,-2.4743706876636247,-2.2764472582033877
2018-05-29,-2.89597635070524,-3.264807789177028
2018-05-30,2.815932360791229,2.352618160791227
2018-05-31,-0.8476563589611235,-0.7061648014967538
2018-06-01,2.4086265433646052,2.1534347200000417
2018-06-04,0.3695762119121758,0.35991331786821923
2018-06-05,-0.9093203999999816,-0.8880754399999653
2018-06-06,0.023350539107807048,0.07335053910780705
2018-06-07,0.7345889999999828,0.6891904999999573
2018-06-08,-0.10891889000008123,-0.1487507120530107
2018-06-11,0.2105483938616311,0.25182589000006095
2018-06-12,0.8593699999999291,0.6399694245021509
2018-06-13,-0.41359465282729696,-0.2883724285011434
2018-06-14,1.0705677999999184,1.0366863199998797
2018-06-15,2.2196015210487063,2.0169287630243047
2018-06-18,-1.1102515999999991,-0.9377104800000016
2018-06-19,0.8608765999999946,0.5903176999999883
2018-06-20,-0.5746605599999891,-0.3496605599999644
2018-06-21,-0.1811329600000136,0.1219570399999543
2018-06-22,0.767337520000002,0.2155031400000114
2018-06-25,-1.4341657999999933,-1.1977254866250533
2018-06-26,0.7846974966541123,0.777537600000005
2018-06-27,-1.5766274292355011,-1.4217377700000273
2018-06-28,1.214045179999987,0.7482799399999622
2018-06-29,0.3627731199999953,0.524564370794394
2018-07-02,-0.7356928981185777,-0.6435844322097787
2018-07-03,3.029361763818921,2.8662670000000383
2018-07-04,0.5643282799999809,0.3870155799999395
2018-07-05,0.1121070400000071,0.09034599686581532
2018-07-06,-0.28537680000000265,-0.3323598000000072
2018-07-09,0.1072201600000046,0.1478194400000064
2018-07-10,1.5533318954105095,1.5094117999999976
2018-07-11,0.3511479999999997,0.16772951530461916
2018-07-12,1.0449261599999966,1.0829103799999804
2018-07-13,0.7474868299620098,0.5637363774777279
2018-07-16,0.4889061580273452,0.6249062756821528
2018-07-17,-1.2100545579251698,-1.2888813672385662
2018-07-18,-0.13625335662207022,-0.045564076622052994
2018-07-19,-0.49609635000001323,-0.7272581624859373
2018-07-20,-1.9908072087666446,-1.718242599999976
2018-07-23,0.014880238212827801,0.1805459944562908
2018-07-24,1.0433673171779154,1.1845985200000078
2018-07-25,0.8789464200000107,0.7995160438483341
2018-07-26,-2.0289240744088706,-1.888857299999968
2018-07-27,0.1712715877982179,0.07341664987715028
2018-07-30,0.16511807999998643,0.16782266823644795
2018-07-31,-0.8010152307065016,-0.8971035007065189
2018-08-01,-0.7344395068304743,-0.4052603599999625
2018-08-02,0.3722438556619663,0.359027793011999
2018-08-03,0.001000000000005275,-0.18139116047834697
2018-08-06,0.6164680115741655,0.5003382600000152
2018-08-07,0.45579671647647535,0.3772980000000175
2018-08-08,-0.20827924000001963,-0.07931439449554073
2018-08-09,-0.5464272399999976,-0.6864860137884905
2018-08-10,-0.011484402752995155,-0.2916880921908258
2018-08-13,-2.289079298123985,-2.2580442862579204
2018-08-14,0.8173881810081498,0.9102371489699463
2018-08-15,-2.482304719999986,-2.3285274213773106
2018-08-16,0.161176007086259,-0.0012140160338242473
2018-08-17,0.31396400000000746,0.33165250000000746
2018-08-20,0.9359698399999826,0.7254780799999728
2018-08-21,0.7450998278859429,0.7512392718289161
2018-08-22,1.8120228754849028,1.7617062000000034
2018-08-23,-0.4069500799999904,-0.35570007999998043
2018-08-24,1.6996715999999963,1.6523255200000058
2018-08-27,1.1424895999999964,1.2238047999999966
2018-08-28,-1.931309599999994,-1.6526363999999922
2018-08-29,1.4275383399999912,1.4822164061563186
2018-08-30,-2.1718019268128717,-2.127426720000012
2018-08-31,-0.279929299999994,-0.3678137291430117
2018-09-03,-1.3614073000000007,-1.374154964077681
2018-09-04,-0.04750000000000966,0.03499999999997101
2018-09-05,-2.6367844399999845,-2.416069659999973
2018-09-06,0.865580545952113,0.7560838329760416
2018-09-07,-0.8235750000000053,-0.3942848871449714
2018-09-10,0.3977609581147969,0.30211448000000585
2018-09-11,-0.3310838399999955,-0.1361866471259682
2018-09-12,0.7581364296530867,0.7291533500000136
2018-09-13,4.826483017868033,4.550649693073294
2018-09-14,0.601902240000006,0.7124270299999955
2018-09-17,0.14129231999999567,0.05178239999998534
2018-09-18,0.33193271999999446,0.5296810399999952
2018-09-19,1.3286403399999946,1.4276475199999905
2018-09-20,0.07400241832735208,0.049503524885754734
2018-09-21,-2.2071985599999966,-2.1601604648784187
2018-09-24,-0.22891526173372354,-0.21567765713421352
2018-09-25,-0.6974331648444394,-0.5325527399999657
2018-09-26,-0.39717850920784586,-0.491178509207866
2018-09-27,0.6975797627292969,0.5295873152960606
2018-09-28,1.031054600000022,1.052700263097739
2018-10-01,0.4696486178939253,0.4099112178939125
2018-10-02,-1.6795899278927857,-1.7084199280651877
2018-10-03,-2.312283669999989,-1.8330572099999896
2018-10-04,-0.5784488135240717,-0.03278589352407126
2018-10-05,0.9161448600000149,0.6090840031667499
2018-10-08,-0.34369040000000217,-0.3494054704106444
2018-10-09,0.29105669999998507,0.30795102999997653
2018-10-10,-0.815934399999987,-0.7176116109917027
2018-10-11,-1.9804181757459645,-1.8490085346155216
2018-10-12,-0.3965474893531035,-0.6471826866777417
2018-10-15,-0.9046779299776248,-0.8522934229175211
2018-10-16,0.18654693785852233,0.16949611892923835
2018-10-17,-0.07486696597280668,0.09714770843723473
2018-10-18,-0.48059967999997716,-0.6320867199999715
2018-10-19,-0.39628181107080035,-0.22146132754965525
2018-10-22,-0.583898911003628,-0.6424351406899728
2018-10-23,-0.47751710000003367,-0.5927855629340926
2018-10-24,0.2100000000000119,-0.03624999999998011
2018-10-25,0.3655508399999928,0.233150719999987
2018-10-26,-0.7840528199999687,-1.2430191199999514
2018-10-29,-3.364754080000014,-3.3311425251891467
2018-10-30,0.44884754293514645,0.7173797937613378
2018-10-31,0.3331061754507396,0.6137133000000531
2018-11-01,-0.11685735999999387,0.021177920000006772
2018-11-02,-0.25226042000002535,0.20252753999995896
2018-11-05,-0.12136407999998466,-0.14336575999997583
2018-11-06,0.20941857999998512,0.2290272599999762
2018-11-07,0.8400509200000095,1.1518546800000187
2018-11-08,-0.42427311999991685,-0.5909768799999147
2018-11-09,0.3980217999999041,0.11119483328777638
2018-11-12,-0.6001969154208878,-0.670666168031875
2018-11-13,0.5764603199999996,0.5333945599999996
2018-11-14,-0.9378017199999927,-1.247207139999988
2018-11-15,0.2937456118208834,0.3155941094279823
2018-11-16,0.6218639999999737,-0.031176000000043454
2018-11-19,-0.12761388397393916,-0.03745776794788857
2018-11-20,-0.42328043999999926,-1.1002002016240264
2018-11-21,0.30198545999999876,0.6694230800000001
2018-11-22,-0.20114956203196427,-0.3716787199999562
2018-11-23,0.28673995999993823,0.25220567999993704
2018-11-26,0.30356036001537295,0.2746858800000149
2018-11-27,0.26790639999999827,0.678773994410976
2018-11-28,0.35100000000000203,0.5874180000000067
2018-11-29,-0.9396615038451157,-1.2509647600000042
2018-11-30,-1.1408886799999958,-1.1080474399999936
2018-12-03,0.47965636302108994,0.43373973958234946
2018-12-04,-0.4172068400000065,-0.6985058000000066
2018-12-05,-0.25396417981735003,-0.23393209999999387
2018-12-06,-0.004924510307887829,-0.5151581395096199
2018-12-07,0.16622359999999745,-0.24292564409526937
2018-12-10,-0.4366872999999992,-0.36555339999999903
2018-12-11,-0.24043606393186245,-0.2952271395213468
2018-12-12,-0.16702406331002628,0.6126520934931587
2018-12-13,0.012343000000003303,-0.1876569999999968
2018-12-14,0.23442383999999616,0.285360159999995
2018-12-17,0.2944321500000042,0.26976805925756187
2018-12-18,0.1500812899999954,0.05896997428257474
2018-12-19,-0.020690702632115376,-0.1675802799999952
2018-12-20,0.33846999999999405,0.41631545290715805
2018-12-21,0.7098467344646887,0.6035966018926601
2018-12-24,-0.07943403371564701,-0.06450000000000196
2018-12-25,0.18382680170990398,0.28156647314507594
2018-12-26,0.3940000000000076,0.4720000000000065
2018-12-27,-0.06002596833853007,0.29795770000000993
2018-12-28,0.23714072245087925,0.26683798680089016
2018-12-31,0.009935539267008412,-0.014408381207543654
2019-01-01,0.3175000000000032,0.3715000000000031
2019-01-02,1.113491371213203,1.111072351213205
2019-01-03,0.4847678622582641,0.4851007236750312
2019-01-04,-1.3393092345587563,-0.590268358018549
2019-01-07,-0.3657621178420047,-0.3294359800000332
2019-01-08,-0.5481602110948363,-0.46219840416539965
2019-01-09,0.5930856000000325,0.8407448601847626
2019-01-10,0.5209574568802025,0.6582994200000072
2019-01-11,0.745009739999998,0.6770375420117939
2019-01-14,0.6431441031824199,0.9817727064643595
2019-01-15,-0.5612803000000633,-0.3552803000000464
2019-01-16,1.5952159308757359,1.6276190016398053
2019-01-17,-0.8331675200000005,-1.0678344000000004
2019-01-18,-2.0058338530702784,-1.7611015999999924
2019-01-21,-0.10196428099123796,-0.27990373688222075
2019-01-22,0.03396864781319466,0.02665872000001459
2019-01-23,0.9271708499999869,1.2051280056528164
2019-01-24,0.3491048000000273,0.4262328000000245
2019-01-25,-0.07298171018309763,0.156113769999984
2019-01-28,-0.2949858699999923,-0.36240873081098085
2019-01-29,0.09851309999996695,-0.04548690000002247
2019-01-30,0.5600711599999975,0.5215805199999952
2019-01-31,0.14267039965124412,0.21470402563905935
2019-02-01,-0.10853169985434756,-0.12085871999998914
2019-02-04,-0.09100760000003864,-0.09744415000002898
2019-02-05,0.8052104073435284,0.9578242206658972
2019-02-06,-0.4103848199999786,-0.5231348199999781
2019-02-07,0.0838903436702814,0.3124535891336385
2019-02-08,0.46323483999996634,0.38828449999997716
2019-02-11,-1.2856462000000077,-1.9271614306443274
2019-02-12,0.1459007000000526,0.22631343362329356
2019-02-13,-1.5096319200000206,-1.3639050800000196
2019-02-14,1.0386577038521818,1.2946534638521814
2019-02-15,0.7127082593264887,0.5500730158632401
2019-02-18,-0.06162669999999429,-0.03413902999999387
2019-02-19,0.8994187999999498,1.0168999332065738
2019-02-20,-0.07353016565927353,-0.10715460000002472
2019-02-21,-0.8293106082850791,-0.9747937182850784
2019-02-22,0.4126835200000047,0.6836504162570798
2019-02-25,0.875210137414413,0.9150504000000097
2019-02-26,0.6402664539435304,0.5403498239435314
2019-02-27,0.565216113778701,0.34778720949272135
2019-02-28,-0.4458471656665993,-0.6936127462994192
2019-03-01,-0.7542546012676831,-0.8269640556775629
2019-03-04,-0.08201189402503477,0.0425778059749559
2019-03-05,0.5856516818566379,0.5533163616112721
2019-03-06,-0.8440293343394271,-0.8575238748478321
2019-03-07,-1.0099366216938677,-1.026748061693868
2019-03-08,1.323956433853604,1.2891120538535967
2019-03-11,0.7968257599999662,0.8835836799999718
2019-03-12,1.8650372799999786,1.6938134124940554
2019-03-13,-0.3411148699616281,-0.19374312000000427
2019-03-14,0.8226158400000085,0.04978942000000934
2019-03-15,1.4905653358974043,0.8770751427763438
2019-03-18,0.8213079599999817,0.9470533799999878
2019-03-19,1.3233737016938116,1.1082531416938017
2019-03-20,0.9103470678917993,1.246283650138347
2019-03-21,-1.352344719999992,-1.377069939999992
2019-03-22,-3.16641680000001,-3.0078590500000093
2019-03-25,0.964117958711123,1.0133304887111236
2019-03-26,-0.1880652799997609,-0.28133863045710344
2019-03-27,-0.505589864159239,-0.7520363000002693
2019-03-28,0.9303728000000389,0.8936012723959824
2019-03-29,2.5398093966675024,2.357622719999984
2019-04-01,1.5311040216868514,1.3972108216868482
2019-04-02,-0.8320488084735042,-0.9084432000000285
2019-04-03,0.031188000000000875,-0.06217399999999889
2019-04-04,0.45885560000002334,0.49036720000002326
2019-04-05,0.659913199999989,0.7054798223845024
2019-04-08,0.5933643999999927,0.6428651497387219
2019-04-09,-0.42448460891598633,-0.3919776000000025
2019-04-10,1.3725407999999806,1.4142475999999802
2019-04-11,0.9982304879678668,0.9829084000000251
2019-04-12,0.02003842384910543,-0.033013305213812454
2019-04-15,-0.2858479999999948,-0.34084799999999355
2019-04-16,0.3387486574898769,0.3132726533053624
2019-04-17,1.1538868348477982,1.1865779491108512
2019-04-18,0.6017850627207612,0.5818338648211323
2019-04-19,0.8467500000000145,0.9087456722995465
2019-04-22,-0.5061692370574035,-0.5637500000000147
2019-04-23,0.8042999171394224,0.6958255815055425
2019-04-24,-1.3394947692075687,-1.4060080000000064
2019-04-25,1.301929425619763,1.4336991999999997
2019-04-26,-0.10211279999998206,-0.09470879999998279
2019-04-29,-1.0598904512179623,-1.0865693328736263
2019-04-30,1.3475408572688197,1.4240636000000053
2019-05-01,-0.9705000000000417,-1.0415000000000427
2019-05-02,-2.294427199999713,-2.419427199999692
2019-05-03,3.6242387999996986,3.7862387999996785
2019-05-06,-0.13799296931286598,-0.11342999999996228
2019-05-07,-1.0843752000000066,-1.125375200000007
2019-05-08,-3.3016183887330346,-2.9955560351787374
2019-05-09,-0.5607711999999516,-0.3691857875876235
2019-05-10,3.93997779802315,4.10273000000001
2019-05-13,-1.599910000000024,-1.6593729250998386
2019-05-14,-1.3698924986751955,-1.3279509778509895
2019-05-15,-0.5076199643550771,-0.4345681586799586
2019-05-16,1.154199053986589,1.1245960930416863
2019-05-17,-2.7513956372697645,-2.767972348885887
2019-05-20,0.2811589999999945,0.3301438639902408
2019-05-21,-0.5432679999999729,-0.5818048952541733
2019-05-22,0.08948582427232116,0.2282130000000367
2019-05-23,-1.9075153640206783,-1.9750719999999944
2019-05-24,1.6971115999999165,1.9252543999999165
2019-05-27,-2.508106600000003,-2.8616160865962494
2019-05-28,-1.3557024701269453,-1.3390842350633032
2019-05-29,-2.2522438000000555,-2.813542200000056
2019-05-30,1.4468466310239327,1.9460150708032522
2019-05-31,-3.4749464000000163,-3.9487826149643914
2019-06-03,-0.6871612060607659,-0.5917432334979655
2019-06-04,1.625161845707664,1.9624428238969915
2019-06-05,0.12246149297244985,0.5151648000000255
2019-06-06,0.627686800000037,0.7884460262532351
2019-06-07,2.6535607004950337,2.7709960202353927
2019-06-10,0.611277077065305,0.5913000385326532
2019-06-11,0.2845951077940441,0.43362830779404427
2019-06-12,-0.9995180272109487,-1.0147316000000604
2019-06-13,0.4552592000000489,0.5248228676087614
2019-06-14,-0.7365332362836592,-0.7593737093490771
2019-06-17,0.05057333580290598,0.047911999999939
2019-06-18,2.365945054590899,2.8965312396658116
2019-06-19,0.9963919886392034,1.0184861349649352
2019-06-20,1.6681234225324961,1.6789668513509455
2019-06-21,-2.061309536467488,-2.0345903999999595
2019-06-24,-0.10850000000015839,-0.06831055249857858
2019-06-25,-0.06325139999997495,-0.06552479999997467
2019-06-26,-0.4685939999999771,-0.48223679999997693
2019-06-27,0.27833399999994973,0.28970399999994934
2019-06-28,1.4601046732467735,1.4687000000000796
2019-07-01,1.4254210934217129,1.4174770934217134
2019-07-02,2.163158433555791,2.144837054150546
2019-07-03,1.0771546574919604,1.226242000000148
2019-07-04,0.11755202646279295,0.14189700000004182
2019-07-05,-2.7683936145313153,-2.8507304145312964
2019-07-08,0.7771500000001965,0.7270415641625136
2019-07-09,-1.7834039999999585,-1.8282359999999584
2019-07-10,0.11499200000001565,0.08348920000001565
2019-07-11,-0.09499732746901864,-0.1400133274690187
2019-07-12,-1.122626000000136,-1.1361512000001361
2019-07-15,0.06978008463497364,0.1315864720434058
2019-07-16,0.7944353417814004,0.8474585340593122
2019-07-17,-0.41381680000021864,-0.6692760000001988
2019-07-18,1.0976220000001926,0.9764708000001733
2019-07-19,-0.30388400000000093,-0.37063760000000084
2019-07-22,0.31112400000003765,0.4470783616730491
2019-07-23,0.4650656953120018,0.9022632953120019
2019-07-24,0.9687457999999586,0.9395994984236594
2019-07-25,-0.0925859999999585,-0.17730319999995853
2019-07-26,0.9689365437433318,1.017895343743332
2019-07-29,-0.039848000000230345,-0.022017600000230345
2019-07-30,-1.819689975786292,-2.1103531248086855
2019-07-31,-0.26504400000023753,-0.2121015576844167
2019-08-01,0.8939620000002404,0.9339620000002207
2019-08-02,-1.9247001093289373,-1.6744676919949597
2019-08-05,-4.516460162803715,-4.266772814252426
2019-08-06,-0.08225840347927207,-0.3547994996380891
2019-08-07,-0.08665359999978742,-0.05273519999980763
2019-08-08,2.8484356849589854,2.7058988319729855
2019-08-09,-2.330284200589728,-2.4302575095311107
2019-08-12,-0.8619878869990754,-0.7684588587487766
2019-08-13,3.642230374998297,3.5995900000001604
2019-08-14,-2.7201216306053744,-2.53233322272555
2019-08-15,1.6286051382851665,1.581838258941223
2019-08-16,0.9569804374585993,0.9018344171935486
2019-08-19,0.0014819465070705536,-0.04504565349292961
2019-08-20,0.0943150507991664,0.09510458528862496
2019-08-21,1.1422781713588326,1.1002781713588339
2019-08-22,-1.007130599999804,-0.941130599999824
2019-08-23,0.282151837936139,0.38015183793613844
2019-08-26,0.45669079999987655,0.414690799999897
2019-08-27,-1.1759251999999318,-1.1499251999999518
2019-08-28,0.1523220703458255,0.23032207034584526
2019-08-29,0.442929264987929,0.4329292649879093
2019-08-30,0.23041000000003642,0.21641000000003632
2019-09-02,-0.008265200000148559,-0.006265200000128505
2019-09-03,0.09302360000014201,0.019023600000122175
2019-09-04,3.028852999999919,2.886852999999938
2019-09-05,0.0009381293968081343,0.006938129396789126
2019-09-06,0.6264155999998459,0.534415599999865
2019-09-09,-0.6525555999998506,-0.6465555999998696
2019-09-10,0.06050183064721409,0.0177126602436447
2019-09-11,-1.3809570286353632,-1.4349279999999514
2019-09-12,0.6734136292934529,0.5919354000001101
2019-09-13,-2.659661933297187,-2.666993878060111
2019-09-16,-0.25622079809214754,-0.2358771789933085
2019-09-17,-0.15288698676505624,-0.15807541898313457
2019-09-18,1.34180154361376,1.323431986088048
2019-09-19,-0.10259319999993559,-0.07500959999993509
2019-09-20,-0.09430671897502066,-0.08933240000005682
2019-09-23,0.05574759999987182,0.05454965599129842
2019-09-24,0.09425888633172164,0.0982500000000086
2019-09-25,-0.6487380000000417,-0.6375302148443684
2019-09-26,0.039293200000196975,0.0767858593162684
2019-09-27,-0.12289624721240905,-0.062807399999961
2019-09-30,0.27092000000002636,0.37756000000002693
2019-10-01,-3.9227348295814637,-4.087138029581443
2019-10-02,-2.196257599999864,-2.48761954008803
2019-10-03,1.5182590177927502,1.36148156677247
2019-10-04,2.6759725486303423,2.4828744000000142
2019-10-07,0.03475660371132214,0.023591403711301452
2019-10-08,-1.1764323999999893,-1.1180787999999888
2019-10-09,-0.516952140374671,-0.20693460000014446
2019-10-10,0.4188503999999905,0.3570987536364778
2019-10-11,-0.0010082813101344283,0.3209348720776046
2019-10-14,0.39798768946772395,0.3818307361525521
2019-10-15,1.4858551999998215,1.4277143524044678
2019-10-16,0.12442560000015385,0.1288544000001534
2019-10-17,0.4353314577244902,0.42269499262332383
2019-10-18,0.5297629999999534,0.4718649053802152
2019-10-21,-0.0034089999999826885,-0.010098399999982632
2019-10-22,-0.20001786771269375,-0.19779286771269342
2019-10-23,0.11474601918031405,0.10866104235733301
2019-10-24,0.6315651382515691,0.6323064282651186
2019-10-25,0.44483442494927955,0.4138966342882467
2019-10-28,-0.09851387766900246,-0.08802604692614883
2019-10-29,-0.9725951771840174,-0.9653370884866967
2019-10-30,0.145304841801064,0.1606394218010642
2019-10-31,0.915692333908986,0.8893111939089862
2019-11-01,0.5938432478976174,0.5635038512407888
2019-11-04,1.188436919999746,1.1156632425044533
2019-11-05,-0.5522085744953438,-0.8294685799997286
2019-11-06,-0.5327956235725211,-0.7877956235725212
2019-11-07,1.602423859872495,1.700813295409332
2019-11-08,-0.4839227169286967,-0.8166727169286957
2019-11-11,-0.19400962998324817,-0.13487174998326773
2019-11-12,0.7312982221858639,0.5986226738841538
2019-11-13,-2.1245784489894164,-2.1372443977141398
2019-11-14,0.11246792147910259,0.09153653451715862
2019-11-15,2.9368768871492903,2.9987349094980815
2019-11-18,0.022834103809771533,-0.021293342380459893
2019-11-19,-1.1784285188722696,-1.1084285188722496
2019-11-20,-0.3216857699997273,-0.2896857699997481
2019-11-21,-0.891379940000302,-0.8478799400002812
2019-11-22,0.6623528054691246,0.5863528054691045
2019-11-25,0.9389538985978624,0.9615807999997635
2019-11-26,-0.22155059999999754,-0.27155059999999753
2019-11-27,0.017180676817047262,-0.03744944000000539
2019-11-28,-0.931869591078913,-0.919752589103658
2019-11-29,-0.09660524200966891,-0.08997089999973597
2019-12-02,-2.287959980000289,-2.3029599800002893
2019-12-03,-1.6746906914870996,-1.6547615008816778
2019-12-04,2.046541840000229,1.9559028707443655
2019-12-05,1.1776632035308172,1.0646725747186978
2019-12-06,2.402328739999989,2.2579125399999858
2019-12-09,-0.6910473657263817,-0.6666427099187107
2019-12-10,0.11910028446579482,0.11497891999999378
2019-12-11,0.8918704999999922,0.8913409999999876
2019-12-12,1.2746873659136844,1.246300637671356
2019-12-13,0.9759039999999884,0.9427580450156147
2019-12-16,0.11989156000001995,0.1774151600000239
2019-12-17,-0.47498162000001687,-0.5355560937020136
2019-12-18,0.06518858999998858,0.018075324074273258
2019-12-19,-0.4540000000002592,-0.4840000000002603
2019-12-20,0.7445028400002552,0.780133869432032
2019-12-23,-0.11161932191757871,-0.10787504000024145
2019-12-24,-0.015549969744546706,-0.011882660706814463
2019-12-25,0.07343384766323308,0.0959029039221391
2019-12-26,0.10499999999996612,0.11299999999996581
2019-12-27,1.3363910399997152,1.3786271957157032
2019-12-30,-1.1819407999996747,-0.9572783999996328
2019-12-31,-1.1415694366410807,-1.2720000000000473
2020-01-01,0.3030000000000284,0.32100000000002826
2020-01-02,1.7053603199996759,1.4480860799996564
2020-01-03,-0.9052630199999894,-0.7807258799999894
2020-01-06,-0.028424600000002354,-0.007318236652857699
2020-01-07,1.8037981017789224,1.827865359999983
2020-01-08,-0.790555129999655,-0.8315174099079979
2020-01-09,1.5731519299996417,1.5177031213132324
2020-01-10,-0.14204599999963524,0.10244365217045351
2020-01-13,0.1376198834552318,0.25101503877488335
2020-01-14,-0.329219293677851,-0.3902720545565857
2020-01-15,0.6931648622670122,0.5878720622670124
2020-01-16,1.7591271369664887,1.1701129107826358
2020-01-17,1.4250213015391724,2.0014227000004285
2020-01-20,-0.41649311977754444,-0.3360228797775445
2020-01-21,-0.6840715249465176,-0.6155576049465377
2020-01-22,-0.7129379999995918,-0.5964870399995719
2020-01-23,-0.9229417600000233,-0.5349584000000229
2020-01-24,0.17082339569023164,-0.3387918043097684
2020-01-27,-3.1604202400000343,-2.5255268000000344
2020-01-28,1.7332719032337993,1.4568840851631397
2020-01-29,2.2128123678406273,2.144850098948395
2020-01-30,-0.665736840000015,-0.389371620000016
2020-01-31,-4.001937550000005,-3.5998658868142277
2020-02-03,1.8579707533000247,1.4206910780307251
2020-02-04,2.652975506665634,2.4518488405997085
2020-02-05,1.5578638374372282,1.3436360774372282
2020-02-06,1.8102193999999772,1.6687119486054178
2020-02-07,-2.9393143200000154,-2.898876560000015
2020-02-10,0.7447802969853565,0.7366521559804732
2020-02-11,1.4487170800000178,1.2622328000000176
2020-02-12,0.6683866192263709,0.5657690400000093
2020-02-13,-0.3241798000000274,-0.2858891600000273
2020-02-14,1.563197294421603,1.4328384859916035
2020-02-17,0.5052848000000084,0.4857695188731294
2020-02-18,-0.8853865930715681,-0.8715962350787403
2020-02-19,0.34132149000002265,0.3462277036463191
2020-02-20,-0.37236764000037126,-0.31540032000040324
2020-02-21,-3.0333975540408438,-3.1496125540408304
2020-02-24,-3.8884222306517606,-3.138313643040575
2020-02-25,-0.3143375895169943,-0.32504296185763315
2020-02-26,-3.117120160381186,-2.5025791181560297
2020-02-27,-2.9652971421693604,-2.7354741430081693
2020-02-28,-2.368292466822089,-2.3709449753188196
2020-03-02,-0.7281024703881948,-0.6548710903881889
2020-03-03,0.9074637963466987,1.2836438358106677
2020-03-04,0.531660157433329,0.595363690239491
2020-03-05,-1.3548978400001672,-1.395089680000187
2020-03-06,-7.681207294598408,-8.534420000965882
2020-03-09,-2.811741383715676,-2.9777539133264734
2020-03-10,-0.27960070830768413,-0.01716932505481037
2020-03-11,-1.2378402614241937,-1.3685934474482826
2020-03-12,-2.779278237095741,-2.5876991199999564
2020-03-13,-0.590331392228974,-0.5753313922289757
2020-03-16,-1.0824587398703365,-1.2953977523123468
2020-03-17,-0.07650592005075982,-0.49346969005076174
2020-03-18,-1.5570288171706594,-1.6296818332005498
2020-03-19,-2.709272602634155,-2.4514893100000843
2020-03-20,2.475381500000016,2.557590874182351
2020-03-23,0.15703465821556364,-0.11770599946085446
2020-03-24,-1.0825000000000211,-0.9787500000000281
2020-03-25,-0.08531274183396755,-0.3374999999999682
2020-03-26,0.41299999999997644,0.8522499999999686
2020-03-27,0.8899999999999978,1.5196323730557866
2020-03-30,0.8407596281725054,0.6507596281725134
2020-03-31,0.3449999999999943,0.32499999999998574
2020-04-01,2.1159999999999837,2.1397499999999847
2020-04-02,-0.38477539578945674,-0.3284999999999802
2020-04-03,-0.6049999999999858,-0.6107732409624023
2020-04-06,-0.43174999999998853,-0.4782724939062031
2020-04-07,-0.6687500000000071,-0.6828353000000088
2020-04-08,0.516749999999998,0.4688551499999977
2020-04-09,-0.14149999999999635,-0.08465708000000058
2020-04-10,0.40913247132444575,0.43224999999996055
2020-04-13,-0.16694954175167429,-0.2057500000000059
2020-04-14,0.7624999999999971,0.6050805999999976
2020-04-15,1.766015598344365,1.762965182604673
2020-04-16,0.471877186266231,0.12014826626622929
2020-04-17,-0.3312500000000142,-0.11321424920039731
2020-04-20,1.5600000000000256,1.5347124502114375
2020-04-21,1.0865521552512134,1.2679649552512047
2020-04-22,-1.2302113399999572,-1.3116726799999487
2020-04-23,-0.5102441300000223,-0.5117382600000265
2020-04-24,0.5556014900000255,0.5462029800000305
2020-04-27,1.4125672509226659,1.294033239999938
2020-04-28,0.005011199999979539,-0.027477600000020457
2020-04-29,-0.7887503999999727,-0.8537507999999727
2020-04-30,-0.4523764999999932,-0.4197529999999931
2020-05-01,0.17625000000003072,0.17625000000003072
2020-05-04,0.4897432794471302,0.5898136972258502
2020-05-05,-0.49335107567504566,-0.6765694999999735
2020-05-06,0.9896679800000086,0.8456867425938555
2020-05-07,-0.3135207199999485,-0.354312159999949
2020-05-08,-0.44708730000007163,-0.5300119000000717
2020-05-11,0.29172472000003236,0.20642416000003333
2020-05-12,-0.3514714014931815,-0.29433478149318243
2020-05-13,1.2881083596466547,1.5578059
2020-05-14,0.5519288000000041,0.6557864000000043
2020-05-15,-0.42516508803415853,-0.5489107035884347
2020-05-18,-0.12887883890098403,-0.503061536692233
2020-05-19,-1.2456335200000093,-1.2862670400000096
2020-05-20,0.16128383999995932,0.14506767999995956
2020-05-21,0.41087354933280784,0.48924560000004097
2020-05-22,0.07754463999992195,0.1125892799999212
2020-05-25,0.009472160000077803,-0.02348203275705699
2020-05-26,-0.6040208712730073,-0.7037599334830993
2020-05-27,-0.1724589602528494,-0.17878579999995858
2020-05-28,-1.8481729200000472,-1.7688458400000475
2020-05-29,1.1500555250778353,1.1525000000000971
2020-06-01,0.771544942374235,0.7898744399999599
2020-06-02,-0.7195547200000257,-0.9111094400000458
2020-06-03,-1.1956209199999324,-1.2887862373800978
2020-06-04,-2.0133882000000773,-2.170720500000077
2020-06-05,-2.3415572722053826,-2.6547499999999946
2020-06-08,0.17734162838202464,0.18980281810625063
2020-06-09,1.5802005482358357,1.7530282499999772
2020-06-10,1.5847007270122928,1.5667821221719513
2020-06-11,-0.630679739999906,0.23430844573251416
2020-06-12,0.2503631090500888,0.21285325939886826
2020-06-15,0.44516404000007215,0.4263086200000629
2020-06-16,-0.5523299000000048,-0.5795056999999991
2020-06-17,0.28825487999992816,0.2709889499999319
2020-06-18,-0.0069912999998783506,-0.0162108499998882
2020-06-19,-0.5928050800000005,-0.6527223864382705
2020-06-22,0.8889608199999196,0.8388395599999245
2020-06-23,1.4884041200000413,1.520111860000037
2020-06-24,0.5535335199999268,0.7977498999999352
2020-06-25,1.7506559200000025,1.7813442816449263
2020-06-26,0.783327600000044,0.9393973239276595
2020-06-29,-2.1248074400000694,-2.2011207800000685
2020-06-30,-4.175267126841254,-4.251720546841255
2020-07-01,-2.392451547910606,-2.442256927407613
2020-07-02,1.6875539894187677,1.6127187894187804
2020-07-03,-0.013487460000000192,-0.02247910000000032
2020-07-06,-0.15588135000000145,-0.18735545000000156
2020-07-07,0.3406221900000065,0.402540730000006
2020-07-08,-0.1368780600000018,-0.1398530619094848
2020-07-09,-0.1330788299999539,-0.15573892999995392
2020-07-10,1.5007117600000701,1.4916444400000701
2020-07-13,1.3547355905246823,1.4766389705246823
2020-07-14,0.5310480198665664,0.4285991615876476
2020-07-15,0.12011304000000039,0.0517778400000004
2020-07-16,-0.42247725167105277,-0.44233465000011973
2020-07-17,-0.6481957999999098,-0.7047831978998921
2020-07-20,0.7939078400000041,0.7207235200000043
2020-07-21,0.8102646723054948,0.8300946099999574
2020-07-22,-0.6852038199999553,-0.6826101562953215
2020-07-23,-0.18405911701904418,-0.02738990000009303
2020-07-24,-0.32627120659973735,-0.34017580365780137
2020-07-27,0.20951321999998285,0.23699593733411503
2020-07-28,0.943301407999868,1.022049130000023
2020-07-29,0.7779973699999511,0.7358001499999521
2020-07-30,-0.1308395099998502,0.03396079000014852
2020-07-31,-0.23496256748908392,-0.2626601779308942
2020-08-03,-0.45321589929959016,-0.4397487412279695
2020-08-04,2.087988566823568,2.0388183668235484
2020-08-05,-0.8741355199999594,-1.0675591999999599
2020-08-06,-0.20956805657633856,-0.21019474000011557
2020-08-07,0.037005279999987914,0.02610751302028435
2020-08-10,-0.6222356000000608,-0.798641768802145
2020-08-11,-0.6200028412001569,-0.6648840799999199
2020-08-12,-0.6546561802389613,-1.0963977599999513
2020-08-13,-2.4527407059071957,-2.3013909360818534
2020-08-14,0.4583339353620787,0.5739558899580839
2020-08-17,-1.091446169999992,-1.1388209099999906
2020-08-18,0.6805199371810222,0.7904108899999537
2020-08-19,0.47452043999999766,0.44249067417591853
2020-08-20,0.24783960000006408,0.34589177238431745
2020-08-21,-0.16868168949593984,-0.10990173999994121
2020-08-24,-0.5390300400001257,-1.0022592200001226
2020-08-25,-1.6132739200000636,-1.8151849990080242
2020-08-26,0.11290403456855043,0.0594645638891516
2020-08-27,-1.9467472599999525,-1.616580809999953
2020-08-28,1.1305193599998413,0.9390586846126626
2020-08-31,-0.4692924589558214,-0.004518005005437234
2020-09-01,0.7258271299999244,0.583690239999945
2020-09-02,0.8034311199998864,0.48167950907628687
2020-09-03,0.02903249000019382,0.6167455000001922
2020-09-04,-1.4347960718477155,-1.5413718018477138
2020-09-07,0.1866452435631946,0.12633516611265863
2020-09-08,-0.79840724,-0.6210323999999923
2020-09-09,1.7164389293590379,1.2947741999998446
2020-09-10,-0.8175311999999871,-0.7758575999999883
2020-09-11,0.3232655712790608,0.17691178322755985
2020-09-14,0.31739219999999213,0.24343603013689277
2020-09-15,0.2659430399999831,0.25368948000001146
2020-09-16,-0.43607495323821155,-0.3165509997784503
2020-09-17,-0.12002838059060092,-0.05672474000013885
2020-09-18,-1.6230002999997706,-1.6985733381024783
2020-09-21,0.14033749999988862,0.07409389999984757
2020-09-22,-0.6414677747998955,-0.9532900947998505
2020-09-23,-1.975155540000178,-2.414544120254517
2020-09-24,1.070521168703101,1.1332314087030912
2020-09-25,-0.3680031200000574,-0.4833851514667323
2020-09-28,-0.016196639999995387,-0.04410575999999512
2020-09-29,0.21383879999999672,0.1858469999999963
2020-09-30,-1.1881376732360311,-1.1274345000000567
2020-10-01,-0.02436995999992868,0.08187668000009278
2020-10-02,0.4873429649190553,0.5778652799999519
2020-10-05,-0.5984936799999055,-0.2419730399999129
2020-10-06,-0.7173794000001081,-0.9886538098953079
2020-10-07,-0.5312205771866089,-0.2998821799999136
2020-10-08,0.4442082799999372,0.45427095871619433
2020-10-09,0.191018400000063,0.18894440000004553
2020-10-12,0.5905098424274017,0.4919425999999981
2020-10-13,-0.10072280301761724,-0.21754912301759163
2020-10-14,-0.25304111242623134,-0.2926801599999574
2020-10-15,-0.7927866199999566,-0.6541646599999639
2020-10-16,0.27322248686065626,0.3332224868606566
2020-10-19,-0.8867826800000053,-0.7634574199203495
2020-10-20,0.0017787788468690536,0.052948019999996335
2020-10-21,-0.47839793547912796,-0.4474215215048633
2020-10-22,0.16854842999994493,0.26733300999991405
2020-10-23,0.559001919999901,0.5750019199999284
2020-10-26,-0.3335437954542333,-0.2495438999999512
2020-10-27,-0.13563137000005085,-0.21356064660178595
2020-10-28,-1.1344392051491152,-1.0210037359326583
2020-10-29,-0.8129155159953498,-0.7731987400000399
2020-10-30,0.012839879999944317,0.1809263990436715
2020-11-02,-0.2261730906269105,-0.4488385966477737
2020-11-03,0.43536220999988656,0.6962499999999171
2020-11-04,1.644300450000076,1.2422493990809265
2020-11-05,0.4558798277505889,0.6654999999999657
2020-11-06,-0.12385389950542594,0.10075000000006312
2020-11-09,-0.4404839200000728,0.09374999999994717
2020-11-10,-0.5237104442471725,-0.3682790942471512
2020-11-11,-0.21376038120476493,-0.3316917335283388
2020-11-12,0.21539080000010521,0.029077137613516973
2020-11-13,0.38674364121389276,0.5562436661203528
2020-11-16,0.3456801809888925,0.4322500000000228
2020-11-17,0.3555125255518388,0.22999999999998094
2020-11-18,-0.4081102200000057,-0.23028350659756341
2020-11-19,0.7960287295662987,0.6995355788684491
2020-11-20,0.2977676915987641,0.3647541614661369
2020-11-23,-0.17127752000000118,-0.14699031999999843
2020-11-24,0.6056736251522931,0.6769373651522763
2020-11-25,0.3197120675801476,0.2651157475801649
2020-11-26,-0.08098290000000108,-0.06669180000000054
2020-11-27,0.16398639999999623,0.05998639999999302
2020-11-30,-0.992395285160927,-1.0916269051609475
2020-12-01,-0.48916614000005765,-0.3387229000000321
2020-12-02,-0.11470844999991608,-0.0602487499999533
2020-12-03,0.22435934618317216,0.17067265291482386
2020-12-04,-0.43988546800587447,-0.2640862800000341
2020-12-07,0.32549707999996635,0.303037859999981
2020-12-08,2.0999738981085043,2.1300743859117093
2020-12-09,-0.5974501966843769,-0.5018571400000633
2020-12-10,-0.6163341199999876,-0.588891319999989
2020-12-11,-0.7178247924694131,-0.6196576277209004
2020-12-14,-0.4665735999999937,-0.45533102175915247
2020-12-15,1.9966407999999567,1.9527735999999698
2020-12-16,0.3551868000000304,0.37073800000001855
2020-12-17,0.5799780910656642,0.6489170599999571
2020-12-18,-0.8924384400000013,-0.8368558875661075
2020-12-21,-1.2895079429064453,-1.1067077599999506
2020-12-22,-0.342228960000082,-0.4559167400000455
2020-12-23,1.3948467942756304,1.4407621132241744
2020-12-24,1.0854275791635348,1.0815081081369313
2020-12-25,-0.003267725402070937,-0.003267725402070937
2020-12-28,-0.1625181700000439,-0.2541248300000265
2020-12-29,0.9949303999999923,1.079322799999994
2020-12-30,0.3527639432224473,0.29181262322242557
2020-12-31,0.3475000000000522,0.2605255299883794
2021-01-01,-0.0032189291108735874,-0.0011905525329452239
2021-01-04,-0.49847868000011347,-0.4348654000000849
2021-01-05,0.881048598994478,0.9771980000000436
2021-01-06,1.0121170363894765,1.415616684982777
2021-01-07,-2.308237272077239,-1.9547628799999386
2021-01-08,-0.2338948987166754,-0.0020436727556785187
2021-01-11,-1.4727293914831079,-1.1384480921228877
2021-01-12,4.549407580000093,4.5576759192199345
2021-01-13,-0.8002004366036609,-1.2621220410060654
2021-01-14,1.420210714082584,1.2943171969821055
2021-01-15,-0.21805670552610928,-0.4621041594952122
2021-01-18,0.4928415600000054,0.46626677000000444
2021-01-19,-0.06197779999994875,-0.004813599999963622
2021-01-20,-0.10079280000009833,0.019357099999930547
2021-01-21,-0.7376302999999551,-0.6899723199999691
2021-01-22,-3.3173081999999496,-3.062737359143016
2021-01-25,-0.4228423272445974,-0.604355037244572
2021-01-26,1.86647381999994,1.9055125799999553
2021-01-27,-3.649909679999897,-3.5359074499999266
2021-01-28,0.425595482292414,0.49219519273380063
2021-01-29,-2.4257419090012813,-1.7546853799999989
2021-02-01,2.145954376663087,1.7801023079098215
2021-02-02,1.8694747727018823,1.4636938000000579
2021-02-03,-0.12127836000000745,0.17506927999999844
2021-02-04,-0.20708933582407488,-0.24135126582402674
2021-02-05,1.13555395000005,1.205873900000027
2021-02-08,0.6662278270967156,0.8991453395553566
2021-02-09,-0.15149613752403435,-0.3253546400000301
2021-02-10,-0.6209443799999915,-1.0762652399999972
2021-02-11,0.662477519999999,0.8374909403420222
2021-02-12,-0.4645686305149006,-0.2876171199999337
2021-02-15,0.517508227525582,0.3369033709705047
2021-02-16,-1.7258665700001112,-0.5577443800000688
2021-02-17,0.5317216100001477,0.398147740000091
2021-02-18,-0.5640484040955066,-0.3748641434586316
2021-02-19,-0.5779361999999588,-0.41012799999997335
2021-02-22,-0.4076780655110774,0.2982067531020188
2021-02-23,1.3171950572725502,1.05015534999993
2021-02-24,1.6200342286191733,1.7992805800000329
2021-02-25,-7.029980259999933,-5.356949259999951
2021-02-26,-0.026087921048903423,-0.3195715495590388
2021-03-01,2.441114756467902,2.0102137499999784
2021-03-02,1.6046526426568624,1.7064330174568556
2021-03-03,-2.3969492000000496,-2.110723600000041
2021-03-04,-1.0262097399502295,-0.7754554429743671
2021-03-05,1.457208239160717,1.5347066999999548
2021-03-08,-0.47621356000000975,-0.4690612000000092
2021-03-09,2.5876502000000623,2.563942500000062
2021-03-10,0.5057514672916231,0.5042773004159984
2021-03-11,1.5698443084348295,1.581396799999975
2021-03-12,-1.5455227575055521,-1.4917156799999844
2021-03-15,-0.04551399999999726,-0.10419099999999813
2021-03-16,0.17799770527890255,0.10186452527891272
2021-03-17,0.8858883149632435,0.6805978911466543
2021-03-18,-3.1015152699999913,-2.970048209999993
2021-03-19,0.15970774000001386,0.1811118600000113
2021-03-22,0.20548175573410637,0.05641975573410523
2021-03-23,-0.6708953628093924,-0.6548783999999934
2021-03-24,-0.18098240000000151,-0.21888592000000143
2021-03-25,0.9723116880596124,0.7120904080596177
2021-03-26,1.2192292200000407,1.0286362000000333
2021-03-29,-1.7771015822889453,-1.7339924238340936
2021-03-30,-1.0921632999999835,-1.2339306399999863
2021-03-31,6.438249693449949,6.596343726557156
2021-04-01,3.04536490510121,2.7821951693096607
2021-04-02,-0.0055094043797307285,0.0
2021-04-05,0.25624999999996706,0.3799999999999739
2021-04-06,0.8375740200000397,0.5271319400000318
2021-04-07,0.6591820816138583,0.5925500238274759
2021-04-08,2.341538367118926,1.995830367118921
2021-04-09,-0.20013276000001054,-0.04602924593893993
2021-04-12,-0.5417757671133953,-0.38095030368527066
2021-04-13,2.530106258407557,1.9827149275290807
2021-04-14,0.43404250562159113,0.6354691518355937
2021-04-15,2.3610463799999555,2.0131307225351414
2021-04-16,1.4214802867802019,1.4604007265887136
2021-04-19,0.1849155199999548,0.1697771733512289
2021-04-20,-1.157836080000013,-1.3702249600000067
2021-04-21,3.061864680369053,3.0763285031873573
2021-04-22,2.547744733683146,2.558338414952396
2021-04-23,0.791371699999971,0.7745628868894548
2021-04-26,3.0189557499999986,3.0123460499999988
2021-04-27,-2.556006547760624,-2.4359244999999903
2021-04-28,-2.0616601666081755,-2.1448224066081822
2021-04-29,-0.9608840500000033,-0.8538139115667667
2021-04-30,0.47911309999999097,0.5109639399999945
2021-05-03,1.9592202499999454,1.756574338831731
2021-05-04,0.5038016500000582,0.6397489000000481
2021-05-05,5.41492910558114,5.20328014677095
2021-05-06,4.683502603147165,4.629696928736656
2021-05-07,3.6085901230934563,3.3524042922327997
2021-05-10,-4.349498379263532,-4.26633419999997
2021-05-11,-2.1027972500000045,-1.9274799500000053
2021-05-12,-6.506271808050915,-6.1208366977193
2021-05-13,-0.3075250797109974,-0.6851286735312169
2021-05-14,1.3213713473799145,1.0972926129391172
2021-05-17,-1.0492207851342672,-0.9919165875185181
2021-05-18,-0.2538555199999895,-0.06435737999999085
2021-05-19,-2.024727909999919,-1.714267579999931
2021-05-20,3.1164966399999785,2.742660239999981
2021-05-21,-0.41215976000003024,-0.5065604000000257
2021-05-24,0.7757852300000362,0.5588101800000309
2021-05-25,-2.3553058799999955,-2.341877679999997
2021-05-26,0.7212143999999998,0.7042143999999998
2021-05-27,2.925410739999994,2.9192502851486717
2021-05-28,-0.24460169564544854,-0.3356796999999991
2021-05-31,-0.45609299999999803,-0.3365819999999983
2021-06-01,2.790031116788359,3.2230956799999917
2021-06-02,0.6577497599999422,0.48906231999995037
2021-06-03,-2.6798628799999715,-2.587870644423258
2021-06-04,4.483845200000017,4.652775400000017
2021-06-07,1.7256415999999575,1.988275559999958
2021-06-08,1.692255845041398,1.7203697450413977
2021-06-09,-0.2115178377901341,-0.34617538105662515
2021-06-10,1.977912730000049,1.9673081247589335
2021-06-11,-0.6603496867742781,-0.7522122999999797
2021-06-14,-3.8563343775704775,-3.8154060600000537
2021-06-15,-1.2747204836153696,-1.2013909215033205
2021-06-16,-3.858249100000013,-3.661066602719661
2021-06-17,-3.47562432185409,-3.48524480185409
2021-06-18,-0.2217640583228896,-0.05001050167390195
2021-06-21,1.701077980996068,1.633618913030478
2021-06-22,0.11734930297344713,-0.3492105797379677
2021-06-23,-1.2396279999999784,-1.2615023999999786
2021-06-24,2.391403549999995,2.021897589188134
2021-06-25,-0.9499578605202812,-1.3070463999999764
2021-06-28,1.3069027599999061,1.8266759999999198
2021-06-29,0.21084298251976002,0.2651609600000561
2021-06-30,1.4880264399999947,2.3430264399999956
2021-07-01,0.131101099999968,0.10765569145555853
2021-07-02,0.8589569671869427,0.803141173625143
2021-07-05,-0.01268076775670212,-0.0023735599999987872
2021-07-06,-3.181001039999914,-3.2111524999999266
2021-07-07,0.8570577599999701,0.8441516799999743
2021-07-08,-2.413102542617945,-2.3231055026179437
2021-07-09,1.1927295999999816,1.072502174244892
2021-07-12,1.8057568017179026,1.6695545599999748
2021-07-13,-1.15659058300136,-1.0526196230013662
2021-07-14,2.7709713800000464,2.678183540000039
2021-07-15,-0.8614339017153269,-0.8434300618936807
2021-07-16,-0.6846548300000119,-0.6516040500000114
2021-07-19,-1.3807281467637444,-1.3482790705937617
2021-07-20,1.4577267383118464,1.683237203394727
2021-07-21,0.5746781699999599,0.4022233799999589
2021-07-22,0.5545167799999985,0.24573521999999898
2021-07-23,-0.03347806999996326,-0.6641867299999631
2021-07-26,-0.19724832000000606,-0.0832694800000062
2021-07-27,0.2464809999999989,0.3128046679901738
2021-07-28,0.7780692499999444,0.724468499999945
2021-07-29,0.6867150568662028,0.8314125900000764
2021-07-30,-0.5594039100000195,-0.8578632630342389
2021-08-02,1.7443507968718968,1.7723241662753402
2021-08-03,0.4333467400000709,0.15864256000006074
2021-08-04,-0.9805453243559245,-1.1378233518394856
2021-08-05,-0.03838559999998611,0.04987904000001123
2021-08-06,-0.6169533200000517,-0.7494378200000447
2021-08-09,-0.6228810300000454,-0.7015057307525584
2021-08-10,-0.4825333943657357,-0.4705333943657433
2021-08-11,1.8656722068556233,2.0070068503081187
2021-08-12,0.9329993825512463,1.41406990000006
2021-08-13,1.646432167740628,1.6607435405420563
2021-08-16,-0.366288021745725,-0.4225963567448089
2021-08-17,-1.8226744760268911,-1.8634553252481716
2021-08-18,-1.3421048435530645,-1.284144720000064
2021-08-19,-2.4298387599999307,-2.70658831999994
2021-08-20,-1.1967724999999985,-1.8170969999999964
2021-08-23,1.3377509404400367,1.2915163404400356
2021-08-24,0.1836945999999262,0.527972779999937
2021-08-25,-0.00497653999994136,0.11378681000005134
2021-08-26,-1.5916196000000007,-1.61373984
2021-08-27,3.1092843199999414,3.1754034366187507
2021-08-30,-0.045220799999948574,-0.24084479999995492
2021-08-31,-0.679564480000042,-0.8105644800000377
2021-09-01,0.1947356199999978,-0.05067473000000241
2021-09-02,0.8072192800000766,0.8448878400000666
2021-09-03,-0.9680557800000417,-0.9236958100000356
2021-09-06,0.9292272465775183,0.9267453000000007
2021-09-07,-2.697676959999977,-3.0662716399999823
2021-09-08,-0.6617642800000834,-0.6011224600000645
2021-09-09,0.3081471000000975,0.327582650000077
2021-09-10,-0.40334497253812057,-0.0892008964731515
2021-09-13,0.905752665889981,0.7539474236250252
2021-09-14,0.6040945200000094,0.7302045241873483
2021-09-15,0.6223488166599525,0.95477004999999
2021-09-16,-1.1728876999999867,-1.2702025650578983
2021-09-17,-3.0575455799999625,-2.9723330399999655
2021-09-20,-3.3200967299999724,-3.2133592408182587
2021-09-21,1.675492758453466,1.1008587786905901
2021-09-22,1.7033370651861564,1.8772931806526287
2021-09-23,-0.49543404999994994,-0.5408469370178575
2021-09-24,-0.68368546112894,-0.6391348800868113
2021-09-27,0.03613962000006286,0.4060930800000635
2021-09-28,-4.1737935729050815,-3.7050800371101085
2021-09-29,0.043862396236519385,0.012655776294822748
2021-09-30,-0.5793980617719561,-0.6533364817719624
2021-10-01,1.9809944799999528,1.9681767999999602
2021-10-04,-1.1568779933623825,-1.0722947933623816
2021-10-05,-0.144562199999941,-0.24283945598534856
2021-10-06,-0.4590781200000345,-0.703561958869789
2021-10-07,-0.4600744800000548,-0.4066262200000481
2021-10-08,-1.1536935399999728,-1.2554681079396668
2021-10-11,-1.117967682310078,-0.8846619999999882
2021-10-12,0.1605777228839445,-0.279744471527188
2021-10-13,0.8271613211059621,0.27600884239589524
2021-10-14,1.6089465242685228,1.685534739999951
2021-10-15,0.5940193600000414,1.1198805500000355
2021-10-18,-0.8660137131121118,-0.5597499200000156
2021-10-19,0.6925856399999568,0.552405879082503
2021-10-20,0.8362964070548872,1.1793742270548773
2021-10-21,-1.572035939999993,-1.7740239599999934
2021-10-22,1.5856695214932115,1.8001319996002183
2021-10-25,0.4100546800000192,0.272453120000019
2021-10-26,0.40506402533968494,0.5786243849744336
2021-10-27,0.9248301099999698,1.3506990399999774
2021-10-28,0.27061050000000864,0.5752795000000082
2021-10-29,-0.4007529300439629,-0.18632324000000366
2021-11-01,-0.46215758208882446,-0.18632712584481353
2021-11-02,0.6310127500000288,0.24116850000002216
2021-11-03,0.8766106179707079,0.5124069880185652
2021-11-04,0.6542967851751641,0.28867595291668363
2021-11-05,1.1550060399999986,0.8612155800000002
2021-11-08,-0.8665282700000199,-0.6384608800000167
2021-11-09,0.4780378562910935,0.3824630348208316
2021-11-10,-2.2688777635202695,-1.3378095378091828
2021-11-11,0.25774143999999294,0.25263127999999396
2021-11-12,1.5362248401488463,1.4006409129121318
2021-11-15,-0.48451016859802426,-0.19282042172087524
2021-11-16,-0.6436079947819474,-0.5480808365142639
2021-11-17,0.9556910298814257,1.0382034295148193
2021-11-18,-0.7758239999999791,-0.8118415999999791
2021-11-19,-1.330492019232219,-1.3124560600000088
2021-11-22,-1.615396000000007,-1.1585831850817823
2021-11-23,-1.3448298407067896,-1.1882128010896122
2021-11-24,-0.8339897199999871,-0.928684861513364
2021-11-25,0.1454715788386053,0.12090816000000125
2021-11-26,-8.031710970000017,-6.916459530000018
2021-11-29,3.208113564440993,2.3904799856384176
2021-11-30,-1.7081193208934946,-1.810928235658089
2021-12-01,0.2458650209141233,0.2108562209141233
2021-12-02,0.8497989200000117,0.6647598663478476
2021-12-03,-0.2810262800000133,0.03313285999999407
2021-12-06,1.007937807942366,0.6659021499999962
2021-12-07,2.1131616137846136,1.6253979973254167
2021-12-08,0.020259920000023954,0.020516740000015236
2021-12-09,-0.4678384000000014,-0.5255716800000018
2021-12-10,0.26211580313861343,0.21413010080523345
2021-12-13,-1.2960156600000037,-1.60300347196887
2021-12-14,-0.4788756000000122,-0.2917940000000008
2021-12-15,0.5519445500000133,0.4339062300000032
2021-12-16,1.4655009299999961,1.3407475199999963
2021-12-17,-0.7614027200000084,-0.7720055599999973
2021-12-20,-0.22439380000000367,-0.19098736782176093
2021-12-21,0.7800738299999688,1.046464210000002
2021-12-22,0.9497267100000402,1.0384248400000033
2021-12-23,0.6000942390954466,0.7263777762862188
2021-12-24,-0.007083100373790068,0.0
2021-12-27,0.6643059200000365,0.7022126399999989
2021-12-28,-1.0854926500000037,-1.2926578900000054
2021-12-29,0.7755915999999714,1.0024450400000053
2021-12-30,-0.5962651173961533,-0.7638040973961473
2021-12-31,0.05882867466020969,0.1058251408893955
2022-01-03,0.039932282517422,0.010449520000002729
2022-01-04,1.2221765343972935,1.2814718588024117
2022-01-05,-1.2504929999999805,-0.8918212499999921
2022-01-06,0.07984059999999282,0.3433861999999948
2022-01-07,0.9027126266091198,1.188381176609162
2022-01-10,-0.6390032799999548,-0.5066642301680678
2022-01-11,0.7184819935148186,0.3856828712121486
2022-01-12,0.8611758917633117,0.8603885199999806
2022-01-13,-0.8992347000000351,-0.8186594610263835
2022-01-14,0.3571235515640693,0.802675443045671
2022-01-17,0.2255145200000067,0.14327695305898647
2022-01-18,-2.025202636349471,-1.0223669500000183
2022-01-19,0.4638487235195256,0.3923608699999682
2022-01-20,-0.6504349999999962,-1.0195077499999636
2022-01-21,0.021434814026856597,0.46482286000000295
2022-01-24,-0.863446880000008,-0.7087648987359251
2022-01-25,-0.028985849999993308,0.18089955000001864
2022-01-26,-0.26694294807275654,0.0895606396341216
2022-01-27,-1.518026640000005,-1.8131331999999263
2022-01-28,0.47879880000000286,0.27689939999992275
2022-01-31,3.2332024999999933,3.181818490337494
2022-02-01,1.8472273800000116,1.7310886934881582
2022-02-02,-0.9550239200000109,-1.1467667900000125
2022-02-03,-2.3430196599999977,-1.645497449999976
2022-02-04,0.5194293957629988,0.7617521499999866
2022-02-07,2.4115627199999983,2.5022857400000174
2022-02-08,0.34620143999999337,0.20346817999997113
2022-02-09,3.164951200000008,2.934698880000009
2022-02-10,-2.264361075273975,-1.929636960000012
2022-02-11,0.7145481399999909,1.4335396267241698
2022-02-14,1.6510924000000173,1.9385374450934392
2022-02-15,-0.6604363437668479,-1.1275896738779296
2022-02-16,1.7925146288198532,1.770255371917162
2022-02-17,-1.0209236482011517,-0.5534676800000167
2022-02-18,0.6529053600000025,0.6835263113287674
2022-02-21,-2.4654254835714386,-1.57478423357144
2022-02-22,3.2424782501528413,2.7586816002046963
2022-02-23,0.6493141161939757,0.8139376064332373
2022-02-24,-3.020176160000019,-3.34614696000002
2022-02-25,-3.4952954633735236,-3.350168666747083
2022-02-28,3.6387197784505996,3.6286907384506
2022-03-01,0.1271549300139117,0.17722314001391148
2022-03-02,-0.34758170366719926,-0.3734624636672001
2022-03-03,-0.42943152999998907,-0.367016996635271
2022-03-04,-2.0166321199999993,-1.3397152338097404
2022-03-07,-1.6002019774039147,-1.1519468896365324
2022-03-08,0.731108229029678,0.22695136829038068
2022-03-09,2.175584830843131,1.495416799999992
2022-03-10,1.023212908591903,1.0491619171837978
2022-03-11,0.8806695422867838,0.8718547022867841
2022-03-14,-0.7322274727223159,-0.714828699999993
2022-03-15,0.5351743200000059,0.5007828800000056
2022-03-16,-1.6785732900000028,-1.3007513886804154
2022-03-17,2.415429476806933,2.3676937450983266
2022-03-18,0.9499901999999949,0.8849950999999951
2022-03-21,2.4732531000000106,2.0416265500000104
2022-03-22,0.874097499999995,0.7930487499999949
2022-03-23,0.48269183999999415,0.46634591999999475
2022-03-24,0.10320456000000668,0.18660228000000612
2022-03-25,0.5171570939708334,0.4871570939708335
2022-03-28,-1.240759260000027,-1.106409814485749
2022-03-29,-0.3576107000000007,-0.4443539144187289
2022-03-30,0.7185141510091865,0.7984532310091876
2022-03-31,3.2186029000000294,3.232000000000029
2022-04-01,0.5469031788138372,0.5424544588138361
2022-04-04,1.8618119599999918,1.7999999999999927
2022-04-05,-0.06079714764773311,0.043676694874291246
2022-04-06,-1.3572496800000025,-1.3397500000000016
2022-04-07,1.0521901600000008,1.0731918934030549
2022-04-08,1.5850006999999995,1.5369999999999993
2022-04-11,1.1000294000000008,1.230500000000001
2022-04-12,2.0374522466737703,2.0190000000000037
2022-04-13,0.6338350400000042,0.6210000000000004
2022-04-14,-0.7768390400000633,-0.8890872543332803
2022-04-15,-0.01328369561000987,-0.0014442924061796884
2022-04-18,2.9555000000000593,3.0165000000000393
2022-04-19,-0.89306655999994,-1.1537499999999605
2022-04-20,0.1504509399998809,0.22665038133144616
2022-04-21,-1.7273618994145157,-1.8010199051796938
2022-04-22,-2.969471250000062,-2.915250000000062
2022-04-25,1.0002560500000706,0.9550000000000706
2022-04-26,-0.46466600000000957,-0.37900000000000955
2022-04-27,2.0867778999999858,2.072380935598863
2022-04-28,-0.26330654999991726,-0.27749999999991865
2022-04-29,0.7812065999999163,0.8344999999999171
2022-05-02,-1.2328727999999756,-1.2277499999999755
2022-05-03,0.32490004999999617,0.17849999999999502
2022-05-04,1.2402012500000115,1.0575000000000119
2022-05-05,-0.6361720567570491,-0.41814130675704836
2022-05-06,-1.0611139999999355,-1.1137499999999363
2022-05-09,-4.0350560720300885,-3.819345122030089
2022-05-10,0.9817878750215351,0.9350000000000113
2022-05-11,2.4518832195847,2.4387500000000077
2022-05-12,2.177749999999981,2.171904201097038
2022-05-13,0.7125000000000198,0.6500355000000198
2022-05-16,2.3453748932003378,2.321131942917691
2022-05-17,0.7564682214566791,0.7277568199447069
2022-05-18,-3.7829999999999906,-3.6855378250793502
2022-05-19,-0.11243769107692667,-0.13364309999992804
2022-05-20,-0.23725000000005392,-0.22030920000005433
2022-05-23,1.052827743968436,1.0333865000000684
2022-05-24,-2.155500000000037,-2.1753054869435444
2022-05-25,-0.3581713347265868,-0.399404999999992
2022-05-26,-0.051499999999993475,-0.1079863452339062
2022-05-27,2.9313213726645686,2.879403750000005
2022-05-30,0.11199999999999544,0.09329224999999576
2022-05-31,-2.4182500000000395,-2.361150864975314
2022-06-01,-2.1848167975727044,-2.216956547572704
2022-06-02,1.6530618118928901,1.6210615618928903
2022-06-03,-0.5762492499999987,-0.5612499999999984
2022-06-06,2.278057999999947,2.243749999999946
2022-06-07,0.7446616918866894,0.7383309171437682
2022-06-08,0.6248030217531565,0.6750000000000232
2022-06-09,-0.6381006000000224,-0.5857318195553894
2022-06-10,-1.204184065767859,-1.3051260999999812
2022-06-13,-3.2698057445929583,-3.204527494592958
2022-06-14,0.08725845057887525,0.07299810077181731
2022-06-15,0.8371523660387747,0.652092123481066
2022-06-16,0.13868578790338087,0.24633558245657552
2022-06-17,0.21303470000001423,0.09014235000000768
2022-06-20,0.4136700000000094,0.3418350000000086
2022-06-21,-2.4479270000000075,-2.546713500000007
2022-06-22,-1.3094412000000064,-1.2443456000000033
2022-06-23,-4.803284499999996,-4.723642249999995
2022-06-24,3.3330841284194754,3.1672958676330154
2022-06-27,-1.4539094999999977,-1.5489814499999999
2022-06-28,-0.9912305761911993,-0.8357079999999748
2022-06-29,-0.7289565000000265,-0.5544192500000182
2022-06-30,-2.3553075999999726,-2.5616949999999825
2022-07-01,-2.5706873532414645,-2.6319852957515306
2022-07-04,-0.15400000000000136,-0.20651680000000125
2022-07-05,-3.490458699999993,-2.932194449999993
2022-07-06,0.547472312879719,0.34307139999997527
2022-07-07,1.5715175000000368,1.443131250000037
2022-07-08,1.8561573999999976,2.3159555691225915
2022-07-11,-1.785526400000001,-1.464762400000001
2022-07-12,-2.4767345000000125,-3.271069500000014
2022-07-13,0.9258091000000024,1.1837561445452134
2022-07-14,0.011935570834337394,0.3651747999999634
2022-07-15,-1.3887722941209062,-1.7434467086968246
2022-07-18,3.447744667309923,3.3577396808951536
2022-07-19,-0.24284469076418205,-0.9279301907641813
2022-07-20,-0.12899099999999383,-0.1737143999999943
2022-07-21,-1.4861480000000096,-1.860753500000009
2022-07-22,-0.5318766985782116,-0.8672336000000233
2022-07-25,0.9025970395591324,1.2871842000000242
2022-07-26,0.36338259999999406,0.8752676475093207
2022-07-27,0.321788799999991,0.058172399999990604
2022-07-28,0.7627182000000231,0.38514840000002243
2022-07-29,-0.30484260000001007,-0.5436427103682703
2022-08-01,-0.34836199999999323,-0.5162098138209086
2022-08-02,-1.599895300000015,-1.8778013000000144
2022-08-03,1.2838690394358618,1.0820740000000135
2022-08-04,0.7501994999999956,0.8247468944973836
2022-08-05,-0.2960980999999977,-0.07699999999999563
2022-08-08,0.7592883999999912,0.6325485981767657
2022-08-09,0.056254091731113794,0.2563319000000069
2022-08-10,1.0300423999999992,1.0396807999999795
2022-08-11,0.5271015000000017,0.8172242962093131
2022-08-12,0.8246482468259559,1.0391217353865534
2022-08-15,-0.40409888746048067,-0.7715951748717138
2022-08-16,-0.5052233180455165,-0.7928451776994175
2022-08-17,-0.42791370918295474,-0.20178869889985135
2022-08-18,-0.46395909978230027,-0.46525799999998907
2022-08-19,-0.5199244499999988,-0.028128600000019287
2022-08-22,-0.0890707500000061,0.40130700000001623
2022-08-23,1.3211368000000012,1.822999999999998
2022-08-24,0.6916282999999985,0.6328111999999962
2022-08-25,-0.12939952278964484,-0.32383848633557344
2022-08-26,-0.39589137307880057,0.2103159999999958
2022-08-29,0.11366534999997191,0.6340512882062848
2022-08-30,-0.8969481499999851,-0.8913562346404114
2022-08-31,-0.11023820857978832,0.18033719214096305
2022-09-01,-0.9293761499999925,-0.8086569999999859
2022-09-02,1.9596253202283833,1.583618000000003
2022-09-05,-0.1002425,-0.080194
2022-09-06,0.23917699999998737,0.4362415999999873
2022-09-07,0.18621575000000443,0.08027260000000477
2022-09-08,0.5653077499999914,0.4894461999999912
2022-09-09,1.1351797500000047,1.451243800000005
2022-09-12,0.6788359528029982,0.8906609999999886
2022-09-13,-1.0445559652535534,-0.9853020065675615
2022-09-14,0.23142736892242163,0.03139511892242162
2022-09-15,-0.504245499999978,-0.5952463999999776
2022-09-16,-0.05919775000000623,-0.04220820000000664
2022-09-19,1.1046070000000177,1.100535600000018
2022-09-20,0.7895595080582887,1.0782271999999735
2022-09-21,0.10830655570441897,0.10924150733351155
2022-09-22,1.5702328452013978,1.0849111620724803
2022-09-23,-2.6494897499999803,-2.480951357785125
2022-09-26,0.522865060068189,0.4329195999999534
2022-09-27,0.5792749430546076,0.5634789423690494
2022-09-28,-0.8264584013381762,0.09315008559067257
2022-09-29,0.5949352648277331,0.3244057181415343
2022-09-30,1.180603256563494,1.2646136500000151
2022-10-03,-0.5971240000000274,-0.5930022156118707
2022-10-04,-0.22016029999996536,-0.27870498158282303
2022-10-05,0.6131203999999622,0.547050199999974
2022-10-06,-0.5611657999999747,-0.7620172999999819
2022-10-07,1.6649999999999778,1.7511249999999852
2022-10-10,1.4854128000000073,1.7822326000000053
2022-10-11,-0.9526334000000013,-1.0047531000000007
2022-10-12,0.30625000000000907,0.3014280366935037
2022-10-13,0.4660279128830597,0.48610252505996876
2022-10-14,-0.7942781273237951,-0.8749680462856945
2022-10-17,-0.410747799999977,-0.469069299999977
2022-10-18,-0.5302763570947153,-0.5205101000000057
2022-10-19,0.09456170000000924,0.12468510000001079
2022-10-20,1.5865069999999706,1.5151829999999697
2022-10-21,0.4309615000000158,0.3689615000000147
2022-10-24,-0.3167741000000006,-0.3266251549557147
2022-10-25,-0.14746974787435774,-0.12387011237381251
2022-10-26,-1.2603222141488175,-1.3511105999999975
2022-10-27,-0.245362099999975,-0.39531475276994293
2022-10-28,1.3481222515149995,1.2981357515149996
2022-10-31,1.152299367201715,1.3532936076499205
2022-11-01,1.446104499999964,1.50337443164368
2022-11-02,0.37865286263826076,0.16776776250308606
2022-11-03,-0.3169648321144468,-0.3674699321144468
2022-11-04,1.173909464840964,0.8372780062955937
2022-11-07,0.7420370286133977,0.5703709136283568
2022-11-08,-2.3669841064137622,-2.5338700963854337
2022-11-09,-1.3339717248115748,-1.419971724811576
2022-11-10,-1.118044512280868,-1.2090445122808673
2022-11-11,-0.8887486129724858,-0.8821010682045172
2022-11-14,1.5934387364140874,1.6058302364140873
2022-11-15,0.06034651913686384,0.07183171656000456
2022-11-16,-0.3064846809091348,-0.31136638294933305
2022-11-17,-0.773219199999987,-0.8525732216519648
2022-11-18,0.5682348762766837,0.5017249500000065
2022-11-21,-1.0812742870208845,-1.0729852870208847
2022-11-22,0.9912985320205269,1.0181274999999939
2022-11-23,0.9886524181102979,0.9886524181102979
2022-11-24,0.15128123044035865,0.15559442936772616
2022-11-25,0.5213254999999961,0.5149308747848488
2022-11-28,-0.39798179163053066,-0.39798179163053066
2022-11-29,1.1992853740570397,1.1992853740570397
2022-11-30,-1.922442450000001,-1.922442450000001
2022-12-01,1.053910450000007,1.053910450000007
2022-12-02,-2.6543141874347054,-2.6590935242051192
2022-12-05,-2.627692665437727,-2.762885043131218
2022-12-06,-1.1427511391765965,-1.1427511391765965
2022-12-07,0.6718801999999935,0.6718801999999935
2022-12-08,0.694840767166908,0.694840767166908
2022-12-09,-0.40177443653424044,-0.3975085000000016
2022-12-12,-0.7215904239352038,-0.7195800393555557
2022-12-13,2.9466982565828292,2.7925860999999887
2022-12-14,-0.8262228685506634,-0.8262228685506634
2022-12-15,-2.383895797801794,-2.379713800000012
2022-12-16,-1.3033665353876511,-1.167067319901626
2022-12-19,1.2389576000000089,1.2389576000000089
2022-12-20,0.3906501000000058,0.3906501000000058
2022-12-21,2.873111999999996,2.873111999999996
2022-12-22,-0.3581297053402843,-0.36233788603936534
2022-12-23,1.576272903852353,1.5890116000000054
2022-12-26,0.0,0.0
2022-12-27,0.3982591999999985,0.3301823999999986
2022-12-28,0.803825999999993,0.9144767999999933
2022-12-29,0.9966332000000079,0.8433596000000078
2022-12-30,-1.8871744000000044,-1.622905600000004
2023-01-02,1.1735219562342736,0.8514660000000007
2023-01-03,0.014123999999997592,0.08772199999999748
2023-01-04,-0.6571903999999984,-0.40059735211738723
2023-01-05,0.39128511623851464,0.39128511623851464
2023-01-06,1.5318683999999978,1.5679049999999977
2023-01-09,0.5781907999999966,0.5823875999999965
2023-01-10,0.3614098121897882,0.34632994310551124
2023-01-11,1.0775737999999824,1.092889167521914
2023-01-12,2.0875605737157583,2.055052600000012
2023-01-13,1.6294288896228388,1.59867579999999
2023-01-16,-0.1491097354159469,-0.1983885747913094
2023-01-17,1.1357225292655595,0.9638331743144383
2023-01-18,-2.7028712000000086,-2.6565548000000088
2023-01-19,-2.8121392146632616,-2.744794999999994
2023-01-20,1.9576216000000002,2.089412347100383
2023-01-23,0.3362124000000132,0.5463576000000131
2023-01-24,0.8412939999999918,0.7471664999999917
2023-01-25,-0.30531039999999177,-0.23813869999999168
2023-01-26,0.9990355999999861,0.978683499999986
2023-01-27,0.5441218700044516,0.6184292000000154
2023-01-30,-0.20019200000001808,-0.19141300000001804
2023-01-31,-0.17165499999999045,-0.2043732308622753
2023-02-01,2.0962771969303806,1.9884442969303813
2023-02-02,1.204316465082021,1.2564500000000145
2023-02-03,-2.2091236000000025,-2.2291236000000025
2023-02-06,-2.408200177440577,-2.443200177440577
2023-02-07,1.8255002000000222,1.9105002000000224
2023-02-08,-0.14366192998981397,-0.18366192998981398
2023-02-09,2.1119874999999944,2.2119874999999944
2023-02-10,-0.1725770000000013,-0.28257700000000135
2023-02-13,1.4452816000000086,1.4302816000000087
2023-02-14,1.6162300999999946,1.5962300999999945
2023-02-15,-0.2560010302416847,-0.20673185457935164
2023-02-16,1.1440635066629188,1.1909371999999994
2023-02-17,0.4261412949340797,0.4437309633882041
2023-02-20,-0.19678799999999932,-0.19250999999999932
2023-02-21,-1.125314200000016,-1.0371918621304572
2023-02-22,-0.1623061000000079,-0.07230610000000788
2023-02-23,-0.09137169999999468,0.03862830000000536
2023-02-24,-2.5556646999999946,-2.3706646999999945
2023-02-27,1.0286104000000054,1.0336104000000053
2023-02-28,0.17294633461837586,0.29794633461837583
2023-03-01,1.2352762987703747,1.2548459999999821
2023-03-02,1.5791052000000037,1.265491087250193
2023-03-03,2.6715178000000033,2.9777678000000023
2023-03-06,-0.3356231999999993,-0.2768732000000078
2023-03-07,-2.1329000647506544,-2.031997000000003
2023-03-08,1.1868978000000072,1.2718978000000112
2023-03-09,-2.4554272000000057,-1.9522736056781278
2023-03-10,-7.43951899999999,-7.447453600060901
2023-03-13,-8.285835065577027,-8.410573244186361
2023-03-14,5.691005199196155,5.225448919686514
2023-03-15,-7.657958937178762,-7.322171232444207
2023-03-16,3.8266606391216933,3.3281650489494496
2023-03-17,-2.0967062509942713,-2.0832932778666295
2023-03-20,1.334074700000011,1.359714842699728
2023-03-21,2.2948925000000044,2.314892500000006
2023-03-22,-0.3881245000000204,0.19187549999998868
2023-03-23,-1.1673154145535598,-1.0426467371713364
2023-03-24,0.2509410107463387,0.09043999999999769
2023-03-27,2.4282053885576076,1.65695056645804
2023-03-28,1.0519670000000052,0.8457170000000052
2023-03-29,1.4091389999999993,1.4003889999999992
2023-03-30,0.7668695999999973,0.8493695999999973
2023-03-31,0.24170062877157222,0.48920062877157217
2023-04-03,-0.6040555999999911,-0.43030559999999113
2023-04-04,-0.7904996000000007,-0.3842496000000008
2023-04-05,-1.6025325714057201,-1.5612825714057201
2023-04-06,0.6522299999999986,0.7509799999999986
2023-04-07,0.0,0.0
2023-04-10,1.154499999999999,0.671999999999999
2023-04-11,0.19025360000000735,0.24150360000000737
2023-04-12,0.3861760000000018,0.6001099026546505
2023-04-13,0.9790608578383146,0.826537999999991
2023-04-14,0.5245570475413477,0.0771859949477618
2023-04-17,0.7274197900014994,0.24563810406819858
2023-04-18,0.23918756992755963,0.23915709999999007
2023-04-19,-0.528008400000005,-0.4148819999999956
2023-04-20,-0.31488726111094717,0.03640993888904559
2023-04-21,-0.1254137780849877,-0.09166377808498484
2023-04-24,-0.08595920759152062,0.26053279999999207
2023-04-25,-1.2349509369357101,-0.8314626369357073
2023-04-26,-1.3458300000000027,-1.2601699999999996
2023-04-27,0.9283587909573283,0.7558086909573251
2023-04-28,-0.03900150000001437,0.4011909999999851
2023-05-01,0.791998698268795,0.28462030398424926
2023-05-02,-2.3488406847845025,-1.1966905999999922
2023-05-03,1.1320540000000032,1.2503100000000027
2023-05-04,-0.20126199999999145,-0.20612799999998915
2023-05-05,3.4377769344358176,2.759138734435816
2023-05-08,-0.13095331889656395,-0.36135400000000495
2023-05-09,-0.688349800000003,-0.3663494000000029
2023-05-10,2.0965932621235277,2.373834009026662
2023-05-11,-0.28854576410419525,-0.21996619908226706
2023-05-12,0.3993406000000128,0.14978713964642112
2023-05-15,2.0172240444165204,1.8172240444165206
2023-05-16,-0.4381879329521959,-0.374890405732363
2023-05-17,-0.956751234507397,-0.9600706090362072
2023-05-18,0.13105153131374847,-0.1531416660666909
2023-05-19,-0.2831173480520038,-0.4147986996597607
2023-05-22,-0.8190783999999924,-1.0826121845617003
2023-05-23,-1.7918649492119267,-1.8962000000000188
2023-05-24,0.027773000000012506,-0.20597699999998756
2023-05-25,0.14441559999999593,-0.048088192220374346
2023-05-26,3.9652245999999884,3.3126963483156042
2023-05-29,0.43860533307007066,0.5330997330700707
2023-05-30,-1.203189200000003,-0.9153924000000031
2023-05-31,-1.9929239999999868,-1.5879919999999867
2023-06-01,2.6911297943214723,2.328916399999999
2023-06-02,1.610233745034596,1.3852337450345962
2023-06-05,0.660202399999996,0.7452023999999959
2023-06-06,1.484800099999996,1.4048000999999959
2023-06-07,0.48843559999999725,0.6890872259483631
2023-06-08,0.07341881828472104,0.07810530000000027
2023-06-09,0.8454084000000064,0.8157302355629688
2023-06-12,0.48624581928276517,0.48624581928276517
2023-06-13,1.6778897999999811,1.6778897999999811
2023-06-14,1.778047600000016,1.778047600000016
2023-06-15,-0.3615412904651929,-0.36176471826501655
2023-06-16,0.9113415339483756,0.9162686000000023
2023-06-19,-0.46599229849519347,-0.4708255325919629
2023-06-20,-2.0653216000000088,-2.0653216000000088
2023-06-21,1.877899600000005,1.877899600000005
2023-06-22,-0.921790000000002,-0.921790000000002
2023-06-23,-1.411905999999994,-1.411905999999994
2023-06-26,0.9013047999999804,0.9013047999999804
2023-06-27,0.8282864000000183,0.8282864000000183
2023-06-28,0.007105076172722632,0.007105076172722632
2023-06-29,0.2713432000000077,0.2713432000000077
2023-06-30,0.3281159531965097,0.3283337751149086
2023-07-03,0.9951600411408754,0.9951600411408754
2023-07-04,-0.2882948424816135,-0.2833622408655526
2023-07-05,0.3531248000000022,0.1406248000000022
2023-07-06,-4.42401960000001,-4.714730353894434
2023-07-07,1.9602342061127185,2.019742540421721
2023-07-10,0.7686232000000222,0.7686232000000222
2023-07-11,0.5024535999999863,0.5024535999999863
2023-07-12,1.3661222999999947,1.3661222999999947
2023-07-13,0.52317516909043,0.5297410000000127
2023-07-14,1.3171204659459421,1.592120465945942
2023-07-17,-0.011419500000009498,-0.1764195000000095
2023-07-18,-0.25342599999998944,0.2765740000000106
2023-07-19,0.20299439999999394,0.6179943999999941
2023-07-20,-1.1145799999999977,-1.2595799999999977
2023-07-21,-1.0137280000000113,-1.1937280000000112
2023-07-24,2.177258000000014,2.822258000000014
2023-07-25,-1.1257824735990116,-1.1957824735990117
2023-07-26,0.36840970776213783,0.02840970776213782
2023-07-27,1.6148385999999875,1.4848385999999876
2023-07-28,1.9438463999999978,1.7188463999999979
2023-07-31,-0.7042961999999793,-1.0792961999999793
2023-08-01,-2.0206116000000134,-2.1056116000000134
2023-08-02,-2.1367422000000036,-2.3017422000000036
2023-08-03,-3.329750154117237,-3.4297501541172366
2023-08-04,2.388706681511956,2.4437066815119564
2023-08-07,0.3564140673619996,0.35895478721400403
2023-08-08,-1.6728730000000003,-1.6728730000000003
2023-08-09,1.259677999999993,1.259677999999993
2023-08-10,0.831329599999995,0.831329599999995
2023-08-11,0.8235714000000178,0.8235714000000178
2023-08-14,-0.04181485603114539,-0.04181485603114539
2023-08-15,-1.062441599999997,-1.062441599999997
2023-08-16,0.3365645423813415,0.33705480097872775
2023-08-17,-0.254602399999994,-0.254602399999994
2023-08-18,0.1468319999999956,0.1429497762326735
2023-08-21,1.3317766914321696,1.3045412059685129
2023-08-22,1.3458763693197955,1.1154851693197956
2023-08-23,0.31426740000000003,0.3887292
2023-08-24,-0.3995148000000149,-0.2131020000000148
2023-08-25,0.9381136497713125,0.9181603000000041
2023-08-28,-0.3742599182168086,-0.2268473135189932
2023-08-29,-0.20706759999998522,-0.20706759999998522
2023-08-30,0.4996211999999842,0.4996211999999842
2023-08-31,-2.7318289246021203,-2.7318289246021203
2023-09-01,0.06965256531163118,0.06965256531163118
2023-09-04,-0.9945459999999985,-0.9945459999999985
2023-09-05,-1.4536488000000085,-1.4536488000000085
2023-09-06,-1.4009342620283354,-1.4009342620283354
2023-09-07,-0.6908820000000023,-0.6908820000000023
2023-09-08,1.049074000000007,1.049074000000007
2023-09-11,3.0071561999999994,3.0071561999999994
2023-09-12,0.5996887001008276,0.5996887001008276
2023-09-13,0.23667557133006437,0.24138853863447177
2023-09-14,1.2666284700941575,1.1804308000000163
2023-09-15,0.8035591999999886,0.6435591999999886
2023-09-18,-0.767857100000026,-0.7866071000000261
2023-09-19,1.0225099971556753,0.8894931622710913
2023-09-20,1.0827711999997458,0.8719826354690307
2023-09-21,-1.1133128925648128,-1.271540499999993
2023-09-22,-0.5001579999999919,-0.2736252800192029
2023-09-25,-1.952030299999749,-2.210594199999747
2023-09-26,-1.0861671432146676,-1.0366367432146715
2023-09-27,-1.367784946139224,-1.6571129388165895
2023-09-28,0.657669999999725,0.6730495941500253
2023-09-29,2.2731733561454317,2.201486753783142
2023-10-02,-1.8433156000000104,-1.6465648000000104
2023-10-03,-1.0169597549280283,-0.8118723098560713
2023-10-04,-1.0649016496399528,-1.043141352150464
2023-10-05,-1.728565199999839,-1.7327523999998393
2023-10-06,1.4401900000000165,1.3939020000000173
2023-10-09,-2.331088117548715,-2.293926000000202
2023-10-10,1.9907630000000167,1.9460364576744262
2023-10-11,0.31489755904688993,0.4759420807520307
2023-10-12,0.19569639999979627,-0.1482760000002036
2023-10-13,-1.4150682046435212,-1.1332521369985862
2023-10-16,1.733917530457589,1.721259930457589
2023-10-17,0.903846000000003,0.8912100000000032
2023-10-18,-1.1561719999999884,-1.0761744585411062
2023-10-19,-0.053027889325481324,-0.1106204630159112
2023-10-20,-0.6008902000000038,-0.4487522000000044
2023-10-23,0.3354730110960485,0.4050978110960472
2023-10-24,-0.19703282520497176,-0.21550682520497605
2023-10-25,0.6846534000000007,0.5532991000000007
2023-10-26,-0.07250240000002904,0.08919709999998081
2023-10-27,0.04112500000002399,0.08345000000001641
2023-10-30,0.654895999999976,0.6005598514172714
2023-10-31,0.7189567999998748,0.5383839999998645
2023-11-01,-0.9037614564552154,-0.8345776775014451
2023-11-02,1.3769851385539984,1.0132498000000223
2023-11-03,-0.46358240000001805,-0.3764160000000178
2023-11-06,0.2260840000000095,0.2926200000000096
2023-11-07,0.3178604000000062,0.20364720000000602
2023-11-08,-0.9672060000000061,-1.0177768000000058
2023-11-09,-0.08936520000000023,-0.39441440000000016
2023-11-10,1.3474032063650867,1.4433593779161347
2023-11-13,-0.5284869999999832,-0.4706209017505117
2023-11-14,-0.4454383849565081,-0.732164284956508
2023-11-15,1.1382519167583949,0.9301790933036852
2023-11-16,-0.5177464173940225,-0.21546298971406297
2023-11-17,0.34630742872965065,0.25323439999999214
2023-11-20,0.8819845360408295,0.8933053360408294
2023-11-21,-0.8802179999999995,-0.83643937232956
2023-11-22,0.3842800037410858,0.38545949999999973
2023-11-23,-0.07409994000000297,-0.07492945500124198
2023-11-24,0.9516053556269407,0.8812135759705991
2023-11-27,-0.04536932518317226,-0.24216654000001317
2023-11-28,-0.47863637447256346,-0.465690932195266
2023-11-29,-1.2530282648822966,-1.289973819999992
2023-11-30,-1.1390976376493265,-1.0490976376493266
2023-12-01,1.1778281999999989,1.187828199999999
2023-12-04,-2.176700399999993,-2.151700399999993
2023-12-05,0.4905460773639722,0.5214240294515556
2023-12-06,1.0261968263314738,0.982976200000002
2023-12-07,-1.69166052999979,-1.6209921698343546
2023-12-08,1.4259018247750794,1.6494522199997816
2023-12-11,-0.001812534687427531,0.02927500339124453
2023-12-12,0.6838871209279046,0.6973808477822204
2023-12-13,0.41648048000021837,0.3545379223451563
2023-12-14,0.17160958454852285,0.17607236250955435
2023-12-15,-0.40472221668540065,-0.28764762723440135
2023-12-18,0.39053811131490984,0.1282644571762742
2023-12-19,1.2946931200000014,1.090531108373122
2023-12-20,-0.6105798199554364,-0.5537439199999938
2023-12-21,0.0801378000000083,0.16632204246469653
2023-12-22,0.19190610855287996,0.23247475905252163
2023-12-25,0.0,0.0
2023-12-26,0.05474999999999427,0.16474999999999426
2023-12-27,1.0130788000002449,0.9480788000002449
2023-12-28,-0.09081797850548774,-0.12081797850548773
2023-12-29,-0.1651485593699204,-0.20244702754461869
2024-01-01,-0.0021117889055221237,-0.0062516852324016
2024-01-02,0.022655640000013,-0.15341775999997562
2024-01-03,-1.0773436400000032,-1.0480697921793964
2024-01-04,0.6194203632297524,0.6486986400002811
2024-01-05,2.019770848201276,1.8684802482012761
2024-01-08,1.967341200000014,1.9251716800000136
2024-01-09,-1.9093833999999963,-1.914428199999996
2024-01-10,0.22224598000030302,0.18910724000030296
2024-01-11,0.6457563999997009,0.4775170904280516
2024-01-12,1.8747018131557371,2.010925113155737
2024-01-15,-0.36001443999999827,-0.44444562859275677
2024-01-16,-2.7692853885497386,-2.768511802045543
2024-01-17,-0.5444246600336328,-0.5370356127564088
2024-01-18,1.0162478399997759,1.0238702336070713
2024-01-19,0.8748090398404423,0.8821808156509501
2024-01-22,-0.12736354000001346,-0.11972404364612407
2024-01-23,-1.1857609252821242,-1.1784236500002327
2024-01-24,1.3421744999999752,1.4298401642333058
2024-01-25,0.14366112000000958,0.14366112000000958
2024-01-26,1.8090805600000177,1.8090805600000177
2024-01-29,-0.36626292000000776,-0.36626292000000776
2024-01-30,-0.2539168599999965,-0.2539168599999965
2024-01-31,-0.47407658698679606,-0.481381827594072
2024-02-01,0.6641310600002641,0.6241310600002641
2024-02-02,0.14250599999998756,0.13250599999998758
2024-02-05,0.13704697495787044,0.15615575999973738
2024-02-06,1.0649791600002623,1.1349791600002703
2024-02-07,0.29393196000000055,0.20893196000000397
2024-02-08,0.03764570343718566,-0.07951752238218596
2024-02-09,1.6086450531753098,1.5957732088901802
2024-02-12,-0.034333139999995245,0.0006668600000053175
2024-02-13,-2.3905724000002864,-2.5876919837630803
2024-02-14,2.5127715052031636,2.5907822697843326
2024-02-15,2.556457204111483,2.4107132335173684
2024-02-16,0.4278914498140707,0.4569693999997222
2024-02-19,0.10763549999999716,0.10763549999999716
2024-02-20,-1.603024539999994,-1.491127268583199
2024-02-21,2.0583712645492103,1.9195534715577716
2024-02-22,1.8021165400002939,1.7471165400002888
2024-02-23,0.8255589599997,0.8205589599996983
2024-02-26,-0.9693573121023962,-0.8493573121023922
2024-02-27,0.2886234980975647,0.3753187800003009
2024-02-28,-1.534093060000319,-1.504093060000318
2024-02-29,0.7717616071899988,0.7788729400000136
2024-03-01,1.4449147000003393,1.513803079700449
2024-03-04,0.18676892999999975,0.1517689300000032
2024-03-05,0.14337576568986116,0.20837576568985888
2024-03-06,0.5780110922668368,0.6130110922668335
2024-03-07,0.30430524999999436,0.3443052500000006
2024-03-08,-0.45931056766342715,-0.4343105676634357
2024-03-11,-1.2891875200000007,-1.3241875199999973
2024-03-12,2.0523934099999956,1.9873934099999981
2024-03-13,2.25834669,2.228346689999999
2024-03-14,0.22230648000000516,0.08230648000000461
2024-03-15,-0.4627426792108015,-0.5027426792108077
2024-03-18,-1.655777741756655,-1.6607777417566507
2024-03-19,0.4536524000000012,0.49365240000000743
2024-03-20,1.8040641400000081,1.82906414
2024-03-21,-0.05389912535340347,-0.0577846955545864
2024-03-22,-0.36368153999998126,-0.36368153999998126
2024-03-25,1.9738690599999869,1.9738690599999869
2024-03-26,2.3156514799999948,2.3111685805922066
2024-03-27,2.641551849999995,2.756551849999995
2024-03-28,-3.4735285843999777,-3.7835285843999773
