,baseline,normmom_sub
1972-10-18,0.0,0.0
1972-10-19,0.0,0.0
1972-10-20,0.0,0.0
1972-10-23,0.0,0.0
1972-10-24,0.0,0.0
1972-10-25,0.0,0.0
1972-10-26,0.0,0.0
1972-10-27,0.0,0.0
1972-10-30,0.0,0.0
1972-10-31,0.0,0.0
1972-11-01,0.0,0.0
1972-11-02,0.0,0.0
1972-11-03,-0.06499999999999773,-0.06759999999999765
1972-11-06,-0.7398000000000025,-0.8220000000000027
1972-11-07,0.0,0.0
1972-11-08,0.64,0.76
1972-11-09,-0.17,-0.21
1972-11-10,-0.35,-0.46
1972-11-13,2.0436000000000036,2.6724000000000045
1972-11-14,-0.31080000000000385,-0.42180000000000517
1972-11-15,1.26,1.71
1972-11-16,-1.47,-2.03
1972-11-17,0.215,0.305
1972-11-20,-1.54,-2.205
1972-11-21,0.8004000000000042,1.1832000000000062
1972-11-22,-0.235,-0.35
1972-11-23,0.0,0.0
1972-11-24,1.4075999999999953,2.0147999999999935
1972-11-27,1.56,2.22
1972-11-28,-1.35,-1.85
1972-11-29,-2.342999999999995,-3.1523999999999934
1972-11-30,3.283199999999995,4.319999999999993
1972-12-01,3.135,4.125
1972-12-04,6.555,8.51
1972-12-05,0.57,0.72
1972-12-06,-3.0,-3.6
1972-12-07,1.25,1.5
1972-12-08,2.5,3.0
1972-12-11,-2.5,-3.0
1972-12-12,1.0,1.2
1972-12-13,-2.5,-3.0
1972-12-14,-0.51,-0.6
1972-12-15,-1.275,-1.5
1972-12-18,-6.36,-7.2
1972-12-19,1.08,1.2
1972-12-20,3.947400000000004,4.411800000000005
1972-12-21,1.1525999999999954,1.288199999999995
1972-12-22,-2.5,-2.75
1972-12-25,0.0,0.0
1972-12-26,0.5,0.55
1972-12-27,-0.12999999999999545,-0.142999999999995
1972-12-28,0.0,0.0
1972-12-29,2.25,2.475
1973-01-01,0.0,0.0
1973-01-02,-2.25,-2.475
1973-01-03,0.37999999999999545,0.417999999999995
1973-01-04,-2.5,-2.75
1973-01-05,-1.5,-1.65
1973-01-08,-2.5,-2.75
1973-01-09,2.0,2.2
1973-01-10,1.5,1.65
1973-01-11,-5.25,-5.775
1973-01-12,-0.75,-0.825
1973-01-15,0.0,0.0
1973-01-16,2.370000000000004,2.559600000000005
1973-01-17,-1.6200000000000045,-1.7496000000000052
1973-01-18,-0.5,-0.54
1973-01-19,0.75,0.81
1973-01-22,0.75,0.81
1973-01-23,2.0,2.16
1973-01-24,0.75,0.81
1973-01-25,0.0,0.0
1973-01-26,-3.25,-3.51
1973-01-29,-0.75,-0.81
1973-01-30,-0.5,-0.54
1973-01-31,0.5,0.54
1973-02-01,-2.25,-2.475
1973-02-02,2.0,2.28
1973-02-05,1.5,1.71
1973-02-06,-1.75,-1.995
1973-02-07,-0.5,-0.58
1973-02-08,0.0,0.0
1973-02-09,1.25,1.475
1973-02-12,3.315,3.9
1973-02-13,1.275,1.525
1973-02-14,-2.6825999999999954,-3.2085999999999943
1973-02-15,0.6551999999999952,0.7811999999999945
1973-02-16,1.3,1.55
1973-02-19,0.0,0.0
1973-02-20,1.1,1.3
1973-02-21,5.5,6.5
1973-02-22,2.28,2.64
1973-02-23,-3.135,-3.63
1973-02-26,-1.16,-1.32
1973-02-27,-0.87,-0.99
1973-02-28,1.8,2.04
1973-03-01,6.2,7.0
1973-03-02,-2.56,-2.92
1973-03-05,3.0336000000000056,3.4602000000000066
1973-03-06,0.1663999999999942,0.18979999999999336
1973-03-07,0.64,0.73
1973-03-08,-4.02,-4.44
1973-03-09,1.05,1.17
1973-03-12,-3.5,-3.9
1973-03-13,-0.7,-0.78
1973-03-14,1.75,1.95
1973-03-15,1.4,1.56
1973-03-16,0.36,0.395
1973-03-19,-2.59,-2.835
1973-03-20,1.14,1.26
1973-03-21,0.38,0.42
1973-03-22,4.62,5.1
1973-03-23,-2.8,-3.08
1973-03-26,-1.2,-1.32
1973-03-27,-2.8,-3.08
1973-03-28,3.3920000000000075,3.731200000000008
1973-03-29,0.20799999999999272,0.228799999999992
1973-03-30,0.8,0.88
1973-04-02,9.02,9.79
1973-04-03,-3.36,-3.64
1973-04-04,2.52,2.64
1973-04-05,-2.3183999999999925,-2.4287999999999923
1973-04-06,-1.26,-1.32
1973-04-09,5.88,6.16
1973-04-10,-2.3016000000000076,-2.411200000000008
1973-04-11,-1.0583999999999922,-1.108799999999992
1973-04-12,2.52,2.64
1973-04-13,0.21839999999999238,0.228799999999992
1973-04-16,2.94,3.08
1973-04-17,-1.26,-1.32
1973-04-18,5.04,5.4
1973-04-19,1.29,1.38
1973-04-20,0.0,0.0
1973-04-23,4.4,4.7
1973-04-24,-3.96,-4.23
1973-04-25,7.2,7.52
1973-04-26,-6.75,-7.05
1973-04-27,-0.9,-0.94
1973-04-30,8.7,8.9
1973-05-01,8.265,8.455
1973-05-02,-5.74,-5.81
1973-05-03,5.2,5.2
1973-05-04,-0.38,-0.385
1973-05-07,6.46,6.545
1973-05-08,1.9,1.925
1973-05-09,0.76,0.77
1973-05-10,-9.12,-9.24
1973-05-11,0.79,0.8
1973-05-14,3.0,3.0
1973-05-15,0.375,0.375
1973-05-16,-3.75,-3.75
1973-05-17,-1.125,-1.125
1973-05-18,6.375,6.375
1973-05-21,11.625,11.625
1973-05-22,1.875,1.875
1973-05-23,1.08,1.08
1973-05-24,1.8,1.8
1973-05-25,11.88,11.88
1973-05-28,0.0,0.0
1973-05-29,12.0,11.84
1973-05-30,-11.25,-11.1
1973-05-31,3.75,3.7
1973-06-01,6.6,6.6
1973-06-04,13.53,13.53
1973-06-05,13.2,13.2
1973-06-06,-12.8,-13.0
1973-06-07,-12.2,-12.2
1973-06-08,4.24,4.24
1973-06-11,9.042800000000003,9.235200000000004
1973-06-12,2.0021999999999958,2.0447999999999955
1973-06-13,-2.82,-2.88
1973-06-14,-9.165,-9.36
1973-06-15,-7.285,-7.44
1973-06-18,8.97,9.165
1973-06-19,3.74,3.91
1973-06-20,-5.88,-6.16
1973-06-21,5.46,5.72
1973-06-22,-5.46,-5.72
1973-06-25,1.89,1.98
1973-06-26,-6.3,-6.6
1973-06-27,-0.63,-0.66
1973-06-28,-8.299199999999995,-8.694399999999996
1973-06-29,5.779199999999996,6.054399999999996
1973-07-02,8.2,9.02
1973-07-03,0.585,0.645
1973-07-04,0.0,0.0
1973-07-05,-7.03,-7.79
1973-07-06,1.85,2.05
1973-07-09,0.925,1.025
1973-07-10,-3.33,-3.69
1973-07-11,7.673800000000003,8.503400000000005
1973-07-12,1.2061999999999968,1.3365999999999962
1973-07-13,4.44,4.92
1973-07-16,6.29,6.97
1973-07-17,-3.885,-4.305
1973-07-18,1.11,1.26
1973-07-19,7.77,8.82
1973-07-20,7.4,8.6
1973-07-23,5.92,6.88
1973-07-24,-3.7,-4.3
1973-07-25,6.84,7.74
1973-07-26,4.68,5.16
1973-07-27,-8.0,-8.6
1973-07-30,8.61,9.03
1973-07-31,8.2,8.4
1973-08-01,-2.87,-2.94
1973-08-02,-1.23,-1.26
1973-08-03,7.79,7.98
1973-08-06,8.2,8.4
1973-08-07,8.2,8.4
1973-08-08,7.79,7.98
1973-08-09,-2.05,-2.1
1973-08-10,7.79,7.98
1973-08-13,8.2,8.4
1973-08-14,8.2,8.4
1973-08-15,-8.2,-8.4
1973-08-16,-8.2,-8.4
1973-08-17,-1.2,-1.2
1973-08-20,-3.8,-3.8
1973-08-21,-7.22,-7.22
1973-08-22,-7.6,-7.6
1973-08-23,-7.4,-7.4
1973-08-24,7.2,7.2
1973-08-27,-7.38,-7.38
1973-08-28,-7.0,-7.0
1973-08-29,0.525,0.525
1973-08-30,-8.16,-8.16
1973-08-31,0.68,0.68
1973-09-03,0.0,0.0
1973-09-04,-5.78,-5.78
1973-09-05,-6.8,-6.8
1973-09-06,3.74,3.74
1973-09-07,7.26,7.48
1973-09-10,-2.31,-2.38
1973-09-11,2.79,3.06
1973-09-12,-5.735,-6.29
1973-09-13,1.395,1.53
1973-09-14,5.1,5.78
1973-09-17,6.15,6.97
1973-09-18,-5.8,-6.8
1973-09-19,-0.435,-0.51
1973-09-20,0.84,1.02
1973-09-21,-1.4,-1.7
1973-09-24,5.88,7.14
1973-09-25,1.4,1.7
1973-09-26,-5.04,-6.12
1973-09-27,-0.84,-1.02
1973-09-28,1.12,1.36
1973-10-01,-2.52,-3.06
1973-10-02,-3.36,-4.2
1973-10-03,5.32,6.84
1973-10-04,-4.48,-5.76
1973-10-05,0.84,1.08
1973-10-08,0.0,0.0
1973-10-09,5.88,7.56
1973-10-10,4.2,5.4
1973-10-11,0.56,0.72
1973-10-12,-5.88,-7.56
1973-10-15,-5.6,-7.2
1973-10-16,-1.82,-2.34
1973-10-17,2.94,3.675
1973-10-18,0.28,0.35
1973-10-19,-1.96,-2.45
1973-10-22,-2.24,-2.8
1973-10-23,0.0,0.0
1973-10-24,0.84,1.05
1973-10-25,2.8,3.5
1973-10-26,-3.64,-4.55
1973-10-29,-5.6,-7.0
1973-10-30,0.0,0.0
1973-10-31,1.4,1.75
1973-11-01,0.84,1.05
1973-11-02,-0.28,-0.35
1973-11-05,1.4,1.75
1973-11-06,-1.82,-2.275
1973-11-07,0.435,0.525
1973-11-08,0.725,0.875
1973-11-09,0.15,0.18
1973-11-12,3.6,4.32
1973-11-13,1.085,1.295
1973-11-14,-1.24,-1.48
1973-11-15,0.495,0.585
1973-11-16,0.34,0.4
1973-11-19,2.16,2.52
1973-11-20,7.4,8.6
1973-11-21,3.12,3.6
1973-11-22,0.0,0.0
1973-11-23,-1.56,-1.8
1973-11-26,-7.02,-8.1
1973-11-27,0.39,0.45
1973-11-28,7.8,9.0
1973-11-29,2.73,3.15
1973-11-30,-1.95,-2.25
1973-12-03,-2.145,-2.475
1973-12-04,3.705,4.275
1973-12-05,-5.265,-6.075
1973-12-06,4.2,4.725
1973-12-07,1.0,1.125
1973-12-10,0.2,0.225
1973-12-11,6.355,6.975
1973-12-12,-3.78,-4.14
1973-12-13,1.26,1.38
1973-12-14,0.63,0.69
1973-12-17,1.72,1.84
1973-12-18,-4.725,-4.935
1973-12-19,2.76,2.88
1973-12-20,0.0,0.0
1973-12-21,-1.41,-1.44
1973-12-24,0.0,0.0
1973-12-25,0.0,0.0
1973-12-26,-5.39,-5.5
1973-12-27,3.185,3.25
1973-12-28,-0.735,-0.75
1973-12-31,-2.0,-2.04
1974-01-01,0.0,0.0
1974-01-02,3.825,3.975
1974-01-03,-1.04,-1.06
1974-01-04,3.38,3.445
1974-01-07,7.685,7.83
1974-01-08,2.16,2.2
1974-01-09,-7.02,-7.15
1974-01-10,10.26,10.45
1974-01-11,-1.89,-1.925
1974-01-14,3.38,3.445
1974-01-15,1.56,1.59
1974-01-16,1.3,1.325
1974-01-17,4.16,4.24
1974-01-18,-2.6,-2.65
1974-01-21,-0.795,-0.795
1974-01-22,-6.625,-6.625
1974-01-23,-4.86,-4.86
1974-01-24,1.89,1.89
1974-01-25,10.8,10.8
1974-01-28,-0.54,-0.54
1974-01-29,-3.975,-3.975
1974-01-30,2.12,2.12
1974-01-31,1.59,1.59
1974-02-01,0.53,0.53
1974-02-04,-1.325,-1.325
1974-02-05,-1.325,-1.325
1974-02-06,-1.06,-1.06
1974-02-07,1.89,1.89
1974-02-08,4.675,4.675
1974-02-11,4.76,4.76
1974-02-12,0.0,0.0
1974-02-13,-4.275,-4.275
1974-02-14,3.99,3.99
1974-02-15,3.42,3.42
1974-02-18,0.0,0.0
1974-02-19,11.6,11.6
1974-02-20,8.7,8.7
1974-02-21,1.45,1.45
1974-02-22,10.44,10.44
1974-02-25,11.6,11.6
1974-02-26,-0.87,-0.87
1974-02-27,-11.2,-11.2
1974-02-28,-11.2,-11.2
1974-03-01,8.75,8.75
1974-03-04,-9.2,-9.2
1974-03-05,-9.0,-9.0
1974-03-06,-3.78,-3.78
1974-03-07,7.995,7.995
1974-03-08,-8.2,-8.2
1974-03-11,-2.4,-2.4
1974-03-12,4.68,4.68
1974-03-13,-1.755,-1.755
1974-03-14,-1.56,-1.56
1974-03-15,-7.8,-7.8
1974-03-18,3.705,3.705
1974-03-19,-0.39,-0.39
1974-03-20,-2.73,-2.73
1974-03-21,0.0,0.0
1974-03-22,1.755,1.755
1974-03-25,-7.605,-7.8
1974-03-26,0.0,0.0
1974-03-27,-6.63,-6.8
1974-03-28,1.17,1.2
1974-03-29,-0.76,-0.8
1974-04-01,-7.6,-8.0
1974-04-02,-7.6,-8.0
1974-04-03,7.2,8.0
1974-04-04,-4.25,-4.75
1974-04-05,-1.395,-1.575
1974-04-08,1.35,1.575
1974-04-09,4.05,4.725
1974-04-10,0.3,0.35
1974-04-11,-4.06,-4.76
1974-04-12,0.0,0.0
1974-04-15,5.8,6.8
1974-04-16,-2.175,-2.55
1974-04-17,-1.595,-1.87
1974-04-18,0.58,0.68
1974-04-19,0.58,0.68
1974-04-22,0.725,0.85
1974-04-23,-0.435,-0.51
1974-04-24,2.32,2.72
1974-04-25,5.8,6.8
1974-04-26,-1.305,-1.53
1974-04-29,-3.915,-4.455
1974-04-30,0.58,0.66
1974-05-01,-4.35,-4.95
1974-05-02,0.87,0.99
1974-05-03,-3.77,-4.29
1974-05-06,-5.8,-6.6
1974-05-07,0.0,0.0
1974-05-08,1.74,1.86
1974-05-09,-1.16,-1.24
1974-05-10,3.19,3.3
1974-05-13,2.175,2.25
1974-05-14,-1.68,-1.8
1974-05-15,1.12,1.2
1974-05-16,2.94,3.15
1974-05-17,0.56,0.6
1974-05-20,-4.76,-5.1
1974-05-21,2.38,2.55
1974-05-22,-1.96,-2.1
1974-05-23,-1.68,-1.8
1974-05-24,0.28,0.3
1974-05-27,0.0,0.0
1974-05-28,1.54,1.65
1974-05-29,4.62,4.95
1974-05-30,-1.82,-1.95
1974-05-31,-4.2,-4.5
1974-06-03,-2.38,-2.55
1974-06-04,1.12,1.2
1974-06-05,3.64,3.9
1974-06-06,-0.98,-1.05
1974-06-07,2.24,2.32
1974-06-10,-0.56,-0.58
1974-06-11,-1.68,-1.74
1974-06-12,2.1,2.175
1974-06-13,-0.7,-0.725
1974-06-14,-0.28,-0.29
1974-06-17,5.46,5.655
1974-06-18,-1.96,-2.03
1974-06-19,4.2,4.35
1974-06-20,0.84,0.87
1974-06-21,5.6,5.8
1974-06-24,5.8,6.0
1974-06-25,-4.64,-4.8
1974-06-26,5.8,6.0
1974-06-27,-1.595,-1.65
1974-06-28,-0.87,-0.9
1974-07-01,6.0,6.2
1974-07-02,0.0,0.0
1974-07-03,2.48,2.56
1974-07-04,0.0,0.0
1974-07-05,-0.7,-0.72
1974-07-08,7.0,7.2
1974-07-09,-4.86,-4.86
1974-07-10,-5.22,-5.365
1974-07-11,1.98,2.035
1974-07-12,6.3,6.475
1974-07-15,6.48,6.66
1974-07-16,-2.16,-2.22
1974-07-17,-0.54,-0.555
1974-07-18,7.4,7.8
1974-07-19,7.6,8.0
1974-07-22,-1.14,-1.2
1974-07-23,6.27,6.6
1974-07-24,7.8,8.0
1974-07-25,7.8,8.0
1974-07-26,7.8,8.0
1974-07-29,7.8,8.0
1974-07-30,-7.41,-7.6
1974-07-31,7.605,7.8
1974-08-01,-7.8,-8.0
1974-08-02,-7.8,-8.0
1974-08-05,-5.55,-5.55
1974-08-06,6.84,6.84
1974-08-07,7.0,7.0
1974-08-08,-1.4,-1.4
1974-08-09,-7.0,-7.0
1974-08-12,-7.0,-7.0
1974-08-13,7.0,7.0
1974-08-14,6.8,6.8
1974-08-15,-3.74,-3.74
1974-08-16,6.8,6.8
1974-08-19,-2.38,-2.38
1974-08-20,-6.8,-6.8
1974-08-21,-1.02,-1.02
1974-08-22,6.8,6.8
1974-08-23,4.08,4.08
1974-08-26,-6.8,-6.8
1974-08-27,-6.12,-6.12
1974-08-28,3.91,3.91
1974-08-29,-3.91,-3.91
1974-08-30,-0.85,-0.85
1974-09-02,0.0,0.0
1974-09-03,-6.8,-6.8
1974-09-04,-3.91,-3.91
1974-09-05,5.44,5.44
1974-09-06,2.38,2.38
1974-09-09,6.8,6.8
1974-09-10,-2.21,-2.21
1974-09-11,3.23,3.23
1974-09-12,4.76,4.76
1974-09-13,-3.91,-3.91
1974-09-16,-6.8,-6.8
1974-09-17,-2.89,-2.89
1974-09-18,1.87,1.87
1974-09-19,2.89,2.89
1974-09-20,-1.36,-1.36
1974-09-23,6.8,7.0
1974-09-24,6.8,7.0
1974-09-25,-2.72,-2.8
1974-09-26,6.8,7.0
1974-09-27,6.8,7.0
1974-09-30,6.8,7.0
1974-10-01,-6.8,-7.0
1974-10-02,5.1,5.25
1974-10-03,6.8,7.0
1974-10-04,-0.85,-0.875
1974-10-07,-6.8,-7.0
1974-10-08,-6.8,-7.0
1974-10-09,3.57,3.675
1974-10-10,4.59,4.725
1974-10-11,-4.93,-5.075
1974-10-14,6.46,6.65
1974-10-15,0.17,0.175
1974-10-16,-1.36,-1.4
1974-10-17,-3.91,-4.025
1974-10-18,-1.36,-1.4
1974-10-21,3.06,3.15
1974-10-22,1.36,1.4
1974-10-23,-4.2,-4.2
1974-10-24,-3.85,-3.85
1974-10-25,-2.45,-2.45
1974-10-28,1.925,1.925
1974-10-29,5.94,5.94
1974-10-30,0.555,0.555
1974-10-31,-0.555,-0.555
1974-11-01,-2.96,-2.96
1974-11-04,-1.52,-1.52
1974-11-05,0.0,0.0
1974-11-06,-2.34,-2.34
1974-11-07,-0.39,-0.39
1974-11-08,0.585,0.585
1974-11-11,2.0,2.0
1974-11-12,-5.125,-5.125
1974-11-13,-0.41,-0.41
1974-11-14,1.23,1.23
1974-11-15,-3.99,-3.99
1974-11-18,-8.6,-8.6
1974-11-19,-4.73,-4.73
1974-11-20,8.385,8.385
1974-11-21,-8.6,-8.6
1974-11-22,3.44,3.44
1974-11-25,-1.23,-1.26
1974-11-26,3.28,3.36
1974-11-27,1.23,1.26
1974-11-28,0.0,0.0
1974-11-29,2.665,2.73
1974-12-02,-1.23,-1.26
1974-12-03,2.665,2.73
1974-12-04,-6.97,-7.14
1974-12-05,1.025,1.05
1974-12-06,-7.175,-7.35
1974-12-09,-4.715,-4.83
1974-12-10,2.255,2.31
1974-12-11,0.8,0.82
1974-12-12,-0.8,-0.82
1974-12-13,-3.2,-3.28
1974-12-16,-4.8,-4.92
1974-12-17,-4.0,-4.1
1974-12-18,3.6,3.69
1974-12-19,-0.6,-0.6
1974-12-20,-0.57,-0.57
1974-12-23,-4.56,-4.56
1974-12-24,-0.76,-0.76
1974-12-25,0.0,0.0
1974-12-26,-6.08,-6.08
1974-12-27,4.56,4.56
1974-12-30,-2.22,-2.28
1974-12-31,2.1,2.16
1975-01-01,0.0,0.0
1975-01-02,4.08,4.32
1975-01-03,-1.02,-1.08
1975-01-06,2.89,3.06
1975-01-07,-4.25,-4.5
1975-01-08,-1.53,-1.62
1975-01-09,0.17,0.175
1975-01-10,1.53,1.575
1975-01-13,-2.21,-2.275
1975-01-14,-0.85,-0.875
1975-01-15,-0.68,-0.7
1975-01-16,-0.51,-0.525
1975-01-17,-6.8,-7.0
1975-01-20,-5.1,-5.25
1975-01-21,5.775,5.6
1975-01-22,-4.03,-3.9
1975-01-23,5.46,5.46
1975-01-24,2.52,2.43
1975-01-27,-3.64,-3.64
1975-01-28,2.6,2.6
1975-01-29,2.73,2.625
1975-01-30,-1.43,-1.375
1975-01-31,-1.04,-1.0
1975-02-03,-1.17,-1.125
1975-02-04,2.47,2.375
1975-02-05,-1.17,-1.125
1975-02-06,0.13,0.125
1975-02-07,1.3,1.25
1975-02-10,-2.21,-2.125
1975-02-11,0.52,0.5
1975-02-12,-0.78,-0.75
1975-02-13,0.26,0.25
1975-02-14,0.13,0.125
1975-02-17,0.0,0.0
1975-02-18,-1.35,-1.25
1975-02-19,-5.4,-5.0
1975-02-20,-2.16,-2.0
1975-02-21,-2.025,-1.875
1975-02-24,1.08,1.0
1975-02-25,-1.62,-1.5
1975-02-26,-1.89,-1.75
1975-02-27,-3.915,-3.625
1975-02-28,-2.6,-2.4
1975-03-03,3.75,3.3
1975-03-04,-1.68,-1.47
1975-03-05,2.31,2.1
1975-03-06,2.42,2.09
1975-03-07,-1.995,-1.805
1975-03-10,-0.105,-0.095
1975-03-11,4.2,3.8
1975-03-12,1.155,1.045
1975-03-13,-3.465,-3.135
1975-03-14,-1.26,-1.14
1975-03-17,0.63,0.57
1975-03-18,-0.84,-0.76
1975-03-19,0.315,0.285
1975-03-20,0.42,0.38
1975-03-21,3.99,3.61
1975-03-24,-1.155,-1.045
1975-03-25,0.63,0.57
1975-03-26,3.675,3.325
1975-03-27,-2.31,-2.09
1975-03-28,0.0,0.0
1975-03-31,2.625,2.375
1975-04-01,-0.21,-0.19
1975-04-02,-1.05,-0.95
1975-04-03,-1.365,-1.3
1975-04-04,1.21,1.155
1975-04-07,-0.805,-0.735
1975-04-08,1.265,1.21
1975-04-09,0.96,0.88
1975-04-10,-4.68,-4.29
1975-04-11,-0.875,-0.805
1975-04-14,-1.625,-1.495
1975-04-15,-1.375,-1.265
1975-04-16,0.0,0.0
1975-04-17,2.25,2.07
1975-04-18,-1.625,-1.495
1975-04-21,0.25,0.23
1975-04-22,-2.125,-1.955
1975-04-23,1.375,1.265
1975-04-24,2.125,1.955
1975-04-25,2.5,2.3
1975-04-28,-0.125,-0.115
1975-04-29,-3.5,-3.22
1975-04-30,-1.0,-0.92
1975-05-01,-5.0,-4.6
1975-05-02,0.125,0.115
1975-05-05,-1.75,-1.61
1975-05-06,2.75,2.53
1975-05-07,-1.75,-1.61
1975-05-08,-0.375,-0.345
1975-05-09,-1.625,-1.43
1975-05-12,1.875,1.65
1975-05-13,1.2,1.05
1975-05-14,-0.48,-0.42
1975-05-15,-0.96,-0.84
1975-05-16,-0.84,-0.735
1975-05-19,2.88,2.52
1975-05-20,0.72,0.6
1975-05-21,1.44,1.2
1975-05-22,-1.44,-1.2
1975-05-23,-0.96,-0.8
1975-05-26,0.0,0.0
1975-05-27,-3.6,-3.0
1975-05-28,0.48,0.4
1975-05-29,-0.96,-0.8
1975-05-30,0.48,0.4
1975-06-02,-1.92,-1.6
1975-06-03,0.84,0.7
1975-06-04,0.24,0.2
1975-06-05,-0.84,-0.7
1975-06-06,-0.12,-0.1
1975-06-09,1.265,1.1
1975-06-10,-0.69,-0.6
1975-06-11,0.115,0.1
1975-06-12,-0.345,-0.3
1975-06-13,1.84,1.6
1975-06-16,2.07,1.8
1975-06-17,2.53,2.2
1975-06-18,-1.38,-1.26
1975-06-19,-0.345,-0.33
1975-06-20,2.875,3.0
1975-06-23,-2.3,-2.5
1975-06-24,0.46,0.52
1975-06-25,-1.955,-2.295
1975-06-26,-1.495,-1.82
1975-06-27,-2.53,-3.08
1975-06-30,-0.92,-1.12
1975-07-01,0.575,0.7
1975-07-02,1.38,1.68
1975-07-03,1.84,2.24
1975-07-04,0.0,0.0
1975-07-07,-1.15,-1.4
1975-07-08,4.6,5.6
1975-07-09,1.38,1.68
1975-07-10,0.23,0.28
1975-07-11,4.485,5.46
1975-07-14,-2.28,-2.66
1975-07-15,2.04,2.465
1975-07-16,2.625,3.045
1975-07-17,-3.77,-4.495
1975-07-18,-3.375,-4.0
1975-07-21,4.455,5.28
1975-07-22,-1.62,-1.92
1975-07-23,-2.16,-2.56
1975-07-24,4.32,5.12
1975-07-25,2.97,3.52
1975-07-28,5.4,6.4
1975-07-29,5.265,6.24
1975-07-30,-5.4,-6.4
1975-07-31,-1.4,-1.6
1975-08-01,2.38,2.72
1975-08-04,4.48,5.12
1975-08-05,-1.12,-1.28
1975-08-06,3.77,4.29
1975-08-07,6.0,6.8
1975-08-08,-2.79,-3.15
1975-08-11,-1.12,-1.225
1975-08-12,5.76,6.48
1975-08-13,3.3,3.7
1975-08-14,3.4,3.7
1975-08-15,1.225,1.365
1975-08-18,-5.55,-6.15
1975-08-19,5.46,5.88
1975-08-20,6.435,6.93
1975-08-21,-3.51,-3.78
1975-08-22,0.2,0.21
1975-08-25,-1.6,-1.68
1975-08-26,-8.2,-8.4
1975-08-27,3.28,3.36
1975-08-28,-4.92,-5.04
1975-08-29,-4.51,-4.62
1975-09-01,0.0,0.0
1975-09-02,-5.945,-6.09
1975-09-03,1.845,1.89
1975-09-04,-0.205,-0.21
1975-09-05,2.05,2.1
1975-09-08,-2.665,-2.73
1975-09-09,-6.56,-6.72
1975-09-10,3.28,3.36
1975-09-11,-1.845,-1.89
1975-09-12,8.2,8.4
1975-09-15,0.205,0.21
1975-09-16,4.68,5.04
1975-09-17,7.02,7.56
1975-09-18,-3.51,-3.78
1975-09-19,-1.56,-1.68
1975-09-22,-3.12,-3.36
1975-09-23,-3.12,-3.36
1975-09-24,1.365,1.47
1975-09-25,1.755,1.89
1975-09-26,0.975,1.05
1975-09-29,-2.73,-3.01
1975-09-30,0.195,0.22
1975-10-01,2.34,2.64
1975-10-02,-7.6,-8.55
1975-10-03,1.64,1.84
1975-10-06,-1.025,-1.15
1975-10-07,1.23,1.38
1975-10-08,1.025,1.15
1975-10-09,-0.205,-0.23
1975-10-10,0.205,0.23
1975-10-13,-6.15,-6.9
1975-10-14,2.87,3.36
1975-10-15,-2.87,-3.36
1975-10-16,2.05,2.4
1975-10-17,-2.87,-3.36
1975-10-20,1.23,1.44
1975-10-21,-3.69,-4.32
1975-10-22,2.05,2.4
1975-10-23,1.23,1.44
1975-10-24,-0.615,-0.72
1975-10-27,-3.895,-4.56
1975-10-28,0.41,0.48
1975-10-29,1.845,2.16
1975-10-30,1.435,1.68
1975-10-31,-1.64,-1.92
1975-11-03,-8.2,-9.6
1975-11-04,0.41,0.48
1975-11-05,2.0,2.15
1975-11-06,-2.4,-2.52
1975-11-07,0.0,0.0
1975-11-10,-0.195,-0.21
1975-11-11,-2.145,-2.31
1975-11-12,-1.755,-1.89
1975-11-13,0.975,1.025
1975-11-14,2.145,2.255
1975-11-17,-1.52,-1.6
1975-11-18,-2.47,-2.6
1975-11-19,-2.47,-2.6
1975-11-20,0.185,0.195
1975-11-21,3.7,3.8
1975-11-24,6.12,6.29
1975-11-25,-2.8,-2.88
1975-11-26,0.825,0.85
1975-11-27,0.0,0.0
1975-11-28,-0.825,-0.85
1975-12-01,0.66,0.68
1975-12-02,-0.165,-0.17
1975-12-03,-0.495,-0.51
1975-12-04,3.3,3.4
1975-12-05,-2.475,-2.55
1975-12-08,-2.64,-2.72
1975-12-09,1.815,1.87
1975-12-10,-1.32,-1.36
1975-12-11,0.33,0.34
1975-12-12,-4.785,-4.93
1975-12-15,-0.825,-0.85
1975-12-16,1.98,2.04
1975-12-17,2.31,2.38
1975-12-18,-0.99,-1.02
1975-12-19,1.155,1.19
1975-12-22,0.99,1.02
1975-12-23,-2.31,-2.38
1975-12-24,-0.33,-0.34
1975-12-25,0.0,0.0
1975-12-26,0.0,0.0
1975-12-29,-1.815,-1.87
1975-12-30,0.165,0.17
1975-12-31,2.805,2.89
1976-01-01,0.0,0.0
1976-01-02,-1.32,-1.36
1976-01-05,1.32,1.36
1976-01-06,0.0,0.0
1976-01-07,2.97,3.06
1976-01-08,0.495,0.51
1976-01-09,-1.485,-1.53
1976-01-12,1.815,1.925
1976-01-13,0.495,0.54
1976-01-14,-0.165,-0.185
1976-01-15,-0.66,-0.78
1976-01-16,0.165,0.205
1976-01-19,1.155,1.47
1976-01-20,0.0,0.0
1976-01-21,-1.75,-2.2
1976-01-22,-1.11,-1.38
1976-01-23,1.11,1.38
1976-01-26,-7.4,-9.2
1976-01-27,3.04,3.76
1976-01-28,1.08,1.23
1976-01-29,0.35,0.4
1976-01-30,1.05,1.2
1976-02-02,1.75,2.0
1976-02-03,-0.35,-0.4
1976-02-04,-0.875,-1.0
1976-02-05,-0.7,-0.8
1976-02-06,0.875,1.0
1976-02-09,-0.7,-0.8
1976-02-10,2.1,2.4
1976-02-11,1.4,1.6
1976-02-12,3.5,4.0
1976-02-13,-1.4,-1.6
1976-02-16,0.0,0.0
1976-02-17,0.7,0.8
1976-02-18,-1.225,-1.4
1976-02-19,0.175,0.2
1976-02-20,-0.525,-0.6
1976-02-23,0.7,0.8
1976-02-24,-0.72,-0.82
1976-02-25,1.48,1.68
1976-02-26,-0.74,-0.86
1976-02-27,2.09,2.365
1976-03-01,-0.975,-1.1
1976-03-02,-4.875,-5.625
1976-03-03,1.4,1.575
1976-03-04,1.2,1.35
1976-03-05,-0.6,-0.675
1976-03-08,-1.8,-2.025
1976-03-09,1.2,1.35
1976-03-10,-1.0,-1.125
1976-03-11,-2.0,-2.25
1976-03-12,-1.2,-1.35
1976-03-15,-2.4,-2.7
1976-03-16,-0.2,-0.225
1976-03-17,2.2,2.42
1976-03-18,1.0,1.075
1976-03-19,-1.0,-1.05
1976-03-22,0.8,0.84
1976-03-23,-2.6,-2.73
1976-03-24,0.8,0.84
1976-03-25,-0.6,-0.615
1976-03-26,-0.4,-0.41
1976-03-29,-1.8,-1.845
1976-03-30,1.6,1.64
1976-03-31,-0.975,-1.0
1976-04-01,-0.195,-0.195
1976-04-02,0.39,0.39
1976-04-05,0.78,0.78
1976-04-06,1.365,1.365
1976-04-07,-0.78,-0.78
1976-04-08,1.95,1.95
1976-04-09,-0.39,-0.39
1976-04-12,0.195,0.195
1976-04-13,-1.755,-1.755
1976-04-14,0.975,0.975
1976-04-15,1.95,1.95
1976-04-16,0.0,0.0
1976-04-19,-0.585,-0.585
1976-04-20,0.78,0.78
1976-04-21,-0.195,-0.195
1976-04-22,0.585,0.585
1976-04-23,-1.17,-1.17
1976-04-26,-0.78,-0.78
1976-04-27,-1.95,-1.95
1976-04-28,1.755,1.755
1976-04-29,-1.365,-1.365
1976-04-30,-0.195,-0.195
1976-05-03,1.17,1.17
1976-05-04,-0.78,-0.78
1976-05-05,0.78,0.78
1976-05-06,0.195,0.195
1976-05-07,0.39,0.39
1976-05-10,0.195,0.195
1976-05-11,0.195,0.195
1976-05-12,2.145,2.145
1976-05-13,1.365,1.4
1976-05-14,0.0,0.0
1976-05-17,-2.145,-2.365
1976-05-18,-1.2,-1.35
1976-05-19,-0.8,-0.9
1976-05-20,-1.0,-1.125
1976-05-21,0.2,0.225
1976-05-24,3.2,3.6
1976-05-25,0.6,0.675
1976-05-26,3.0,3.375
1976-05-27,1.845,2.025
1976-05-28,-2.46,-2.7
1976-05-31,0.0,0.0
1976-06-01,2.31,2.585
1976-06-02,-2.52,-2.82
1976-06-03,0.645,0.705
1976-06-04,1.505,1.645
1976-06-07,9.0,9.6
1976-06-08,-0.46,-0.5
1976-06-09,4.4,4.6
1976-06-10,1.1,1.15
1976-06-11,-4.62,-4.83
1976-06-14,-0.66,-0.69
1976-06-15,-3.96,-4.14
1976-06-16,1.32,1.38
1976-06-17,-2.86,-2.99
1976-06-18,-0.22,-0.23
1976-06-21,8.8,9.2
1976-06-22,0.44,0.46
1976-06-23,-4.62,-4.95
1976-06-24,2.94,3.15
1976-06-25,-1.89,-2.025
1976-06-28,-0.63,-0.675
1976-06-29,-3.36,-3.6
1976-06-30,-3.36,-3.6
1976-07-01,6.93,7.425
1976-07-02,3.15,3.375
1976-07-05,0.0,0.0
1976-07-06,8.0,8.6
1976-07-07,-8.0,-8.6
1976-07-08,1.6,1.72
1976-07-09,-0.555,-0.585
1976-07-12,-2.405,-2.535
1976-07-13,0.185,0.195
1976-07-14,7.03,7.41
1976-07-15,-3.7,-3.9
1976-07-16,-0.925,-0.95
1976-07-19,-4.995,-5.13
1976-07-20,2.775,2.85
1976-07-21,-2.22,-2.22
1976-07-22,-7.4,-7.4
1976-07-23,2.22,2.22
1976-07-26,-3.57,-3.465
1976-07-27,-0.68,-0.66
1976-07-28,0.33,0.32
1976-07-29,-0.66,-0.64
1976-07-30,-0.66,-0.64
1976-08-02,-2.31,-2.24
1976-08-03,1.98,1.92
1976-08-04,2.805,2.72
1976-08-05,0.64,0.64
1976-08-06,-1.6,-1.55
1976-08-09,-1.44,-1.395
1976-08-10,0.32,0.31
1976-08-11,-0.96,-0.93
1976-08-12,1.12,1.085
1976-08-13,5.12,4.96
1976-08-16,-1.44,-1.395
1976-08-17,-3.1,-3.0
1976-08-18,2.635,2.55
1976-08-19,3.255,3.15
1976-08-20,-0.775,-0.75
1976-08-23,2.79,2.7
1976-08-24,-1.24,-1.2
1976-08-25,-1.395,-1.35
1976-08-26,0.775,0.75
1976-08-27,2.48,2.4
1976-08-30,-2.325,-2.25
1976-08-31,0.465,0.45
1976-09-01,2.945,2.85
1976-09-02,2.945,2.85
1976-09-03,0.62,0.6
1976-09-06,0.0,0.0
1976-09-07,6.2,6.2
1976-09-08,-2.945,-2.945
1976-09-09,-0.8,-0.775
1976-09-10,-0.48,-0.465
1976-09-13,-1.65,-1.55
1976-09-14,-2.04,-1.92
1976-09-15,0.7,0.64
1976-09-16,0.175,0.16
1976-09-17,-4.32,-3.84
1976-09-20,-0.18,-0.16
1976-09-21,-1.62,-1.44
1976-09-22,-3.24,-2.88
1976-09-23,-0.36,-0.32
1976-09-24,-3.24,-2.88
1976-09-27,-1.08,-0.93
1976-09-28,1.26,1.015
1976-09-29,-2.88,-2.24
1976-09-30,-0.54,-0.405
1976-10-01,-1.4,-1.0
1976-10-04,3.4,2.4
1976-10-05,0.33,0.22
1976-10-06,1.085,0.735
1976-10-07,2.17,1.47
1976-10-08,-2.79,-1.89
1976-10-11,-3.1,-2.1
1976-10-12,0.3,0.21
1976-10-13,4.785,3.3
1976-10-14,-5.22,-3.6
1976-10-15,-1.215,-0.9
1976-10-18,0.0,0.0
1976-10-19,0.96,0.72
1976-10-20,0.12,0.09
1976-10-21,-0.24,-0.18
1976-10-22,0.36,0.27
1976-10-25,0.72,0.54
1976-10-26,-0.84,-0.63
1976-10-27,-0.12,-0.09
1976-10-28,-3.0,-2.25
1976-10-29,-0.36,-0.27
1976-11-01,-0.72,-0.51
1976-11-02,0.0,0.0
1976-11-03,0.46,0.3
1976-11-04,0.0,0.0
1976-11-05,-1.1,-0.75
1976-11-08,-0.55,-0.375
1976-11-09,-2.31,-1.365
1976-11-10,0.84,0.48
1976-11-11,-3.2,-1.76
1976-11-12,-0.285,-0.15
1976-11-15,-0.255,-0.15
1976-11-16,1.76,0.77
1976-11-17,-0.42,-0.15
1976-11-18,0.35,0.125
1976-11-19,0.65,0.25
1976-11-22,0.975,0.3
1976-11-23,0.39,0.12
1976-11-24,0.195,0.06
1976-11-25,0.0,0.0
1976-11-26,-0.26,-0.08
1976-11-29,-0.715,-0.22
1976-11-30,-0.325,-0.1
1976-12-01,-0.39,-0.12
1976-12-02,0.065,0.02
1976-12-03,0.455,0.14
1976-12-06,1.235,0.285
1976-12-07,-0.65,-0.1
1976-12-08,0.65,0.1
1976-12-09,-0.26,-0.04
1976-12-10,-0.13,-0.02
1976-12-13,0.0,0.0
1976-12-14,0.39,0.06
1976-12-15,-0.65,-0.1
1976-12-16,-0.065,-0.01
1976-12-17,-0.52,-0.08
1976-12-20,0.26,0.04
1976-12-21,0.065,0.01
1976-12-22,0.39,0.06
1976-12-23,0.26,0.04
1976-12-24,0.0,0.0
1976-12-27,0.975,0.15
1976-12-28,0.325,0.05
1976-12-29,0.0,0.0
1976-12-30,0.0,0.0
1976-12-31,0.0,0.0
1977-01-03,-0.325,-0.05
1977-01-04,1.105,0.17
1977-01-05,0.065,0.01
1977-01-06,1.04,0.16
1977-01-07,-0.07,-0.01
1977-01-10,1.5,0.7
1977-01-11,-1.04,-0.585
1977-01-12,-0.085,-0.065
1977-01-13,-0.63,-0.525
1977-01-14,0.57,0.48
1977-01-17,0.38,0.32
1977-01-18,-0.6,-0.51
1977-01-19,0.315,0.27
1977-01-20,-0.42,-0.36
1977-01-21,-0.22,-0.19
1977-01-24,0.88,0.76
1977-01-25,0.0,0.0
1977-01-26,-0.55,-0.5
1977-01-27,-0.575,-0.5
1977-01-28,-0.575,-0.5
1977-01-31,0.46,0.4
1977-02-01,0.23,0.2
1977-02-02,-0.575,-0.5
1977-02-03,1.265,1.1
1977-02-04,0.805,0.7
1977-02-07,0.345,0.3
1977-02-08,-0.575,-0.5
1977-02-09,0.345,0.3
1977-02-10,0.46,0.4
1977-02-11,-0.805,-0.7
1977-02-14,-0.345,-0.3
1977-02-15,0.69,0.6
1977-02-16,1.495,1.3
1977-02-17,0.805,0.7
1977-02-18,0.345,0.3
1977-02-21,0.0,0.0
1977-02-22,-1.725,-1.575
1977-02-23,0.115,0.105
1977-02-24,0.92,0.84
1977-02-25,-0.69,-0.69
1977-02-28,-1.035,-1.17
1977-03-01,-0.69,-0.78
1977-03-02,-1.495,-1.69
1977-03-03,0.46,0.52
1977-03-04,0.46,0.52
1977-03-07,0.44,0.52
1977-03-08,0.99,1.17
1977-03-09,-0.21,-0.26
1977-03-10,-0.945,-1.17
1977-03-11,0.42,0.52
1977-03-14,-1.5,-1.95
1977-03-15,0.38,0.52
1977-03-16,0.935,1.21
1977-03-17,-0.24,-0.315
1977-03-18,0.15,0.2
1977-03-21,0.14,0.2
1977-03-22,-0.07,-0.1
1977-03-23,-0.21,-0.3
1977-03-24,0.0,0.0
1977-03-25,0.195,0.3
1977-03-28,-0.715,-1.045
1977-03-29,-0.455,-0.665
1977-03-30,-0.77,-1.19
1977-03-31,-0.05,-0.075
1977-04-01,0.24,0.33
1977-04-04,-0.36,-0.54
1977-04-05,-0.05,-0.07
1977-04-06,0.075,0.125
1977-04-07,0.03,0.06
1977-04-08,0.0,0.0
1977-04-11,-0.05,-0.05
1977-04-12,-0.095,-0.095
1977-04-13,0.06,0.06
1977-04-14,-0.015,-0.015
1977-04-15,0.005,0.005
1977-04-18,-0.015,-0.015
1977-04-19,0.055,0.11
1977-04-20,0.045,0.09
1977-04-21,0.02,0.06
1977-04-22,0.045,0.18
1977-04-25,0.23,0.69
1977-04-26,-0.12,-0.27
1977-04-27,0.2,0.36
1977-04-28,-0.42,-0.72
1977-04-29,-0.04,-0.07
1977-05-02,0.0,0.0
1977-05-03,0.6,0.96
1977-05-04,1.0,1.6
1977-05-05,0.0,0.0
1977-05-06,-0.6,-0.9
1977-05-09,0.63,0.945
1977-05-10,1.575,2.205
1977-05-11,-0.48,-0.69
1977-05-12,-1.275,-1.725
1977-05-13,1.08,1.44
1977-05-16,0.45,0.6
1977-05-17,0.18,0.24
1977-05-18,-1.1,-1.43
1977-05-19,0.0,0.0
1977-05-20,1.43,1.82
1977-05-23,-1.54,-2.03
1977-05-24,-1.61,-2.1
1977-05-25,1.265,1.65
1977-05-26,0.46,0.6
1977-05-27,0.115,0.15
1977-05-30,0.0,0.0
1977-05-31,-2.07,-2.7
1977-06-01,-0.115,-0.15
1977-06-02,0.0,0.0
1977-06-03,-0.805,-1.05
1977-06-06,0.115,0.15
1977-06-07,0.345,0.45
1977-06-08,2.76,3.72
1977-06-09,0.69,0.99
1977-06-10,2.76,3.96
1977-06-13,0.805,1.155
1977-06-14,-0.115,-0.165
1977-06-15,-0.46,-0.66
1977-06-16,0.96,1.36
1977-06-17,1.43,1.98
1977-06-20,-1.485,-2.145
1977-06-21,2.9,4.1
1977-06-22,1.015,1.435
1977-06-23,-0.58,-0.82
1977-06-24,-0.465,-0.645
1977-06-27,-2.64,-3.52
1977-06-28,-0.875,-1.125
1977-06-29,1.75,2.25
1977-06-30,3.675,4.725
1977-07-01,2.45,3.15
1977-07-04,0.0,0.0
1977-07-05,-6.3,-8.1
1977-07-06,-0.7,-0.9
1977-07-07,5.25,6.75
1977-07-08,-0.7,-0.92
1977-07-11,6.125,8.05
1977-07-12,0.875,1.15
1977-07-13,-1.925,-2.475
1977-07-14,-1.575,-2.025
1977-07-15,2.625,3.375
1977-07-18,4.2,5.4
1977-07-19,-1.575,-2.025
1977-07-20,2.275,2.925
1977-07-21,-0.525,-0.675
1977-07-22,-1.44,-1.8
1977-07-25,1.665,2.07
1977-07-26,2.85,3.525
1977-07-27,1.4,1.715
1977-07-28,3.36,4.0
1977-07-29,3.08,3.64
1977-08-01,-1.15,-1.325
1977-08-02,0.24,0.275
1977-08-03,-2.205,-2.52
1977-08-04,-1.02,-1.16
1977-08-05,-2.04,-2.32
1977-08-08,4.77,5.31
1977-08-09,0.265,0.3
1977-08-10,-0.795,-0.9
1977-08-11,1.65,1.83
1977-08-12,0.57,0.62
1977-08-15,6.785,7.36
1977-08-16,1.525,1.65
1977-08-17,0.915,0.99
1977-08-18,1.525,1.65
1977-08-19,1.26,1.34
1977-08-22,2.275,2.38
1977-08-23,0.335,0.35
1977-08-24,-3.5,-3.6
1977-08-25,-1.08,-1.095
1977-08-26,1.44,1.46
1977-08-29,2.555,2.59
1977-08-30,-1.875,-1.875
1977-08-31,1.155,1.155
1977-09-01,-1.56,-1.56
1977-09-02,-1.975,-1.975
1977-09-05,0.0,0.0
1977-09-06,-5.265,-5.265
1977-09-07,-0.81,-0.81
1977-09-08,-2.87,-2.87
1977-09-09,-2.49,-2.49
1977-09-12,-3.735,-3.735
1977-09-13,0.84,0.84
1977-09-14,4.2,4.2
1977-09-15,0.84,0.85
1977-09-16,0.42,0.425
1977-09-19,-2.94,-3.01
1977-09-20,-4.73,-4.785
1977-09-21,-8.17,-8.265
1977-09-22,6.45,6.525
1977-09-23,-0.84,-0.87
1977-09-26,2.37,2.55
1977-09-27,5.925,6.375
1977-09-28,-0.395,-0.425
1977-09-29,-5.07,-5.395
1977-09-30,1.17,1.245
1977-10-03,-4.235,-4.51
1977-10-04,-6.93,-7.38
1977-10-05,3.42,3.645
1977-10-06,-5.95,-6.46
1977-10-07,-1.38,-1.5
1977-10-10,3.575,3.905
1977-10-11,3.25,3.55
1977-10-12,0.63,0.69
1977-10-13,4.095,4.485
1977-10-14,-1.575,-1.725
1977-10-17,-1.26,-1.38
1977-10-18,-0.945,-1.035
1977-10-19,-0.945,-1.035
1977-10-20,2.52,2.76
1977-10-21,0.945,1.035
1977-10-24,-2.52,-2.76
1977-10-25,2.52,2.76
1977-10-26,-2.835,-3.105
1977-10-27,2.52,2.76
1977-10-28,-2.52,-2.76
1977-10-31,-3.465,-3.795
1977-11-01,-3.465,-3.795
1977-11-02,-2.205,-2.415
1977-11-03,4.96,5.44
1977-11-04,1.83,2.01
1977-11-07,-3.705,-4.095
1977-11-08,1.425,1.575
1977-11-09,0.825,0.9
1977-11-10,1.35,1.5
1977-11-11,2.43,2.7
1977-11-14,-2.7,-3.0
1977-11-15,-1.08,-1.2
1977-11-16,-4.77,-5.4
1977-11-17,1.855,2.1
1977-11-18,-0.735,-0.825
1977-11-21,1.225,1.35
1977-11-22,3.36,3.78
1977-11-23,0.24,0.27
1977-11-24,0.0,0.0
1977-11-25,-2.115,-2.34
1977-11-28,3.29,3.64
1977-11-29,1.41,1.56
1977-11-30,0.46,0.52
1977-12-01,0.23,0.26
1977-12-02,0.0,0.0
1977-12-05,1.38,1.59
1977-12-06,0.23,0.275
1977-12-07,-0.23,-0.285
1977-12-08,0.705,0.885
1977-12-09,-0.72,-0.915
1977-12-12,4.5,5.67
1977-12-13,-0.51,-0.65
1977-12-14,1.275,1.625
1977-12-15,-0.765,-0.975
1977-12-16,-1.785,-2.275
1977-12-19,-0.52,-0.66
1977-12-20,-2.08,-2.64
1977-12-21,0.0,0.0
1977-12-22,-0.52,-0.67
1977-12-23,-0.26,-0.335
1977-12-26,0.0,0.0
1977-12-27,-1.56,-2.01
1977-12-28,0.52,0.67
1977-12-29,0.52,0.67
1977-12-30,-1.04,-1.34
1978-01-02,0.0,0.0
1978-01-03,-1.82,-2.38
1978-01-04,-0.78,-1.02
1978-01-05,0.52,0.68
1978-01-06,1.3,1.7
1978-01-09,-1.04,-1.36
1978-01-10,-0.26,-0.34
1978-01-11,-1.04,-1.36
1978-01-12,-0.26,-0.34
1978-01-13,-0.52,-0.68
1978-01-16,0.52,0.68
1978-01-17,2.86,3.74
1978-01-18,0.78,1.02
1978-01-19,-1.04,-1.36
1978-01-20,-1.56,-2.04
1978-01-23,-1.04,-1.36
1978-01-24,0.78,1.02
1978-01-25,0.0,0.0
1978-01-26,1.04,1.36
1978-01-27,0.26,0.34
1978-01-30,1.82,2.38
1978-01-31,1.3,1.7
1978-02-01,0.52,0.68
1978-02-02,-1.04,-1.36
1978-02-03,0.26,0.34
1978-02-06,-0.26,-0.34
1978-02-07,0.26,0.345
1978-02-08,0.0,0.0
1978-02-09,-1.04,-1.42
1978-02-10,-1.82,-2.52
1978-02-13,1.56,2.16
1978-02-14,0.52,0.72
1978-02-15,0.0,0.0
1978-02-16,0.26,0.36
1978-02-17,0.52,0.72
1978-02-20,0.0,0.0
1978-02-21,0.0,0.0
1978-02-22,-1.3,-1.8
1978-02-23,0.26,0.36
1978-02-24,-0.78,-1.08
1978-02-27,0.52,0.72
1978-02-28,0.26,0.36
1978-03-01,-1.3,-1.8
1978-03-02,-1.56,-2.16
1978-03-03,-3.12,-4.32
1978-03-06,-2.86,-3.96
1978-03-07,-3.12,-4.095
1978-03-08,-1.075,-1.325
1978-03-09,0.74,0.86
1978-03-10,0.85,0.975
1978-03-13,-4.34,-4.9
1978-03-14,-1.015,-1.085
1978-03-15,-1.3,-1.3
1978-03-16,0.09,0.085
1978-03-17,-1.725,-1.495
1978-03-20,1.235,0.95
1978-03-21,0.27,0.18
1978-03-22,-0.64,-0.4
1978-03-23,-0.36,-0.18
1978-03-24,0.0,0.0
1978-03-27,-0.21,0.07
1978-03-28,0.075,-0.025
1978-03-29,0.13,-0.13
1978-03-30,0.06,0.18
1978-03-31,0.085,0.255
1978-04-03,-0.08,-0.24
1978-04-04,0.025,0.075
1978-04-05,-0.02,-0.06
1978-04-06,-0.02,-0.06
1978-04-07,0.08,0.16
1978-04-10,0.13,0.26
1978-04-11,-0.015,-0.025
1978-04-12,-0.22,-0.33
1978-04-13,-0.525,-0.735
1978-04-14,0.3,0.42
1978-04-17,0.05,0.07
1978-04-18,0.2,0.28
1978-04-19,0.025,0.035
1978-04-20,0.0,0.0
1978-04-21,-0.25,-0.35
1978-04-24,-0.725,-1.015
1978-04-25,0.15,0.21
1978-04-26,-0.5,-0.7
1978-04-27,0.2,0.28
1978-04-28,-0.075,-0.105
1978-05-01,-0.3,-0.36
1978-05-02,0.04,0.05
1978-05-03,0.09,0.12
1978-05-04,0.15,0.3
1978-05-05,0.075,0.225
1978-05-08,-0.08,-0.24
1978-05-09,0.05,0.15
1978-05-10,0.015,0.03
1978-05-11,0.075,0.15
1978-05-12,-0.025,-0.05
1978-05-15,0.08,0.16
1978-05-16,-0.025,-0.05
1978-05-17,0.02,0.04
1978-05-18,0.035,0.07
1978-05-19,-0.035,-0.07
1978-05-22,-0.005,-0.01
1978-05-23,0.175,0.35
1978-05-24,0.0,0.0
1978-05-25,0.115,0.23
1978-05-26,0.005,0.01
1978-05-29,0.0,0.0
1978-05-30,0.15,0.2
1978-05-31,-0.045,-0.06
1978-06-01,-0.38,-0.38
1978-06-02,-0.57,-0.475
1978-06-05,0.42,0.35
1978-06-06,-0.12,-0.1
1978-06-07,-0.45,-0.375
1978-06-08,-0.09,-0.075
1978-06-09,-0.18,-0.15
1978-06-12,0.27,0.225
1978-06-13,-0.09,-0.075
1978-06-14,-0.42,-0.35
1978-06-15,-0.24,-0.2
1978-06-16,0.0,0.0
1978-06-19,0.27,0.225
1978-06-20,0.18,0.15
1978-06-21,-0.21,-0.175
1978-06-22,0.51,0.425
1978-06-23,-0.09,-0.075
1978-06-26,-0.27,-0.225
1978-06-27,-0.21,-0.175
1978-06-28,-0.57,-0.475
1978-06-29,0.03,0.025
1978-06-30,0.2,0.2
1978-07-03,-0.34,-0.34
1978-07-04,0.0,0.0
1978-07-05,0.05,0.05
1978-07-06,0.0,0.0
1978-07-07,-0.04,-0.04
1978-07-10,0.0,0.005
1978-07-11,0.04,0.08
1978-07-12,0.18,0.36
1978-07-13,0.045,0.09
1978-07-14,-0.125,-0.225
1978-07-17,0.525,0.9
1978-07-18,1.08,1.68
1978-07-19,-0.44,-0.64
1978-07-20,-0.26,-0.36
1978-07-21,-0.075,-0.105
1978-07-24,1.36,1.84
1978-07-25,0.45,0.625
1978-07-26,-1.1,-1.485
1978-07-27,0.805,1.05
1978-07-28,0.0,0.0
1978-07-31,-0.125,-0.165
1978-08-01,1.215,1.575
1978-08-02,2.9,3.8
1978-08-03,0.31,0.4
1978-08-04,0.62,0.8
1978-08-07,3.06,3.87
1978-08-08,-1.295,-1.61
1978-08-09,-0.975,-1.175
1978-08-10,-0.2,-0.235
1978-08-11,5.125,6.0
1978-08-14,-3.225,-3.75
1978-08-15,-5.59,-6.5
1978-08-16,3.87,4.5
1978-08-17,-1.23,-1.41
1978-08-18,-1.64,-1.84
1978-08-21,-0.205,-0.23
1978-08-22,0.82,0.92
1978-08-23,1.025,1.15
1978-08-24,-1.64,-1.84
1978-08-25,0.41,0.46
1978-08-28,1.845,2.07
1978-08-29,3.075,3.525
1978-08-30,-1.435,-1.68
1978-08-31,0.82,0.96
1978-09-01,-0.205,-0.245
1978-09-04,0.0,0.0
1978-09-05,1.8,2.16
1978-09-06,0.0,0.0
1978-09-07,-0.92,-1.08
1978-09-08,-0.48,-0.56
1978-09-11,-2.0,-2.32
1978-09-12,-0.52,-0.6
1978-09-13,2.08,2.4
1978-09-14,1.325,1.55
1978-09-15,4.32,5.04
1978-09-18,-1.12,-1.3
1978-09-19,-3.36,-3.9
1978-09-20,-2.565,-2.925
1978-09-21,3.705,4.225
1978-09-22,1.14,1.3
1978-09-25,-1.14,-1.3
1978-09-26,-0.57,-0.65
1978-09-27,-2.85,-3.25
1978-09-28,-3.19,-3.575
1978-09-29,-0.29,-0.325
1978-10-02,-3.77,-4.225
1978-10-03,1.16,1.3
1978-10-04,-0.58,-0.65
1978-10-05,0.0,0.0
1978-10-06,3.48,3.9
1978-10-09,-4.35,-4.875
1978-10-10,0.58,0.63
1978-10-11,-0.56,-0.58
1978-10-12,-4.2,-4.35
1978-10-13,2.52,2.61
1978-10-16,-1.59,-1.65
1978-10-17,2.86,2.915
1978-10-18,2.805,2.915
1978-10-19,0.75,0.765
1978-10-20,0.75,0.75
1978-10-23,0.0,0.0
1978-10-24,-1.25,-1.25
1978-10-25,0.0,0.0
1978-10-26,-4.0,-4.0
1978-10-27,-1.5,-1.5
1978-10-30,2.0,2.0
1978-10-31,0.75,0.75
1978-11-01,0.25,0.25
1978-11-02,-0.75,-0.75
1978-11-03,0.25,0.25
1978-11-06,4.0,4.0
1978-11-07,0.0,0.0
1978-11-08,1.0,1.0
1978-11-09,1.5,1.5
1978-11-10,0.75,0.75
1978-11-13,1.75,1.75
1978-11-14,-1.0,-1.0
1978-11-15,0.0,0.0
1978-11-16,-1.0,-1.0
1978-11-17,-1.25,-1.325
1978-11-20,-0.255,-0.27
1978-11-21,1.56,1.62
1978-11-22,-1.59,-1.68
1978-11-23,0.0,0.0
1978-11-24,-1.325,-1.4
1978-11-27,1.59,1.68
1978-11-28,1.06,1.12
1978-11-29,0.0,0.0
1978-11-30,-1.35,-1.45
1978-12-01,-1.375,-1.525
1978-12-04,1.1,1.22
1978-12-05,0.825,0.915
1978-12-06,0.825,0.915
1978-12-07,-1.12,-1.26
1978-12-08,-1.425,-1.625
1978-12-11,2.61,2.97
1978-12-12,1.45,1.65
1978-12-13,-0.58,-0.66
1978-12-14,2.61,2.97
1978-12-15,-2.065,-2.31
1978-12-18,-3.245,-3.63
1978-12-19,0.59,0.66
1978-12-20,0.0,0.0
1978-12-21,0.295,0.33
1978-12-22,0.0,0.0
1978-12-25,0.0,0.0
1978-12-26,-0.295,-0.33
1978-12-27,0.295,0.33
1978-12-28,-0.885,-0.99
1978-12-29,1.2,1.32
1979-01-01,0.0,0.0
1979-01-02,0.0,0.0
1979-01-03,1.22,1.36
1979-01-04,3.1,3.4
1979-01-05,1.26,1.4
1979-01-08,-1.575,-1.75
1979-01-09,1.92,2.16
1979-01-10,0.65,0.73
1979-01-11,-1.32,-1.5
1979-01-12,-2.415,-2.8
1979-01-15,-1.75,-2.025
1979-01-16,1.4,1.62
1979-01-17,-0.35,-0.405
1979-01-18,1.05,1.215
1979-01-19,-2.45,-2.835
1979-01-22,-1.75,-2.025
1979-01-23,-0.7,-0.81
1979-01-24,0.0,0.0
1979-01-25,0.0,0.0
1979-01-26,0.7,0.81
1979-01-29,-1.4,-1.62
1979-01-30,-2.45,-2.835
1979-01-31,0.7,0.81
1979-02-01,3.15,3.645
1979-02-02,-2.1,-2.43
1979-02-05,-1.4,-1.54
1979-02-06,1.05,1.125
1979-02-07,-2.1,-2.25
1979-02-08,1.05,1.125
1979-02-09,-3.15,-3.285
1979-02-12,0.0,0.0
1979-02-13,1.02,1.005
1979-02-14,-4.08,-4.02
1979-02-15,-1.02,-0.99
1979-02-16,-0.315,-0.295
1979-02-19,0.0,0.0
1979-02-20,-1.86,-1.68
1979-02-21,-1.24,-1.12
1979-02-22,-0.9,-0.84
1979-02-23,1.45,1.35
1979-02-26,2.28,2.04
1979-02-27,0.275,0.245
1979-02-28,-0.795,-0.72
1979-03-01,0.0,0.0
1979-03-02,2.385,2.16
1979-03-05,0.0,0.0
1979-03-06,-1.325,-1.2
1979-03-07,0.265,0.24
1979-03-08,2.12,1.92
1979-03-09,1.06,0.96
1979-03-12,1.855,1.68
1979-03-13,2.385,2.16
1979-03-14,-1.06,-0.96
1979-03-15,-2.385,-2.25
1979-03-16,-0.53,-0.53
1979-03-19,-0.795,-0.795
1979-03-20,-1.325,-1.35
1979-03-21,0.0,0.0
1979-03-22,-0.265,-0.275
1979-03-23,1.08,1.12
1979-03-26,-2.475,-2.565
1979-03-27,0.0,0.0
1979-03-28,-3.64,-3.705
1979-03-29,1.68,1.71
1979-03-30,-1.68,-1.71
1979-04-02,-1.12,-1.14
1979-04-03,2.24,2.28
1979-04-04,-1.12,-1.14
1979-04-05,-0.56,-0.56
1979-04-06,-0.84,-0.825
1979-04-09,-1.12,-1.1
1979-04-10,0.84,0.81
1979-04-11,-0.84,-0.78
1979-04-12,1.68,1.53
1979-04-13,0.0,0.0
1979-04-16,1.925,1.715
1979-04-17,-3.3,-2.94
1979-04-18,1.65,1.47
1979-04-19,1.325,1.1
1979-04-20,-0.26,-0.215
1979-04-23,-1.56,-1.29
1979-04-24,-4.16,-3.44
1979-04-25,-0.26,-0.21
1979-04-26,0.0,0.0
1979-04-27,-0.72,-0.57
1979-04-30,-2.82,-2.16
1979-05-01,-1.15,-0.825
1979-05-02,-1.98,-1.395
1979-05-03,2.31,1.485
1979-05-04,-0.78,-0.46
1979-05-07,3.78,2.415
1979-05-08,-2.45,-1.47
1979-05-09,-1.32,-0.84
1979-05-10,0.32,0.21
1979-05-11,2.015,1.365
1979-05-14,-0.15,-0.105
1979-05-15,0.58,0.42
1979-05-16,1.595,1.155
1979-05-17,-1.305,-0.945
1979-05-18,0.145,0.105
1979-05-21,-1.595,-1.155
1979-05-22,0.145,0.105
1979-05-23,0.725,0.525
1979-05-24,0.58,0.42
1979-05-25,0.145,0.105
1979-05-28,0.0,0.0
1979-05-29,-2.755,-1.995
1979-05-30,0.725,0.525
1979-05-31,-0.435,-0.315
1979-06-01,0.145,0.105
1979-06-04,-2.03,-1.47
1979-06-05,1.015,0.735
1979-06-06,-1.54,-1.155
1979-06-07,-0.54,-0.42
1979-06-08,-2.86,-2.31
1979-06-11,-2.5,-2.1
1979-06-12,1.38,1.2
1979-06-13,-2.3,-2.07
1979-06-14,-2.375,-2.125
1979-06-15,-1.785,-1.575
1979-06-18,1.425,1.235
1979-06-19,-0.42,-0.35
1979-06-20,-1.925,-1.75
1979-06-21,-1.305,-1.015
1979-06-22,-1.32,-0.99
1979-06-25,0.78,0.52
1979-06-26,-0.16,-0.08
1979-06-27,0.72,0.36
1979-06-28,0.48,0.16
1979-06-29,-0.12,-0.04
1979-07-02,-0.525,-0.175
1979-07-03,-0.12,-0.04
1979-07-04,0.0,0.0
1979-07-05,-0.51,0.0
1979-07-06,0.27,0.0
1979-07-09,-0.2,0.0
1979-07-10,0.29,0.0
1979-07-11,-0.065,0.065
1979-07-12,0.195,-0.195
1979-07-13,-0.105,0.105
1979-07-16,0.04,-0.04
1979-07-17,-0.065,0.065
1979-07-18,-0.08,0.08
1979-07-19,0.15,-0.15
1979-07-20,-0.115,0.115
1979-07-23,0.195,-0.195
1979-07-24,0.105,-0.105
1979-07-25,0.14,-0.14
1979-07-26,0.02,-0.02
1979-07-27,0.2,-0.2
1979-07-30,0.195,-0.195
1979-07-31,-0.07,0.035
1979-08-01,-0.48,-0.12
1979-08-02,1.0,0.2
1979-08-03,-0.27,-0.09
1979-08-06,0.455,0.195
1979-08-07,0.12,0.045
1979-08-08,-0.63,-0.28
1979-08-09,-0.135,-0.06
1979-08-10,0.05,0.02
1979-08-13,1.35,0.675
1979-08-14,-2.2,-1.0
1979-08-15,0.0,0.0
1979-08-16,-0.66,-0.33
1979-08-17,0.18,0.09
1979-08-20,0.24,0.12
1979-08-21,-1.92,-0.96
1979-08-22,1.08,0.54
1979-08-23,0.48,0.24
1979-08-24,-0.6,-0.3
1979-08-27,0.12,0.06
1979-08-28,0.54,0.27
1979-08-29,-0.84,-0.42
1979-08-30,-0.06,-0.03
1979-08-31,0.0,0.0
1979-09-03,0.0,0.0
1979-09-04,2.4,1.2
1979-09-05,0.0,0.0
1979-09-06,1.2,0.6
1979-09-07,-0.18,-0.09
1979-09-10,-1.2,-0.6
1979-09-11,0.975,0.45
1979-09-12,-0.13,-0.06
1979-09-13,-2.38,-1.02
1979-09-14,1.4,0.6
1979-09-17,-0.14,-0.06
1979-09-18,-0.49,-0.21
1979-09-19,0.42,0.18
1979-09-20,-0.84,-0.36
1979-09-21,0.42,0.18
1979-09-24,-0.35,-0.15
1979-09-25,1.33,0.57
1979-09-26,0.0,0.0
1979-09-27,-2.52,-1.08
1979-09-28,0.84,0.36
1979-10-01,-2.24,-0.96
1979-10-02,0.84,0.36
1979-10-03,-0.63,-0.27
1979-10-04,-0.28,-0.12
1979-10-05,0.63,0.225
1979-10-08,0.77,0.22
1979-10-09,1.05,0.225
1979-10-10,0.14,0.03
1979-10-11,0.21,0.045
1979-10-12,-0.14,-0.03
1979-10-15,1.47,0.315
1979-10-16,-0.28,-0.06
1979-10-17,-0.7,-0.15
1979-10-18,0.0,0.0
1979-10-19,-1.82,-0.39
1979-10-22,-0.42,-0.09
1979-10-23,0.14,0.03
1979-10-24,1.4,0.3
1979-10-25,1.61,0.345
1979-10-26,2.66,0.57
1979-10-29,-0.21,-0.045
1979-10-30,-0.63,-0.135
1979-10-31,0.0,0.0
1979-11-01,1.12,0.4
1979-11-02,-0.525,-0.175
1979-11-05,-0.48,-0.18
1979-11-06,0.88,0.385
1979-11-07,-0.425,-0.2
1979-11-08,0.18,0.08
1979-11-09,0.0,0.0
1979-11-12,-1.3,-0.65
1979-11-13,-1.785,-0.85
1979-11-14,-2.52,-1.2
1979-11-15,0.63,0.3
1979-11-16,0.84,0.4
1979-11-19,-1.155,-0.55
1979-11-20,-0.84,-0.4
1979-11-21,-1.155,-0.55
1979-11-22,0.0,0.0
1979-11-23,1.26,0.6
1979-11-26,1.995,0.95
1979-11-27,-0.105,-0.05
1979-11-28,-0.4,-0.2
1979-11-29,0.9,0.45
1979-11-30,-1.4,-0.63
1979-12-03,0.6,0.27
1979-12-04,-0.2,-0.08
1979-12-05,0.2,0.08
1979-12-06,1.1,0.385
1979-12-07,-0.3,-0.105
1979-12-10,-0.3,-0.105
1979-12-11,-0.9,-0.315
1979-12-12,0.5,0.175
1979-12-13,0.9,0.27
1979-12-14,0.0,0.0
1979-12-17,0.7,0.21
1979-12-18,0.2,0.06
1979-12-19,-1.0,-0.3
1979-12-20,-1.0,-0.3
1979-12-21,-0.4,-0.12
1979-12-24,0.0,0.0
1979-12-25,0.0,0.0
1979-12-26,-2.3,-0.69
1979-12-27,1.4,0.42
1979-12-28,-0.8,-0.24
1979-12-31,0.6,0.18
1980-01-01,0.0,0.0
1980-01-02,0.9,0.27
1980-01-03,-0.2,-0.06
1980-01-04,-0.1,-0.03
1980-01-07,0.0,0.0
1980-01-08,0.0,0.0
1980-01-09,4.0,1.2
1980-01-10,2.0,0.6
1980-01-11,-1.8,-0.54
1980-01-14,0.3,0.09
1980-01-15,-0.4,-0.12
1980-01-16,0.1,0.03
1980-01-17,-2.31,-0.66
1980-01-18,1.15,0.3
1980-01-21,-0.345,-0.09
1980-01-22,0.46,0.12
1980-01-23,-2.3,-0.6
1980-01-24,1.265,0.33
1980-01-25,0.805,0.21
1980-01-28,-0.345,-0.09
1980-01-29,-0.46,-0.12
1980-01-30,-0.92,-0.24
1980-01-31,-0.12,-0.03
1980-02-01,-0.36,-0.09
1980-02-04,-0.96,-0.24
1980-02-05,0.625,0.15
1980-02-06,0.25,0.06
1980-02-07,0.375,0.09
1980-02-08,0.75,0.18
1980-02-11,-0.875,-0.21
1980-02-12,0.0,0.0
1980-02-13,-0.945,-0.21
1980-02-14,0.675,0.15
1980-02-15,0.14,0.03
1980-02-18,0.0,0.0
1980-02-19,0.87,0.18
1980-02-20,-0.435,-0.09
1980-02-21,-0.6,-0.12
1980-02-22,0.31,0.06
1980-02-25,-1.65,-0.3
1980-02-26,1.19,0.21
1980-02-27,0.85,0.15
1980-02-28,2.21,0.39
1980-02-29,2.34,0.39
1980-03-03,2.88,0.8
1980-03-04,-2.59,-0.98
1980-03-05,-1.56,-0.76
1980-03-06,2.34,1.26
1980-03-07,-1.2,-0.69
1980-03-10,1.64,0.96
1980-03-11,-0.21,-0.13
1980-03-12,-2.86,-1.82
1980-03-13,2.3,1.5
1980-03-14,-0.92,-0.6
1980-03-17,1.84,1.24
1980-03-18,1.2,0.825
1980-03-19,-1.715,-1.19
1980-03-20,1.02,0.72
1980-03-21,0.78,0.555
1980-03-24,3.51,2.47
1980-03-25,0.28,0.2
1980-03-26,2.52,1.89
1980-03-27,5.015,3.825
1980-03-28,-0.61,-0.47
1980-03-31,3.66,2.94
1980-04-01,-1.28,-1.04
1980-04-02,-1.65,-1.375
1980-04-03,-5.865,-4.93
1980-04-04,0.0,0.0
1980-04-07,0.35,0.3
1980-04-08,-4.55,-3.9
1980-04-09,-0.7,-0.6
1980-04-10,3.5,3.0
1980-04-11,-1.75,-1.5
1980-04-14,1.4,1.2
1980-04-15,-0.7,-0.6
1980-04-16,0.35,0.3
1980-04-17,3.85,3.3
1980-04-18,2.1,1.8
1980-04-21,-3.15,-2.7
1980-04-22,0.0,0.0
1980-04-23,2.1,1.8
1980-04-24,-1.05,-0.9
1980-04-25,-3.5,-3.1
1980-04-28,6.48,5.67
1980-04-29,0.0,0.0
1980-04-30,-3.6,-3.15
1980-05-01,0.72,0.63
1980-05-02,-2.16,-1.89
1980-05-05,-8.28,-7.245
1980-05-06,2.88,2.52
1980-05-07,2.345,2.1
1980-05-08,-5.36,-4.72
1980-05-09,2.68,2.36
1980-05-12,8.96,7.84
1980-05-13,-4.16,-3.64
1980-05-14,-0.28,-0.25
1980-05-15,-2.24,-2.0
1980-05-16,5.32,4.75
1980-05-19,-1.68,-1.5
1980-05-20,-2.24,-2.0
1980-05-21,0.84,0.75
1980-05-22,-1.68,-1.5
1980-05-23,0.0,0.0
1980-05-26,0.0,0.0
1980-05-27,-1.68,-1.5
1980-05-28,4.2,3.75
1980-05-29,3.92,3.5
1980-05-30,-1.68,-1.5
1980-06-02,4.48,4.0
1980-06-03,-2.24,-2.0
1980-06-04,0.0,0.0
1980-06-05,1.68,1.5
1980-06-06,-0.56,-0.52
1980-06-09,-0.855,-0.81
1980-06-10,0.0,0.0
1980-06-11,0.6,0.58
1980-06-12,0.62,0.6
1980-06-13,-2.56,-2.48
1980-06-16,-3.63,-3.52
1980-06-17,1.32,1.28
1980-06-18,1.98,1.92
1980-06-19,0.99,0.96
1980-06-20,-1.65,-1.6
1980-06-23,-3.06,-2.925
1980-06-24,1.035,0.99
1980-06-25,-2.76,-2.64
1980-06-26,1.725,1.65
1980-06-27,1.38,1.32
1980-06-30,-4.485,-4.29
1980-07-01,-5.865,-5.61
1980-07-02,-7.935,-7.59
1980-07-03,-3.795,-3.575
1980-07-04,0.0,0.0
1980-07-07,-1.22,-1.1
1980-07-08,-3.66,-3.3
1980-07-09,6.96,6.6
1980-07-10,-6.72,-6.24
1980-07-11,-6.125,-5.625
1980-07-14,-9.0,-8.4
1980-07-15,1.025,0.95
1980-07-16,-2.625,-2.4
1980-07-17,-1.815,-1.65
1980-07-18,2.24,1.96
1980-07-21,5.85,5.07
1980-07-22,-2.24,-1.92
1980-07-23,-4.42,-3.91
1980-07-24,1.375,1.21
1980-07-25,3.12,2.73
1980-07-28,-1.955,-1.7
1980-07-29,-1.43,-1.235
1980-07-30,0.77,0.665
1980-07-31,-4.4,-3.6
1980-08-01,-1.785,-1.53
1980-08-04,3.1,2.635
1980-08-05,-1.52,-1.28
1980-08-06,-0.72,-0.6
1980-08-07,0.0,0.0
1980-08-08,1.44,1.17
1980-08-11,1.6,1.3
1980-08-12,-3.2,-2.4
1980-08-13,0.825,0.66
1980-08-14,1.725,1.38
1980-08-15,0.98,0.77
1980-08-18,-1.12,-0.88
1980-08-19,-0.63,-0.495
1980-08-20,0.21,0.165
1980-08-21,-1.26,-0.99
1980-08-22,0.63,0.45
1980-08-25,-1.54,-1.1
1980-08-26,-1.495,-1.035
1980-08-27,0.65,0.45
1980-08-28,-0.3,-0.2
1980-08-29,-1.43,-0.91
1980-09-01,0.0,0.0
1980-09-02,-0.45,-0.25
1980-09-03,0.225,0.125
1980-09-04,0.32,0.16
1980-09-05,-0.15,-0.1
1980-09-08,-0.35,-0.14
1980-09-09,0.34,0.085
1980-09-10,0.12,-0.04
1980-09-11,-0.09,0.03
1980-09-12,0.3,-0.15
1980-09-15,0.03,-0.03
1980-09-16,-0.12,0.12
1980-09-17,0.0,0.0
1980-09-18,-0.02,0.02
1980-09-19,-0.21,0.21
1980-09-22,0.06,-0.06
1980-09-23,-0.03,0.03
1980-09-24,0.14,-0.14
1980-09-25,0.08,-0.08
1980-09-26,0.24,-0.24
1980-09-29,-0.02,0.02
1980-09-30,-0.13,0.13
1980-10-01,0.01,-0.01
1980-10-02,0.21,-0.21
1980-10-03,-0.11,0.11
1980-10-06,-0.22,0.0
1980-10-07,0.07,0.035
1980-10-08,-0.04,-0.04
1980-10-09,-0.07,-0.07
1980-10-10,-0.06,-0.06
1980-10-13,-0.4,-0.4
1980-10-14,0.12,0.12
1980-10-15,0.02,0.03
1980-10-16,0.13,0.195
1980-10-17,-0.1,-0.15
1980-10-20,-0.04,-0.06
1980-10-21,-0.07,-0.105
1980-10-22,-0.29,-0.435
1980-10-23,0.06,0.06
1980-10-24,-0.08,-0.04
1980-10-27,-0.165,-0.165
1980-10-28,0.165,0.22
1980-10-29,-0.015,-0.02
1980-10-30,-0.12,-0.12
1980-10-31,-0.18,-0.18
1980-11-03,0.175,0.2
1980-11-04,0.0,0.0
1980-11-05,1.155,1.155
1980-11-06,-0.495,-0.495
1980-11-07,-0.065,-0.065
1980-11-10,0.075,0.07
1980-11-11,0.34,0.34
1980-11-12,1.2,1.14
1980-11-13,-1.035,-0.99
1980-11-14,2.625,2.52
1980-11-17,1.215,1.17
1980-11-18,2.1,1.95
1980-11-19,1.705,1.595
1980-11-20,5.44,5.12
1980-11-21,1.33,1.26
1980-11-24,-3.8,-3.6
1980-11-25,3.6,3.42
1980-11-26,0.0,0.0
1980-11-27,0.0,0.0
1980-11-28,4.62,4.41
1980-12-01,-2.64,-2.52
1980-12-02,-5.17,-4.73
1980-12-03,0.0,0.0
1980-12-04,-3.36,-3.08
1980-12-05,-2.16,-1.98
1980-12-08,-0.49,-0.44
1980-12-09,-10.0,-8.8
1980-12-10,-8.67,-7.65
1980-12-11,-9.2,-8.0
1980-12-12,2.05,1.75
1980-12-15,7.0,6.0
1980-12-16,-0.85,-0.725
1980-12-17,3.915,3.375
1980-12-18,-2.32,-2.0
1980-12-19,1.305,1.125
1980-12-22,1.595,1.375
1980-12-23,1.45,1.25
1980-12-24,-1.595,-1.375
1980-12-25,0.0,0.0
1980-12-26,0.0,0.0
1980-12-29,-1.16,-1.0
1980-12-30,-0.145,-0.125
1980-12-31,3.625,3.125
1981-01-01,0.0,0.0
1981-01-02,1.885,1.625
1981-01-05,-0.145,-0.125
1981-01-06,1.45,1.25
1981-01-07,0.45,0.375
1981-01-08,-0.8,-0.675
1981-01-09,-2.55,-2.175
1981-01-12,0.9,0.75
1981-01-13,0.36,0.3
1981-01-14,2.22,1.92
1981-01-15,-1.365,-1.155
1981-01-16,5.2,4.42
1981-01-19,0.205,0.175
1981-01-20,1.435,1.225
1981-01-21,-2.05,-1.75
1981-01-22,-3.74,-3.23
1981-01-23,-8.58,-7.41
1981-01-26,3.3,2.85
1981-01-27,3.075,2.625
1981-01-28,-1.845,-1.575
1981-01-29,-4.51,-3.85
1981-01-30,2.46,2.1
1981-02-02,1.4,1.19
1981-02-03,5.0,4.25
1981-02-04,0.6,0.51
1981-02-05,1.755,1.485
1981-02-06,3.51,2.97
1981-02-09,-5.265,-4.455
1981-02-10,3.315,2.805
1981-02-11,0.975,0.825
1981-02-12,-2.145,-1.815
1981-02-13,3.51,2.97
1981-02-16,0.0,0.0
1981-02-17,2.535,2.145
1981-02-18,-2.73,-2.31
1981-02-19,3.51,2.97
1981-02-20,-1.56,-1.32
1981-02-23,-3.315,-2.805
1981-02-24,-2.925,-2.475
1981-02-25,0.0,0.0
1981-02-26,-1.56,-1.32
1981-02-27,0.585,0.495
1981-03-02,-7.8,-6.6
1981-03-03,0.975,0.825
1981-03-04,-4.025,-3.22
1981-03-05,-4.025,-3.22
1981-03-06,1.155,0.91
1981-03-09,3.565,2.76
1981-03-10,-1.05,-0.805
1981-03-11,1.12,0.88
1981-03-12,2.94,2.205
1981-03-13,1.82,1.365
1981-03-16,0.27,0.2
1981-03-17,0.54,0.4
1981-03-18,0.945,0.7
1981-03-19,1.485,1.1
1981-03-20,-2.835,-2.1
1981-03-23,4.725,3.5
1981-03-24,0.54,0.4
1981-03-25,-0.81,-0.6
1981-03-26,-2.7,-2.0
1981-03-27,0.81,0.6
1981-03-30,2.16,1.6
1981-03-31,2.025,1.5
1981-04-01,-2.025,-1.5
1981-04-02,2.025,1.5
1981-04-03,-1.35,-1.0
1981-04-06,1.89,1.4
1981-04-07,5.4,4.0
1981-04-08,0.405,0.3
1981-04-09,0.675,0.5
1981-04-10,-3.51,-2.6
1981-04-13,-1.215,-0.945
1981-04-14,-1.62,-1.26
1981-04-15,-0.135,-0.105
1981-04-16,1.35,1.05
1981-04-17,0.0,0.0
1981-04-20,0.135,0.105
1981-04-21,-0.675,-0.525
1981-04-22,-1.755,-1.365
1981-04-23,-0.135,-0.105
1981-04-24,-1.62,-1.26
1981-04-27,-0.135,-0.105
1981-04-28,-3.645,-2.835
1981-04-29,0.81,0.63
1981-04-30,1.08,0.84
1981-05-01,0.945,0.735
1981-05-04,-2.7,-2.1
1981-05-05,0.81,0.63
1981-05-06,1.56,1.2
1981-05-07,0.0,0.0
1981-05-08,-0.25,-0.19
1981-05-11,-1.5,-1.14
1981-05-12,-3.875,-2.945
1981-05-13,0.5,0.36
1981-05-14,1.0,0.75
1981-05-15,0.095,0.065
1981-05-18,1.425,0.975
1981-05-19,-1.35,-0.9
1981-05-20,0.085,0.055
1981-05-21,-2.48,-1.55
1981-05-22,-1.2,-0.75
1981-05-25,0.0,0.0
1981-05-26,0.72,0.36
1981-05-27,0.24,0.12
1981-05-28,-0.25,-0.125
1981-05-29,0.405,0.18
1981-06-01,-0.76,-0.19
1981-06-02,-0.4,-0.05
1981-06-03,-0.595,0.085
1981-06-04,-0.025,0.015
1981-06-05,-0.14,0.175
1981-06-08,0.09,-0.315
1981-06-09,0.0,-0.585
1981-06-10,-0.105,-1.155
1981-06-11,0.14,0.77
1981-06-12,-0.16,-0.88
1981-06-15,-0.19,-1.045
1981-06-16,0.08,0.44
1981-06-17,0.13,0.715
1981-06-18,0.01,0.055
1981-06-19,-0.01,-0.055
1981-06-22,0.06,0.33
1981-06-23,0.06,0.33
1981-06-24,0.105,0.385
1981-06-25,0.405,1.62
1981-06-26,0.3,0.975
1981-06-29,0.24,0.52
1981-06-30,-0.245,-0.525
1981-07-01,-1.55,-2.79
1981-07-02,-0.36,-0.6
1981-07-03,0.0,0.0
1981-07-06,-2.4,-4.0
1981-07-07,0.42,0.7
1981-07-08,-0.9,-1.5
1981-07-09,0.6,1.0
1981-07-10,-1.08,-1.8
1981-07-13,-2.22,-3.7
1981-07-14,2.28,3.8
1981-07-15,1.1,2.0
1981-07-16,0.25,0.425
1981-07-17,0.85,1.445
1981-07-20,2.0,3.4
1981-07-21,-0.5,-0.85
1981-07-22,-0.7,-1.19
1981-07-23,0.0,0.0
1981-07-24,0.05,0.085
1981-07-27,0.85,1.445
1981-07-28,-0.25,-0.45
1981-07-29,0.715,1.235
1981-07-30,0.96,1.6
1981-07-31,-0.975,-1.575
1981-08-03,1.05,1.725
1981-08-04,0.9,1.38
1981-08-05,1.92,2.88
1981-08-06,-0.425,-0.65
1981-08-07,1.44,2.16
1981-08-10,2.7,3.78
1981-08-11,-0.63,-0.9
1981-08-12,0.0,0.0
1981-08-13,4.8,6.6
1981-08-14,1.43,1.925
1981-08-17,-2.08,-2.8
1981-08-18,2.66,3.325
1981-08-19,-1.96,-2.45
1981-08-20,0.3,0.36
1981-08-21,4.8,5.76
1981-08-24,3.04,3.515
1981-08-25,2.56,2.96
1981-08-26,-2.805,-3.145
1981-08-27,3.23,3.705
1981-08-28,-2.55,-2.925
1981-08-31,-3.5,-4.0
1981-09-01,0.0,0.0
1981-09-02,0.175,0.2
1981-09-03,-2.405,-2.665
1981-09-04,4.18,4.62
1981-09-07,0.0,0.0
1981-09-08,5.265,5.805
1981-09-09,0.585,0.645
1981-09-10,-0.8,-0.88
1981-09-11,3.36,3.6
1981-09-14,-3.08,-3.29
1981-09-15,-2.025,-2.16
1981-09-16,1.61,1.715
1981-09-17,0.96,1.0
1981-09-18,3.25,3.445
1981-09-21,3.12,3.3
1981-09-22,-0.81,-0.855
1981-09-23,2.2,2.36
1981-09-24,-0.855,-0.9
1981-09-25,2.9,3.1
1981-09-28,1.8,1.92
1981-09-29,-3.66,-3.9
1981-09-30,0.63,0.67
1981-10-01,1.89,2.01
1981-10-02,-2.6,-2.76
1981-10-05,-8.25,-8.875
1981-10-06,-3.35,-3.55
1981-10-07,3.685,3.905
1981-10-08,3.685,3.905
1981-10-09,0.0,0.0
1981-10-12,-5.025,-5.325
1981-10-13,-4.02,-4.26
1981-10-14,2.01,2.13
1981-10-15,4.69,4.97
1981-10-16,3.685,3.905
1981-10-19,-0.67,-0.7
1981-10-20,3.35,3.5
1981-10-21,-1.005,-1.05
1981-10-22,3.015,3.15
1981-10-23,-4.14,-4.2
1981-10-26,1.05,1.05
1981-10-27,-1.75,-1.75
1981-10-28,-2.485,-2.485
1981-10-29,2.52,2.52
1981-10-30,0.365,0.365
1981-11-02,-1.11,-1.11
1981-11-03,3.42,3.375
1981-11-04,3.08,3.04
1981-11-05,0.39,0.385
1981-11-06,3.555,3.51
1981-11-09,1.62,1.6
1981-11-10,6.97,6.97
1981-11-11,0.425,0.42
1981-11-12,-4.675,-4.62
1981-11-13,2.975,2.94
1981-11-16,2.975,2.94
1981-11-17,5.1,5.04
1981-11-18,2.55,2.55
1981-11-19,-2.55,-2.55
1981-11-20,0.0,0.0
1981-11-23,8.6,8.6
1981-11-24,10.56,10.56
1981-11-25,2.64,2.64
1981-11-26,0.0,0.0
1981-11-27,3.52,3.52
1981-11-30,4.4,4.4
1981-12-01,-5.28,-5.28
1981-12-02,1.32,1.32
1981-12-03,1.305,1.305
1981-12-04,-2.61,-2.61
1981-12-07,11.31,11.31
1981-12-08,5.655,5.655
1981-12-09,7.14,7.14
1981-12-10,11.76,11.76
1981-12-11,-5.46,-5.46
1981-12-14,8.8,8.8
1981-12-15,8.19,8.19
1981-12-16,-8.855,-8.855
1981-12-17,-6.46,-6.46
1981-12-18,4.2,4.2
1981-12-21,3.06,3.06
1981-12-22,-1.02,-1.02
1981-12-23,3.06,3.06
1981-12-24,-6.46,-6.46
1981-12-25,0.0,0.0
1981-12-28,-11.9,-11.9
1981-12-29,5.1,5.1
1981-12-30,-0.68,-0.68
1981-12-31,-1.36,-1.36
1982-01-01,0.0,0.0
1982-01-04,-2.38,-2.38
1982-01-05,3.06,3.06
1982-01-06,-4.76,-4.76
1982-01-07,0.0,0.0
1982-01-08,4.76,4.76
1982-01-11,3.06,3.06
1982-01-12,1.36,1.36
1982-01-13,0.0,0.0
1982-01-14,0.355,0.355
1982-01-15,1.46,1.46
1982-01-18,-3.33,-3.33
1982-01-19,4.56,4.56
1982-01-20,-1.52,-1.52
1982-01-21,-4.94,-4.94
1982-01-22,-1.54,-1.54
1982-01-25,4.235,4.235
1982-01-26,-3.08,-3.08
1982-01-27,-8.47,-8.47
1982-01-28,3.08,3.08
1982-01-29,-5.625,-5.775
1982-02-01,-9.0,-9.24
1982-02-02,0.73,0.77
1982-02-03,0.0,0.0
1982-02-04,-0.67,-0.73
1982-02-05,3.35,3.65
1982-02-08,4.69,5.11
1982-02-09,1.675,1.825
1982-02-10,-4.355,-4.68
1982-02-11,0.67,0.72
1982-02-12,1.675,1.8
1982-02-15,0.0,0.0
1982-02-16,0.67,0.72
1982-02-17,-0.67,-0.72
1982-02-18,1.34,1.44
1982-02-19,8.375,9.0
1982-02-22,0.335,0.36
1982-02-23,2.345,2.52
1982-02-24,-0.67,-0.72
1982-02-25,0.0,0.0
1982-02-26,-2.01,-2.16
1982-03-01,-1.02,-1.095
1982-03-02,-2.415,-2.625
1982-03-03,3.55,3.8
1982-03-04,4.26,4.62
1982-03-05,5.325,5.775
1982-03-08,7.2,7.7
1982-03-09,-1.8,-1.925
1982-03-10,-2.88,-3.08
1982-03-11,0.0,0.0
1982-03-12,6.84,7.315
1982-03-15,-5.92,-6.32
1982-03-16,2.96,3.16
1982-03-17,-4.07,-4.345
1982-03-18,-3.33,-3.555
1982-03-19,-1.85,-1.975
1982-03-22,-1.85,-1.975
1982-03-23,1.85,1.975
1982-03-24,-1.48,-1.58
1982-03-25,1.11,1.185
1982-03-26,-1.48,-1.58
1982-03-29,-4.44,-4.74
1982-03-30,-0.37,-0.395
1982-03-31,-1.11,-1.185
1982-04-01,1.48,1.58
1982-04-02,-4.81,-5.135
1982-04-05,-5.18,-5.53
1982-04-06,0.37,0.395
1982-04-07,4.07,4.345
1982-04-08,-2.22,-2.37
1982-04-09,0.0,0.0
1982-04-12,0.74,0.79
1982-04-13,-0.37,-0.395
1982-04-14,1.85,1.975
1982-04-15,0.0,0.0
1982-04-16,0.0,0.0
1982-04-19,0.0,0.0
1982-04-20,-2.59,-2.765
1982-04-21,2.59,2.765
1982-04-22,2.96,3.16
1982-04-23,-2.59,-2.765
1982-04-26,0.37,0.395
1982-04-27,1.48,1.58
1982-04-28,0.37,0.395
1982-04-29,0.37,0.395
1982-04-30,3.33,3.555
1982-05-03,6.75,7.11
1982-05-04,2.25,2.37
1982-05-05,2.25,2.37
1982-05-06,0.375,0.395
1982-05-07,-1.875,-1.975
1982-05-10,4.68,4.98
1982-05-11,-0.395,-0.425
1982-05-12,-0.79,-0.85
1982-05-13,2.05,2.2
1982-05-14,-4.2,-4.5
1982-05-17,0.86,0.93
1982-05-18,0.86,0.93
1982-05-19,-1.72,-1.86
1982-05-20,-1.76,-1.9
1982-05-21,0.88,0.96
1982-05-24,2.225,2.4
1982-05-25,7.2,7.76
1982-05-26,-1.84,-1.96
1982-05-27,2.3,2.45
1982-05-28,-1.38,-1.47
1982-05-31,0.0,0.0
1982-06-01,6.44,6.93
1982-06-02,-1.38,-1.5
1982-06-03,3.72,4.0
1982-06-04,3.8,4.08
1982-06-07,-6.305,-6.695
1982-06-08,0.495,0.515
1982-06-09,-2.475,-2.575
1982-06-10,-1.485,-1.545
1982-06-11,-7.425,-7.725
1982-06-14,7.92,8.24
1982-06-15,5.39,5.445
1982-06-16,4.14,4.095
1982-06-17,6.37,6.37
1982-06-18,-0.455,-0.455
1982-06-21,-1.82,-1.82
1982-06-22,-3.185,-3.185
1982-06-23,1.365,1.365
1982-06-24,-2.275,-2.275
1982-06-25,0.91,0.91
1982-06-28,5.46,5.46
1982-06-29,-0.455,-0.455
1982-06-30,4.55,4.55
1982-07-01,-1.365,-1.365
1982-07-02,3.185,3.22
1982-07-05,0.0,0.0
1982-07-06,6.975,7.2
1982-07-07,4.65,4.8
1982-07-08,-4.275,-4.32
1982-07-09,-2.88,-2.88
1982-07-12,1.44,1.44
1982-07-13,-2.4,-2.4
1982-07-14,0.0,0.0
1982-07-15,1.92,1.94
1982-07-16,2.45,2.45
1982-07-19,5.5,5.5
1982-07-20,1.01,1.01
1982-07-21,-2.02,-2.02
1982-07-22,4.545,4.59
1982-07-23,3.03,3.06
1982-07-26,5.61,5.61
1982-07-27,0.0,0.0
1982-07-28,6.18,6.18
1982-07-29,-4.16,-4.16
1982-07-30,4.68,4.68
1982-08-02,-4.16,-4.16
1982-08-03,-1.56,-1.56
1982-08-04,-2.6,-2.6
1982-08-05,8.32,8.32
1982-08-06,9.88,9.88
1982-08-09,2.08,2.08
1982-08-10,2.0,2.0
1982-08-11,2.5,2.5
1982-08-12,20.0,20.0
1982-08-13,-4.0,-4.0
1982-08-16,11.62,11.62
1982-08-17,2.46,2.46
1982-08-18,-7.02,-7.02
1982-08-19,5.85,5.85
1982-08-20,-0.76,-0.76
1982-08-23,-4.56,-4.56
1982-08-24,-4.94,-4.94
1982-08-25,-5.32,-5.32
1982-08-26,8.36,8.36
1982-08-27,5.625,5.625
1982-08-30,2.555,2.555
1982-08-31,-4.015,-4.015
1982-09-01,0.0,0.0
1982-09-02,-3.285,-3.285
1982-09-03,2.19,2.19
1982-09-06,0.0,0.0
1982-09-07,9.125,9.125
1982-09-08,2.19,2.19
1982-09-09,1.46,1.46
1982-09-10,3.285,3.285
1982-09-13,-8.03,-8.03
1982-09-14,-2.59,-2.59
1982-09-15,1.11,1.11
1982-09-16,2.22,2.22
1982-09-17,4.44,4.44
1982-09-20,-1.48,-1.48
1982-09-21,1.11,1.11
1982-09-22,2.96,2.96
1982-09-23,-3.7,-3.7
1982-09-24,-5.18,-5.18
1982-09-27,-1.48,-1.48
1982-09-28,2.96,2.96
1982-09-29,1.11,1.11
1982-09-30,2.59,2.59
1982-10-01,2.96,2.96
1982-10-04,3.7,3.7
1982-10-05,-1.01,-1.01
1982-10-06,-1.13,-1.13
1982-10-07,-5.86,-5.86
1982-10-08,3.505,3.505
1982-10-11,-5.49,-5.49
1982-10-12,5.8825,5.8825
1982-10-13,-4.89,-4.82
1982-10-14,3.7525,3.7525
1982-10-15,2.07,2.035
1982-10-18,0.985,0.985
1982-10-19,-0.84,-0.84
1982-10-20,-1.825,-1.825
1982-10-21,3.0075,3.0075
1982-10-22,5.335,5.335
1982-10-25,5.7575,5.7575
1982-10-26,0.045,0.045
1982-10-27,0.8525,0.8525
1982-10-28,-0.3225,-0.3225
1982-10-29,2.9275,2.9275
1982-11-01,1.8875,1.8875
1982-11-02,0.0,0.0
1982-11-03,-1.1225,-1.1425
1982-11-04,-4.0175,-4.0775
1982-11-05,-7.3275,-7.4325
1982-11-08,-1.4725,-1.4925
1982-11-09,1.395,1.395
1982-11-10,-1.295,-1.295
1982-11-11,-4.54,-4.54
1982-11-12,2.4475,2.4475
1982-11-15,1.5,1.5
1982-11-16,-2.8525,-2.8525
1982-11-17,-1.6675,-1.6675
1982-11-18,-2.0975,-2.0975
1982-11-19,-2.2725,-2.2725
1982-11-22,0.2175,0.2175
1982-11-23,-0.63,-0.48
1982-11-24,-0.735,-0.6975
1982-11-25,0.0,0.0
1982-11-26,0.005,0.1675
1982-11-29,4.81,5.21
1982-11-30,0.405,0.3675
1982-12-01,1.935,1.9575
1982-12-02,2.11,2.045
1982-12-03,1.83,1.41
1982-12-06,-4.005,-4.1475
1982-12-07,-4.415,-4.5175
1982-12-08,-0.625,-0.3125
1982-12-09,-4.5,-4.725
1982-12-10,1.025,1.3375
1982-12-13,-1.455,-1.6725
1982-12-14,4.11,3.945
1982-12-15,0.18,0.2475
1982-12-16,1.025,1.2625
1982-12-17,-0.45,-0.525
1982-12-20,-0.15,-0.075
1982-12-21,1.125,0.7125
1982-12-22,0.725,0.8125
1982-12-23,-1.15,-1.325
1982-12-24,0.0,0.0
1982-12-27,-2.42,-2.5825
1982-12-28,-3.66,-3.66
1982-12-29,0.715,0.715
1982-12-30,0.635,0.635
1982-12-31,0.0,0.0
1983-01-03,-0.57,-0.57
1983-01-04,0.97,0.97
1983-01-05,-2.415,-2.415
1983-01-06,-1.015,-1.015
1983-01-07,-1.475,-1.475
1983-01-10,-2.06,-2.12
1983-01-11,2.355,2.21
1983-01-12,-6.9025,-7.055
1983-01-13,1.6375,1.625
1983-01-14,-2.4225,-2.485
1983-01-17,-0.29,-0.29
1983-01-18,0.285,0.285
1983-01-19,1.33,1.5275
1983-01-20,0.32,0.3725
1983-01-21,-2.52,-2.15
1983-01-24,-2.25,-2.0125
1983-01-25,0.24,0.05
1983-01-26,-3.68,-3.475
1983-01-27,-1.81,-1.8125
1983-01-28,2.73,2.7075
1983-01-31,-2.85,-2.6075
1983-02-01,0.68,0.6225
1983-02-02,1.04,0.98
1983-02-03,-0.08,0.19
1983-02-04,0.775,0.95
1983-02-07,2.135,1.855
1983-02-08,-0.51,-0.48
1983-02-09,-2.88,-2.69
1983-02-10,-2.235,-2.33
1983-02-11,-0.125,-0.23
1983-02-14,-3.3225,-3.125
1983-02-15,1.38,1.34
1983-02-16,2.355,2.095
1983-02-17,-2.26,-2.23
1983-02-18,0.3775,0.155
1983-02-21,0.0,0.0
1983-02-22,4.93,4.24
1983-02-23,-0.1475,-0.055
1983-02-24,-0.9925,-0.93
1983-02-25,3.2525,2.535
1983-02-28,3.57,3.05
1983-03-01,-1.64,-1.535
1983-03-02,-2.45,-2.0625
1983-03-03,-0.23,-0.2025
1983-03-04,-0.085,-0.0375
1983-03-07,-1.095,-0.8175
1983-03-08,0.745,0.43
1983-03-09,-1.965,-1.51
1983-03-10,0.115,-0.005
1983-03-11,-1.15,-0.94
1983-03-14,-0.4,-0.085
1983-03-15,0.75,0.68
1983-03-16,-3.8,-2.92
1983-03-17,-0.95,-0.725
1983-03-18,0.285,0.245
1983-03-21,-0.9,-0.7
1983-03-22,-0.775,-0.55
1983-03-23,-2.8,-1.6
1983-03-24,0.74,0.56
1983-03-25,-0.26,-0.47
1983-03-28,-0.435,-0.215
1983-03-29,1.05,0.66
1983-03-30,0.9675,0.51
1983-03-31,-0.3725,-0.275
1983-04-01,0.0,0.0
1983-04-04,0.2175,0.29
1983-04-05,1.1475,1.005
1983-04-06,0.4375,0.2
1983-04-07,-0.6625,-0.375
1983-04-08,-0.935,-0.37
1983-04-11,1.705,0.935
1983-04-12,-0.065,-0.12
1983-04-13,0.1125,0.48
1983-04-14,1.8,0.845
1983-04-15,-0.075,-0.6
1983-04-18,0.3,0.65
1983-04-19,-1.6,-1.425
1983-04-20,0.42,0.16
1983-04-21,-0.75,-0.9
1983-04-22,-0.21,0.3475
1983-04-25,0.585,0.24
1983-04-26,0.405,0.5575
1983-04-27,1.335,0.7275
1983-04-28,0.115,0.0025
1983-04-29,0.255,0.4925
1983-05-02,0.025,0.1625
1983-05-03,0.445,0.235
1983-05-04,1.265,1.325
1983-05-05,-0.9925,-0.675
1983-05-06,0.4375,0.435
1983-05-09,-1.6975,-1.67
1983-05-10,1.25,1.25
1983-05-11,-0.6625,-1.825
1983-05-12,-0.8325,-1.515
1983-05-13,0.36,0.34
1983-05-16,-2.3325,-1.92
1983-05-17,-0.3675,-0.165
1983-05-18,-0.215,-0.27
1983-05-19,-1.4025,-1.395
1983-05-20,-0.6975,-1.025
1983-05-23,-0.24,-0.025
1983-05-24,0.2825,0.305
1983-05-25,-0.1375,-0.275
1983-05-26,-0.9625,-0.825
1983-05-27,-0.0875,-0.12
1983-05-30,0.0,0.0
1983-05-31,-2.325,-2.31
1983-06-01,0.825,0.57
1983-06-02,-0.22,0.06
1983-06-03,-0.24,-0.1575
1983-06-06,0.63,0.44
1983-06-07,-1.035,-0.905
1983-06-08,-1.165,-1.035
1983-06-09,0.6575,0.7025
1983-06-10,-0.075,-0.125
1983-06-13,1.8325,1.8125
1983-06-14,-0.3575,-0.35
1983-06-15,0.33,0.3
1983-06-16,0.68,0.75
1983-06-17,-0.36,-0.405
1983-06-20,-0.89,-0.895
1983-06-21,0.0,0.125
1983-06-22,-0.48,-0.415
1983-06-23,-0.4,-0.3
1983-06-24,-1.15,-1.2
1983-06-27,-0.9,-1.16
1983-06-28,0.53,0.46
1983-06-29,0.6,0.6
1983-06-30,0.21,0.09
1983-07-01,0.0625,0.08
1983-07-04,0.0,0.0
1983-07-05,-2.0625,-2.75
1983-07-06,1.0725,1.43
1983-07-07,-0.645,-0.88
1983-07-08,-0.6075,-0.8
1983-07-11,2.2875,2.85
1983-07-12,0.15,0.06
1983-07-13,-0.1075,-0.11
1983-07-14,-0.51,-0.545
1983-07-15,1.29,1.48
1983-07-18,1.93,2.515
1983-07-19,2.95,3.4075
1983-07-20,3.425,3.9375
1983-07-21,0.43,0.345
1983-07-22,2.27,2.365
1983-07-25,-1.2,-1.1625
1983-07-26,-3.4,-3.705
1983-07-27,0.765,0.7675
1983-07-28,2.6,2.475
1983-07-29,-1.53,-1.7725
1983-08-01,4.175,4.3625
1983-08-02,1.335,1.4325
1983-08-03,3.23,3.3725
1983-08-04,-1.6575,-2.3925
1983-08-05,3.4875,3.5625
1983-08-08,-1.2875,-1.475
1983-08-09,-1.1375,-1.125
1983-08-10,4.7,4.8
1983-08-11,0.4275,0.625
1983-08-12,0.2625,0.525
1983-08-15,5.3625,5.725
1983-08-16,-1.45,-1.46
1983-08-17,-2.275,-2.15
1983-08-18,-4.175,-4.51
1983-08-19,2.4,2.4
1983-08-22,5.4625,6.125
1983-08-23,2.6625,2.685
1983-08-24,-2.2,-2.24
1983-08-25,-2.275,-2.51
1983-08-26,2.6125,2.705
1983-08-29,-3.1625,-3.685
1983-08-30,-5.1,-5.4
1983-08-31,3.6,3.6
1983-09-01,-2.635,-2.51
1983-09-02,2.5525,2.465
1983-09-05,0.0,0.0
1983-09-06,3.015,3.39
1983-09-07,-0.495,-0.27
1983-09-08,0.6575,0.595
1983-09-09,1.5275,1.615
1983-09-12,-0.9875,-0.775
1983-09-13,-2.4375,-2.475
1983-09-14,-2.205,-2.205
1983-09-15,-4.305,-4.305
1983-09-16,2.445,2.445
1983-09-19,4.42,4.42
1983-09-20,-0.66,-0.66
1983-09-21,4.2,4.2
1983-09-22,-3.76,-3.76
1983-09-23,-2.02,-2.02
1983-09-26,-1.85,-1.745
1983-09-27,1.89,1.89
1983-09-28,-2.405,-2.4675
1983-09-29,1.14,1.14
1983-09-30,1.4975,1.4975
1983-10-03,-0.91,-0.91
1983-10-04,-2.28,-2.28
1983-10-05,2.44,2.44
1983-10-06,0.57,0.57
1983-10-07,-1.46,-1.46
1983-10-10,-0.8875,-1.025
1983-10-11,-0.245,-0.245
1983-10-12,-0.72,-0.72
1983-10-13,3.02,3.02
1983-10-14,-0.87,-0.87
1983-10-17,-0.435,-0.435
1983-10-18,-1.735,-1.735
1983-10-19,-0.165,-0.165
1983-10-20,-0.62,-0.62
1983-10-21,0.925,0.925
1983-10-24,-2.75,-2.75
1983-10-25,0.795,0.795
1983-10-26,-2.8,-2.8
1983-10-27,0.235,0.25
1983-10-28,-0.29,-0.3
1983-10-31,-0.255,-0.25
1983-11-01,0.83,0.85
1983-11-02,1.6,1.6
1983-11-03,-0.25,-0.24
1983-11-04,0.4,0.4
1983-11-07,1.8,1.8
1983-11-08,1.695,1.76
1983-11-09,-1.52,-1.525
1983-11-10,0.7,0.4525
1983-11-11,-1.34,-1.68
1983-11-14,-1.77,-1.6475
1983-11-15,1.76,1.88
1983-11-16,-2.66,-2.7375
1983-11-17,0.6,0.6
1983-11-18,-1.65,-1.6125
1983-11-21,-0.695,-0.87
1983-11-22,-0.075,-0.275
1983-11-23,2.14,2.165
1983-11-24,0.0,0.0
1983-11-25,1.505,1.4175
1983-11-28,-0.535,-0.36
1983-11-29,0.005,-0.12
1983-11-30,-1.93,-1.83
1983-12-01,0.98,1.005
1983-12-02,-2.11,-1.83
1983-12-05,-2.85,-2.775
1983-12-06,-1.12,-1.1025
1983-12-07,1.26,1.295
1983-12-08,-0.945,-0.7525
1983-12-09,1.85,1.825
1983-12-12,1.08,0.985
1983-12-13,-0.99,-0.83
1983-12-14,0.6,0.61
1983-12-15,1.275,1.1375
1983-12-16,-0.45,-0.525
1983-12-19,3.25,3.075
1983-12-20,0.0,0.0
1983-12-21,-0.66,-0.67
1983-12-22,0.99,0.8325
1983-12-23,1.875,1.8225
1983-12-26,0.0,0.0
1983-12-27,1.155,1.0125
1983-12-28,-1.775,-1.575
1983-12-29,0.015,-0.0375
1983-12-30,0.29,0.31
1984-01-02,0.0,0.0
1984-01-03,-3.92,-3.6925
1984-01-04,0.345,0.205
1984-01-05,0.765,0.735
1984-01-06,3.21,3.0675
1984-01-09,-3.065,-2.9725
1984-01-10,2.255,2.155
1984-01-11,0.545,0.6075
1984-01-12,-0.415,-0.3775
1984-01-13,-0.04,-0.4875
1984-01-16,-8.1,-8.25
1984-01-17,3.55,3.69
1984-01-18,-0.01,-0.015
1984-01-19,-0.31,-0.3
1984-01-20,-0.89,-0.875
1984-01-23,1.07,1.05
1984-01-24,4.55,4.4375
1984-01-25,-2.99,-2.925
1984-01-26,-0.7325,-0.7125
1984-01-27,-0.5225,-0.5025
1984-01-30,-0.8775,-0.8475
1984-01-31,-2.53,-2.42
1984-02-01,1.3375,1.325
1984-02-02,1.82,1.78
1984-02-03,-0.15,-0.15
1984-02-06,1.165,1.085
1984-02-07,0.31,0.265
1984-02-08,-1.915,-1.8475
1984-02-09,-0.53,-0.57
1984-02-10,-1.515,-1.6225
1984-02-13,-0.975,-1.1375
1984-02-14,-0.705,-0.5325
1984-02-15,0.455,0.4875
1984-02-16,0.0,0.0
1984-02-17,-4.81,-4.825
1984-02-20,0.0,0.0
1984-02-21,1.08,1.1125
1984-02-22,1.89,1.7625
1984-02-23,-4.01,-4.1375
1984-02-24,1.295,1.4125
1984-02-27,0.265,0.225
1984-02-28,-1.24,-1.2
1984-02-29,4.275,4.0
1984-03-01,-0.065,-0.025
1984-03-02,3.26,2.9275
1984-03-05,0.125,0.2
1984-03-06,-0.72,-0.68
1984-03-07,-1.94,-1.86
1984-03-08,0.7525,0.6725
1984-03-09,1.63,1.52
1984-03-12,1.66,1.52
1984-03-13,-0.36,-0.325
1984-03-14,1.0325,1.06
1984-03-15,-1.48,-1.4325
1984-03-16,-1.08,-0.99
1984-03-19,0.095,0.24
1984-03-20,1.18,1.135
1984-03-21,1.425,1.375
1984-03-22,1.51,1.58
1984-03-23,0.4675,0.505
1984-03-26,2.5875,2.525
1984-03-27,0.235,0.285
1984-03-28,-0.8475,-1.1425
1984-03-29,-2.745,-2.94
1984-03-30,1.335,1.815
1984-04-02,5.3225,5.4275
1984-04-03,2.975,3.275
1984-04-04,0.8925,0.9825
1984-04-05,-4.8,-5.025
1984-04-06,-1.335,-1.815
1984-04-09,3.45,3.4
1984-04-10,-1.875,-1.75
1984-04-11,-2.5275,-2.6425
1984-04-12,0.4450000000000074,0.1950000000000074
1984-04-13,-0.2675000000000097,0.26749999999999036
1984-04-16,-3.219999999999993,-3.114999999999993
1984-04-17,1.6049999999999984,1.5549999999999966
1984-04-18,3.049999999999991,3.5099999999999834
1984-04-19,3.747499999999999,3.8974999999999986
1984-04-20,0.0,0.0
1984-04-23,5.790000000000005,5.980000000000006
1984-04-24,-8.184999999999993,-8.48999999999999
1984-04-25,0.07749999999998863,0.047499999999982945
1984-04-26,-3.4049999999999794,-3.5174999999999694
1984-04-27,1.470000000000001,1.575000000000002
1984-04-30,0.6099999999999796,0.619999999999959
1984-05-01,1.8650000000000149,2.0175000000000294
1984-05-02,2.014999999999992,2.067499999999984
1984-05-03,-2.9200000000000044,-3.0150000000000095
1984-05-04,0.9050000000000069,0.977500000000009
1984-05-07,-2.2450000000000103,-2.222500000000014
1984-05-08,-0.7949999999999676,-0.9974999999999566
1984-05-09,-4.645000000000028,-4.672500000000037
1984-05-10,-2.950000000000009,-3.100000000000011
1984-05-11,-3.6749999999999745,-3.769999999999966
1984-05-14,-1.5625,-1.44
1984-05-15,2.2849999999999917,2.079999999999989
1984-05-16,4.400000000000002,4.030000000000004
1984-05-17,-1.8100000000000045,-1.5900000000000092
1984-05-18,1.265000000000009,1.3200000000000183
1984-05-21,5.5024999999999915,5.119999999999984
1984-05-22,-1.2799999999999898,-1.5899999999999794
1984-05-23,-0.18750000000001704,-0.4000000000000341
1984-05-24,1.4925000000000226,0.7350000000000455
1984-05-25,0.48749999999998744,0.42499999999997495
1984-05-28,0.0,0.0
1984-05-29,-1.3400000000000125,-1.2900000000000187
1984-05-30,-1.4399999999999944,-1.679999999999991
1984-05-31,-1.3399999999999965,-1.049999999999995
1984-06-01,0.7100000000000161,1.1850000000000238
1984-06-04,-0.7100000000000091,-0.22500000000001366
1984-06-05,-1.5500000000000125,-1.4800000000000126
1984-06-06,-2.1499999999999906,-2.0599999999999907
1984-06-07,1.1000000000000034,1.0400000000000036
1984-06-08,-1.8500000000000079,-1.760000000000008
1984-06-11,1.7699999999999956,1.6799999999999955
1984-06-12,0.5600000000000148,0.5400000000000148
1984-06-13,4.7,4.5
1984-06-14,-1.1000000000000034,-1.0400000000000036
1984-06-15,1.1899999999999862,1.1399999999999864
1984-06-18,3.560000000000017,3.400000000000017
1984-06-19,4.549999999999988,4.519999999999988
1984-06-20,-2.6674999999999875,-2.1199999999999872
1984-06-21,-1.867499999999993,-1.719999999999993
1984-06-22,-0.957500000000001,-0.880000000000001
1984-06-25,-2.904999999999996,-2.879999999999996
1984-06-26,-3.042499999999996,-2.879999999999996
1984-06-27,0.3150000000000091,0.24000000000000907
1984-06-28,0.6424999999999783,0.6799999999999784
1984-06-29,7.602500000000005,7.500000000000005
1984-07-02,-0.7200000000000056,-0.7000000000000056
1984-07-03,-4.97999999999998,-5.17999999999998
1984-07-04,0.0,0.0
1984-07-05,-5.872500000000004,-5.885000000000003
1984-07-06,1.0799999999999945,1.0299999999999945
1984-07-09,3.9950000000000156,3.675000000000016
1984-07-10,-4.050000000000022,-4.130000000000022
1984-07-11,-2.849999999999982,-2.9649999999999817
1984-07-12,1.9949999999999877,1.8699999999999877
1984-07-13,-1.2249999999999839,-1.6099999999999839
1984-07-16,-0.9175000000000011,-1.005000000000001
1984-07-17,0.259999999999975,0.41999999999997495
1984-07-18,0.8575000000000046,0.8450000000000045
1984-07-19,0.8049999999999965,0.8649999999999965
1984-07-20,-2.182499999999982,-2.407499999999982
1984-07-23,-0.5774999999999965,-0.6974999999999977
1984-07-24,-1.4750000000000185,-1.9250000000000123
1984-07-25,-0.8549999999999898,-1.2349999999999897
1984-07-26,1.7575000000000103,1.8375000000000103
1984-07-27,-1.115000000000029,-1.177500000000029
1984-07-30,0.09999999999999827,0.5399999999999983
1984-07-31,2.1550000000000225,2.545000000000022
1984-08-01,0.4699999999999864,0.4099999999999864
1984-08-02,2.4750000000000223,3.045000000000022
1984-08-03,1.4149999999999727,1.4449999999999728
1984-08-06,-2.209999999999968,-2.069999999999976
1984-08-07,-0.577500000000041,-1.3750000000000306
1984-08-08,-0.41249999999994774,-0.48499999999996085
1984-08-09,1.9949999999999477,2.339999999999961
1984-08-10,-0.27249999999995,-0.35499999999996246
1984-08-13,-0.3100000000000409,-0.2300000000000307
1984-08-14,2.269999999999993,2.719999999999993
1984-08-15,-0.8574999999999839,-0.9774999999999839
1984-08-16,0.46750000000001135,0.5575000000000114
1984-08-17,-2.1025000000000253,-2.642500000000025
1984-08-20,-3.187499999999978,-3.937499999999978
1984-08-21,1.4700000000000255,1.5075000000000205
1984-08-22,2.589999999999986,3.3349999999999884
1984-08-23,-1.1600000000000312,-1.2250000000000252
1984-08-24,1.2950000000000512,1.4575000000000513
1984-08-27,-0.5100000000000257,0.21499999999997435
1984-08-28,-0.845,-1.095
1984-08-29,-2.395000000000006,-2.8075000000000054
1984-08-30,0.8400000000000201,1.0150000000000199
1984-08-31,0.2849999999999858,0.12249999999998581
1984-09-03,0.0,0.0
1984-09-04,-1.134999999999983,-0.8974999999999829
1984-09-05,0.9650000000000198,1.3650000000000198
1984-09-06,2.145,1.87
1984-09-07,1.389999999999963,1.164999999999963
1984-09-10,4.05,4.375
1984-09-11,0.29999999999999427,0.18749999999999434
1984-09-12,-0.9649999999999574,-1.0649999999999573
1984-09-13,0.12499999999998872,-0.25000000000001127
1984-09-14,1.9300000000000028,2.130000000000003
1984-09-17,-2.010000000000014,-2.535000000000014
1984-09-18,1.7299999999999747,1.8049999999999746
1984-09-19,3.892499999999946,4.092499999999946
1984-09-20,-1.1124999999999858,-1.2374999999999858
1984-09-21,-3.0074999999999803,-3.0574999999999806
1984-09-24,-2.2300000000000195,-2.3050000000000197
1984-09-25,-1.1399999999999602,-1.2399999999999602
1984-09-26,0.3049999999999517,0.14499999999995172
1984-09-27,2.447500000000014,2.427500000000014
1984-09-28,-4.625000000000022,-4.825000000000022
1984-10-01,-1.1349999999999405,-1.2149999999999403
1984-10-02,0.985,1.165
1984-10-03,-0.27500000000000907,-0.25500000000000905
1984-10-04,0.8049999999999977,0.8249999999999977
1984-10-05,1.5449999999999613,1.5649999999999613
1984-10-08,-0.2649999999999909,-0.4049999999999909
1984-10-09,-0.38500000000000456,-0.4050000000000045
1984-10-10,0.570000000000041,0.690000000000041
1984-10-11,-4.774847184307873e-14,-0.12000000000004775
1984-10-12,2.5700000000000456,2.980000000000057
1984-10-15,-1.789999999999993,-2.0299999999999914
1984-10-16,0.5599999999999744,0.6774999999999743
1984-10-17,-0.14500000000001712,-0.2675000000000171
1984-10-18,2.56000000000004,2.54000000000004
1984-10-19,1.69,1.81
1984-10-22,-0.6375000000000398,-0.8375000000000398
1984-10-23,1.5950000000000426,1.6550000000000427
1984-10-24,1.352499999999983,1.5324999999999795
1984-10-25,-3.1125000000000242,-3.2725000000000244
1984-10-26,-3.1650000000000205,-3.3900000000000206
1984-10-29,-0.03999999999999317,-0.07499999999999317
1984-10-30,3.25,3.65
1984-10-31,-0.4375,-0.525
1984-11-01,2.7775000000000314,2.997500000000031
1984-11-02,0.09749999999999144,0.07749999999999144
1984-11-05,2.0374999999999943,2.0374999999999943
1984-11-06,0.6324999999999801,0.6924999999999801
1984-11-07,-1.5699999999999574,-1.4299999999999573
1984-11-08,-2.782499999999997,-2.9424999999999972
1984-11-09,1.7249999999999515,1.7249999999999515
1984-11-12,0.8850000000000484,0.9450000000000485
1984-11-13,-2.2600000000000198,-2.5500000000000242
1984-11-14,-0.3074999999999659,-0.20749999999996588
1984-11-15,1.5299999999999727,1.5299999999999727
1984-11-16,0.4425000000000238,0.4925000000000238
1984-11-19,0.7674999999999659,0.6674999999999659
1984-11-20,1.747499999999993,1.6974999999999931
1984-11-21,3.004999999999976,3.029999999999976
1984-11-22,0.0,0.0
1984-11-23,2.56250000000001,2.50250000000001
1984-11-26,-1.06,-1.24
1984-11-27,-1.1250000000000069,-1.335000000000007
1984-11-28,-0.014999999999993088,0.43750000000000694
1984-11-29,-0.41999999999997617,-0.41999999999997617
1984-11-30,-4.66,-4.59
1984-12-03,0.9099999999999602,0.9399999999999602
1984-12-04,1.1500000000000516,1.0925000000000518
1984-12-05,-2.11999999999998,-2.45499999999998
1984-12-06,-2.7000000000000477,-2.6700000000000474
1984-12-07,-4.399999999999989,-4.757499999999989
1984-12-10,1.995000000000032,1.9600000000000322
1984-12-11,1.9999999999999878,1.909999999999988
1984-12-12,-0.8200000000000278,-1.0175000000000278
1984-12-13,-3.250000000000012,-2.970000000000012
1984-12-14,4.194999999999995,3.9774999999999956
1984-12-17,1.5725000000000438,1.6125000000000438
1984-12-18,2.034999999999976,1.8349999999999795
1984-12-19,-1.1949999999999878,-1.1099999999999897
1984-12-20,-0.7374999999999882,-0.6449999999999898
1984-12-21,0.4975000000000159,0.4000000000000136
1984-12-24,0.9625000000000039,0.7750000000000035
1984-12-25,0.0,0.0
1984-12-26,-2.292500000000012,-1.8800000000000103
1984-12-27,-0.7325,-0.63
1984-12-28,0.3825000000000199,0.33000000000001706
1984-12-31,-1.5274999999999324,-1.3399999999999324
1985-01-01,0.0,0.0
1985-01-02,-1.3275000000000716,-1.3275000000000716
1985-01-03,0.5175000000000438,0.5875000000000438
1985-01-04,-1.035000000000028,-0.9550000000000278
1985-01-07,3.6999999999999793,3.7599999999999794
1985-01-08,-0.6574999999999364,-0.5224999999999363
1985-01-09,0.9249999999999404,0.9249999999999404
1985-01-10,-0.09250000000000796,-0.11250000000000795
1985-01-11,-2.1299999999999484,-2.159999999999948
1985-01-14,-0.03999999999999204,-0.03999999999999204
1985-01-15,1.8424999999999243,1.7924999999999243
1985-01-16,-0.502499999999996,-0.517499999999996
1985-01-17,-0.20249999999993631,-0.14249999999993632
1985-01-18,2.5299999999999403,2.4399999999999404
1985-01-21,0.1325,0.0525
1985-01-22,1.8950000000000677,2.1850000000000773
1985-01-23,0.32999999999993634,0.38999999999993634
1985-01-24,3.0125000000000544,3.0725000000000544
1985-01-25,-0.6425000000000409,-0.6425000000000409
1985-01-28,-1.005000000000018,-0.9050000000000181
1985-01-29,0.4974999999999864,0.5974999999999846
1985-01-30,-0.03749999999996419,-0.06249999999996419
1985-01-31,-1.6425000000000407,-1.7550000000000407
1985-02-01,-4.397499999999939,-4.659999999999939
1985-02-04,0.18500000000004602,0.08500000000004601
1985-02-05,1.490000000000009,1.240000000000009
1985-02-06,-2.4850000000000865,-2.4600000000000866
1985-02-07,-1.0999999999999637,-1.1749999999999636
1985-02-08,1.140000000000041,1.090000000000041
1985-02-11,-1.240000000000082,-1.090000000000082
1985-02-12,-0.32499999999993634,-0.2999999999999363
1985-02-13,0.5600000000000273,0.6100000000000272
1985-02-14,2.719999999999982,2.719999999999982
1985-02-15,-1.200000000000041,-1.225000000000041
1985-02-18,0.0,0.0
1985-02-19,-0.18500000000003183,0.039999999999968165
1985-02-20,-3.304999999999955,-3.1549999999999545
1985-02-21,-1.8450000000000182,-1.7700000000000182
1985-02-22,-1.9150000000000045,-2.115000000000004
1985-02-25,0.1950000000000273,0.3200000000000273
1985-02-26,1.1850000000000092,1.085000000000009
1985-02-27,-3.3500000000000725,-3.210000000000064
1985-02-28,-1.3699999999999863,-1.139999999999988
1985-03-01,-0.6499999999999683,-0.5749999999999682
1985-03-04,-1.310000000000016,-1.235000000000016
1985-03-05,2.080000000000012,1.8350000000000102
1985-03-06,-1.679999999999968,-1.4499999999999729
1985-03-07,-0.7200000000000307,-0.6700000000000307
1985-03-08,3.8499999999999757,3.6999999999999758
1985-03-11,1.0700000000000103,1.0700000000000103
1985-03-12,-0.909999999999946,-0.859999999999946
1985-03-13,-1.8200000000000254,-1.8450000000000253
1985-03-14,-0.3600000000000313,-0.3100000000000313
1985-03-15,0.7475000000000029,0.6975000000000028
1985-03-18,-0.819999999999946,-0.844999999999946
1985-03-19,1.4799999999999487,1.0799999999999488
1985-03-20,1.5000000000000226,1.7500000000000226
1985-03-21,0.6499999999999659,0.6499999999999659
1985-03-22,-0.4350000000000171,-0.3300000000000136
1985-03-25,-0.012499999999974443,-0.07249999999997954
1985-03-26,1.789999999999989,1.629999999999991
1985-03-27,-0.1800000000000199,-0.1600000000000159
1985-03-28,0.7300000000000313,0.705000000000025
1985-03-29,1.6625000000000059,1.7825000000000044
1985-04-01,-0.10250000000004265,0.0874999999999659
1985-04-02,-0.1550000000000142,-0.1950000000000142
1985-04-03,-0.17749999999997443,-0.21749999999997444
1985-04-04,-0.5374999999999659,-0.5374999999999659
1985-04-05,0.0,0.0
1985-04-08,0.45249999999995455,0.5399999999999545
1985-04-09,0.5375000000000171,0.6250000000000171
1985-04-10,0.3249999999999687,0.4999999999999687
1985-04-11,2.232500000000022,2.460000000000022
1985-04-12,-0.4599999999999625,-0.5999999999999687
1985-04-15,0.2699999999999693,0.2599999999999745
1985-04-16,1.780000000000024,1.4500000000000197
1985-04-17,-2.239999999999986,-2.274999999999989
1985-04-18,3.509999999999976,3.6424999999999805
1985-04-19,-0.8699999999999797,-0.7074999999999829
1985-04-22,1.899999999999949,1.9499999999999573
1985-04-23,-2.9824999999999693,-2.8224999999999745
1985-04-24,1.6175000000000037,1.6175000000000028
1985-04-25,-2.382500000000004,-2.322500000000003
1985-04-26,-0.4550000000000136,-0.5150000000000113
1985-04-29,-2.2449999999999757,-1.9299999999999804
1985-04-30,0.9049999999999727,0.6999999999999773
1985-05-01,0.9750000000000227,0.9600000000000227
1985-05-02,-0.6750000000000256,-0.7950000000000256
1985-05-03,2.4125000000000374,2.4125000000000374
1985-05-06,1.2499999999999716,1.3599999999999717
1985-05-07,1.2500000000000142,1.2800000000000142
1985-05-08,-1.3499999999999859,-1.3199999999999859
1985-05-09,2.8499999999999575,2.9399999999999578
1985-05-10,2.1750000000000256,2.205000000000026
1985-05-13,-0.9500000000000398,-1.0700000000000398
1985-05-14,3.360000000000048,3.360000000000048
1985-05-15,-1.630000000000007,-1.7500000000000069
1985-05-16,2.0349999999999624,1.9749999999999626
1985-05-17,-1.5699999999999763,-1.689999999999976
1985-05-20,4.735000000000014,4.675000000000014
1985-05-21,-1.42499999999998,-1.49999999999998
1985-05-22,-0.7400000000000518,-0.7300000000000518
1985-05-23,-0.5799999999999643,-0.5799999999999643
1985-05-24,1.540000000000012,1.550000000000012
1985-05-27,0.0,0.0
1985-05-28,0.144999999999996,0.344999999999996
1985-05-29,-0.7649999999999721,-0.7149999999999722
1985-05-30,2.144999999999908,2.104999999999908
1985-05-31,1.3600000000000796,1.3600000000000796
1985-06-03,4.24,4.24
1985-06-04,0.17499999999995225,0.15999999999995224
1985-06-05,6.865000000000052,6.9950000000000525
1985-06-06,-1.4025000000000774,-1.1725000000000678
1985-06-07,-7.080000000000008,-6.470000000000009
1985-06-10,-0.12499999999992724,-0.17499999999993632
1985-06-11,1.8324999999999796,1.8124999999999796
1985-06-12,-0.6074999999999828,-0.5674999999999829
1985-06-13,-1.4825000000000206,-1.5225000000000204
1985-06-14,3.717499999999986,3.522499999999986
1985-06-17,-1.3224999999999763,-1.5024999999999762
1985-06-18,2.639999999999963,2.699999999999963
1985-06-19,-3.0974999999999384,-3.0824999999999387
1985-06-20,-2.1475000000000444,-2.2525000000000444
1985-06-21,-2.2900000000000102,-2.1550000000000105
1985-06-24,-1.0750000000000681,-1.0000000000000682
1985-06-25,-1.2399999999999283,-1.2999999999999283
1985-06-26,-1.2775000000000682,-1.3825000000000682
1985-06-27,2.777500000000004,2.777500000000004
1985-06-28,1.7425000000000341,1.7275000000000342
1985-07-01,-0.6100000000000307,-0.8350000000000305
1985-07-02,-0.2599999999999625,-0.2599999999999625
1985-07-03,-0.6,-0.675
1985-07-04,0.0,0.0
1985-07-05,6.550000000000008,6.820000000000007
1985-07-08,-2.6575000000000037,-2.7625000000000037
1985-07-09,-1.4325000000000205,-1.6125000000000205
1985-07-10,-0.8574999999999591,-0.8574999999999591
1985-07-11,-3.4825000000000443,-3.4825000000000443
1985-07-12,1.735000000000016,1.6750000000000138
1985-07-15,-1.1400000000000121,-1.0200000000000102
1985-07-16,0.6399999999999683,0.6299999999999728
1985-07-17,0.10500000000001992,0.17500000000001711
1985-07-18,-5.0000000000000355,-4.66000000000003
1985-07-19,-1.1099999999999364,-0.9699999999999454
1985-07-22,-2.1050000000000244,-1.9850000000000205
1985-07-23,-0.4824999999999722,-0.40249999999997615
1985-07-24,-1.3000000000000438,-1.1400000000000374
1985-07-25,0.5225000000000517,0.41250000000004433
1985-07-26,-1.679999999999984,-1.5199999999999863
1985-07-29,-1.9175000000000597,-1.772500000000051
1985-07-30,-0.562500000000008,-0.4125000000000068
1985-07-31,1.3925000000000516,1.3425000000000444
1985-08-01,1.804999999999996,1.6899999999999962
1985-08-02,-2.822499999999996,-2.7124999999999964
1985-08-05,0.40249999999996416,0.4274999999999693
1985-08-06,0.2550000000000238,0.16500000000002046
1985-08-07,2.440000000000012,2.2450000000000103
1985-08-08,2.092500000000004,2.002500000000004
1985-08-09,1.0049999999999244,0.9149999999999353
1985-08-12,-0.024999999999908505,-0.009999999999921556
1985-08-13,-1.872500000000024,-1.7375000000000205
1985-08-14,1.3499999999999721,1.3299999999999763
1985-08-15,0.009999999999956254,0.049999999999962484
1985-08-16,1.7600000000000953,1.6500000000000818
1985-08-19,1.2499999999999323,1.129999999999942
1985-08-20,0.7049999999999881,0.6249999999999898
1985-08-21,1.230000000000016,1.1700000000000137
1985-08-22,-0.5325000000000318,-0.4125000000000273
1985-08-23,-0.8499999999999523,-0.729999999999959
1985-08-26,-1.1499999999999522,-1.079999999999959
1985-08-27,1.79499999999996,1.79499999999996
1985-08-28,-0.8950000000000436,-0.8950000000000436
1985-08-29,1.1949999999999863,1.114999999999988
1985-08-30,-3.409999999999982,-3.219999999999984
1985-09-02,0.0,0.0
1985-09-03,1.022500000000059,0.8650000000000517
1985-09-04,1.9025000000000272,1.650000000000024
1985-09-05,-1.8875000000001,-1.5950000000000875
1985-09-06,-6.154999999999978,-5.354999999999979
1985-09-09,-0.24999999999996816,-0.22999999999997217
1985-09-10,0.9400000000000238,0.8500000000000204
1985-09-11,-0.0975,-0.1275
1985-09-12,-0.2875000000000716,-0.2675000000000614
1985-09-13,3.1375000000000437,2.8475000000000374
1985-09-16,0.7175000000000359,0.7075000000000308
1985-09-17,-0.8175000000000717,-0.7975000000000614
1985-09-18,-0.857499999999988,-0.7774999999999898
1985-09-19,-0.07250000000000796,-0.042500000000006824
1985-09-20,2.48,2.23
1985-09-23,1.0349999999999484,0.8549999999999557
1985-09-24,0.94,0.94
1985-09-25,0.5125,0.5125
1985-09-26,0.485,0.52
1985-09-27,-1.965000000000032,-1.6400000000000272
1985-09-30,0.7300000000000437,0.6075000000000375
1985-10-01,1.0800000000000238,0.9125000000000204
1985-10-02,-1.5450000000000237,-1.2875000000000205
1985-10-03,0.6250000000000437,0.5950000000000375
1985-10-04,-0.810000000000008,-0.7800000000000069
1985-10-07,-1.879999999999988,-1.7599999999999878
1985-10-08,1.1249999999999771,0.97499999999998
1985-10-09,-0.36000000000001814,-0.3600000000000159
1985-10-10,0.20500000000004093,0.29500000000003584
1985-10-11,0.3049999999998954,0.2949999999999085
1985-10-14,0.820000000000041,0.7150000000000358
1985-10-15,0.23000000000000909,0.23000000000000795
1985-10-16,1.5024999999999489,1.2449999999999601
1985-10-17,1.8699999999999948,1.6199999999999954
1985-10-18,0.8875000000001022,0.837500000000091
1985-10-21,-0.49250000000009203,-0.42250000000008187
1985-10-22,1.200000000000082,1.0400000000000729
1985-10-23,-0.55,-0.4375
1985-10-24,-1.1600000000000228,-1.0200000000000204
1985-10-25,-0.5000000000000796,-0.5400000000000718
1985-10-28,-1.155,-1.165
1985-10-29,5.205000000000094,4.915000000000077
1985-10-30,2.1050000000000253,2.035000000000023
1985-10-31,1.662499999999925,1.4524999999999317
1985-11-01,0.35000000000006876,0.3300000000000625
1985-11-04,0.32249999999995227,0.3224999999999602
1985-11-05,2.057499999999966,1.8974999999999689
1985-11-06,-0.1825,-0.1225
1985-11-07,0.3325000000000614,0.3825000000000614
1985-11-08,3.649999999999911,3.629999999999911
1985-11-11,-0.364999999999867,-0.314999999999867
1985-11-12,3.9899999999999407,3.9899999999999407
1985-11-13,-2.389999999999926,-2.379999999999926
1985-11-14,-1.2450000000000296,-1.2600000000000295
1985-11-15,-1.9500000000000144,-1.9100000000000144
1985-11-18,6.639999999999933,6.659999999999933
1985-11-19,-0.4299999999998965,-0.43999999999989653
1985-11-20,-1.1075000000001023,-1.1275000000001023
1985-11-21,0.8549999999999658,0.8849999999999658
1985-11-22,-0.25499999999992495,-0.289999999999925
1985-11-25,-0.2550000000000614,-0.2400000000000614
1985-11-26,0.32500000000010915,0.2950000000001091
1985-11-27,2.0874999999998707,2.0824999999998703
1985-11-28,0.0,0.0
1985-11-29,1.5600000000001502,1.5800000000001502
1985-12-02,-3.6050000000000075,-3.6050000000000075
1985-12-03,0.7,0.63
1985-12-04,2.3349999999999795,2.3049999999999797
1985-12-05,-0.4574999999999659,-0.4624999999999659
1985-12-06,-1.2025000000000272,-1.2025000000000272
1985-12-09,5.217499999999959,5.217499999999959
1985-12-10,3.0049999999999457,3.0149999999999455
1985-12-11,5.012499999999972,5.012499999999972
1985-12-12,-1.5624999999998432,-1.5624999999998432
1985-12-13,0.5849999999999687,0.5849999999999687
1985-12-16,1.2099999999999125,1.2099999999999125
1985-12-17,4.132499999999994,4.132499999999994
1985-12-18,-2.1199999999999126,-2.1199999999999126
1985-12-19,1.1774999999999813,1.1924999999999815
1985-12-20,1.3149999999999875,1.3449999999999873
1985-12-23,-1.7925000000001252,-1.8375000000001254
1985-12-24,0.23250000000011253,0.22750000000011256
1985-12-25,0.0,0.0
1985-12-26,1.1149999999999125,1.1249999999999125
1985-12-27,1.6275000000000688,1.6425000000000687
1985-12-30,-1.0525000000000686,-1.0525000000000686
1985-12-31,0.06750000000010914,0.06250000000010913
1986-01-01,0.0,0.0
1986-01-02,-2.0525000000000886,-2.0925000000000886
1986-01-03,-1.2600000000000138,-1.3200000000000138
1986-01-06,-0.38249999999989087,-0.38249999999989087
1986-01-07,4.762499999999899,4.802499999999898
1986-01-08,-5.559999999999912,-5.564999999999912
1986-01-09,-2.4075000000000273,-2.3975000000000275
1986-01-10,-2.519999999999993,-2.534999999999993
1986-01-13,-5.670000000000095,-5.700000000000095
1986-01-14,2.1900000000000204,2.1000000000000205
1986-01-15,3.200000000000094,3.240000000000094
1986-01-16,-0.21500000000006875,-0.22000000000006875
1986-01-17,-0.024999999999968714,-0.03999999999996871
1986-01-20,-1.3299999999999814,-1.3499999999999814
1986-01-21,1.894999999999925,1.944999999999925
1986-01-22,-1.4149999999999125,-1.4299999999999125
1986-01-23,2.549999999999906,2.559999999999906
1986-01-24,0.7650000000000375,0.7450000000000375
1986-01-27,2.829999999999981,2.8399999999999808
1986-01-28,2.10499999999995,2.05999999999995
1986-01-29,-1.969999999999925,-1.969999999999925
1986-01-30,-0.3,-0.3
1986-01-31,0.9600000000000252,0.9700000000000252
1986-02-03,1.710000000000025,1.710000000000025
1986-02-04,1.2400000000000126,1.2600000000000127
1986-02-05,-1.8450000000000686,-1.8250000000000688
1986-02-06,-1.7699999999999811,-1.7549999999999812
1986-02-07,-1.9549999999999688,-1.9149999999999687
1986-02-10,2.884999999999925,2.704999999999925
1986-02-11,1.3749999999999687,1.6749999999999687
1986-02-12,-0.12499999999989996,-0.004999999999899956
1986-02-13,0.4200000000000126,0.9000000000000126
1986-02-14,3.6699999999999453,3.8699999999999455
1986-02-17,0.0,0.0
1986-02-18,1.7300000000000408,1.6500000000000408
1986-02-19,-1.25,-1.23
1986-02-20,0.20999999999998634,0.26999999999998636
1986-02-21,4.009999999999979,3.9599999999999795
1986-02-24,3.0399999999999796,2.9199999999999795
1986-02-25,-0.7550000000000603,-0.7400000000000603
1986-02-26,1.7250000000001493,1.8150000000001492
1986-02-27,5.544999999999899,5.514999999999898
1986-02-28,0.750000000000075,0.7950000000000751
1986-03-03,3.649999999999898,3.749999999999898
1986-03-04,1.7900000000000407,1.7700000000000407
1986-03-05,-5.695000000000068,-5.655000000000068
1986-03-06,2.835000000000116,2.760000000000116
1986-03-07,1.6624999999999657,1.6624999999999657
1986-03-10,5.724999999999986,5.619999999999986
1986-03-11,0.24999999999995223,0.36999999999995226
1986-03-12,-0.052499999999904505,-0.1724999999999045
1986-03-13,-0.3625000000001091,-0.5275000000001092
1986-03-14,1.075000000000075,1.090000000000075
1986-03-17,-0.8349999999999523,-0.8499999999999523
1986-03-18,-1.3075000000001091,-1.1875000000001092
1986-03-19,0.41500000000007503,0.7600000000000751
1986-03-20,0.9499999999999658,1.0249999999999657
1986-03-21,-0.8974999999999386,-0.8874999999999386
1986-03-24,3.052500000000041,3.032500000000041
1986-03-25,0.06250000000004774,0.03250000000004775
1986-03-26,2.062499999999918,2.042499999999918
1986-03-27,3.375000000000074,3.400000000000074
1986-03-28,0.0,0.0
1986-03-31,2.9874999999999927,2.9724999999999926
1986-04-01,0.235,0.19
1986-04-02,0.022499999999933518,0.042499999999933515
1986-04-03,-2.3174999999999626,-2.2574999999999625
1986-04-04,-0.36750000000003785,-0.35750000000003784
1986-04-07,0.34000000000013303,0.330000000000133
1986-04-08,4.650000000000008,4.640000000000009
1986-04-09,1.022499999999963,1.077499999999963
1986-04-10,-0.11749999999998521,-0.07749999999998522
1986-04-11,-1.9575000000000295,-1.9275000000000295
1986-04-14,3.457499999999941,3.437499999999941
1986-04-15,-2.012499999999978,-1.952499999999978
1986-04-16,4.6649999999999405,4.864999999999941
1986-04-17,-2.4174999999999924,-2.5424999999999924
1986-04-18,-2.3324999999999916,-2.4324999999999917
1986-04-21,-1.3249999999998596,-1.1499999999998596
1986-04-22,-4.127499999999992,-4.277499999999993
1986-04-23,-3.8175000000001265,-3.5425000000001265
1986-04-24,-3.797500000000034,-3.822500000000034
1986-04-25,-1.5774999999999795,-1.6174999999999795
1986-04-28,4.315000000000044,4.2950000000000434
1986-04-29,1.8825000000000447,1.5025000000000448
1986-04-30,1.6675000000000124,0.8675000000000126
1986-05-01,-2.8875000000000823,-2.4275000000000824
1986-05-02,-1.7250000000000438,-1.6200000000000438
1986-05-05,3.7550000000000754,3.7650000000000756
1986-05-06,-1.0525000000000384,-1.1025000000000384
1986-05-07,-1.2249999999999688,-1.2449999999999688
1986-05-08,3.367499999999981,3.367499999999981
1986-05-09,-3.3874999999999313,-3.3974999999999316
1986-05-12,-4.542500000000068,-4.402500000000068
1986-05-13,2.669999999999981,2.624999999999981
1986-05-14,-2.099999999999894,-2.059999999999894
1986-05-15,-3.9700000000000624,-3.9100000000000623
1986-05-16,-4.085000000000075,-4.015000000000075
1986-05-19,-1.059999999999983,-1.039999999999983
1986-05-20,1.43,1.42
1986-05-21,-0.2899999999998977,-0.25999999999989765
1986-05-22,0.7199999999999829,0.7299999999999829
1986-05-23,0.8549999999999204,0.8699999999999204
1986-05-26,0.0,0.0
1986-05-27,2.075000000000097,2.100000000000097
1986-05-28,-2.060000000000057,-2.040000000000057
1986-05-29,-4.494999999999956,-4.479999999999955
1986-05-30,-1.4849999999999846,-1.4799999999999847
1986-06-02,-3.7175000000000105,-3.77250000000001
1986-06-03,2.532499999999959,2.557499999999959
1986-06-04,-2.957500000000004,-2.957500000000004
1986-06-05,1.085000000000009,1.065000000000008
1986-06-06,4.730000000000018,4.370000000000016
1986-06-09,-3.040000000000014,-2.835000000000012
1986-06-10,0.0299999999999693,0.049999999999969305
1986-06-11,0.9700000000000204,0.9850000000000204
1986-06-12,-0.4349999999999625,-0.3849999999999625
1986-06-13,2.99,2.985
1986-06-16,-0.03000000000000682,-0.005000000000006821
1986-06-17,1.3399999999999488,1.3099999999999488
1986-06-18,0.36499999999998983,0.36999999999998984
1986-06-19,-1.2349999999999728,-1.2749999999999728
1986-06-20,0.5849999999999898,0.6499999999999898
1986-06-23,0.16499999999992157,0.19499999999992157
1986-06-24,-0.1749999999999318,-0.12499999999993178
1986-06-25,0.29499999999992843,0.2999999999999284
1986-06-26,0.0800000000000358,0.0750000000000307
1986-06-27,1.1400000000000516,1.0450000000000443
1986-06-30,-0.5999999999999917,-0.5149999999999916
1986-07-01,0.024999999999980083,0.04999999999998008
1986-07-02,0.3649999999999269,0.31999999999993595
1986-07-03,2.177500000000078,2.1725000000000776
1986-07-04,0.0,0.0
1986-07-07,-1.2900000000000358,-1.2050000000000318
1986-07-08,-2.4525000000000157,-2.267500000000014
1986-07-09,2.0924999999999696,1.932499999999973
1986-07-10,-0.9949999999999848,-0.9549999999999864
1986-07-11,0.9575000000000767,0.8625000000000682
1986-07-14,1.0274999999999848,0.9174999999999863
1986-07-15,1.5450000000000206,1.590000000000018
1986-07-16,-0.09000000000007162,-0.02500000000007167
1986-07-17,-0.052500000000046045,-0.13750000000004603
1986-07-18,0.6875000000001137,0.5875000000001137
1986-07-21,0.9999999999999204,0.8199999999999203
1986-07-22,-0.7499999999999091,-0.959999999999909
1986-07-23,-2.5000000000000626,-2.3500000000000623
1986-07-24,-1.5600000000000251,-1.5450000000000252
1986-07-25,0.9100000000000251,0.9400000000000251
1986-07-28,-2.699999999999969,-2.6249999999999694
1986-07-29,3.4099999999999624,3.2099999999999627
1986-07-30,0.9800000000000259,0.9000000000000259
1986-07-31,1.9100000000000374,1.5575000000000374
1986-08-01,-0.34500000000006875,-0.09250000000006876
1986-08-04,1.2299999999999813,0.9174999999999812
1986-08-05,-1.3999999999999373,-1.4749999999999375
1986-08-06,-1.2600000000000127,-0.9675000000000126
1986-08-07,0.8000000000000563,0.5975000000000563
1986-08-08,1.35,1.095
1986-08-11,1.2099999999999251,1.152499999999925
1986-08-12,1.5699999999999794,1.3799999999999795
1986-08-13,1.725000000000088,1.4975000000000882
1986-08-14,-1.0200000000001228,-0.8400000000001229
1986-08-15,0.7250000000000136,0.6200000000000137
1986-08-18,0.04000000000010914,0.07000000000010914
1986-08-19,2.644999999999884,2.509999999999884
1986-08-20,0.9950000000000137,0.9650000000000136
1986-08-21,1.410000000000116,1.455000000000116
1986-08-22,-2.2400000000000295,-1.9600000000000295
1986-08-25,2.3949999999998592,2.2449999999998593
1986-08-26,2.4775000000001475,2.4175000000001474
1986-08-27,-3.277500000000059,-3.2375000000000593
1986-08-28,1.0449999999999484,1.0249999999999484
1986-08-29,1.7075000000000815,1.7075000000000815
1986-09-01,0.0,0.0
1986-09-02,-2.675000000000074,-2.720000000000074
1986-09-03,-3.7774999999999403,-3.7824999999999402
1986-09-04,1.5199999999999778,1.514999999999978
1986-09-05,-5.757500000000066,-5.727500000000066
1986-09-08,-3.8200000000000074,-3.7900000000000076
1986-09-09,1.1700000000000688,1.1650000000000686
1986-09-10,1.9900000000000686,1.8900000000000687
1986-09-11,-3.1600000000000623,-3.1700000000000625
1986-09-12,-0.42499999999998817,-0.4399999999999882
1986-09-15,2.279999999999982,2.249999999999982
1986-09-16,-1.0199999999999563,-0.9699999999999563
1986-09-17,-0.40000000000001235,-0.3600000000000126
1986-09-18,-3.0299999999999945,-3.0199999999999942
1986-09-19,-0.5500000000001126,-0.5600000000001125
1986-09-22,-0.42,-0.36
1986-09-23,-3.149999999999999,-2.9499999999999993
1986-09-24,1.7599999999999496,1.8199999999999497
1986-09-25,1.51,1.235
1986-09-26,-0.7624999999998874,-0.39999999999988745
1986-09-29,-5.730000000000039,-5.1950000000000385
1986-09-30,2.9649999999999808,3.0499999999999794
1986-10-01,0.45000000000001256,0.5900000000000136
1986-10-02,0.6449999999999875,0.11999999999998635
1986-10-03,5.779999999999939,5.499999999999939
1986-10-06,2.555000000000122,1.7500000000001223
1986-10-07,0.5924999999999045,0.6299999999999045
1986-10-08,-1.0424999999999516,-1.1249999999999516
1986-10-09,0.4575000000000131,0.6750000000000129
1986-10-10,-1.135000000000013,-1.0850000000000128
1986-10-13,-0.6999999999999659,-0.8749999999999658
1986-10-14,-1.620000000000075,-1.690000000000075
1986-10-15,0.49000000000003413,0.2100000000000341
1986-10-16,-0.9499999999999658,-0.9499999999999658
1986-10-17,-1.2999999999999796,-1.1949999999999794
1986-10-20,-1.0700000000000616,-1.0700000000000616
1986-10-21,1.2499999999999658,1.4499999999999658
1986-10-22,1.8600000000001022,1.8950000000001022
1986-10-23,1.415,1.17
1986-10-24,-1.4600000000000959,-1.3800000000000958
1986-10-27,2.089999999999978,1.9149999999999778
1986-10-28,-0.3349999999999852,-0.1599999999999852
1986-10-29,2.0700000000000136,1.7900000000000138
1986-10-30,0.9300000000000443,1.2450000000000445
1986-10-31,-0.07999999999994825,-0.16999999999994825
1986-11-03,0.2599999999998965,0.43999999999989653
1986-11-04,-0.23500000000005175,-0.13000000000005174
1986-11-05,-0.5599999999999336,-0.3799999999999335
1986-11-06,-1.3400000000000876,-1.4300000000000876
1986-11-07,-2.112499999999832,-1.9924999999998319
1986-11-10,1.1874999999999443,0.9774999999999443
1986-11-11,1.0049999999999444,0.8299999999999443
1986-11-12,0.3975000000000866,0.5475000000000866
1986-11-13,0.4049999999999443,0.4049999999999443
1986-11-14,1.6850000000000873,1.5650000000000877
1986-11-17,2.4824999999998214,2.3424999999998213
1986-11-18,-1.6699999999998978,-1.6999999999998978
1986-11-19,3.7399999999999314,3.6199999999999317
1986-11-20,-0.25499999999992323,-0.20499999999992322
1986-11-21,1.3174999999999404,1.2174999999999403
1986-11-24,1.225000000000077,1.1650000000000769
1986-11-25,-1.2425000000000768,-1.2225000000000767
1986-11-26,1.1050000000000342,1.1350000000000342
1986-11-27,0.0,0.0
1986-11-28,1.0900000000000938,1.0600000000000938
1986-12-01,-0.4349999999999829,-0.38999999999998286
1986-12-02,5.849999999999795,5.714999999999795
1986-12-03,1.7000000000001365,1.5350000000001365
1986-12-04,2.6749999999999745,2.6449999999999743
1986-12-05,-2.8750000000000173,-2.860000000000017
1986-12-08,2.5549999999999917,2.5949999999999918
1986-12-09,1.8649999999999232,1.7674999999999232
1986-12-10,-0.475,-0.5125
1986-12-11,-0.6999999999998978,-0.5949999999998978
1986-12-12,1.4750000000000938,1.4225000000000938
1986-12-15,-1.4000000000001533,-1.3100000000001535
1986-12-16,0.54,0.42
1986-12-17,1.3100000000001535,1.2900000000001535
1986-12-18,1.9799999999998465,2.0249999999998467
1986-12-19,0.225,0.225
1986-12-22,-1.4749999999998293,-1.5249999999998294
1986-12-23,3.1699999999999724,3.2299999999999724
1986-12-24,-0.5500000000000456,-0.6250000000000455
1986-12-25,0.0,0.0
1986-12-26,-0.5674999999999818,-0.6074999999999818
1986-12-29,-1.1025000000001002,-1.0525000000001001
1986-12-30,-1.5949999999998272,-1.5649999999998272
1986-12-31,-0.6625000000001183,-0.6325000000001183
1987-01-01,0.0,0.0
1987-01-02,7.3774999999999915,7.517499999999991
1987-01-05,5.787499999999955,5.937499999999956
1987-01-06,-1.3124999999999547,-1.3224999999999545
1987-01-07,-2.042500000000018,-2.1225000000000183
1987-01-08,2.0325000000001183,2.0725000000001184
1987-01-09,1.1449999999998908,1.1249999999998908
1987-01-12,-4.607499999999936,-4.747499999999936
1987-01-13,3.4350000000000365,3.615000000000036
1987-01-14,-1.1700000000000272,-1.1700000000000272
1987-01-15,3.1799999999999726,3.1549999999999727
1987-01-16,2.512500000000018,2.482500000000018
1987-01-19,1.8125000000000182,1.7825000000000182
1987-01-20,0.7850000000000181,0.7650000000000181
1987-01-21,-1.2725000000000455,-1.1825000000000454
1987-01-22,2.2974999999999093,2.2974999999999093
1987-01-23,-2.5699999999999363,-2.5699999999999363
1987-01-26,-4.019999999999992,-3.857499999999991
1987-01-27,0.9400000000000455,0.9025000000000455
1987-01-28,2.68,2.555
1987-01-29,-1.7800000000000362,-1.7675000000000363
1987-01-30,-3.0600000000000365,-2.947500000000036
1987-02-02,-1.56,-1.485
1987-02-03,-0.5599999999998726,-0.49999999999987266
1987-02-04,1.439999999999918,1.414999999999918
1987-02-05,6.209999999999972,6.092499999999972
1987-02-06,0.11000000000012733,0.11000000000012733
1987-02-09,0.3499999999998181,0.6124999999998182
1987-02-10,-3.709999999999991,-3.559999999999991
1987-02-11,0.375,0.375
1987-02-12,6.215000000000009,6.040000000000008
1987-02-13,2.9325000000000725,2.895000000000073
1987-02-16,0.0,0.0
1987-02-17,-2.1850000000000174,-2.1900000000000173
1987-02-18,1.395,1.28
1987-02-19,0.7225000000000511,0.5550000000000511
1987-02-20,-4.255000000000051,-4.3350000000000515
1987-02-23,1.645,1.59
1987-02-24,0.8074999999999404,0.6899999999999404
1987-02-25,1.8450000000001365,1.9650000000001364
1987-02-26,1.4399999999998807,1.4549999999998808
1987-02-27,-0.9425000000000596,-1.0350000000000597
1987-03-02,-2.3199999999998635,-2.4599999999998636
1987-03-03,2.2974999999999826,2.5049999999999826
1987-03-04,0.9624999999998978,0.9124999999998978
1987-03-05,-4.477499999999957,-4.607499999999957
1987-03-06,-5.162499999999898,-5.262499999999899
1987-03-09,-1.2275000000000937,-1.2375000000000937
1987-03-10,0.7424999999999404,0.7424999999999404
1987-03-11,-0.4425,-0.4425
1987-03-12,0.8200000000001364,0.8200000000001364
1987-03-13,2.9375000000000546,2.9375000000000546
1987-03-16,-1.4650000000001637,-1.4650000000001637
1987-03-17,-0.6550000000000455,-0.7050000000000455
1987-03-18,1.2850000000000819,1.335000000000082
1987-03-19,2.6950000000001,2.7050000000001
1987-03-20,-1.625,-1.65
1987-03-23,-2.095000000000182,-2.110000000000182
1987-03-24,-0.9799999999999819,-0.9999999999999818
1987-03-25,-1.8649999999998363,-1.9099999999998363
1987-03-26,1.4149999999999807,1.4649999999999808
1987-03-27,-5.665000000000165,-5.735000000000165
1987-03-30,-7.920000000000029,-7.940000000000029
1987-03-31,2.2500000000000675,2.3100000000000676
1987-04-01,-3.5199999999999636,-3.277499999999964
1987-04-02,0.24499999999998182,0.39499999999998187
1987-04-03,1.3725000000000718,1.3150000000000717
1987-04-06,0.9649999999999204,0.7999999999999203
1987-04-07,-5.969999999999992,-5.839999999999992
1987-04-08,0.0875000000001035,-0.03999999999990396
1987-04-09,-8.497500000000015,-7.715000000000015
1987-04-10,-3.5575000000000516,-2.8600000000000474
1987-04-13,-7.629999999999977,-7.2874999999999766
1987-04-14,-5.992500000000091,-5.797500000000082
1987-04-15,6.637500000000098,6.222500000000086
1987-04-16,1.3499999999999097,1.0999999999999095
1987-04-17,0.0,0.0
1987-04-20,-4.974999999999956,-4.584999999999962
1987-04-21,1.1399999999999721,1.0449999999999762
1987-04-22,0.40500000000006764,0.455000000000058
1987-04-23,-3.4700000000000375,-3.3400000000000376
1987-04-24,-2.2500000000000275,-2.2200000000000273
1987-04-27,1.9650000000000614,1.9350000000000616
1987-04-28,0.45999999999998287,0.19499999999998294
1987-04-29,-2.072500000000007,-2.027500000000007
1987-04-30,0.19249999999999653,0.21249999999999653
1987-05-01,0.5474999999999931,0.5474999999999931
1987-05-04,-3.477500000000024,-3.432500000000024
1987-05-05,0.9049999999999829,0.8949999999999829
1987-05-06,-1.3174999999999546,-1.3174999999999546
1987-05-07,-2.957500000000014,-2.862500000000014
1987-05-08,-2.304999999999983,-2.2249999999999828
1987-05-11,-6.927499999999994,-6.757499999999994
1987-05-12,3.1499999999999604,3.0499999999999603
1987-05-13,1.650000000000017,1.600000000000017
1987-05-14,-2.750000000000011,-2.750000000000011
1987-05-15,-3.1374999999999775,-3.1074999999999777
1987-05-18,3.7500000000000195,3.5500000000000194
1987-05-19,-0.9000000000000136,-0.9450000000000136
1987-05-20,1.3974999999999795,1.3974999999999795
1987-05-21,-0.7324999999999818,-0.7324999999999818
1987-05-22,0.4674999999999727,0.2049999999999727
1987-05-25,0.0,0.0
1987-05-26,3.0575000000000276,2.8000000000000362
1987-05-27,-1.204999999999998,-1.0699999999999978
1987-05-28,0.9799999999999728,0.8799999999999637
1987-05-29,0.4824999999999932,0.47999999999999093
1987-06-01,1.1700000000000186,1.0300000000000187
1987-06-02,-2.825000000000017,-2.040000000000017
1987-06-03,-0.2649999999999608,-0.3899999999999608
1987-06-04,0.14499999999997615,0.049999999999976126
1987-06-05,0.14999999999998295,-0.12000000000001705
1987-06-08,-0.05999999999998806,0.010000000000011937
1987-06-09,0.45000000000000856,0.48000000000000853
1987-06-10,0.7249999999999915,0.6399999999999915
1987-06-11,-0.9149999999999777,-0.9099999999999777
1987-06-12,-0.25500000000000694,-0.7600000000000069
1987-06-15,-2.8325000000000276,-2.7700000000000276
1987-06-16,-1.022499999999988,-0.839999999999988
1987-06-17,1.835000000000005,1.470000000000005
1987-06-18,1.212500000000005,0.9700000000000051
1987-06-19,-0.39749999999997954,-0.24499999999998465
1987-06-22,3.1175000000000295,2.210000000000022
1987-06-23,-0.7275,-0.55
1987-06-24,-1.302499999999993,-0.8399999999999949
1987-06-25,0.924999999999984,0.6599999999999882
1987-06-26,-0.28999999999998183,0.010000000000013642
1987-06-29,2.1724999999999888,1.6999999999999915
1987-06-30,-0.8700000000000091,-0.5800000000000068
1987-07-01,1.352500000000023,1.150000000000017
1987-07-02,-0.3849999999999858,-0.44999999999999146
1987-07-03,0.0,0.0
1987-07-06,0.9250000000000113,0.6800000000000068
1987-07-07,0.3624999999999403,0.1799999999999642
1987-07-08,0.9875000000000198,0.9400000000000119
1987-07-09,-0.7499999999999858,-0.3999999999999914
1987-07-10,0.5225000000000171,0.17000000000001025
1987-07-13,0.6874999999999944,0.5599999999999965
1987-07-14,-0.6250000000000056,-0.5300000000000035
1987-07-15,-0.4450000000000028,-0.06000000000000173
1987-07-16,1.1349999999999802,0.7199999999999881
1987-07-17,1.3649999999999858,0.8649999999999916
1987-07-20,-2.6174999999999606,-1.679999999999976
1987-07-21,1.5125000000000142,1.2500000000000087
1987-07-22,-0.8000000000000028,-0.42000000000000176
1987-07-23,-0.45000000000001134,-0.19000000000000453
1987-07-24,-0.1499999999999801,-0.03999999999999204
1987-07-27,-0.21000000000004546,-0.1400000000000182
1987-07-28,-1.235,-0.88
1987-07-29,2.2225,1.615
1987-07-30,0.21750000000004266,-0.15499999999999148
1987-07-31,-0.9500000000000568,-0.47500000000001136
1987-08-03,0.0675000000000483,0.6900000000000097
1987-08-04,3.2000000000000113,2.2450000000000023
1987-08-05,0.48749999999993743,-0.3300000000000125
1987-08-06,0.6700000000000069,0.7200000000000017
1987-08-07,0.4749999999999955,0.36999999999999883
1987-08-10,-0.9200000000000046,-0.5800000000000011
1987-08-11,-0.17249999999995907,-0.20999999999998975
1987-08-12,0.8149999999999636,0.6099999999999909
1987-08-13,-0.217499999999975,-0.4599999999999937
1987-08-14,-2.6025000000000094,-2.010000000000002
1987-08-17,0.8975000000000318,0.770000000000008
1987-08-18,0.07999999999994997,0.5949999999999874
1987-08-19,-3.067499999999959,-2.40999999999999
1987-08-20,1.8999999999999888,1.3099999999999972
1987-08-21,-0.3549999999999841,-0.159999999999996
1987-08-24,0.582499999999959,0.5399999999999897
1987-08-25,-0.13249999999995907,-0.25999999999998974
1987-08-26,-2.277500000000025,-1.6350000000000062
1987-08-27,-1.1199999999999772,-0.3899999999999943
1987-08-28,1.2399999999999547,1.305
1987-08-31,2.2325000000000252,1.595
1987-09-01,0.8525000000000204,0.725
1987-09-02,-3.4400000000000204,-1.5
1987-09-03,1.0150000000000294,0.62
1987-09-04,-0.8025000000000153,-0.62
1987-09-07,0.0,0.0
1987-09-08,-4.692500000000015,-2.805
1987-09-09,-1.2899999999999692,-1.155
1987-09-10,-0.8600000000000307,-0.825
1987-09-11,0.7599999999999965,0.495
1987-09-14,-2.019999999999993,-1.815
1987-09-15,0.619999999999999,0.34
1987-09-16,-3.139999999999986,-2.55
1987-09-17,-0.5000000000000228,-0.34
1987-09-18,0.2800000000000125,0.17
1987-09-21,1.6400000000000032,1.53
1987-09-22,2.1599999999999966,1.7
1987-09-23,-0.4799999999999955,-0.51
1987-09-24,1.1399999999999806,1.19
1987-09-25,-0.49999999999999434,-0.34
1987-09-28,-3.3399999999999976,-2.89
1987-09-29,-2.1700000000000017,-1.7
1987-09-30,1.720000000000005,1.485
1987-10-01,-3.389999999999999,-2.88
1987-10-02,-0.47500000000000175,-0.6925
1987-10-05,0.15000000000000285,0.2
1987-10-06,1.7249999999999888,1.525
1987-10-07,-0.25500000000000056,-0.315
1987-10-08,-1.034999999999999,-0.605
1987-10-09,1.0025000000000075,1.0025
1987-10-12,0.9799999999999971,0.81
1987-10-13,-2.067500000000004,-1.7875
1987-10-14,-1.5549999999999955,-0.875
1987-10-15,-0.010000000000000567,-0.09
1987-10-16,1.5374999999999979,1.3275
1987-10-19,4.542500000000003,3.5325
1987-10-20,0.30000000000000693,-0.94
1987-10-21,-0.5275000000000073,-0.4875
1987-10-22,0.09000000000000284,0.07500000000000284
1987-10-23,-0.06000000000000455,-0.12000000000000453
1987-10-26,1.51,1.375
1987-10-27,-0.8499999999999909,-0.7599999999999909
1987-10-28,0.3499999999999932,0.3199999999999932
1987-10-29,-0.8200000000000035,-0.7150000000000035
1987-10-30,0.5925000000000024,0.4350000000000023
1987-11-02,-1.2750000000000012,-1.0300000000000011
1987-11-03,1.4450000000000087,1.1000000000000085
1987-11-04,0.7475,0.5
1987-11-05,-0.29000000000000054,-0.5150000000000006
1987-11-06,-1.5600000000000027,-1.4250000000000027
1987-11-09,-0.09999999999999716,-0.09999999999999716
1987-11-10,0.5274999999999898,0.4674999999999898
1987-11-11,-0.984999999999996,-0.894999999999996
1987-11-12,0.07250000000000512,0.07250000000000512
1987-11-13,-0.9625000000000051,-0.8725000000000052
1987-11-16,0.08000000000000454,0.03500000000000227
1987-11-17,-0.6449999999999931,-0.6599999999999965
1987-11-18,0.1899999999999852,0.22999999999999263
1987-11-19,0.5625000000000125,0.4775000000000063
1987-11-20,0.36249999999998184,0.3224999999999909
1987-11-23,0.04000000000002046,0.02000000000001023
1987-11-24,-1.3050000000000206,-0.9525000000000102
1987-11-25,-2.1849999999999787,-1.692499999999989
1987-11-26,0.0,0.0
1987-11-27,-2.135000000000004,-1.3825000000000016
1987-11-30,2.184999999999992,1.407499999999996
1987-12-01,-0.19000000000001024,-0.13500000000000512
1987-12-02,1.5800000000000205,1.2800000000000102
1987-12-03,0.734999999999984,0.45749999999999197
1987-12-04,0.27000000000001023,0.2400000000000051
1987-12-07,-1.330000000000007,-0.9300000000000068
1987-12-08,-0.3,-0.22
1987-12-09,-0.07999999999999546,-0.11999999999999546
1987-12-10,-0.7349999999999909,-0.35749999999999094
1987-12-11,-0.35500000000002463,-0.29500000000002485
1987-12-14,0.1600000000000076,0.060000000000007776
1987-12-15,2.3100000000000023,1.760000000000002
1987-12-16,0.525,0.2625
1987-12-17,-1.1250000000000047,-0.9150000000000046
1987-12-18,1.0199999999999931,0.6699999999999932
1987-12-21,-0.36000000000000804,-0.33500000000000796
1987-12-22,-1.0300000000000011,-0.8300000000000011
1987-12-23,0.6850000000000023,0.3725000000000023
1987-12-24,-0.22000000000000455,-0.17000000000000454
1987-12-25,0.0,0.0
1987-12-28,-0.0799999999999966,0.030000000000003413
1987-12-29,0.5000000000000068,0.31500000000000683
1987-12-30,0.4049999999999841,0.2424999999999841
1987-12-31,-0.5999999999999885,-0.39999999999998864
1988-01-01,0.0,0.0
1988-01-04,-1.4949999999999957,-1.0349999999999955
1988-01-05,1.019999999999984,0.8599999999999839
1988-01-06,-1.4299999999999897,-1.2049999999999899
1988-01-07,-1.1999999999999897,-1.0399999999999898
1988-01-08,-0.9250000000000171,-0.9250000000000171
1988-01-11,0.4200000000000102,0.3300000000000068
1988-01-12,0.2100000000000119,0.23000000000000795
1988-01-13,0.26000000000000684,0.20000000000000454
1988-01-14,-0.1550000000000341,-0.10500000000002273
1988-01-15,2.065000000000034,2.065000000000034
1988-01-18,-0.475,-0.475
1988-01-19,-0.13000000000001877,-0.13000000000001877
1988-01-20,0.43500000000001876,0.43500000000001876
1988-01-21,0.8749999999999863,0.8449999999999864
1988-01-22,0.3799999999999918,0.3799999999999918
1988-01-25,0.18,0.18
1988-01-26,-0.6899999999999952,-0.6899999999999952
1988-01-27,2.154999999999996,1.6999999999999955
1988-01-28,0.4999999999999887,0.34499999999998865
1988-01-29,0.6025000000000205,0.4000000000000205
1988-02-01,-0.12000000000000453,-0.06000000000000455
1988-02-02,1.2300000000000177,1.2150000000000176
1988-02-03,-0.8725000000000244,-0.8825000000000307
1988-02-04,0.2499999999999858,0.3449999999999858
1988-02-05,1.6625000000000536,1.6275000000000535
1988-02-08,-0.8000000000000363,-0.7700000000000363
1988-02-09,0.3750000000000057,0.42500000000000565
1988-02-10,0.7624999999999653,0.8274999999999586
1988-02-11,-1.0299999999999891,-0.8874999999999893
1988-02-12,-2.2400000000000038,-2.260000000000004
1988-02-15,0.0,0.0
1988-02-16,-0.26999999999993857,-0.3099999999999386
1988-02-17,-0.020000000000030698,0.06999999999996931
1988-02-18,0.6399999999999829,0.6299999999999829
1988-02-19,0.41500000000003073,0.5250000000000308
1988-02-22,0.4350000000000068,0.3000000000000068
1988-02-23,1.3349999999999658,1.0749999999999658
1988-02-24,-0.24499999999994543,-0.1949999999999363
1988-02-25,-0.5250000000000359,-0.5450000000000359
1988-02-26,0.6499999999999722,0.6899999999999722
1988-02-29,0.36500000000003585,0.5450000000000359
1988-03-01,0.30000000000000726,0.29000000000000836
1988-03-02,0.7499999999999774,0.5499999999999773
1988-03-03,0.245,0.175
1988-03-04,-3.6250000000000453,-3.9750000000000503
1988-03-07,0.020000000000046043,0.240000000000046
1988-03-08,-0.8299999999999745,-0.7749999999999744
1988-03-09,0.235,0.125
1988-03-10,-1.2875000000000307,-1.3600000000000307
1988-03-11,1.3575000000000206,1.2150000000000205
1988-03-14,-0.1924999999999642,0.020000000000035812
1988-03-15,-0.17000000000009208,-0.1300000000000921
1988-03-16,-1.4825000000000206,-1.3150000000000206
1988-03-17,1.8100000000000769,1.7750000000000767
1988-03-18,-2.507500000000031,-2.2100000000000306
1988-03-21,-1.3199999999999488,-0.7999999999999545
1988-03-22,0.2299999999998954,0.1899999999998954
1988-03-23,-0.5799999999999773,-0.64999999999998
1988-03-24,-0.25499999999992723,-0.14499999999993632
1988-03-25,0.30499999999991817,0.5849999999999282
1988-03-28,-1.5449999999999053,-1.544999999999917
1988-03-29,0.185,0.125
1988-03-30,-0.50000000000005,-0.5800000000000438
1988-03-31,0.3549999999999682,0.3149999999999722
1988-04-01,0.0,0.0
1988-04-04,-2.4449999999999408,-1.9049999999999556
1988-04-05,0.18999999999996817,0.26999999999997615
1988-04-06,0.92499999999998,0.7749999999999829
1988-04-07,0.7200000000000518,0.7700000000000443
1988-04-08,1.664999999999925,1.714999999999936
1988-04-11,-1.0399999999999807,-0.9499999999999836
1988-04-12,0.8299999999999905,0.8299999999999905
1988-04-13,0.10000000000003069,-0.1399999999999693
1988-04-14,-1.8149999999999904,-1.7549999999999903
1988-04-15,-1.3799999999999728,-1.5799999999999728
1988-04-18,-0.7550000000000375,-0.4775000000000375
1988-04-19,0.21000000000001365,0.4600000000000136
1988-04-20,0.1550000000000068,0.08000000000000683
1988-04-21,0.09999999999994542,0.02999999999994543
1988-04-22,0.4575000000000068,0.4875000000000068
1988-04-25,-0.10500000000000682,-0.1650000000000068
1988-04-26,-0.08999999999996931,-0.0549999999999693
1988-04-27,0.1625000000000307,0.1825000000000307
1988-04-28,-0.9225000000000444,-0.9825000000000443
1988-04-29,-0.2800000000000068,-0.18000000000000682
1988-05-02,-0.989999999999959,-0.9099999999999591
1988-05-03,0.7425000000000136,0.7275000000000136
1988-05-04,0.09749999999994544,0.09749999999994544
1988-05-05,0.12000000000006128,0.09500000000006127
1988-05-06,-1.320000000000027,-1.320000000000027
1988-05-09,-0.13,-0.14
1988-05-10,-0.6599999999999915,-0.6799999999999915
1988-05-11,0.3249999999999801,0.1449999999999801
1988-05-12,0.49999999999999145,0.4599999999999914
1988-05-13,0.5875000000000171,0.5000000000000171
1988-05-16,-2.1949999999999714,-1.8899999999999775
1988-05-17,-1.712500000000017,-1.3350000000000137
1988-05-18,-0.8724999999999887,-0.7049999999999886
1988-05-19,-0.665000000000041,-0.785000000000041
1988-05-20,-0.7399999999999637,-0.8399999999999637
1988-05-23,1.2649999999999546,1.5449999999999546
1988-05-24,-0.8249999999999955,-1.0649999999999953
1988-05-25,0.915000000000041,0.9275000000000307
1988-05-26,0.3649999999999591,0.49999999999996925
1988-05-27,-0.7899999999999591,-0.8999999999999693
1988-05-30,0.0,0.0
1988-05-31,-1.795000000000024,-2.262500000000024
1988-06-01,1.955000000000017,1.615000000000017
1988-06-02,-0.9150000000000272,-0.9675000000000272
1988-06-03,-1.3899999999999864,-2.0149999999999864
1988-06-06,-2.299999999999992,-2.7249999999999917
1988-06-07,-2.7000000000000033,-2.9700000000000033
1988-06-08,1.774999999999983,1.607499999999983
1988-06-09,-0.6949999999999728,-0.6924999999999728
1988-06-10,-0.3550000000000273,-0.5125000000000273
1988-06-13,0.1250000000000222,0.03250000000002219
1988-06-14,0.6349999999999965,-0.15250000000000347
1988-06-15,-1.5850000000000137,-1.7825000000000102
1988-06-16,-2.989999999999986,-3.1299999999999897
1988-06-17,-2.5200000000000276,-2.5200000000000276
1988-06-20,-0.8599999999999909,-0.8599999999999909
1988-06-21,-0.9149999999999637,-0.9149999999999637
1988-06-22,0.9399999999999454,1.0449999999999453
1988-06-23,0.22500000000003184,0.22500000000003184
1988-06-24,-0.10999999999998408,-0.07499999999998408
1988-06-27,-0.9200000000000046,-0.9200000000000046
1988-06-28,1.124999999999989,1.124999999999989
1988-06-29,0.7499999999999886,0.44999999999998863
1988-06-30,0.08999999999998863,0.34499999999998865
1988-07-01,-0.09999999999995453,0.10000000000004547
1988-07-04,0.0,0.0
1988-07-05,-0.3200000000000409,-0.3200000000000409
1988-07-06,-0.4799999999999682,-0.4799999999999682
1988-07-07,0.13499999999997955,0.13499999999997955
1988-07-08,-0.5900000000000136,-0.5900000000000136
1988-07-11,0.6100000000000251,0.6100000000000251
1988-07-12,-0.535,-0.535
1988-07-13,-0.5450000000000046,-0.5450000000000046
1988-07-14,-0.275,0.025
1988-07-15,0.35000000000002046,0.3400000000000205
1988-07-18,-0.185000000000025,-0.5250000000000313
1988-07-19,0.6749999999999886,0.4249999999999858
1988-07-20,0.01,0.0
1988-07-21,-0.6749999999999932,-0.6249999999999915
1988-07-22,0.43000000000000455,0.4000000000000057
1988-07-25,0.33499999999997954,-0.07500000000002555
1988-07-26,0.11500000000003184,-0.5249999999999602
1988-07-27,-0.7650000000000023,-1.2450000000000028
1988-07-28,0.22999999999996362,-0.29000000000004544
1988-07-29,0.18000000000004093,0.6000000000000512
1988-08-01,0.09500000000000454,0.7250000000000056
1988-08-02,0.2500000000000091,0.8200000000000113
1988-08-03,-0.075,-0.15
1988-08-04,0.1299999999999477,0.5199999999999346
1988-08-05,-1.4449999999999705,-1.474999999999963
1988-08-08,0.5150000000000204,-0.07499999999997442
1988-08-09,-0.9199999999999978,-0.7249999999999976
1988-08-10,-0.8350000000000045,-0.7750000000000046
1988-08-11,-0.16500000000000453,-0.36000000000000454
1988-08-12,0.19999999999995455,-0.3500000000000341
1988-08-15,-0.6199999999999761,-0.019999999999976127
1988-08-16,0.555,-0.015
1988-08-17,-0.065,-0.155
1988-08-18,-0.04999999999998806,0.10500000000000796
1988-08-19,-0.0050000000000187585,-0.02500000000001251
1988-08-22,0.17999999999999772,-0.37500000000000117
1988-08-23,0.3850000000000125,0.22500000000000628
1988-08-24,-0.5249999999999977,0.22500000000000114
1988-08-25,-0.24000000000001478,-0.4
1988-08-26,0.30000000000001814,0.06
1988-08-29,0.6149999999999881,0.415
1988-08-30,-0.15499999999999658,0.215
1988-08-31,-0.21499999999999886,0.215
1988-09-01,-0.3049999999999988,0.115
1988-09-02,1.3850000000000051,1.125
1988-09-05,0.0,0.0
1988-09-06,-0.155,0.195
1988-09-07,0.204999999999996,0.004999999999996021
1988-09-08,0.07000000000000113,0.020000000000001135
1988-09-09,0.8599999999999981,0.5099999999999982
1988-09-12,-0.329999999999992,-0.25999999999999596
1988-09-13,-0.04500000000001251,0.0049999999999874945
1988-09-14,0.3199999999999943,0.4199999999999944
1988-09-15,0.07500000000000569,-0.4249999999999943
1988-09-16,0.25999999999999657,-0.2400000000000034
1988-09-19,0.22999999999999654,-0.4200000000000034
1988-09-20,-0.15,0.125
1988-09-21,0.1400000000000034,0.31500000000000344
1988-09-22,-0.4224999999999727,-0.1424999999999727
1988-09-23,0.2824999999999932,-0.2175000000000068
1988-09-26,0.1525000000000119,-0.3074999999999841
1988-09-27,-0.8,-0.34
1988-09-28,-0.1125,-0.1125
1988-09-29,0.8625000000000255,0.9625000000000342
1988-09-30,1.4475000000000018,1.527500000000002
1988-10-03,-0.22500000000001139,0.13499999999998463
1988-10-04,-0.7650000000000006,-0.4050000000000005
1988-10-05,0.052499999999984656,-0.03750000000002046
1988-10-06,-0.6249999999999682,-0.26499999999996815
1988-10-07,2.6799999999999957,2.5999999999999948
1988-10-10,-0.205000000000025,-0.4400000000000313
1988-10-11,-0.49749999999996364,-0.38999999999995455
1988-10-12,-1.0625000000000453,-1.2500000000000568
1988-10-13,0.07500000000000454,0.21000000000000568
1988-10-14,0.8800000000000251,0.7400000000000313
1988-10-17,-0.075,0.05
1988-10-18,0.45499999999995455,0.25999999999995455
1988-10-19,-0.4174999999999602,-0.6499999999999523
1988-10-20,0.17250000000000568,0.3000000000000068
1988-10-21,-0.2900000000000313,-0.4200000000000375
1988-10-24,-0.12000000000000569,-0.1700000000000068
1988-10-25,0.8450000000000313,0.5300000000000374
1988-10-26,0.2199999999999858,0.6399999999999801
1988-10-27,1.5699999999999972,1.609999999999996
1988-10-28,0.1400000000000375,0.38000000000004375
1988-10-31,0.7599999999999761,0.6199999999999721
1988-11-01,-0.40500000000002384,-0.19000000000002784
1988-11-02,-0.8649999999999524,-1.0749999999999365
1988-11-03,0.39499999999993635,0.6174999999999272
1988-11-04,-2.649999999999976,-3.3424999999999727
1988-11-07,-1.3900000000000325,-1.7675000000000418
1988-11-08,0.2950000000000438,0.51500000000005
1988-11-09,-0.34000000000003583,-0.4000000000000359
1988-11-10,-0.41999999999998805,-0.5399999999999882
1988-11-11,-1.209999999999988,-1.179999999999988
1988-11-14,0.9299999999999897,1.1449999999999878
1988-11-15,-0.37999999999998296,-0.5199999999999801
1988-11-16,-1.0750000000000137,-1.195000000000016
1988-11-17,-0.65,-0.875
1988-11-18,-0.06499999999994543,-0.19999999999994544
1988-11-21,-0.4125000000000626,-0.5800000000000751
1988-11-22,-0.4224999999999858,-0.37999999999998296
1988-11-23,0.0575,0.0975
1988-11-24,0.0,0.0
1988-11-25,-1.1424999999999972,-1.022499999999997
1988-11-28,0.05750000000003112,-0.19749999999996887
1988-11-29,0.5474999999999569,0.6374999999999462
1988-11-30,1.2700000000000433,1.535000000000054
1988-12-01,0.184999999999975,0.18999999999996875
1988-12-02,-1.8975,-2.2075
1988-12-05,0.5700000000000256,0.5650000000000341
1988-12-06,1.8399999999999657,2.459999999999966
1988-12-07,-0.34499999999997616,-0.4574999999999762
1988-12-08,-0.2049999999999966,-0.26499999999999657
1988-12-09,-0.22999999999999318,-0.30999999999999317
1988-12-12,0.45499999999999147,0.6449999999999915
1988-12-13,-0.4100000000000068,-0.3500000000000068
1988-12-14,-0.04500000000002219,0.12499999999997781
1988-12-15,-0.09999999999999147,-0.09999999999999147
1988-12-16,0.5800000000000153,0.6550000000000152
1988-12-19,0.10499999999998816,0.08999999999998816
1988-12-20,-0.145,-0.21
1988-12-21,1.3800000000000034,1.5150000000000035
1988-12-22,0.10999999999999317,0.1449999999999932
1988-12-23,0.2249999999999881,0.2349999999999881
1988-12-26,0.0,0.0
1988-12-27,-1.109999999999998,-1.1399999999999981
1988-12-28,-0.1999999999999949,-0.1599999999999949
1988-12-29,-0.38499999999998463,-0.38499999999998463
1988-12-30,0.6849999999999727,0.7199999999999728
1989-01-02,0.0,0.0
1989-01-03,-0.7499999999999829,-0.7599999999999829
1989-01-04,1.5199999999999847,1.7199999999999847
1989-01-05,0.06499999999999773,0.05999999999999659
1989-01-06,-0.17499999999998975,-0.20499999999998464
1989-01-09,-0.19000000000000794,-0.23000000000001192
1989-01-10,-0.15249999999998748,-0.13499999999998125
1989-01-11,-0.3125000000000057,-0.35500000000000853
1989-01-12,0.8375000000000069,1.2650000000000103
1989-01-13,1.6750000000000091,2.295000000000014
1989-01-16,-4.540000000000026,-5.710000000000039
1989-01-17,-1.105,-1.4
1989-01-18,2.495000000000025,2.7500000000000373
1989-01-19,-0.615000000000008,-0.625000000000016
1989-01-20,-0.19499999999999204,-0.3899999999999841
1989-01-23,-0.3650000000000238,-0.07000000000005967
1989-01-24,1.575000000000017,2.3000000000000425
1989-01-25,-0.9700000000000069,-1.6700000000000206
1989-01-26,0.0674999999999875,-0.10750000000003751
1989-01-27,0.34750000000002274,0.7325000000000682
1989-01-30,-0.1000000000000125,-0.4550000000000375
1989-01-31,2.1849999999999845,2.282499999999969
1989-02-01,-0.83,-0.86
1989-02-02,-0.8349999999999728,-0.8549999999999364
1989-02-03,-0.05000000000001023,-0.4900000000000238
1989-02-06,-1.5649999999999966,-1.5249999999999921
1989-02-07,0.5850000000000187,0.9850000000000436
1989-02-08,-0.5400000000000085,-0.4300000000000199
1989-02-09,-0.6750000000000103,-1.740000000000024
1989-02-10,-0.4349999999999983,-1.279999999999996
1989-02-13,-0.475,-0.575
1989-02-14,0.4400000000000154,0.44000000000003586
1989-02-15,0.22999999999996418,0.4949999999999164
1989-02-16,-0.11999999999996588,0.08500000000007958
1989-02-17,0.6099999999999728,0.7299999999999364
1989-02-20,0.0,0.0
1989-02-21,-0.6349999999999847,-0.6849999999999642
1989-02-22,-0.15750000000002218,-0.7975000000000518
1989-02-23,-1.0274999999999657,-2.2174999999999203
1989-02-24,0.19749999999996418,0.3799999999999164
1989-02-27,0.6200000000000137,0.9700000000000227
1989-02-28,0.30499999999999655,0.38999999999999546
1989-03-01,-0.1325000000000068,-0.27500000000000907
1989-03-02,0.5075000000000273,0.7350000000000363
1989-03-03,-0.6100000000000171,-0.8225000000000227
1989-03-06,-0.44500000000000856,-0.47000000000001135
1989-03-07,0.6000000000000023,0.8225000000000046
1989-03-08,-0.14999999999999547,-0.10249999999999318
1989-03-09,1.1000000000000103,1.4450000000000154
1989-03-10,-0.4650000000000068,-0.8950000000000102
1989-03-13,0.7099999999999864,0.9724999999999796
1989-03-14,-0.3399999999999795,-0.37749999999996925
1989-03-15,0.2600000000000023,0.36250000000000343
1989-03-16,-0.06000000000000227,-0.0775000000000034
1989-03-17,-0.2899999999999772,-0.8974999999999658
1989-03-20,0.6449999999999749,0.6874999999999625
1989-03-21,-0.72,-0.9375
1989-03-22,-1.1999999999999953,-1.277499999999991
1989-03-23,-1.300000000000004,-1.6650000000000078
1989-03-24,0.0,0.0
1989-03-27,-3.639999999999992,-4.729999999999984
1989-03-28,0.25999999999999596,0.34999999999999204
1989-03-29,-0.7300000000000005,-0.8650000000000011
1989-03-30,-2.740000000000004,-3.525000000000008
1989-03-31,1.1700000000000101,1.5400000000000205
1989-04-03,-0.6400000000000018,-0.6800000000000035
1989-04-04,0.6799999999999919,0.8799999999999839
1989-04-05,-0.04499999999999887,-0.03499999999999773
1989-04-06,0.7300000000000081,0.910000000000016
1989-04-07,-0.42000000000000737,-0.5900000000000147
1989-04-10,-0.2049999999999909,-0.2749999999999818
1989-04-11,0.09999999999999887,0.10999999999999772
1989-04-12,0.9599999999999971,1.2899999999999945
1989-04-13,-0.18000000000000227,-0.29000000000000453
1989-04-14,1.2099999999999953,1.789999999999991
1989-04-17,1.370000000000007,1.9000000000000137
1989-04-18,-0.39999999999999947,-0.4849999999999989
1989-04-19,-0.9900000000000011,-1.340000000000002
1989-04-20,-0.2100000000000034,-0.3400000000000068
1989-04-21,1.4500000000000075,1.9800000000000149
1989-04-24,-1.8500000000000112,-2.500000000000022
1989-04-25,-0.8099999999999989,-1.0599999999999978
1989-04-26,0.2100000000000051,0.28000000000001024
1989-04-27,0.28000000000000114,0.3850000000000023
1989-04-28,-0.5999999999999972,-0.8149999999999944
1989-05-01,1.0599999999999965,1.052499999999993
1989-05-02,-0.37000000000000177,-0.2875000000000034
1989-05-03,0.13000000000000625,0.2725000000000125
1989-05-04,-0.16500000000000115,-0.28000000000000225
1989-05-05,0.3249999999999943,0.7249999999999885
1989-05-08,-0.3700000000000051,-0.6775000000000102
1989-05-09,-0.0899999999999892,-0.45499999999997837
1989-05-10,-0.19500000000000228,-0.3775000000000046
1989-05-11,-0.23999999999999547,-0.15499999999999087
1989-05-12,0.0999999999999869,1.024999999999974
1989-05-15,0.28000000000000175,0.33500000000000346
1989-05-16,-0.9349999999999984,-1.4449999999999965
1989-05-17,-0.27,-0.3025
1989-05-18,0.5099999999999989,0.7699999999999977
1989-05-19,0.5099999999999995,0.719999999999999
1989-05-22,-1.2249999999999996,-1.8249999999999988
1989-05-23,-0.7999999999999897,-1.0999999999999794
1989-05-24,-0.8475000000000061,-1.3275000000000126
1989-05-25,0.13500000000000173,0.19000000000000342
1989-05-26,-0.19249999999999598,-0.317499999999992
1989-05-29,0.0,0.0
1989-05-30,-0.3649999999999988,-0.7549999999999977
1989-05-31,0.12749999999999603,0.16749999999999204
1989-06-01,0.08249999999999488,0.24749999999998976
1989-06-02,0.8525000000000004,1.7800000000000007
1989-06-05,0.33000000000000346,0.7950000000000069
1989-06-06,-0.08999999999999717,-0.3399999999999943
1989-06-07,0.37000000000000116,0.22500000000000228
1989-06-08,-0.11500000000000626,-0.6550000000000126
1989-06-09,0.6850000000000023,0.7450000000000023
1989-06-12,-0.23999999999999205,-0.13999999999999205
1989-06-13,-0.7300000000000147,-0.6725000000000222
1989-06-14,0.13499999999999432,1.3924999999999914
1989-06-15,-0.7999999999999807,-1.164999999999971
1989-06-16,-0.29500000000000226,-0.2325000000000034
1989-06-19,-0.5,0.65
1989-06-20,0.44999999999999196,0.28999999999998805
1989-06-21,-0.24500000000001024,-0.5050000000000153
1989-06-22,-0.31999999999998185,-0.8399999999999728
1989-06-23,1.0250000000000254,1.4475000000000253
1989-06-26,0.4299999999999829,-2.2737367544323207e-14
1989-06-27,0.3800000000000154,0.8275000000000203
1989-06-28,-0.31000000000001876,-0.235000000000025
1989-06-29,0.4800000000000068,0.690000000000009
1989-06-30,0.26,0.775
1989-07-03,0.31500000000000344,1.0700000000000047
1989-07-04,0.0,0.0
1989-07-05,0.20750000000001592,0.7875000000000197
1989-07-06,0.3774999999999477,0.28749999999993464
1989-07-07,0.5350000000000296,0.4750000000000369
1989-07-10,-0.819999999999984,-1.35999999999998
1989-07-11,-0.4900000000000205,-0.5850000000000307
1989-07-12,0.3125000000000313,0.3675000000000375
1989-07-13,0.04999999999998011,0.08999999999997214
1989-07-14,-0.07500000000000569,-0.16000000000000794
1989-07-17,-1.2499999999999802,-1.509999999999968
1989-07-18,-1.8450000000000444,-2.110000000000059
1989-07-19,1.4250000000000511,1.6700000000000685
1989-07-20,1.044999999999959,1.1849999999999454
1989-07-21,-1.3950000000000273,-1.6350000000000364
1989-07-24,-0.3499999999999625,-0.45499999999995
1989-07-25,0.9099999999999965,1.0799999999999954
1989-07-26,0.0,0.0
1989-07-27,1.5500000000000376,1.7000000000000504
1989-07-28,1.139999999999942,1.3149999999999227
1989-07-31,0.4900000000000614,0.41500000000008186
1989-08-01,0.7999999999999454,0.8599999999999273
1989-08-02,-0.879999999999959,-1.0299999999999454
1989-08-03,-0.6300000000000069,-0.7400000000000091
1989-08-04,-3.45,-3.9
1989-08-07,-0.245,-0.15
1989-08-08,0.2849999999999602,0.31499999999995226
1989-08-09,-0.2074999999999801,-0.3074999999999761
1989-08-10,0.22500000000003692,0.3450000000000443
1989-08-11,-1.5500000000000682,-1.460000000000082
1989-08-14,-1.9599999999999373,-2.289999999999925
1989-08-15,0.3274999999999659,0.637499999999959
1989-08-16,1.1475000000000228,1.3575000000000284
1989-08-17,-0.5000000000000454,-0.6000000000000568
1989-08-18,0.07000000000001592,0.05750000000001592
1989-08-21,-0.3,-0.45
1989-08-22,-0.9300000000000136,-0.9875000000000136
1989-08-23,0.5500000000000456,0.4500000000000455
1989-08-24,0.4000000000000045,0.33000000000000457
1989-08-25,-0.015000000000040927,-0.07500000000004092
1989-08-28,-0.4000000000000045,-0.43000000000000455
1989-08-29,-0.12999999999995226,-0.11999999999995226
1989-08-30,0.08499999999997954,0.08499999999997954
1989-08-31,-0.37500000000000455,-0.25500000000000456
1989-09-01,1.2500000000000229,1.1500000000000228
1989-09-04,0.0,0.0
1989-09-05,-0.5650000000000341,-0.6050000000000341
1989-09-06,-0.2749999999999841,-0.09499999999998408
1989-09-07,0.02499999999996078,0.0649999999999477
1989-09-08,0.25500000000000683,0.3650000000000091
1989-09-11,0.30000000000000343,0.29000000000000453
1989-09-12,0.19000000000002729,0.050000000000036376
1989-09-13,0.014999999999996589,-0.23500000000000454
1989-09-14,0.075,0.175
1989-09-15,0.36499999999998806,0.3149999999999841
1989-09-18,0.1500000000000034,0.09000000000000453
1989-09-19,0.07,0.04
1989-09-20,-0.5550000000000068,-0.565000000000009
1989-09-21,-0.6450000000000035,-0.5850000000000056
1989-09-22,0.04,-0.02
1989-09-25,-0.9000000000000102,-1.060000000000017
1989-09-26,0.30000000000001537,0.29000000000002557
1989-09-27,-0.08500000000001875,-0.2050000000000313
1989-09-28,-0.5199999999999676,-0.499999999999946
1989-09-29,-0.0950000000000034,-0.1850000000000057
1989-10-02,-0.4250000000000119,-0.04500000000001989
1989-10-03,0.6599999999999829,0.8199999999999716
1989-10-04,0.27500000000003066,0.23500000000004093
1989-10-05,0.31500000000001027,0.6600000000000136
1989-10-06,1.1999999999999982,1.0399999999999978
1989-10-09,0.5549999999999727,0.3399999999999636
1989-10-10,-0.23499999999998464,-0.2949999999999795
1989-10-11,-0.36999999999998806,-0.31999999999998413
1989-10-12,0.31499999999997613,0.3649999999999682
1989-10-13,0.43499999999998806,0.4049999999999841
1989-10-16,-0.2100000000000034,-0.15000000000000455
1989-10-17,-0.1549999999999727,-0.06499999999996361
1989-10-18,-0.00999999999999659,0.02000000000000455
1989-10-19,0.2199999999999727,0.4199999999999545
1989-10-20,-0.2150000000000034,-0.2750000000000057
1989-10-23,0.4600000000000307,0.30000000000005117
1989-10-24,0.4800000000000068,0.5850000000000114
1989-10-25,0.01499999999996362,0.15499999999994543
1989-10-26,-0.2149999999999636,-0.22249999999994544
1989-10-27,-0.5600000000000136,-0.8200000000000204
1989-10-30,0.06,-0.05
1989-10-31,-0.065,-0.2775
1989-11-01,0.40999999999996817,0.6549999999999444
1989-11-02,0.2650000000000205,0.29500000000003584
1989-11-03,-0.8574999999999773,-1.0974999999999602
1989-11-06,-0.7150000000000369,-0.9600000000000517
1989-11-07,1.6825000000000088,2.2350000000000123
1989-11-08,0.41250000000000564,0.560000000000008
1989-11-09,-0.5574999999999858,-0.4824999999999858
1989-11-10,-0.08500000000005116,-0.06000000000005116
1989-11-13,-0.3674999999999403,-0.41749999999994036
1989-11-14,0.517499999999946,0.442499999999946
1989-11-15,0.8825000000000369,1.122500000000037
1989-11-16,0.12,0.36
1989-11-17,-0.6325000000000256,-0.6575000000000256
1989-11-20,-0.2024999999999602,-0.24999999999996023
1989-11-21,0.4999999999999858,0.6049999999999858
1989-11-22,0.41250000000000564,0.43500000000000566
1989-11-23,0.0,0.0
1989-11-24,0.12999999999998582,-0.08500000000001705
1989-11-27,-1.6050000000000229,-2.4600000000000275
1989-11-28,0.1025000000000199,0.35000000000002385
1989-11-29,-0.054999999999980106,0.16500000000002385
1989-11-30,0.48000000000000564,0.6450000000000069
1989-12-01,0.3150000000000057,0.3500000000000068
1989-12-04,-5.684341886080802e-15,0.1449999999999932
1989-12-05,0.1524999999999744,0.4099999999999693
1989-12-06,-0.1449999999999801,-0.02999999999997613
1989-12-07,-0.7200000000000056,-1.165000000000007
1989-12-08,0.8325000000000171,1.0150000000000203
1989-12-11,0.135,0.425
1989-12-12,-0.08000000000000569,-0.03000000000000682
1989-12-13,0.22249999999994882,0.5099999999999386
1989-12-14,0.6500000000000369,0.8200000000000444
1989-12-15,0.19750000000000567,0.3900000000000068
1989-12-18,0.48000000000000564,0.5850000000000068
1989-12-19,-0.16250000000003126,0.009999999999962483
1989-12-20,-0.09250000000002388,-0.35500000000002385
1989-12-21,-0.4624999999999523,-0.6499999999999444
1989-12-22,-0.9100000000000136,-0.9700000000000161
1989-12-25,0.0,0.0
1989-12-26,-2.2099999999999898,-2.4699999999999878
1989-12-27,0.03999999999999317,0.12999999999999204
1989-12-28,0.88,1.36
1989-12-29,0.049999999999976126,0.2649999999999722
1990-01-01,0.0,0.0
1990-01-02,-1.0249999999999524,-1.6949999999999443
1990-01-03,-0.2000000000000375,0.17999999999995625
1990-01-04,0.8200000000000444,1.2900000000000518
1990-01-05,-0.23750000000003071,-0.42000000000003584
1990-01-08,0.2,0.6
1990-01-09,-0.13750000000003978,-0.45000000000005563
1990-01-10,-0.43749999999998007,-0.8899999999999721
1990-01-11,-0.5124999999999801,-1.064999999999972
1990-01-12,0.4874999999999887,1.754999999999984
1990-01-15,-1.012500000000017,-1.3800000000000237
1990-01-16,-0.6874999999999659,-1.0099999999999525
1990-01-17,-0.15000000000001137,-0.5125000000000172
1990-01-18,-0.6199999999999818,-0.39749999999997726
1990-01-19,0.31999999999997614,0.40249999999996816
1990-01-22,-0.8125,-1.725
1990-01-23,0.5425,1.0825
1990-01-24,-0.7150000000000045,-1.135000000000007
1990-01-25,-0.939999999999976,-1.749999999999976
1990-01-26,0.019999999999985224,-1.4779288903810084e-14
1990-01-29,0.09000000000000512,0.19750000000001025
1990-01-30,-0.23000000000000737,-0.4000000000000074
1990-01-31,-0.48,-0.99
1990-02-01,-0.24,-0.495
1990-02-02,-0.64,-1.32
1990-02-05,-0.4,-0.825
1990-02-06,0.9099999999999909,1.559999999999991
1990-02-07,0.407499999999996,0.7574999999999961
1990-02-08,-0.23999999999998917,-0.3299999999999784
1990-02-09,-0.44750000000000034,-0.537500000000001
1990-02-12,1.1999999999999922,1.8399999999999839
1990-02-13,-0.4750000000000011,-0.7050000000000023
1990-02-14,0.5450000000000063,0.8850000000000126
1990-02-15,0.7124999999999941,1.0624999999999887
1990-02-16,-0.2575000000000023,-0.41750000000000453
1990-02-19,0.0,0.0
1990-02-20,0.9500000000000081,1.310000000000016
1990-02-21,0.3375000000000028,0.5375000000000056
1990-02-22,0.7374999999999948,1.3274999999999897
1990-02-23,0.4324999999999977,0.6724999999999954
1990-02-26,-0.8200000000000022,-1.2300000000000046
1990-02-27,-0.5375,-0.7875
1990-02-28,0.6350000000000063,0.8350000000000062
1990-03-01,0.16499999999999715,0.11499999999999716
1990-03-02,0.049999999999998865,0.14999999999999886
1990-03-05,0.4700000000000086,0.5250000000000085
1990-03-06,-0.6450000000000102,-0.9450000000000103
1990-03-07,-0.644999999999996,-1.0349999999999961
1990-03-08,0.8225000000000022,1.312500000000001
1990-03-09,0.9724999999999965,1.2824999999999984
1990-03-12,1.0975000000000137,2.012500000000007
1990-03-13,-0.14250000000002386,-0.5275000000000118
1990-03-14,-1.604999999999984,-2.409999999999992
1990-03-15,0.4700000000000102,0.7200000000000051
1990-03-16,0.18749999999997727,0.5124999999999886
1990-03-19,1.5725000000000307,2.35750000000001
1990-03-20,0.08000000000001536,0.1700000000000051
1990-03-21,-0.6900000000000118,-1.170000000000004
1990-03-22,0.054999999999981244,0.24499999999999372
1990-03-23,-0.6799999999999727,-0.9899999999999909
1990-03-26,0.25999999999999657,0.5399999999999989
1990-03-27,-0.35,-0.57
1990-03-28,-1.5100000000000307,-2.2400000000000104
1990-03-29,0.7325000000000069,0.7625000000000023
1990-03-30,0.6575000000000069,0.6875000000000023
1990-04-02,1.6249999999999847,2.444999999999995
1990-04-03,0.8650000000000272,1.335000000000009
1990-04-04,0.24749999999998126,0.5674999999999938
1990-04-05,0.17250000000001534,0.1925000000000051
1990-04-06,-0.9750000000000153,-1.315000000000005
1990-04-09,0.4599999999999914,0.4399999999999972
1990-04-10,0.7300000000000273,1.0300000000000091
1990-04-11,0.0625,0.0625
1990-04-12,-0.6350000000000239,-0.9600000000000081
1990-04-13,0.0,0.0
1990-04-16,2.085000000000003,2.665000000000001
1990-04-17,1.6825000000000103,1.9025000000000032
1990-04-18,0.03999999999998654,-0.42000000000000437
1990-04-19,1.2625,1.6125
1990-04-20,-0.5925,-0.8025
1990-04-23,-0.22249999999998127,-0.35249999999998743
1990-04-24,-0.10999999999999546,-0.1899999999999966
1990-04-25,1.9500000000000162,2.3700000000000156
1990-04-26,2.124999999999966,2.2174999999999727
1990-04-27,0.2749999999999943,0.3649999999999943
1990-04-30,-0.77499999999998,-0.8949999999999803
1990-05-01,-0.43499999999996913,-0.5349999999999692
1990-05-02,1.9349999999999694,2.2699999999999694
1990-05-03,-2.152500000000037,-2.4525000000000374
1990-05-04,-3.1649999999999485,-3.224999999999948
1990-05-07,1.5324999999999445,1.7124999999999444
1990-05-08,-0.4199999999999545,-0.44499999999995454
1990-05-09,3.099999999999966,3.2899999999999725
1990-05-10,1.2299999999999889,1.5649999999999908
1990-05-11,0.350000000000048,1.1450000000000384
1990-05-14,-0.6850000000000056,-0.6175000000000045
1990-05-15,-3.000000000000016,-3.5950000000000117
1990-05-16,-1.9,-2.15
1990-05-17,1.5275000000000252,1.5925000000000187
1990-05-18,-2.662500000000032,-2.9425000000000243
1990-05-21,-3.7524999999999635,-4.042499999999973
1990-05-22,0.20999999999999092,0.30999999999999317
1990-05-23,0.7349999999999954,0.8249999999999965
1990-05-24,2.3199999999999847,2.4799999999999898
1990-05-25,3.4550000000000067,3.595000000000004
1990-05-28,0.0,0.0
1990-05-29,-0.8900000000000035,-0.8100000000000023
1990-05-30,-2.880000000000019,-2.9300000000000126
1990-05-31,-0.8474999999999847,-0.8799999999999898
1990-06-01,-1.9900000000000018,-1.5400000000000011
1990-06-04,-0.7325000000000119,-0.820000000000004
1990-06-05,2.98000000000001,3.090000000000005
1990-06-06,-0.17999999999998748,-0.28
1990-06-07,4.2,4.55
1990-06-08,-0.24,-0.26
1990-06-11,2.0250000000000012,2.185
1990-06-12,1.174999999999996,1.265
1990-06-13,-1.8649999999999982,-1.955
1990-06-14,-0.9650000000000103,-1.035
1990-06-15,-2.1349999999999927,-2.7100000000000075
1990-06-18,2.625,2.7024999999999975
1990-06-19,0.315,0.32250000000000906
1990-06-20,-0.9,-1.167499999999996
1990-06-21,0.7,0.9124999999999961
1990-06-22,-1.2,-1.3449999999999949
1990-06-25,2.6,2.715000000000003
1990-06-26,-0.5,-0.442500000000004
1990-06-27,0.3,0.4725000000000063
1990-06-28,1.3,1.7124999999999986
1990-06-29,0.3,0.5399999999999932
1990-07-02,1.0,1.125
1990-07-03,0.1,0.22250000000001005
1990-07-04,0.0,0.0
1990-07-05,-4.4,-5.315000000000021
1990-07-06,-3.52,-4.602499999999979
1990-07-09,0.2599999999999926,0.13749999999998522
1990-07-10,0.08999999999999488,0.05999999999998977
1990-07-11,-1.6899999999999948,-2.1274999999999897
1990-07-12,-1.3399999999999979,-1.5124999999999955
1990-07-13,0.6399999999999931,1.0199999999999865
1990-07-16,-2.375,-3.075
1990-07-17,-0.9699999999999898,-1.3099999999999794
1990-07-18,-0.6600000000000102,-1.1600000000000206
1990-07-19,0.010000000000005114,0.017500000000015347
1990-07-20,-0.4550000000000068,-0.4600000000000205
1990-07-23,1.2950000000000101,1.9175000000000304
1990-07-24,-0.6100000000000045,-1.100000000000007
1990-07-25,-0.22000000000000794,-0.21500000000001593
1990-07-26,0.6549999999999977,1.0599999999999954
1990-07-27,-0.4049999999999932,-0.39749999999998653
1990-07-30,0.09999999999999659,0.4649999999999932
1990-07-31,0.030000000000022193,-0.12249999999997045
1990-08-01,-1.1400000000000359,-1.8350000000000597
1990-08-02,-1.0499999999999676,-2.102499999999946
1990-08-03,-0.5299999999999953,-0.9199999999999929
1990-08-06,-0.7675000000000409,-0.4075000000000615
1990-08-07,-0.6424999999999613,-0.882499999999942
1990-08-08,-0.4625,-0.8125
1990-08-09,0.45499999999995683,0.3149999999999568
1990-08-10,-0.35999999999999144,-0.5699999999999886
1990-08-13,-0.36249999999997784,-0.8524999999999705
1990-08-14,0.2349999999999881,0.5549999999999841
1990-08-15,0.33500000000000346,0.7075000000000046
1990-08-16,-0.15000000000000682,-0.4950000000000091
1990-08-17,0.2100000000000034,0.3000000000000044
1990-08-20,0.005000000000015348,-0.029999999999979536
1990-08-21,-0.2850000000000222,-0.4900000000000296
1990-08-22,0.09500000000002728,0.31000000000003636
1990-08-23,0.37999999999998124,1.239999999999975
1990-08-24,-0.19999999999999146,-0.33999999999998864
1990-08-27,-0.17999999999999827,-1.1199999999999979
1990-08-28,-0.3100000000000222,-0.5600000000000296
1990-08-29,-0.3100000000000051,-1.220000000000007
1990-08-30,-0.425,-1.19
1990-08-31,0.035000000000030694,0.010000000000040928
1990-09-03,0.0,0.0
1990-09-04,0.06999999999998464,0.21999999999997955
1990-09-05,0.26500000000000346,0.5750000000000045
1990-09-06,0.20500000000001536,0.4950000000000205
1990-09-07,-0.28500000000003917,-0.7800000000000523
1990-09-10,-0.03499999999998806,-0.019999999999984083
1990-09-11,0.14,0.385
1990-09-12,-0.04999999999999659,-0.26499999999999546
1990-09-13,-0.5599999999999813,-1.7099999999999749
1990-09-14,-0.1650000000000307,-0.4300000000000409
1990-09-17,0.06000000000002728,0.23000000000003637
1990-09-18,0.03,0.09
1990-09-19,-0.3525000000000034,-0.7200000000000045
1990-09-20,0.08750000000001193,0.1600000000000159
1990-09-21,0.09250000000000853,0.03000000000001419
1990-09-24,-0.025000000000022192,0.06999999999996306
1990-09-25,-0.16749999999998808,-0.2199999999999801
1990-09-26,-0.044999999999972715,0.010000000000045474
1990-09-27,0.08999999999999826,0.4599999999999972
1990-09-28,-0.1374999999999966,-0.027499999999994317
1990-10-01,-0.24250000000002406,-0.6625000000000401
1990-10-02,-0.035000000000015345,0.16999999999997445
1990-10-03,0.1,0.475
1990-10-04,-0.06999999999997271,0.16000000000004547
1990-10-05,-0.04250000000001194,-0.14000000000001991
1990-10-08,0.2524999999999881,0.7299999999999801
1990-10-09,0.020000000000029196,-0.5699999999999517
1990-10-10,-0.1824999999999932,-0.24999999999999145
1990-10-11,-0.215000000000025,-0.5300000000000313
1990-10-12,0.11000000000002501,-0.09999999999996874
1990-10-15,-0.045,-0.27
1990-10-16,0.01499999999996362,-0.10000000000004547
1990-10-17,0.2399999999999886,0.4899999999999858
1990-10-18,0.24500000000002958,0.14000000000003693
1990-10-19,0.5299999999999818,0.7099999999999773
1990-10-22,0.15500000000000455,0.3600000000000057
1990-10-23,0.06500000000002046,0.20000000000002557
1990-10-24,0.035,0.21
1990-10-25,0.00499999999996362,-0.16000000000004547
1990-10-26,-0.08999999999996362,-0.38749999999995455
1990-10-29,-0.19999999999998863,-0.4124999999999858
1990-10-30,-0.08500000000005116,-0.04250000000006139
1990-10-31,0.2050000000000313,0.40750000000003755
1990-11-01,0.3649999999999659,0.709999999999959
1990-11-02,-0.014999999999954525,0.15000000000005456
1990-11-05,0.13499999999998008,0.5249999999999722
1990-11-06,-0.0900000000000307,-0.2750000000000359
1990-11-07,-0.22749999999994544,-0.26249999999993634
1990-11-08,0.12499999999997612,0.31499999999996814
1990-11-09,0.7199999999999522,0.6899999999999454
1990-11-12,0.6650000000000157,1.11000000000002
1990-11-13,0.25000000000000794,0.31000000000001027
1990-11-14,-0.0625,-0.525
1990-11-15,0.07499999999996816,-0.11000000000003979
1990-11-16,0.55500000000005,1.2500000000000686
1990-11-19,-0.22500000000004602,-0.055000000000061396
1990-11-20,0.49000000000006255,0.3100000000000813
1990-11-21,1.069999999999983,1.422499999999978
1990-11-22,0.0,0.0
1990-11-23,0.030000000000056277,0.11000000000007162
1990-11-26,-0.15500000000011255,-0.34000000000014324
1990-11-27,-0.7399999999999687,-1.1649999999999603
1990-11-28,0.1700000000001228,0.44250000000015355
1990-11-29,-0.2625000000000614,-0.11250000000007673
1990-11-30,0.4075,0.525
1990-12-03,0.4250000000000665,0.5250000000000767
1990-12-04,0.40999999999994824,0.5199999999999363
1990-12-05,0.2575,0.325
1990-12-06,0.10749999999994429,0.16499999999993234
1990-12-07,2.862499999999992,3.39499999999999
1990-12-10,-0.1000000000000171,0.10999999999997954
1990-12-11,0.8025000000000171,1.0650000000000206
1990-12-12,0.6575000000000171,0.8900000000000203
1990-12-13,-1.5400000000000342,-2.080000000000041
1990-12-14,-1.7999999999998977,-2.009999999999877
1990-12-17,0.9499999999998807,1.2699999999998566
1990-12-18,0.6450000000001536,0.6850000000001841
1990-12-19,-0.26,-0.5
1990-12-20,-0.9249999999999404,-1.0849999999999282
1990-12-21,-0.7999999999999404,-0.8599999999999283
1990-12-24,-1.9900000000000342,-2.130000000000041
1990-12-25,0.0,0.0
1990-12-26,0.8400000000000767,1.0300000000000922
1990-12-27,0.33,0.25
1990-12-28,-1.3550000000000342,-1.555000000000041
1990-12-31,0.8349999999998635,0.8049999999998363
1991-01-01,0.0,0.0
1991-01-02,2.100000000000034,2.115000000000039
1991-01-03,1.3000000000000342,1.4350000000000387
1991-01-04,-1.4150000000000937,-1.4350000000001062
1991-01-07,-2.504999999999838,-2.6699999999998165
1991-01-08,-0.17000000000013643,-0.2100000000001546
1991-01-09,-2.437499999999941,-2.627499999999936
1991-01-10,1.339999999999963,1.4499999999999602
1991-01-11,-0.36500000000001254,-0.3950000000000125
1991-01-14,-0.9349999999999125,-0.8449999999999125
1991-01-15,0.8174999999999812,0.9224999999999812
1991-01-16,-0.5124999999999602,-0.3224999999999562
1991-01-17,2.3499999999999432,2.439999999999943
1991-01-18,0.6250000000000114,0.5200000000000113
1991-01-21,0.22000000000001024,0.17500000000001023
1991-01-22,-0.44500000000001017,-0.3850000000000102
1991-01-23,0.6999999999999744,0.5999999999999744
1991-01-24,0.3100000000000563,0.6100000000000564
1991-01-25,-1.0750000000001023,-0.6850000000001023
1991-01-28,0.075,0.075
1991-01-29,0.29500000000001025,0.4700000000000102
1991-01-30,0.22000000000001024,0.04500000000001023
1991-01-31,0.4400000000000563,0.5100000000000563
1991-02-01,1.8249999999999593,1.9049999999999592
1991-02-04,0.5900000000000564,0.5150000000000625
1991-02-05,0.3874999999999182,-0.005000000000090949
1991-02-06,-0.05249999999991815,-0.3899999999999091
1991-02-07,-0.12500000000009096,-0.3500000000000909
1991-02-08,0.7875000000000114,1.2225000000000126
1991-02-11,0.5475000000000251,0.637500000000025
1991-02-12,0.4050000000000125,-0.10499999999998635
1991-02-13,0.20249999999995225,0.5374999999999482
1991-02-14,-0.1299999999999386,-0.0749999999999335
1991-02-15,-0.059999999999948254,0.1900000000000557
1991-02-18,0.0,0.0
1991-02-19,-1.6100000000000478,-1.7000000000000546
1991-02-20,-0.8700000000000161,-1.110000000000018
1991-02-21,-1.0900000000000318,-1.2100000000000364
1991-02-22,-1.240000000000032,-1.2700000000000362
1991-02-25,-0.22000000000001593,0.03499999999998181
1991-02-26,-1.5899999999998329,-1.529999999999809
1991-02-27,0.08999999999987267,-0.07000000000014552
1991-02-28,-0.8900000000000148,-0.41000000000001713
1991-03-01,-2.5799999999999925,-2.3499999999999917
1991-03-04,0.4900000000000147,0.6850000000000172
1991-03-05,1.1200000000000812,1.1900000000000888
1991-03-06,-0.5300000000000126,-0.8750000000000137
1991-03-07,0.8949999999999204,0.8899999999999124
1991-03-08,-1.474999999999983,-1.3299999999999814
1991-03-11,0.5500000000000398,-0.13249999999995626
1991-03-12,-0.4600000000000563,0.31249999999993744
1991-03-13,0.7200000000000103,0.7500000000000114
1991-03-14,0.7274999999999846,0.6574999999999829
1991-03-15,-1.4099999999999282,-2.5749999999999202
1991-03-18,-1.2675000000000272,-1.7625000000000306
1991-03-19,-1.7749999999999637,-1.6949999999999592
1991-03-20,0.8025000000000182,0.6825000000000205
1991-03-21,0.6024999999999443,0.42249999999994436
1991-03-22,0.3600000000000068,0.540000000000008
1991-03-25,-0.06,-0.31
1991-03-26,0.007500000000030696,-0.11499999999996419
1991-03-27,0.6724999999999522,0.6249999999999444
1991-03-28,0.6150000000000069,0.640000000000008
1991-03-29,0.0,0.0
1991-04-01,0.1400000000000307,0.7950000000000359
1991-04-02,0.7450000000000205,0.6800000000000239
1991-04-03,0.03749999999997613,0.21499999999997219
1991-04-04,0.6874999999999829,0.49999999999998007
1991-04-05,0.0275,-0.015
1991-04-08,0.16250000000002388,0.11500000000002786
1991-04-09,-0.7824999999999829,-0.9049999999999799
1991-04-10,-1.2150000000000512,-1.1350000000000595
1991-04-11,0.20500000000006138,0.24500000000007163
1991-04-12,1.3374999999999897,1.4124999999999879
1991-04-15,0.16750000000002385,0.09750000000002783
1991-04-16,-0.09750000000003069,-0.10750000000003582
1991-04-17,0.2750000000000068,0.25000000000000794
1991-04-18,-0.8550000000000375,-0.9100000000000437
1991-04-19,-0.4425,-0.4425
1991-04-22,-0.505,-0.45
1991-04-23,0.28,0.225
1991-04-24,0.7924999999999801,0.9324999999999773
1991-04-25,-0.1275,-0.0975
1991-04-26,0.09,0.21
1991-04-29,-0.1175,0.0425
1991-04-30,0.49250000000003585,0.48250000000004606
1991-05-01,-0.17499999999993632,-0.19499999999992837
1991-05-02,0.6574999999999364,0.5374999999999283
1991-05-03,-0.7324999999999682,-0.8024999999999641
1991-05-06,-0.31749999999996814,-0.5624999999999641
1991-05-07,0.0024999999999590727,0.28249999999994885
1991-05-08,0.04750000000003581,0.5025000000000398
1991-05-09,0.065,0.04
1991-05-10,-1.0950000000000564,-0.8150000000000627
1991-05-13,0.41000000000003584,0.12750000000003978
1991-05-14,-1.2000000000000102,-1.2225000000000112
1991-05-15,0.45499999999996416,0.5899999999999602
1991-05-16,0.34500000000001024,0.26250000000001134
1991-05-17,0.43000000000003585,0.3225000000000398
1991-05-20,-0.355,-0.3525
1991-05-21,0.8549999999999746,0.5674999999999716
1991-05-22,0.28999999999997444,0.4149999999999716
1991-05-23,-0.4499999999999898,-0.5199999999999887
1991-05-24,0.320000000000046,0.35250000000005116
1991-05-27,0.0,0.0
1991-05-28,1.129999999999918,1.519999999999909
1991-05-29,0.5200000000000461,0.9025000000000512
1991-05-30,0.9800000000000113,0.8900000000000113
1991-05-31,-1.5899999999999717,-1.802499999999969
1991-06-03,-2.0499999999999687,-2.212499999999966
1991-06-04,0.8299999999998563,1.0724999999998432
1991-06-05,-0.6099999999999,-0.5699999999998908
1991-06-06,-1.3600000000000252,-1.4700000000000273
1991-06-07,-1.510000000000025,-1.5075000000000272
1991-06-10,1.5800000000000125,2.235000000000014
1991-06-11,0.08999999999994372,0.14249999999993862
1991-06-12,-1.4099999999998687,-1.3049999999998565
1991-06-13,0.4,0.39
1991-06-14,0.7249999999999687,0.6849999999999686
1991-06-17,0.775,0.945
1991-06-18,0.18999999999991252,0.17999999999992042
1991-06-19,-1.0,-1.2
1991-06-20,1.4899999999999125,1.4999999999999203
1991-06-21,-0.024999999999968714,0.25000000000002837
1991-06-24,-1.3774999999999125,-1.5049999999999204
1991-06-25,-0.35000000000012504,-0.2600000000001137
1991-06-26,-0.15,-0.18
1991-06-27,0.987500000000091,1.105000000000091
1991-06-28,2.9999999999999716,3.1799999999999717
1991-07-01,-1.8625000000000227,-2.0550000000000224
1991-07-02,0.46249999999996017,0.4849999999999641
1991-07-03,0.10000000000009095,0.06500000000008185
1991-07-04,0.0,0.0
1991-07-05,-0.45000000000007384,-0.030000000000066484
1991-07-08,1.4125000000000627,1.4250000000000564
1991-07-09,-0.440000000000046,-0.41000000000004605
1991-07-10,-0.269999999999908,-0.37999999999990797
1991-07-11,1.4299999999998927,1.2799999999998926
1991-07-12,-0.1274999999998977,-0.26499999999989765
1991-07-15,-0.727500000000046,-0.677500000000046
1991-07-16,-2.415,-2.22
1991-07-17,-0.675000000000046,-0.645000000000046
1991-07-18,1.5025,1.5025
1991-07-19,1.4399999999999846,1.5149999999999846
1991-07-22,-1.6625,-1.65
1991-07-23,-2.442499999999964,-2.5299999999999643
1991-07-24,1.5350000000000563,1.5350000000000563
1991-07-25,0.37000000000001027,0.37000000000001027
1991-07-26,-0.5050000000000818,-0.4950000000000909
1991-07-29,-1.2749999999999642,-1.3149999999999562
1991-07-30,0.53,0.5425
1991-07-31,0.04000000000004602,0.0825000000000614
1991-08-01,-0.85,-0.9375
1991-08-02,2.9299999999999544,3.727499999999941
1991-08-05,0.7,0.925
1991-08-06,2.0249999999999373,2.4624999999999257
1991-08-07,0.3100000000000563,0.4300000000000665
1991-08-08,-0.7799999999999562,-0.9749999999999484
1991-08-09,0.16999999999995627,0.18499999999994826
1991-08-12,0.18,0.195
1991-08-13,1.1499999999999657,1.2749999999999602
1991-08-14,2.762500000000041,3.4800000000000506
1991-08-15,-0.5475,-0.69
1991-08-16,1.1699999999999113,1.4349999999998908
1991-08-19,0.26000000000012735,0.4300000000001546
1991-08-20,0.7849999999999444,0.9849999999999324
1991-08-21,-0.4,-0.6
1991-08-22,0.065,-0.0275
1991-08-23,-2.4600000000000364,-2.890000000000043
1991-08-26,-1.7974999999999515,-1.9774999999999463
1991-08-27,0.815000000000087,0.895000000000097
1991-08-28,2.722499999999797,2.862499999999773
1991-08-29,2.5825000000001257,2.7625000000001405
1991-08-30,-2.592500000000126,-2.7775000000001406
1991-09-02,0.0,0.0
1991-09-03,1.0200000000001932,1.155000000000216
1991-09-04,0.019999999999845385,0.014999999999827197
1991-09-05,0.10000000000017394,0.12000000000019444
1991-09-06,2.289999999999797,2.6449999999997726
1991-09-09,1.045000000000174,1.2125000000001944
1991-09-10,0.20999999999993232,0.2349999999999244
1991-09-11,-0.06999999999990791,-0.12499999999989768
1991-09-12,1.8399999999998486,2.0599999999998326
1991-09-13,1.3250000000000455,1.4225000000000478
1991-09-16,0.7400000000001024,0.8300000000001125
1991-09-17,0.7950000000000227,0.8650000000000252
1991-09-18,-0.2900000000001074,-0.3400000000001126
1991-09-19,-0.2999999999999125,-0.2499999999999085
1991-09-20,1.6000000000000252,1.7000000000000262
1991-09-23,-0.09000000000022511,-0.047500000000235375
1991-09-24,0.04000000000011769,0.020000000000117688
1991-09-25,-0.15,-0.15
1991-09-26,1.3525000000000273,1.4225000000000272
1991-09-27,2.827499999999809,2.812499999999809
1991-09-30,1.695000000000273,1.5750000000002728
1991-10-01,0.2649999999999045,0.15499999999990452
1991-10-02,-1.3300000000001502,-1.3100000000001502
1991-10-03,0.9500000000000284,1.0000000000000284
1991-10-04,2.8250000000001565,2.7750000000001567
1991-10-07,-0.38000000000025574,-0.3500000000002558
1991-10-08,-0.9049999999999004,-0.8499999999999005
1991-10-09,-4.18999999999983,-4.174999999999829
1991-10-10,-2.9550000000001564,-2.9750000000001564
1991-10-11,4.960000000000185,4.975000000000184
1991-10-14,0.5850000000000284,0.6000000000000284
1991-10-15,0.03999999999997272,0.07999999999997272
1991-10-16,0.7400000000000272,0.7500000000000272
1991-10-17,-3.9400000000000546,-3.9800000000000546
1991-10-18,1.3399999999997816,1.3799999999997816
1991-10-21,-3.227499999999713,-3.4699999999997133
1991-10-22,-2.13500000000015,-2.38000000000015
1991-10-23,-1.1100000000001502,-1.1000000000001502
1991-10-24,1.88500000000015,1.8350000000001498
1991-10-25,-1.1674999999999045,-1.1274999999999045
1991-10-28,1.9724999999998092,1.992499999999809
1991-10-29,4.167500000000177,4.147500000000178
1991-10-30,0.65,0.77
1991-10-31,0.5899999999997817,0.6774999999997817
1991-11-01,0.13000000000024556,0.025000000000245562
1991-11-04,-0.46500000000012276,-0.5025000000001227
1991-11-05,-1.4049999999999045,-1.5474999999999046
1991-11-06,1.4249999999999319,1.4449999999999317
1991-11-07,3.769999999999959,4.107499999999959
1991-11-08,0.29000000000012277,0.2925000000001228
1991-11-11,1.0700000000000272,1.1400000000000272
1991-11-12,2.394999999999959,2.462499999999959
1991-11-13,0.4549999999998363,0.2099999999998363
1991-11-14,3.7250000000002044,3.7650000000002044
1991-11-15,1.4999999999999318,1.5499999999999319
1991-11-18,0.175,0.245
1991-11-19,0.1349999999999085,0.1449999999999085
1991-11-20,-2.209999999999843,-2.359999999999843
1991-11-21,-0.9525000000000262,-0.9450000000000262
1991-11-22,-1.477500000000026,-1.590000000000026
1991-11-25,-0.9725000000002354,-1.0650000000002353
1991-11-26,1.2175000000001175,1.3650000000001177
1991-11-27,-0.1925000000001177,-0.2000000000001177
1991-11-28,0.0,0.0
1991-11-29,1.8700000000001442,1.8900000000001442
1991-12-02,2.3249999999999345,2.274999999999934
1991-12-03,2.4749999999999344,2.484999999999934
1991-12-04,4.670000000000078,4.670000000000078
1991-12-05,-0.7150000000000915,-0.7050000000000916
1991-12-06,-1.4799999999997908,-1.459999999999791
1991-12-09,1.740000000000026,1.7200000000000262
1991-12-10,-0.46500000000002617,-0.3750000000000262
1991-12-11,0.029999999999790816,-0.010000000000209184
1991-12-12,1.0100000000002354,1.0300000000002354
1991-12-13,-2.270000000000144,-2.410000000000144
1991-12-16,0.7300000000001177,0.7300000000001177
1991-12-17,1.0599999999999086,1.0399999999999086
1991-12-18,-1.059999999999817,-1.069999999999817
1991-12-19,3.3899999999999344,3.3899999999999344
1991-12-20,5.199999999999987,5.199999999999987
1991-12-23,2.220000000000026,2.220000000000026
1991-12-24,0.27,0.285
1991-12-25,0.0,0.0
1991-12-26,1.1249999999999085,1.1599999999999084
1991-12-27,0.9549999999999085,0.9599999999999085
1991-12-30,2.420000000000144,2.420000000000144
1991-12-31,2.1449999999999343,2.1449999999999343
1992-01-01,0.0,0.0
1992-01-02,-3.4600000000000524,-3.470000000000052
1992-01-03,-2.2799999999999345,-2.2649999999999344
1992-01-06,0.72,0.71
1992-01-07,3.4100000000000787,3.3900000000000787
1992-01-08,-0.605,-0.735
1992-01-09,-1.6449999999999345,-1.7149999999999346
1992-01-10,-3.3700000000001706,-3.3550000000001705
1992-01-13,-2.649999999999934,-2.649999999999934
1992-01-14,-8.15,-8.15
1992-01-15,0.9500000000000252,1.020000000000025
1992-01-16,-2.8775000000001003,-2.9275000000001
1992-01-17,0.18500000000012734,0.16000000000012732
1992-01-20,2.365000000000036,2.385000000000036
1992-01-21,1.0,1.0
1992-01-22,-0.82,-0.82
1992-01-23,-2.7725000000001003,-2.7675000000001
1992-01-24,-1.0249999999999728,-0.9599999999999728
1992-01-27,0.4949999999999363,0.4949999999999363
1992-01-28,3.720000000000137,3.735000000000137
1992-01-29,-4.122500000000218,-4.122500000000218
1992-01-30,-2.234999999999891,-2.249999999999891
1992-01-31,1.0900000000000363,1.1200000000000363
1992-02-03,-0.9449999999999544,-0.9624999999999545
1992-02-04,2.2650000000000183,2.562500000000018
1992-02-05,1.9899999999998725,2.214999999999873
1992-02-06,0.8500000000001,0.8800000000001
1992-02-07,0.7999999999999363,0.8599999999999364
1992-02-10,1.144999999999918,1.4449999999999181
1992-02-11,-5.160000000000037,-5.970000000000038
1992-02-12,0.10500000000006367,0.33500000000006763
1992-02-13,-3.3649999999999274,-3.4599999999999227
1992-02-14,-0.7550000000001,-0.8050000000001062
1992-02-17,0.0,0.0
1992-02-18,-1.140000000000017,-1.1850000000000194
1992-02-19,1.1450000000000768,1.1700000000000867
1992-02-20,0.9400000000000939,1.0300000000001062
1992-02-21,-3.040000000000064,-3.440000000000077
1992-02-24,-0.44499999999992834,-0.42999999999991306
1992-02-25,0.5849999999999631,0.6499999999999574
1992-02-26,3.1599999999999775,3.3249999999999744
1992-02-27,0.4499999999999045,0.5999999999998806
1992-02-28,3.8325000000000546,4.355000000000064
1992-03-02,-2.165000000000041,-2.6600000000000477
1992-03-03,-0.9124999999998874,-1.0149999999998671
1992-03-04,-0.0975,-0.075
1992-03-05,-2.19250000000005,-2.6350000000000593
1992-03-06,1.1824999999999561,1.3349999999999482
1992-03-09,1.6150000000000686,1.845000000000075
1992-03-10,-1.0675000000000312,-1.0850000000000342
1992-03-11,-2.445000000000025,-2.7600000000000273
1992-03-12,-4.407499999999918,-4.919999999999911
1992-03-13,-2.7600000000000815,-3.075000000000089
1992-03-16,-0.24749999999991815,-0.2649999999998999
1992-03-17,1.9924999999998823,2.052499999999869
1992-03-18,-0.22749999999996418,-0.2524999999999602
1992-03-19,0.38000000000005,0.5650000000000627
1992-03-20,-1.5099999999999862,-1.842499999999983
1992-03-23,0.8899999999999273,0.9774999999999091
1992-03-24,1.3800000000000592,1.7925000000000737
1992-03-25,0.7499999999999682,0.8474999999999602
1992-03-26,-0.5100000000000409,-0.6825000000000511
1992-03-27,-0.36999999999995,-0.25999999999993745
1992-03-30,-1.00999999999995,-0.9699999999999374
1992-03-31,-0.6300000000000727,-0.6225000000000909
1992-04-01,1.1900000000000592,1.6125000000000738
1992-04-02,-0.21000000000008184,-0.3225000000001023
1992-04-03,2.0600000000000365,2.4700000000000455
1992-04-06,0.765,0.72
1992-04-07,-2.380000000000041,-2.287500000000051
1992-04-08,-1.629999999999959,-1.5824999999999487
1992-04-09,3.0875000000000044,3.6850000000000054
1992-04-10,-0.7224999999999545,-1.1149999999999374
1992-04-13,0.5,0.6
1992-04-14,-0.08000000000004091,-0.11000000000005627
1992-04-15,-0.1,-0.2
1992-04-16,-2.1000000000000307,-2.490000000000037
1992-04-17,0.0,0.0
1992-04-20,-2.3499999999999495,-2.9299999999999375
1992-04-21,0.27999999999996417,0.3849999999999562
1992-04-22,-1.154999999999964,-1.0599999999999563
1992-04-23,0.0024999999999539796,-0.1700000000000563
1992-04-24,0.8275000000000203,1.1850000000000251
1992-04-27,-1.0900000000000563,-1.305000000000075
1992-04-28,0.9025000000000564,1.152500000000075
1992-04-29,-0.405,-0.535
1992-04-30,-0.33499999999995395,-0.2649999999999386
1992-05-01,2.3499999999999317,2.484999999999911
1992-05-04,-0.01499999999996021,-0.9249999999999483
1992-05-05,0.009999999999948841,0.2449999999999284
1992-05-06,1.4550000000000627,1.7400000000000873
1992-05-07,-0.3950000000001126,-0.8750000000001535
1992-05-08,1.6975000000000815,2.777500000000111
1992-05-11,0.5699999999999249,1.1199999999998909
1992-05-12,1.7125000000000252,2.097500000000036
1992-05-13,1.7250000000001022,1.9000000000001365
1992-05-14,-0.19000000000006137,-0.370000000000087
1992-05-15,1.6550000000000138,2.215000000000019
1992-05-18,0.7499999999999631,0.8699999999999516
1992-05-19,2.114999999999992,3.62499999999999
1992-05-20,-1.4999999999999405,-1.6499999999999204
1992-05-21,-4.855000000000085,-5.710000000000114
1992-05-22,1.8400000000000343,2.0800000000000454
1992-05-25,0.0,0.0
1992-05-26,-2.635000000000032,-3.4600000000000386
1992-05-27,1.2850000000001434,1.100000000000174
1992-05-28,1.77499999999996,2.1999999999999518
1992-05-29,1.862500000000016,1.7700000000000193
1992-06-01,-2.4924999999999757,-2.879999999999971
1992-06-02,2.5474999999998214,2.5499999999997853
1992-06-03,0.8925000000001707,1.1600000000002046
1992-06-04,-0.5375000000001535,-0.5100000000001842
1992-06-05,0.9075000000001706,1.5900000000002046
1992-06-08,1.0174999999998635,0.5399999999998363
1992-06-09,-0.5949999999998545,-0.7499999999998364
1992-06-10,-0.3675000000001739,-0.4400000000001842
1992-06-11,0.367500000000087,0.6100000000000972
1992-06-12,1.5975000000000386,1.9700000000000433
1992-06-15,-0.9050000000000717,0.09999999999992441
1992-06-16,2.049999999999949,1.9999999999999463
1992-06-17,0.83,0.61
1992-06-18,1.4899999999999431,1.6299999999999433
1992-06-19,-1.7599999999998408,-2.069999999999841
1992-06-22,0.5000000000000228,0.6950000000000227
1992-06-23,-1.2750000000001254,-1.5300000000001253
1992-06-24,2.7074999999998566,2.8874999999998567
1992-06-25,2.5450000000000244,2.290000000000024
1992-06-26,-0.37499999999980904,-0.419999999999809
1992-06-29,0.929999999999809,1.1099999999998091
1992-06-30,-0.747499999999809,-0.5474999999998089
1992-07-01,2.0649999999999404,1.7249999999999404
1992-07-02,8.029999999999951,8.489999999999952
1992-07-03,0.0,0.0
1992-07-06,0.7699999999999432,1.6099999999999433
1992-07-07,1.8300000000002274,1.7900000000002274
1992-07-08,-1.6400000000002275,-1.4300000000002275
1992-07-09,-0.1099999999998181,-0.0899999999998181
1992-07-10,0.4000000000000228,0.44000000000002276
1992-07-13,-1.0500000000002045,-1.0000000000002047
1992-07-14,0.7100000000002047,0.7650000000002046
1992-07-15,3.274999999999966,3.299999999999966
1992-07-16,1.300000000000023,1.3250000000000228
1992-07-17,-0.9500000000000227,-0.9200000000000227
1992-07-20,0.19999999999979537,0.24999999999979536
1992-07-21,0.5200000000001024,0.5200000000001024
1992-07-22,3.0350000000000685,3.0500000000000687
1992-07-23,9.195000000000022,9.195000000000022
1992-07-24,0.14,0.14
1992-07-27,1.2300000000000182,1.2300000000000182
1992-07-28,2.1100000000000363,2.1000000000000365
1992-07-29,1.0199999999998726,1.0249999999998727
1992-07-30,-5.415000000000064,-5.370000000000064
1992-07-31,-0.21999999999987266,-0.13999999999987267
1992-08-03,-0.6799999999999443,-0.6799999999999443
1992-08-04,3.4599999999998485,3.489999999999849
1992-08-05,1.5950000000000875,1.6650000000000873
1992-08-06,0.9599999999999443,1.0399999999999443
1992-08-07,5.485000000000048,5.635000000000049
1992-08-10,2.1200000000000636,2.0400000000000635
1992-08-11,-0.6050000000001831,-0.670000000000183
1992-08-12,-0.4749999999999602,-0.4499999999999602
1992-08-13,-3.839999999999873,-3.899999999999873
1992-08-14,0.41499999999987264,0.3899999999998726
1992-08-17,-2.174999999999923,-2.2399999999999234
1992-08-18,4.824999999999899,4.899999999999898
1992-08-19,1.800000000000017,1.850000000000017
1992-08-20,-0.07499999999992324,-0.09999999999992323
1992-08-21,-4.334999999999992,-4.369999999999991
1992-08-24,-7.860000000000128,-7.900000000000128
1992-08-25,-2.329999999999791,-2.3599999999997907
1992-08-26,2.3875,2.4375
1992-08-27,3.5999999999998806,3.6849999999998806
1992-08-28,3.212500000000034,3.287500000000034
1992-08-31,0.7625000000000343,0.7625000000000343
1992-09-01,1.3499999999999148,1.3499999999999148
1992-09-02,0.5625000000000171,0.5625000000000171
1992-09-03,-0.14999999999992325,-0.14499999999992325
1992-09-04,4.699999999999949,4.719999999999949
1992-09-07,0.0,0.0
1992-09-08,1.5499999999999148,1.6249999999999147
1992-09-09,0.46250000000004254,0.38250000000004253
1992-09-10,1.5875000000000596,1.5225000000000597
1992-09-11,-2.125000000000034,-2.125000000000034
1992-09-14,1.925000000000017,1.925000000000017
1992-09-15,-3.917499999999958,-3.917499999999958
1992-09-16,-0.6849999999999574,-0.6849999999999574
1992-09-17,1.6475,1.6475
1992-09-18,0.025000000000042655,0.025000000000042655
1992-09-21,-1.0650000000000939,-1.0700000000000938
1992-09-22,-1.9050000000000362,-1.8700000000000363
1992-09-23,-1.3650000000000182,-1.3350000000000182
1992-09-24,1.5300000000001002,1.4850000000001
1992-09-25,3.1224999999998455,3.0824999999998455
1992-09-28,3.5950000000002,3.7050000000002004
1992-09-29,-1.4150000000001637,-1.4950000000001638
1992-09-30,-0.06,-0.05
1992-10-01,5.555000000000009,5.615000000000008
1992-10-02,0.625,0.725
1992-10-05,1.1300000000001638,1.1900000000001636
1992-10-06,-2.6875000000000364,-2.7075000000000364
1992-10-07,-6.612500000000045,-6.612500000000045
1992-10-08,2.31,2.415
1992-10-09,-3.0150000000000725,-2.9700000000000726
1992-10-12,-0.3699999999998363,-0.4599999999998363
1992-10-13,0.1899999999997908,0.1599999999997908
1992-10-14,-0.30999999999998185,-0.41499999999998183
1992-10-15,1.5300000000000182,1.610000000000018
1992-10-16,-0.4549999999999727,-0.3649999999999727
1992-10-19,-3.665000000000009,-3.6750000000000087
1992-10-20,-8.539999999999871,-8.599999999999872
1992-10-21,3.8799999999999275,3.9399999999999276
1992-10-22,0.5599999999999482,0.49999999999994826
1992-10-23,-2.0300000000000447,-1.9900000000000444
1992-10-26,0.6650000000001329,0.695000000000133
1992-10-27,2.594999999999889,2.574999999999889
1992-10-28,-0.4199999999999853,-0.4499999999999853
1992-10-29,-0.9049999999999385,-1.0049999999999335
1992-10-30,-2.040000000000089,-2.110000000000096
1992-11-02,-4.439999999999918,-4.7349999999999115
1992-11-03,0.14499999999992497,0.11999999999991869
1992-11-04,1.2350000000000478,1.2700000000000518
1992-11-05,1.4600000000000477,1.4800000000000517
1992-11-06,-4.315000000000055,-4.400000000000059
1992-11-09,-0.06999999999989086,-0.08999999999988177
1992-11-10,2.6999999999999313,2.799999999999926
1992-11-11,0.16499999999991816,0.2799999999999112
1992-11-12,0.9950000000000272,1.0900000000000296
1992-11-13,-3.4399999999999187,-3.4549999999999113
1992-11-16,-1.130000000000041,-1.2550000000000445
1992-11-17,-0.14000000000002039,0.03999999999997781
1992-11-18,2.6399999999999797,2.6999999999999775
1992-11-19,-1.1249999999998908,-1.0899999999998817
1992-11-20,0.8349999999999728,0.5799999999999705
1992-11-23,-3.465000000000014,-3.2250000000000147
1992-11-24,1.4700000000000273,1.5100000000000295
1992-11-25,-1.0300000000000409,-1.2200000000000444
1992-11-26,0.0,0.0
1992-11-27,-2.0849999999999316,-2.244999999999926
1992-11-30,0.22999999999989085,0.19999999999988177
1992-12-01,1.2950000000000614,1.2050000000000667
1992-12-02,0.24999999999989087,0.23999999999988178
1992-12-03,0.8300000000000136,0.8800000000000148
1992-12-04,3.6199999999999926,3.9049999999999927
1992-12-07,2.505000000000089,2.727500000000096
1992-12-08,1.2149999999999523,1.3974999999999482
1992-12-09,-1.1749999999999523,-1.2674999999999483
1992-12-10,-0.885,-0.7775
1992-12-11,-2.2350000000000274,-2.407500000000034
1992-12-14,-0.45,-0.525
1992-12-15,1.004999999999963,1.0774999999999575
1992-12-16,2.5300000000000957,2.7450000000001182
1992-12-17,0.5675000000001035,0.22250000000012732
1992-12-18,0.4299999999999841,0.3449999999999818
1992-12-21,1.257500000000016,1.5300000000000182
1992-12-22,1.6099999999998886,1.8799999999998647
1992-12-23,-1.5,-1.5
1992-12-24,-0.49999999999986355,-0.5699999999998454
1992-12-25,0.0,0.0
1992-12-28,-0.7699999999999363,-0.8399999999999282
1992-12-29,2.429999999999791,2.399999999999765
1992-12-30,1.130000000000018,1.1600000000000206
1992-12-31,-1.6399999999998092,-1.804999999999773
1993-01-01,0.0,0.0
1993-01-04,5.194999999999923,5.424999999999914
1993-01-05,-0.7150000000001546,-0.6650000000001728
1993-01-06,-1.1,-1.055
1993-01-07,-5.349999999999835,-5.559999999999817
1993-01-08,1.6600000000000408,1.8100000000000454
1993-01-11,1.684999999999949,1.7549999999999462
1993-01-12,-2.6000000000000205,-2.430000000000022
1993-01-13,2.3449999999998568,2.2349999999998484
1993-01-14,1.8400000000000205,1.8700000000000219
1993-01-15,2.1500000000002046,2.260000000000216
1993-01-18,-1.010000000000184,-0.9700000000001944
1993-01-19,-1.3,-1.06
1993-01-20,0.5150000000000203,0.45500000000002166
1993-01-21,-0.15499999999997835,0.025000000000022737
1993-01-22,3.1350000000000646,3.1950000000000687
1993-01-25,4.099999999999863,3.979999999999863
1993-01-26,-0.12499999999992041,-0.21499999999992042
1993-01-27,0.8749999999999204,0.9049999999999204
1993-01-28,3.2500000000002274,3.070000000000227
1993-01-29,2.0999999999999432,2.0999999999999432
1993-02-01,1.7249999999998407,1.6949999999998406
1993-02-02,-1.8099999999999432,-1.9149999999999432
1993-02-03,1.0999999999999164,1.0099999999999163
1993-02-04,4.6250000000001785,4.3750000000001785
1993-02-05,6.470000000000011,6.1700000000000115
1993-02-08,-2.200000000000131,-2.1550000000001313
1993-02-09,-2.954999999999818,-2.6749999999998177
1993-02-10,-4.349999999999989,-4.279999999999989
1993-02-11,2.9499999999997617,2.8799999999997614
1993-02-12,0.3,0.3
1993-02-15,0.0,0.0
1993-02-16,1.4400000000000432,1.4400000000000432
1993-02-17,3.4000000000001616,3.4000000000001616
1993-02-18,6.429999999999839,6.3699999999998385
1993-02-19,1.1,1.01
1993-02-22,2.580000000000184,2.510000000000184
1993-02-23,6.559999999999775,6.559999999999775
1993-02-24,-3.304999999999785,-3.2799999999997853
1993-02-25,0.40749999999982606,0.28749999999982606
1993-02-26,-1.4625,-1.3375
1993-03-01,-2.662500000000029,-2.2375000000000287
1993-03-02,0.07750000000017394,0.07750000000017394
1993-03-03,4.69249999999999,4.57249999999999
1993-03-04,1.9774999999998841,1.9774999999998841
1993-03-05,-2.744999999999836,-2.8349999999998357
1993-03-08,0.8099999999998454,0.7799999999998454
1993-03-09,-2.502499999999884,-2.502499999999884
1993-03-10,-1.7250000000001933,-1.7250000000001933
1993-03-11,2.0925000000000384,1.9725000000000386
1993-03-12,-4.667499999999962,-4.817499999999962
1993-03-15,-3.082500000000058,-3.0125000000000584
1993-03-16,3.325000000000145,3.4450000000001446
1993-03-17,-1.3624999999999658,-1.0124999999999658
1993-03-18,2.6050000000001448,2.675000000000145
1993-03-19,-2.130000000000034,-2.025000000000034
1993-03-22,0.9400000000000596,0.8000000000000596
1993-03-23,0.39999999999989777,0.5749999999998978
1993-03-24,-3.444999999999881,-3.1999999999998807
1993-03-25,0.01999999999992324,-0.05000000000007676
1993-03-26,-3.2800000000000087,-3.350000000000009
1993-03-29,0.1950000000000171,0.3000000000000171
1993-03-30,2.890000000000034,2.750000000000034
1993-03-31,0.009999999999923261,-0.03000000000007674
1993-04-01,-0.6199999999999233,-0.5399999999999233
1993-04-02,-4.624999999999992,-4.424999999999992
1993-04-05,2.4924999999998807,2.3724999999998806
1993-04-06,1.2199999999999573,1.3549999999999573
1993-04-07,-1.6224999999999232,-1.3524999999999232
1993-04-08,3.924999999999991,3.924999999999991
1993-04-09,0.0,0.0
1993-04-12,-0.6474999999999062,-0.28749999999990616
1993-04-13,-0.9750000000000171,-0.9750000000000171
1993-04-14,5.502499999999957,4.787499999999957
1993-04-15,-0.675,-0.475
1993-04-16,3.4475,2.8875
1993-04-19,-1.1475000000000455,-0.7875000000000455
1993-04-20,-1.799999999999918,-1.5599999999999181
1993-04-21,4.749999999999872,4.429999999999873
1993-04-22,3.0225000000001736,2.842500000000174
1993-04-23,0.03749999999989377,-0.10250000000010631
1993-04-26,-1.897500000000106,-1.857500000000106
1993-04-27,0.3350000000001834,0.015000000000183537
1993-04-28,-0.4275000000001739,-0.4275000000001739
1993-04-29,2.1925000000001447,2.2525000000001447
1993-04-30,-5.385000000000106,-5.0450000000001065
1993-05-03,2.597500000000126,2.6275000000001256
1993-05-04,2.9274999999999323,2.7774999999999324
1993-05-05,0.17000000000008697,0.17000000000008697
1993-05-06,0.47000000000003855,0.5450000000000386
1993-05-07,0.55,0.475
1993-05-10,3.8199999999997645,3.6399999999997643
1993-05-11,-1.62,-1.5
1993-05-12,-4.614999999999928,-4.359999999999928
1993-05-13,-0.8050000000000433,-0.9400000000000434
1993-05-14,0.23,0.2
1993-05-17,-1.0999999999999677,-1.2199999999999676
1993-05-18,-2.8699999999999246,-2.7799999999999248
1993-05-19,4.209999999999849,4.059999999999849
1993-05-20,-1.559999999999903,-1.4099999999999029
1993-05-21,-1.9599999999998488,-1.9599999999998488
1993-05-24,0.024999999999902798,0.009999999999902797
1993-05-25,1.5349999999998978,1.3999999999998978
1993-05-26,0.8400000000000227,0.9000000000000227
1993-05-27,1.4200000000000796,1.3000000000000795
1993-05-28,-1.5150000000001023,-1.5050000000001023
1993-05-31,0.0,0.0
1993-06-01,9.950000000000097,9.950000000000097
1993-06-02,0.8349999999998927,0.8349999999998927
1993-06-03,1.9500000000002387,1.9500000000002387
1993-06-04,-5.735000000000071,-5.630000000000072
1993-06-07,-1.5450000000001674,-1.3500000000001675
1993-06-08,0.705000000000191,0.600000000000191
1993-06-09,1.844999999999809,1.799999999999809
1993-06-10,1.9300000000000836,1.7800000000000835
1993-06-11,7.960000000000096,7.780000000000096
1993-06-14,0.7949999999998328,0.8099999999998329
1993-06-15,1.310000000000215,1.280000000000215
1993-06-16,-1.7200000000002147,-1.6000000000002146
1993-06-17,-1.52,-1.31
1993-06-18,-3.6200000000001307,-3.380000000000131
1993-06-21,0.8600000000000476,1.0100000000000475
1993-06-22,-0.68,-0.59
1993-06-23,0.0,0.0
1993-06-24,1.4299999999999404,1.4899999999999405
1993-06-25,3.2750000000002384,3.1000000000002386
1993-06-28,2.1325000000000243,2.102500000000024
1993-06-29,-0.2625000000000836,-0.1725000000000836
1993-06-30,-5.794999999999913,-5.129999999999913
1993-07-01,-8.630000000000202,-7.475000000000201
1993-07-02,-0.8875000000000873,-0.6175000000000875
1993-07-05,0.0,0.0
1993-07-06,-9.567499999999818,-8.592499999999818
1993-07-07,0.8000000000001177,0.7250000000001177
1993-07-08,5.089999999999699,4.8899999999996995
1993-07-09,2.555000000000026,2.485000000000026
1993-07-12,4.230000000000246,4.120000000000246
1993-07-13,-0.39000000000012275,-0.41000000000012277
1993-07-14,1.2600000000000544,1.3200000000000545
1993-07-15,1.525,1.475
1993-07-16,-2.594999999999872,-2.479999999999872
1993-07-19,-0.9500000000001279,-0.9250000000001278
1993-07-20,-2.7199999999999576,-2.7199999999999576
1993-07-21,-4.105000000000185,-4.105000000000185
1993-07-22,-5.544999999999958,-5.544999999999958
1993-07-23,-1.5024999999999318,-1.5024999999999318
1993-07-26,2.6949999999999084,2.6949999999999084
1993-07-27,-1.252499999999791,-1.252499999999791
1993-07-28,3.297500000000026,3.297500000000026
1993-07-29,5.792499999999752,5.792499999999752
1993-07-30,0.3125000000000915,0.3125000000000915
1993-08-02,-4.992500000000052,-4.992500000000052
1993-08-03,0.5024999999999085,0.5024999999999085
1993-08-04,-0.0075,-0.0075
1993-08-05,2.540000000000144,2.540000000000144
1993-08-06,-0.012499999999973806,-0.012499999999973806
1993-08-09,3.8699999999999344,3.8699999999999344
1993-08-10,-2.834999999999817,-2.834999999999817
1993-08-11,0.2424999999999085,0.2424999999999085
1993-08-12,1.7949999999999082,1.7949999999999082
1993-08-13,2.7249999999999344,2.7249999999999344
1993-08-16,2.820000000000118,2.820000000000118
1993-08-17,-1.6025,-1.6025
1993-08-18,1.4299999999999085,1.4299999999999085
1993-08-19,2.539999999999961,2.514999999999961
1993-08-20,1.477500000000026,1.477500000000026
1993-08-23,-1.44,-1.485
1993-08-24,4.800000000000196,4.8250000000001965
1993-08-25,1.7524999999999082,1.7624999999999083
1993-08-26,5.710000000000052,5.710000000000052
1993-08-27,-2.43,-2.475
1993-08-30,2.254999999999817,2.269999999999817
1993-08-31,1.6275,1.6875
1993-09-01,0.0,0.0
1993-09-02,3.517500000000052,3.562500000000052
1993-09-03,4.667499999999987,4.637499999999987
1993-09-06,0.0,0.0
1993-09-07,4.7825000000001445,4.7825000000001445
1993-09-08,-1.6400000000001178,-1.6400000000001178
1993-09-09,-6.274999999999869,-6.2499999999998685
1993-09-10,3.6900000000000523,3.660000000000052
1993-09-13,-2.425,-2.275
1993-09-14,-3.2600000000001876,-3.3400000000001877
1993-09-15,-0.679999999999975,-0.599999999999975
1993-09-16,0.5924999999998977,0.5824999999998977
1993-09-17,-4.067499999999818,-3.857499999999818
1993-09-20,-1.5474999999999204,-1.5274999999999204
1993-09-21,0.3550000000001819,0.2650000000001819
1993-09-22,-2.0775,-1.8825
1993-09-23,-1.7425000000001023,-1.5775000000001023
1993-09-24,0.5600000000001074,0.5600000000001074
1993-09-27,7.059999999999989,6.859999999999989
1993-09-28,2.619999999999916,2.3199999999999164
1993-09-29,-1.0600000000000478,-1.2600000000000477
1993-09-30,-4.66999999999994,-4.26999999999994
1993-10-01,4.529999999999856,4.329999999999856
1993-10-04,4.515000000000215,3.940000000000215
1993-10-05,-0.9000000000000239,-0.9500000000000238
1993-10-06,-0.5650000000000835,-0.4250000000000836
1993-10-07,-2.115,-1.855
1993-10-08,4.344999999999881,4.364999999999881
1993-10-11,-2.1149999999998093,-1.894999999999809
1993-10-12,-0.2550000000001074,-0.2750000000001074
1993-10-13,-3.4,-3.0
1993-10-14,2.5150000000000476,2.4950000000000476
1993-10-15,1.6949999999998326,1.6749999999998326
1993-10-18,-6.624999999999773,-6.284999999999773
1993-10-19,-0.675,-0.575
1993-10-20,1.4800000000000237,1.4200000000000237
1993-10-21,-3.6550000000000713,-3.7000000000000712
1993-10-22,-0.5950000000001552,-0.8950000000001552
1993-10-25,-4.489999999999856,-4.2299999999998565
1993-10-26,1.730000000000024,1.730000000000024
1993-10-27,-0.9449999999999164,-0.9249999999999163
1993-10-28,1.68,1.545
1993-10-29,-2.1400000000002146,-2.0200000000002145
1993-11-01,-5.450000000000011,-5.435000000000011
1993-11-02,-4.049999999999857,-3.8899999999998567
1993-11-03,0.61,0.57
1993-11-04,-2.6000000000001253,-2.440000000000125
1993-11-05,-3.589999999999886,-3.5499999999998866
1993-11-08,3.7400000000000686,3.6600000000000685
1993-11-09,1.280000000000023,1.2600000000000229
1993-11-10,-4.725000000000216,-3.700000000000216
1993-11-11,-0.5100000000000217,-0.9600000000000216
1993-11-12,4.470000000000238,4.370000000000237
1993-11-15,0.08999999999982719,0.08999999999982719
1993-11-16,1.6400000000000206,1.5900000000000205
1993-11-17,0.34000000000009206,0.3000000000000921
1993-11-18,-2.655000000000041,-2.605000000000041
1993-11-19,-3.400000000000061,-3.390000000000061
1993-11-22,-1.7949999999998565,-1.7849999999998565
1993-11-23,3.094999999999969,3.034999999999969
1993-11-24,-0.6050000000000921,-0.5300000000000921
1993-11-25,0.0,0.0
1993-11-26,1.9250000000001126,1.7700000000001062
1993-11-29,-0.1800000000000921,-0.17000000000008697
1993-11-30,-2.130000000000041,-1.9950000000000387
1993-12-01,1.1100000000000205,1.1850000000000194
1993-12-02,0.1875,0.375
1993-12-03,-0.6549999999999283,-0.6999999999999323
1993-12-06,3.687499999999898,3.364999999999903
1993-12-07,0.11750000000016371,0.2550000000001546
1993-12-08,0.5449999999998454,0.6099999999998544
1993-12-09,0.8224999999999324,0.7649999999999363
1993-12-10,-1.9049999999998648,-1.6899999999998727
1993-12-13,-2.0100000000001064,-2.0500000000001
1993-12-14,-1.0500000000000194,-0.8700000000000182
1993-12-15,0.06250000000015461,0.18500000000014552
1993-12-16,-0.08250000000008698,-0.08500000000008186
1993-12-17,1.4575000000000868,1.460000000000082
1993-12-20,-0.04499999999983629,0.23000000000014553
1993-12-21,-0.23000000000018417,-0.02000000000016371
1993-12-22,3.9875000000001535,3.575000000000145
1993-12-23,0.7850000000000205,0.6100000000000193
1993-12-24,0.0,0.0
1993-12-27,0.495,0.615
1993-12-28,0.40249999999990793,0.5199999999999131
1993-12-29,-0.0875,0.055
1993-12-30,-3.0200000000000613,-2.730000000000058
1993-12-31,-0.5299999999998363,-0.4699999999998454
1994-01-03,-2.8425000000000615,-2.425000000000058
1994-01-04,0.9349999999998567,0.6349999999998647
1994-01-05,0.4825,0.705
1994-01-06,2.8600000000002046,2.705000000000182
1994-01-07,6.307499999999795,5.374999999999819
1994-01-10,-1.727499999999908,-2.104999999999918
1994-01-11,2.0700000000000163,2.090000000000015
1994-01-12,-1.1849999999999679,-1.5574999999999704
1994-01-13,1.160000000000008,1.7950000000000073
1994-01-14,-0.31500000000003187,-0.017500000000029558
1994-01-17,0.13499999999987267,0.1849999999998818
1994-01-18,-0.7499999999999127,-1.0449999999999184
1994-01-19,-3.1049999999999285,-3.2249999999999335
1994-01-20,-0.09500000000003984,-0.3675000000000369
1994-01-21,2.355,2.45
1994-01-24,1.330000000000077,1.3400000000000718
1994-01-25,-1.125000000000094,-1.125000000000094
1994-01-26,-0.365,-0.375
1994-01-27,0.5800000000001,0.5250000000000937
1994-01-28,-2.430000000000045,-2.5000000000000453
1994-01-31,-1.580000000000087,-1.585000000000082
1994-02-01,-3.3499999999998837,-3.3499999999998837
1994-02-02,0.9949999999998159,0.9899999999998261
1994-02-03,-1.927499999999877,-1.719999999999884
1994-02-04,-5.647500000000011,-5.14500000000001
1994-02-07,0.4325000000000511,0.5450000000000484
1994-02-08,1.4749999999998182,1.4749999999998182
1994-02-09,4.795000000000182,4.795000000000182
1994-02-10,-0.38500000000008183,-0.37500000000007677
1994-02-11,2.340000000000094,2.340000000000094
1994-02-14,0.405,0.405
1994-02-15,-2.265,-2.265
1994-02-16,2.4299999999998634,2.419999999999873
1994-02-17,-8.13000000000005,-8.040000000000049
1994-02-18,-2.7749999999999915,-2.664999999999992
1994-02-21,0.0,0.0
1994-02-22,1.6500000000000814,1.500000000000075
1994-02-23,-2.140000000000044,-1.8100000000000407
1994-02-24,-2.4199999999999626,-2.192499999999966
1994-02-25,0.04250000000006139,0.03750000000005627
1994-02-28,0.5974999999999124,0.5674999999999204
1994-03-01,-1.52749999999995,-1.4274999999999547
1994-03-02,-0.8600000000000125,-0.7900000000000102
1994-03-03,-3.9649999999999714,-3.809999999999978
1994-03-04,-2.4549999999999743,-2.3699999999999775
1994-03-07,1.7949999999999746,1.67999999999998
1994-03-08,-3.25500000000005,-3.170000000000044
1994-03-09,-2.1499999999999275,-2.1024999999999454
1994-03-10,-2.4250000000000242,-2.0700000000000203
1994-03-11,0.78,0.6975
1994-03-14,5.495000000000017,5.390000000000015
1994-03-15,-0.9900000000000546,-1.0125000000000455
1994-03-16,1.1750000000000138,1.105000000000011
1994-03-17,0.40749999999997444,0.37749999999997447
1994-03-18,-1.6799999999999715,-1.5599999999999772
1994-03-21,-2.2424999999999913,-2.092499999999993
1994-03-22,0.10750000000002273,0.05750000000001819
1994-03-23,0.04249999999998408,0.04249999999998408
1994-03-24,-1.880000000000007,-1.710000000000005
1994-03-25,-1.7149999999999888,-1.6049999999999913
1994-03-28,1.3099999999999954,1.2949999999999966
1994-03-29,-2.27250000000001,-1.9750000000000103
1994-03-30,-1.0024999999999915,-0.7799999999999915
1994-03-31,-3.6575000000000064,-3.4250000000000043
1994-04-01,-1.7599999999999878,-1.489999999999992
1994-04-04,-0.7399999999999931,-0.5649999999999955
1994-04-05,4.384999999999988,4.314999999999988
1994-04-06,0.7350000000000148,0.7250000000000147
1994-04-07,-2.3250000000000215,-2.345000000000011
1994-04-08,-0.5299999999999784,-0.2649999999999892
1994-04-11,-1.3000000000000103,-1.2450000000000052
1994-04-12,1.799999999999993,1.529999999999993
1994-04-13,-0.22999999999999318,-0.06499999999999317
1994-04-14,-3.404999999999997,-3.0874999999999972
1994-04-15,1.259999999999996,1.119999999999996
1994-04-18,-4.477499999999998,-4.0675
1994-04-19,-0.13750000000000281,-0.1575
1994-04-20,2.0774999999999983,1.8775
1994-04-21,1.8349999999999989,1.535
1994-04-22,-2.214999999999992,-2.035
1994-04-25,1.485000000000002,1.305
1994-04-26,0.05499999999998693,0.025
1994-04-27,0.0,0.0
1994-04-28,1.4825000000000101,1.4875
1994-04-29,1.287499999999996,1.1325
1994-05-02,-1.7125000000000012,-1.5175
1994-05-03,-4.912499999999992,-4.3775
1994-05-04,0.8575,0.7675
1994-05-05,-3.1875,-2.7975
1994-05-06,0.125,0.27499999999999486
1994-05-09,-1.565,-1.2799999999999954
1994-05-10,1.4725,1.102500000000002
1994-05-11,0.0925,0.1375000000000034
1994-05-12,1.6275,1.2974999999999888
1994-05-13,-0.13,-0.15999999999998918
1994-05-16,3.4625,2.812499999999989
1994-05-17,0.6325,0.44250000000000855
1994-05-18,1.095,0.8549999999999978
1994-05-19,0.015,-0.044999999999994315
1994-05-20,0.715,0.6349999999999982
1994-05-23,3.3175,2.767500000000002
1994-05-24,-3.5625,-2.892500000000001
1994-05-25,-1.6175,-1.3075000000000052
1994-05-26,-0.9625,-0.802499999999992
1994-05-27,0.8025,0.7024999999999881
1994-05-30,0.0,0.0
1994-05-31,4.8775,3.93750000000001
1994-06-01,1.07,0.8499999999999939
1994-06-02,0.91,0.6900000000000017
1994-06-03,-3.2025,-2.6424999999999943
1994-06-06,-3.555,-2.9150000000000125
1994-06-07,0.215,0.155
1994-06-08,1.55,1.25
1994-06-09,0.20499999999999888,0.1825
1994-06-10,1.3250000000000017,1.085
1994-06-13,0.6799999999999938,0.54
1994-06-14,0.8499999999999994,0.68
1994-06-15,1.985000000000011,1.575
1994-06-16,-0.15500000000000907,-0.105
1994-06-17,1.4400000000000028,1.13
1994-06-20,-5.145000000000002,-4.155
1994-06-21,-4.404999999999993,-3.435
1994-06-22,-3.3450000000000064,-2.655
1994-06-23,-0.4250000000000028,-0.355
1994-06-24,-0.03999999999999145,-0.05
1994-06-27,-2.250000000000012,-1.875
1994-06-28,3.6000000000000014,2.74
1994-06-29,-3.3649999999999896,-2.605
1994-06-30,0.014999999999987449,-0.04
1994-07-01,-0.684999999999991,-0.525
1994-07-04,0.0,0.0
1994-07-05,-3.285000000000008,-2.62
1994-07-06,0.3,0.24
1994-07-07,-0.5549999999999897,-0.475
1994-07-08,-0.3950000000000005,-0.315
1994-07-11,-0.4750000000000063,-0.405
1994-07-12,-0.1599999999999989,-0.12
1994-07-13,0.3700000000000051,0.34
1994-07-14,0.8450000000000016,0.7
1994-07-15,-0.505,-0.47
1994-07-18,0.7649999999999972,0.6350000000000028
1994-07-19,-0.4000000000000068,-0.4749999999999931
1994-07-20,-1.0199999999999902,-0.7550000000000097
1994-07-21,-0.745000000000001,-0.6849999999999989
1994-07-22,-0.20000000000000626,-0.155
1994-07-25,0.625000000000001,0.56
1994-07-26,0.29500000000000515,0.285
1994-07-27,-0.8500000000000022,-0.79
1994-07-28,0.3499999999999972,0.3
1994-07-29,1.810000000000007,1.63
1994-08-01,-0.15000000000001024,-0.125
1994-08-02,0.17499999999999716,0.125
1994-08-03,-0.33999999999999486,-0.35
1994-08-04,-0.26999999999999597,-0.25
1994-08-05,-0.8850000000000017,-0.715
1994-08-08,0.549999999999996,0.53
1994-08-09,-0.374999999999992,-0.374999999999992
1994-08-10,0.309999999999996,0.309999999999996
1994-08-11,-0.3250000000000023,-0.3200000000000023
1994-08-12,0.11000000000000737,0.05500000000000736
1994-08-15,-0.1900000000000051,-0.1900000000000051
1994-08-16,0.9450000000000045,0.9700000000000045
1994-08-17,0.5249999999999972,0.5749999999999972
1994-08-18,-0.8999999999999995,-0.8999999999999995
1994-08-19,0.1749999999999909,0.1749999999999909
1994-08-22,-0.28499999999998804,-0.28499999999998804
1994-08-23,0.08000000000000114,0.050000000000001134
1994-08-24,0.7449999999999931,0.7899999999999932
1994-08-25,-0.5500000000000063,-0.5800000000000063
1994-08-26,0.29500000000001136,0.2550000000000114
1994-08-29,-0.15500000000000907,-0.22500000000000908
1994-08-30,0.33000000000001023,0.36000000000001026
1994-08-31,0.279999999999996,0.319999999999996
1994-09-01,0.02499999999998181,0.034999999999990906
1994-09-02,-0.095,-0.085
1994-09-05,0.0,0.0
1994-09-06,-0.4324999999999864,-0.2424999999999932
1994-09-07,-0.28250000000000225,-0.21250000000000113
1994-09-08,-0.05999999999998977,-0.10999999999999488
1994-09-09,-1.5500000000000012,-1.4450000000000005
1994-09-12,-0.06250000000000228,0.022499999999998865
1994-09-13,0.1674999999999818,0.1474999999999818
1994-09-14,0.22000000000000228,0.15000000000000227
1994-09-15,0.3350000000000045,0.25500000000000456
1994-09-16,-1.727499999999993,-1.737499999999993
1994-09-19,0.319999999999992,0.309999999999992
1994-09-20,-0.3524999999999943,-0.3474999999999943
1994-09-21,-0.3925000000000023,-0.3875000000000023
1994-09-22,0.18999999999999206,0.17999999999999206
1994-09-23,-0.10999999999999203,-0.10999999999999203
1994-09-26,0.01,0.01
1994-09-27,-0.22500000000000228,-0.3175000000000023
1994-09-28,0.34000000000000224,0.36000000000000226
1994-09-29,-0.4249999999999943,-0.4249999999999943
1994-09-30,0.05500000000000114,-0.004999999999998863
1994-10-03,-0.49500000000000227,-0.6350000000000023
1994-10-04,-0.13500000000000512,-0.13500000000000512
1994-10-05,-0.4849999999999944,-0.49999999999999434
1994-10-06,0.24499999999999492,0.375
1994-10-07,0.66,0.75
1994-10-10,0.17,0.2
1994-10-11,0.225,0.225
1994-10-12,-0.375,-0.4399999999999949
1994-10-13,0.185,0.11500000000000796
1994-10-14,-0.16,-0.3200000000000063
1994-10-17,0.105,0.18499999999999597
1994-10-18,0.22,0.3000000000000091
1994-10-19,-0.25,-0.18000000000000682
1994-10-20,-1.125,-1.1549999999999954
1994-10-21,0.14,0.17999999999999092
1994-10-24,-0.385,-0.38999999999999374
1994-10-25,0.08,0.1800000000000063
1994-10-26,-0.05,-0.0400000000000091
1994-10-27,-0.4399999999999949,-0.5299999999999949
1994-10-28,0.7949999999999927,0.8349999999999927
1994-10-31,0.085,0.095
1994-11-01,-0.23999999999999547,-0.1049999999999909
1994-11-02,-0.10499999999999374,-0.059999999999987494
1994-11-03,0.06499999999999602,0.08499999999999204
1994-11-04,-0.19500000000000287,-0.3100000000000057
1994-11-07,-0.27250000000000796,-0.23250000000000795
1994-11-08,-0.32749999999999435,-0.3374999999999914
1994-11-09,-0.5449999999999795,-0.4849999999999795
1994-11-10,-0.17250000000002386,-0.15250000000002387
1994-11-11,0.8025000000000069,0.7125000000000069
1994-11-14,0.2999999999999898,0.26999999999998975
1994-11-15,0.4300000000000273,0.3900000000000273
1994-11-16,0.42499999999998805,0.36499999999998806
1994-11-17,-0.40999999999998127,-0.34999999999998127
1994-11-18,0.3399999999999693,0.2599999999999693
1994-11-21,-0.1624999999999693,-0.12249999999996931
1994-11-22,0.8649999999999965,0.7449999999999966
1994-11-23,1.382499999999983,1.0124999999999773
1994-11-24,0.0,0.0
1994-11-25,-0.7125000000000153,-0.6225000000000154
1994-11-28,-0.032499999999974445,-0.017499999999974442
1994-11-29,0.3074999999999762,0.24749999999997616
1994-11-30,-0.1774999999999784,-0.1574999999999784
1994-12-01,0.0049999999999795364,-0.005000000000020464
1994-12-02,-1.067499999999993,-1.032499999999993
1994-12-05,-1.3399999999999874,-1.3799999999999875
1994-12-06,0.8449999999999994,0.8649999999999994
1994-12-07,-1.6050000000000046,-1.6500000000000044
1994-12-08,-0.025,-0.025
1994-12-09,-0.1025,-0.022499999999987492
1994-12-12,-0.1875,-0.23750000000001137
1994-12-13,0.9,0.9
1994-12-14,1.8224999999999993,1.8224999999999993
1994-12-15,-0.14749999999999602,-0.14749999999999602
1994-12-16,-1.0124999999999909,-1.0124999999999909
1994-12-19,0.7974999999999937,0.7974999999999937
1994-12-20,-0.8375,-0.8375
1994-12-21,-0.745000000000013,-0.695000000000013
1994-12-22,-0.17249999999998808,-0.28499999999998804
1994-12-23,-1.1650000000000051,-1.1650000000000051
1994-12-26,0.0,0.0
1994-12-27,0.18499999999999434,0.43499999999999434
1994-12-28,-0.157499999999996,-0.294999999999996
1994-12-29,0.9049999999999949,0.9049999999999949
1994-12-30,0.18000000000000282,0.18000000000000282
1995-01-02,0.0,0.0
1995-01-03,0.340000000000004,0.340000000000004
1995-01-04,-0.21000000000000282,-0.21000000000000282
1995-01-05,-1.7600000000000038,-1.7600000000000038
1995-01-06,-0.780000000000001,-0.780000000000001
1995-01-09,-0.18499999999999092,-0.18499999999999092
1995-01-10,0.4899999999999972,0.4799999999999972
1995-01-11,0.28000000000000114,0.28000000000000114
1995-01-12,-0.9449999999999961,-0.875
1995-01-13,1.739999999999997,1.63
1995-01-16,-0.01999999999999602,0.0
1995-01-17,-0.310000000000004,-0.3
1995-01-18,0.07999999999999488,0.075
1995-01-19,-0.06500000000000114,-0.05
1995-01-20,0.3550000000000068,0.41999999999999305
1995-01-23,-1.059999999999996,-0.9300000000000039
1995-01-24,-0.030000000000001133,0.030000000000001133
1995-01-25,-0.425,-0.40999999999998804
1995-01-26,-0.105,-0.21500000000001473
1995-01-27,1.03,0.7599999999999909
1995-01-30,0.015,-0.06000000000000227
1995-01-31,0.175,0.11500000000002615
1995-02-01,-0.885,-0.745000000000016
1995-02-02,-0.48,-0.42999999999998983
1995-02-03,1.265,0.8700000000000045
1995-02-06,-2.205,-1.945000000000016
1995-02-07,1.015,0.925
1995-02-08,-0.215,-0.19
1995-02-09,-0.3,-0.45
1995-02-10,-0.660000000000001,-0.56
1995-02-13,0.12500000000001135,0.12500000000001135
1995-02-14,-0.38000000000000567,-0.13500000000000564
1995-02-15,0.7125000000000024,0.6775000000000023
1995-02-16,0.6099999999999931,0.5649999999999932
1995-02-17,0.17750000000000796,0.08750000000000796
1995-02-20,0.0,0.0
1995-02-21,0.48999999999998983,0.2899999999999898
1995-02-22,0.12000000000001128,0.47000000000001135
1995-02-23,-1.014999999999992,-0.764999999999992
1995-02-24,0.9274999999999839,0.707499999999984
1995-02-27,0.819999999999999,1.1299999999999981
1995-02-28,0.6450000000000035,0.5900000000000035
1995-03-01,0.009999999999988064,0.029999999999984085
1995-03-02,-0.6899999999999932,-0.8299999999999931
1995-03-03,0.9099999999999909,0.024999999999988632
1995-03-06,-2.1599999999999677,-1.5874999999999602
1995-03-07,-1.0300000000000045,-0.8425000000000056
1995-03-08,0.23000000000000909,0.7325000000000114
1995-03-09,1.1599999999999566,1.449999999999946
1995-03-10,0.7800000000000296,0.975000000000037
1995-03-13,-0.7299999999999909,-0.02249999999998863
1995-03-14,1.6149999999999658,1.8899999999999593
1995-03-15,-0.85,-0.5375
1995-03-16,0.6099999999999829,0.5824999999999829
1995-03-17,-1.5999999999999353,-1.4699999999999354
1995-03-20,0.37749999999999195,0.02749999999999204
1995-03-21,0.6149999999999564,-0.06000000000004374
1995-03-22,-0.7075000000000159,-0.777500000000016
1995-03-23,-0.87,-0.48
1995-03-24,2.8250000000000677,3.0200000000000675
1995-03-27,-0.17250000000005564,0.3949999999999443
1995-03-28,-2.4400000000000244,-2.520000000000024
1995-03-29,1.0700000000000636,0.6400000000000636
1995-03-30,-0.7800000000000438,-0.7800000000000438
1995-03-31,-1.5049999999999444,-1.1799999999999444
1995-04-03,0.16249999999993234,0.9424999999999324
1995-04-04,0.24000000000004373,0.3700000000000438
1995-04-05,0.3399999999999363,0.2299999999999363
1995-04-06,0.9125000000000796,0.9125000000000796
1995-04-07,-0.3900000000000716,-0.3900000000000716
1995-04-10,-0.6474999999999363,-0.4674999999999363
1995-04-11,0.0475,0.2275
1995-04-12,1.6899999999999722,1.1099999999999681
1995-04-13,2.809999999999988,2.294999999999986
1995-04-14,0.0,0.0
1995-04-17,0.6924999999999683,0.28499999999996417
1995-04-18,0.815000000000041,0.705000000000046
1995-04-19,-0.5499999999999773,-0.5999999999999744
1995-04-20,0.08999999999997445,0.6099999999999743
1995-04-21,-0.06000000000004602,0.02999999999995396
1995-04-24,-0.21,0.01
1995-04-25,-1.3800000000000103,-0.9150000000000112
1995-04-26,-0.3749999999999602,-0.3949999999999562
1995-04-27,-0.004999999999960164,-0.41499999999995624
1995-04-28,-1.0450000000000625,-1.0200000000000689
1995-05-01,-2.3824999999999603,-1.4199999999999522
1995-05-02,1.0075000000000738,1.5200000000000886
1995-05-03,4.037499999999943,3.8499999999999317
1995-05-04,2.6974999999999945,3.3099999999999925
1995-05-05,6.449999999999938,6.669999999999924
1995-05-08,-1.6074999999999602,-0.9124999999999563
1995-05-09,2.160000000000031,2.160000000000031
1995-05-10,-1.9150000000000666,-1.6750000000000667
1995-05-11,-0.8849999999999283,-0.8849999999999283
1995-05-12,-0.34500000000001024,-0.34500000000001024
1995-05-15,3.2299999999999742,2.209999999999974
1995-05-16,0.04499999999997453,0.7649999999999744
1995-05-17,-0.8099999999999437,-0.1499999999999437
1995-05-18,-2.449999999999983,-2.199999999999983
1995-05-19,1.1375,0.6375
1995-05-22,-2.2374999999999603,-1.51749999999996
1995-05-23,-0.5625000000000685,0.5174999999999318
1995-05-24,3.7775000000000505,3.7375000000000504
1995-05-25,1.3224999999999687,1.2724999999999689
1995-05-26,-1.0600000000000438,-0.6600000000000438
1995-05-29,0.0,0.0
1995-05-30,4.184999999999994,3.6849999999999943
1995-05-31,0.06500000000010005,0.06500000000010005
1995-06-01,2.3799999999999457,2.5899999999999497
1995-06-02,1.8325000000000407,2.182500000000041
1995-06-05,1.1024999999998908,0.7424999999998908
1995-06-06,-0.4350000000000136,-0.5850000000000136
1995-06-07,-3.5925000000000074,-3.7675000000000076
1995-06-08,-1.8850000000000138,-1.2850000000000137
1995-06-09,-5.007499999999926,-5.287499999999926
1995-06-12,0.6725000000000136,0.6375000000000136
1995-06-13,5.95,6.14
1995-06-14,-1.11,-0.48
1995-06-15,-0.8149999999999744,-0.8849999999999772
1995-06-16,-0.17250000000009208,-0.4325000000000818
1995-06-19,0.8300000000001125,1.7650000000001
1995-06-20,-0.46999999999996417,-0.6599999999999682
1995-06-21,0.6025000000000102,0.6775000000000091
1995-06-22,2.659999999999913,2.2099999999999227
1995-06-23,-0.49249999999996413,-0.6424999999999641
1995-06-26,0.21500000000007166,-1.2249999999999284
1995-06-27,-0.4475000000000563,-1.0175000000000562
1995-06-28,0.4625000000000626,1.0475000000000563
1995-06-29,-3.537500000000057,-4.275000000000057
1995-06-30,1.0250000000000228,1.6500000000000226
1995-07-03,-0.08749999999998863,0.27250000000001134
1995-07-04,0.0,0.0
1995-07-05,0.2624999999999091,0.3824999999999091
1995-07-06,3.7125000000000967,3.6325000000000967
1995-07-07,0.5749999999999204,0.43499999999992045
1995-07-10,0.1375,0.0775
1995-07-11,-1.5624999999999716,-1.4624999999999715
1995-07-12,-0.2500000000000511,0.06999999999994884
1995-07-13,-0.31249999999986927,-0.35249999999986925
1995-07-14,-1.612500000000023,-1.6125000000000251
1995-07-17,-2.8200000000000816,-2.1800000000000814
1995-07-18,-1.260000000000025,-1.2800000000000251
1995-07-19,-3.432500000000019,-3.832500000000019
1995-07-20,0.11750000000004374,-0.0024999999999562534
1995-07-21,-2.475000000000034,-2.115000000000034
1995-07-24,1.4125000000000627,1.2525000000000626
1995-07-25,0.48750000000006255,0.6675000000000626
1995-07-26,-0.9000000000001022,-1.1375000000001023
1995-07-27,1.6100000000000665,1.5050000000000665
1995-07-28,-0.8099999999999744,-1.1099999999999746
1995-07-31,1.6799999999998927,1.1549999999998926
1995-08-01,-1.1799999999999746,-1.2424999999999746
1995-08-02,1.7399999999999847,1.5149999999999846
1995-08-03,-1.819999999999949,-2.019999999999949
1995-08-04,0.9800000000000102,0.737500000000009
1995-08-07,0.5699999999999682,0.4324999999999682
1995-08-08,-0.32,0.23
1995-08-09,-0.7199999999999773,-0.7699999999999773
1995-08-10,-0.58000000000005,-0.85500000000005
1995-08-11,-2.2399999999999225,-2.2899999999999228
1995-08-14,0.06999999999992725,0.3074999999999272
1995-08-15,0.07000000000003184,0.007500000000031832
1995-08-16,1.0999999999999863,1.044999999999988
1995-08-17,-0.6499999999999363,-0.7224999999999444
1995-08-18,0.14999999999993632,0.1999999999999363
1995-08-21,0.5700000000000518,1.2200000000000517
1995-08-22,-0.6799999999999801,-0.7924999999999801
1995-08-23,-0.1800000000000358,-0.41750000000003584
1995-08-24,1.5700000000000238,2.045000000000024
1995-08-25,1.9499999999999322,2.5874999999999324
1995-08-28,0.23000000000004375,0.6050000000000437
1995-08-29,-0.53999999999998,-0.6899999999999828
1995-08-30,0.710000000000016,0.7250000000000136
1995-08-31,0.5699999999999801,0.8699999999999829
1995-09-01,1.0699999999999878,1.0499999999999898
1995-09-04,0.0,0.0
1995-09-05,0.8299999999999443,0.6399999999999523
1995-09-06,0.24000000000000796,-0.029999999999993178
1995-09-07,-0.7699999999999444,-0.4599999999999523
1995-09-08,-0.58000000000005,-0.5675000000000437
1995-09-11,0.065,-0.0275
1995-09-12,1.3650000000000182,2.2850000000000183
1995-09-13,-0.46500000000004604,-0.2950000000000409
1995-09-14,2.365000000000123,2.405000000000123
1995-09-15,-0.7700000000000102,-0.13000000000001022
1995-09-18,-0.9850000000001022,0.7349999999998977
1995-09-19,0.6325000000000103,0.03250000000001023
1995-09-20,0.6799999999999602,0.5399999999999642
1995-09-21,-2.2124999999999826,-2.062499999999983
1995-09-22,-0.5949999999999602,-0.7149999999999602
1995-09-25,-0.14,-0.49
1995-09-26,-0.6225000000000114,-0.6475000000000114
1995-09-27,-0.12250000000005627,0.01249999999994884
1995-09-28,0.23,0.37
1995-09-29,2.625000000000094,2.875000000000094
1995-10-02,0.3224999999999562,0.37249999999995625
1995-10-03,0.8474999999999687,0.6374999999999686
1995-10-04,0.9249999999999687,0.7749999999999687
1995-10-05,0.6450000000001126,0.7050000000001125
1995-10-06,0.07249999999994373,0.17249999999994373
1995-10-09,-0.06000000000001364,0.23999999999998636
1995-10-10,0.6875000000000614,0.13750000000006193
1995-10-11,0.49499999999999905,1.094999999999999
1995-10-12,0.9874999999998971,0.707499999999905
1995-10-13,2.83250000000011,3.3725000000001106
1995-10-16,0.0999999999999282,0.3599999999999334
1995-10-17,0.014999999999944339,-0.28000000000005176
1995-10-18,-0.49250000000001526,-0.4825000000000142
1995-10-19,0.5325000000000717,0.6250000000000718
1995-10-20,-1.6200000000000323,-1.8450000000000324
1995-10-23,-1.3125000000000162,-1.3750000000000162
1995-10-24,2.11500000000011,2.32000000000011
1995-10-25,0.41249999999986486,0.47999999999986487
1995-10-26,-3.404999999999881,-3.4749999999998806
1995-10-27,0.5799999999999986,0.5699999999999986
1995-10-30,1.5149999999998642,1.5499999999998642
1995-10-31,-0.24749999999992361,-0.1999999999999236
1995-11-01,1.6550000000001095,1.8300000000001095
1995-11-02,2.569999999999958,2.569999999999958
1995-11-03,-1.8500000000001517,-1.8800000000001518
1995-11-06,0.09500000000019444,0.09500000000019444
1995-11-07,-0.9500000000000178,-0.9500000000000178
1995-11-08,0.5499999999998997,0.5499999999998997
1995-11-09,-1.4500000000000177,-1.4500000000000177
1995-11-10,-0.43499999999988015,-0.43499999999988015
1995-11-13,-0.1900000000001195,-0.1900000000001195
1995-11-14,-2.3499999999999237,-2.3499999999999237
1995-11-15,-1.0050000000000157,-1.0050000000000157
1995-11-16,3.7899999999998966,3.85999999999989
1995-11-17,1.5550000000001536,1.5750000000001638
1995-11-20,-0.2750000000000001,-0.2750000000000001
1995-11-21,-0.8800000000000165,-0.9100000000000177
1995-11-22,-0.5600000000001658,-0.5600000000001658
1995-11-23,0.0,0.0
1995-11-24,1.1300000000001658,1.1300000000001658
1995-11-27,-0.2250000000001284,-0.2250000000001284
1995-11-28,-0.37399999999999883,-0.37399999999999883
1995-11-29,4.279000000000036,4.324000000000036
1995-11-30,3.174999999999989,3.284999999999988
1995-12-01,1.7250000000001,1.7650000000001063
1995-12-04,4.045000000000054,4.045000000000054
1995-12-05,0.6549999999998992,0.6549999999998992
1995-12-06,-0.600000000000016,-0.600000000000016
1995-12-07,-1.4599999999999553,-1.4599999999999553
1995-12-08,1.21999999999998,1.21999999999998
1995-12-11,2.644999999999937,2.644999999999937
1995-12-12,0.0700000000000654,0.0700000000000654
1995-12-13,0.3300000000000618,0.3300000000000618
1995-12-14,0.30500000000000177,0.30500000000000177
1995-12-15,-0.07500000000008283,-0.07500000000008283
1995-12-18,-0.1950000000000084,-0.33500000000000907
1995-12-19,5.814999999999989,5.924999999999989
1995-12-20,-2.9000000000001256,-2.9000000000001256
1995-12-21,-1.3749999999998817,-1.3749999999998817
1995-12-22,5.934999999999911,5.934999999999911
1995-12-25,0.0,0.0
1995-12-26,1.4900000000001326,1.4900000000001326
1995-12-27,-1.5675000000001034,-1.5675000000001034
1995-12-28,-0.34499999999998415,-0.45499999999998325
1995-12-29,3.2024999999999615,3.2024999999999615
1996-01-01,0.0,0.0
1996-01-02,2.5525000000001192,2.5525000000001192
1996-01-03,1.6925000000000137,1.6925000000000137
1996-01-04,-0.0350000000000663,-0.0350000000000663
1996-01-05,-1.8625000000000296,-1.8625000000000296
1996-01-08,-3.334999999999999,-3.334999999999999
1996-01-09,1.982499999999932,1.982499999999932
1996-01-10,-6.34499999999994,-6.34499999999994
1996-01-11,-2.5399999999999707,-2.5399999999999707
1996-01-12,3.974999999999966,3.974999999999966
1996-01-15,1.9600000000000135,1.9300000000000124
1996-01-16,-3.585000000000048,-3.605000000000044
1996-01-17,2.0374999999999788,1.7774999999999805
1996-01-18,5.095000000000091,5.025000000000085
1996-01-19,2.8475000000000454,2.8675000000000415
1996-01-22,-4.00250000000004,-3.9125000000000365
1996-01-23,-1.187500000000075,-1.1475000000000686
1996-01-24,0.6275000000000139,0.5975000000000129
1996-01-25,-2.9099999999999944,-2.7999999999999954
1996-01-26,2.952500000000027,2.8925000000000245
1996-01-29,2.365000000000044,2.5100000000000406
1996-01-30,2.9250000000000242,2.865000000000022
1996-01-31,1.2549999999998716,1.1949999999998833
1996-02-01,-0.1650000000000046,-0.1650000000000046
1996-02-02,0.790000000000044,0.81000000000004
1996-02-05,-1.5800000000000078,-1.550000000000007
1996-02-06,0.5950000000000535,0.5850000000000485
1996-02-07,0.17499999999994353,0.18499999999994865
1996-02-08,0.3900000000000586,0.38000000000005346
1996-02-09,1.689999999999954,1.689999999999954
1996-02-12,1.8049999999999806,1.8049999999999806
1996-02-13,0.6175000000000248,0.5050000000000248
1996-02-14,1.347499999999989,1.6199999999999897
1996-02-15,-1.4575000000000395,-1.2400000000000402
1996-02-16,0.864000000000031,1.075000000000031
1996-02-19,0.0,0.0
1996-02-20,-5.7949999999999,-5.144999999999899
1996-02-21,1.1324999999999015,1.1199999999999015
1996-02-22,2.2000000000000792,2.2000000000000792
1996-02-23,1.0999999999999808,1.0999999999999808
1996-02-26,0.29999999999993743,0.25999999999993123
1996-02-27,-2.4699999999999562,-2.5999999999999517
1996-02-28,-2.4499999999999535,-2.7299999999999427
1996-02-29,-1.8900000000000063,-1.900000000000007
1996-03-01,0.2649999999999662,0.8999999999999613
1996-03-04,0.012500000000033288,0.330000000000038
1996-03-05,0.30249999999998656,0.29249999999998444
1996-03-06,-0.12750000000001746,-0.21750000000002084
1996-03-07,3.275999999999999,3.2459999999999987
1996-03-08,-3.6560000000000277,-5.001000000000031
1996-03-11,2.4150000000000222,2.767500000000026
1996-03-12,-1.544999999999993,-1.5949999999999902
1996-03-13,0.017500000000002503,0.15750000000000233
1996-03-14,1.650000000000011,1.7700000000000102
1996-03-15,-3.447499999999996,-3.5574999999999957
1996-03-18,2.1549999999999883,2.3949999999999836
1996-03-19,-0.9975000000000073,-0.9775000000000112
1996-03-20,1.7124999999999941,1.8124999999999885
1996-03-21,-0.18799999999998976,-0.14799999999998353
1996-03-22,0.3705000000000047,0.35050000000000875
1996-03-25,1.2225000000000048,1.2825000000000073
1996-03-26,2.6094999999999957,2.6094999999999957
1996-03-27,-0.2080000000000148,-0.28800000000002735
1996-03-28,-0.4399999999999822,-0.5599999999999725
1996-03-29,5.628000000000006,5.688000000000009
1996-04-01,2.181999999999977,2.1919999999999673
1996-04-02,0.8149999999999902,0.8649999999999873
1996-04-03,3.0150000000000223,3.005000000000032
1996-04-04,3.629999999999996,3.5699999999999936
1996-04-05,-1.172500000000002,-1.4525000000000035
1996-04-08,3.9530000000000065,3.8130000000000206
1996-04-09,0.14099999999998664,0.23099999999997584
1996-04-10,6.301500000000001,6.251500000000004
1996-04-11,-4.383999999999987,-4.566499999999979
1996-04-12,0.5599999999999868,1.2224999999999755
1996-04-15,-0.8559999999999934,-0.7559999999999935
1996-04-16,-3.9840000000000013,-3.9840000000000013
1996-04-17,1.8699999999999957,1.7574999999999956
1996-04-18,4.38,4.2675
1996-04-19,-1.210000000000001,-1.0725000000000011
1996-04-22,1.8850000000000038,1.9975000000000038
1996-04-23,-0.0800000000000023,-0.1050000000000023
1996-04-24,0.2879999999999997,0.17549999999999974
1996-04-25,1.9820000000000118,2.019500000000012
1996-04-26,-3.1300000000000003,-3.017500000000003
1996-04-29,-3.105000000000001,-3.2450000000000068
1996-04-30,2.8349999999999986,2.6150000000000055
1996-05-01,4.335,4.332500000000005
1996-05-02,-6.5550000000000015,-7.180000000000005
1996-05-03,2.9699999999999953,2.9299999999999895
1996-05-06,0.7450000000000088,0.7650000000000048
1996-05-07,-0.3060000000000051,-0.315999999999996
1996-05-08,3.366,3.405999999999992
1996-05-09,0.3600000000000004,0.3600000000000004
1996-05-10,3.5100000000000042,3.5100000000000042
1996-05-13,3.2940000000000023,3.2940000000000023
1996-05-14,0.12599999999999595,0.12599999999999595
1996-05-15,2.3039999999999945,2.3039999999999945
1996-05-16,3.1500000000000075,3.1500000000000075
1996-05-17,-1.1700000000000095,-1.1700000000000095
1996-05-20,-4.139999999999995,-4.139999999999995
1996-05-21,-1.4400000000000015,-1.4400000000000015
1996-05-22,0.6950000000000077,0.6950000000000077
1996-05-23,4.215999999999993,4.215999999999993
1996-05-24,1.3650000000000027,1.3650000000000027
1996-05-27,0.0,0.0
1996-05-28,1.7439999999999942,1.7439999999999942
1996-05-29,-4.883999999999995,-4.883999999999995
1996-05-30,-0.3799999999999993,-0.3799999999999993
1996-05-31,0.5249999999999987,0.5249999999999987
1996-06-03,-3.330000000000005,-3.330000000000005
1996-06-04,1.6200000000000079,1.6200000000000079
1996-06-05,-2.1359999999999992,-2.1359999999999992
1996-06-06,2.2859999999999987,2.2859999999999987
1996-06-07,0.269999999999994,0.269999999999994
1996-06-10,2.2499999999999987,2.2499999999999987
1996-06-11,-2.5709999999999966,-2.5709999999999966
1996-06-12,-1.0739999999999987,-1.0739999999999987
1996-06-13,-0.7050000000000047,-0.7050000000000047
1996-06-14,-0.0059999999999925425,-0.0059999999999925425
1996-06-17,0.06499999999999921,0.11499999999999636
1996-06-18,4.644999999999995,4.624999999999998
1996-06-19,-0.7349999999999931,-0.7649999999999941
1996-06-20,-0.48000000000000254,-0.49999999999999856
1996-06-21,0.7099999999999935,0.7399999999999946
1996-06-24,-1.3449999999999998,-1.3250000000000037
1996-06-25,1.9049999999999994,1.9350000000000005
1996-06-26,-1.2049999999999954,-1.1849999999999994
1996-06-27,-0.8049999999999901,-0.7249999999999919
1996-06-28,3.7149999999999936,3.8249999999999926
1996-07-01,2.3249999999999966,2.3249999999999966
1996-07-02,-1.7899999999999978,-1.839999999999995
1996-07-03,0.3100000000000025,0.34000000000000363
1996-07-04,0.0,0.0
1996-07-05,-5.560000000000008,-5.849999999999999
1996-07-08,-0.2900000000000032,-0.2900000000000032
1996-07-09,3.5750000000000104,3.6150000000000024
1996-07-10,0.42999999999998445,0.4999999999999918
1996-07-11,3.5300000000000145,3.6475000000000013
1996-07-12,4.184999999999997,4.395
1996-07-15,-2.155000000000002,-2.307499999999994
1996-07-16,-3.8799999999999906,-3.5074999999999936
1996-07-17,-2.49500000000001,-2.5674999999999977
1996-07-18,-1.266000000000008,-0.5934999999999944
1996-07-19,-0.5139999999999917,-0.9015000000000372
1996-07-22,-2.6760000000000113,-3.190999999999964
1996-07-23,1.5260000000000038,1.8809999999999876
1996-07-24,-1.8559999999999928,-2.5509999999999997
1996-07-25,-0.49000000000000843,-0.5200000000000085
1996-07-26,-0.54,-0.4799999999999846
1996-07-29,2.246000000000002,1.8359999999999954
1996-07-30,-0.31599999999999817,0.008999999999969987
1996-07-31,-0.5939999999999988,0.1410000000000149
1996-08-01,4.2750000000000075,5.7400000000000135
1996-08-02,0.23999999999999475,0.9699999999999971
1996-08-05,0.08499999999999508,-0.259999999999989
1996-08-06,0.8649999999999934,0.8049999999999627
1996-08-07,0.47250000000001435,0.3750000000000382
1996-08-08,1.913999999999991,2.0889999999999875
1996-08-09,0.867499999999987,1.2899999999999663
1996-08-12,3.7425000000000197,4.27500000000004
1996-08-13,1.5970000000000095,1.4620000000000297
1996-08-14,0.1124999999999932,0.10749999999997785
1996-08-15,0.4029999999999827,0.0929999999999639
1996-08-16,0.06700000000001786,0.32700000000004004
1996-08-19,0.5525000000000017,0.26250000000001356
1996-08-20,0.11999999999998885,-0.12000000000002649
1996-08-21,-0.5229999999999976,-0.7055000000000021
1996-08-22,0.9279999999999909,0.8954999999999703
1996-08-23,-1.5199999999999911,-2.0899999999999688
1996-08-26,0.466999999999992,0.3644999999999785
1996-08-27,1.3350000000000013,1.577500000000006
1996-08-28,-0.9569999999999893,-1.4344999999999735
1996-08-29,-1.564999999999994,-1.8224999999999825
1996-08-30,-2.9730000000000167,-3.760500000000035
1996-09-02,0.0,0.0
1996-09-03,0.833000000000003,0.9479999999999944
1996-09-04,-2.5299999999999905,-3.1449999999999787
1996-09-05,-0.5505000000000088,-0.7405000000000123
1996-09-06,2.2524999999999964,2.404999999999988
1996-09-09,0.6875000000000037,0.8150000000000082
1996-09-10,0.9000000000000117,0.9700000000000196
1996-09-11,-1.7620000000000096,-2.3820000000000197
1996-09-12,2.2024999999999944,2.7499999999999862
1996-09-13,1.1070000000000149,1.2820000000000473
1996-09-16,-2.967500000000016,-3.485000000000043
1996-09-17,-0.3420000000000013,-0.8120000000000115
1996-09-18,0.4804999999999955,0.412999999999992
1996-09-19,-1.3954999999999897,-1.6629999999999778
1996-09-20,-0.5875000000000031,-0.445000000000015
1996-09-23,0.36300000000000543,0.4380000000000361
1996-09-24,0.9094999999999949,1.1169999999999745
1996-09-25,0.47549999999999665,0.8929999999999881
1996-09-26,-0.8599999999999932,-0.9899999999999745
1996-09-27,-0.7280000000000081,-0.9980000000000233
1996-09-30,-1.736999999999998,-2.4220000000000015
1996-10-01,1.767000000000015,2.02200000000003
1996-10-02,-0.22700000000000914,-0.28700000000001485
1996-10-03,-0.3849999999999883,-0.42499999999997806
1996-10-04,0.7875000000000051,1.2050000000000063
1996-10-07,0.9449999999999741,0.9299999999999399
1996-10-08,-0.2149999999999718,0.04000000000004639
1996-10-09,-2.0999999999999925,-2.519999999999987
1996-10-10,-1.8725000000000331,-2.410000000000056
1996-10-11,-2.6949999999999745,-3.054999999999959
1996-10-14,-2.755000000000003,-2.535000000000003
1996-10-15,0.0,0.0
1996-10-16,-3.689999999999978,-3.92499999999997
1996-10-17,4.476999999999943,4.596999999999919
1996-10-18,-0.36999999999999544,-0.48999999999999316
1996-10-21,-1.3099999999999832,-1.4849999999999755
1996-10-22,-2.264999999999989,-2.3824999999999767
1996-10-23,-0.6350000000000002,-0.3850000000000002
1996-10-24,-1.2750000000000152,-1.6075000000000255
1996-10-25,-0.8999999999999952,-0.8649999999999929
1996-10-28,1.9950000000000014,2.2425000000000015
1996-10-29,-0.4450000000000218,0.462499999999968
1996-10-30,-1.960000000000002,-1.9450000000000018
1996-10-31,1.8300000000000345,1.845000000000053
1996-11-01,1.0749999999999769,0.8424999999999616
1996-11-04,1.0199999999999987,0.8774999999999986
1996-11-05,-0.1150000000000222,-0.17250000000002783
1996-11-06,0.1540000000000066,0.1615000000000066
1996-11-07,0.08000000000006104,0.36000000000009175
1996-11-08,1.1124999999999987,1.0924999999999987
1996-11-11,-0.26899999999999674,-0.28899999999999676
1996-11-12,0.8339999999999844,1.2289999999999792
1996-11-13,0.006000000000003274,0.16100000000000325
1996-11-14,1.944999999999973,2.2199999999999647
1996-11-15,-0.49250000000004457,-0.7200000000000599
1996-11-18,0.2625000000000362,0.2300000000000441
1996-11-19,0.8775000000000094,0.9100000000000119
1996-11-20,1.0975000000000592,1.5300000000000777
1996-11-21,0.9799999999999071,1.1199999999998889
1996-11-22,-0.579999999999909,-0.6599999999998908
1996-11-25,0.46999999999991315,0.5439999999998862
1996-11-26,0.920000000000054,0.8200000000000643
1996-11-27,0.05000000000000316,0.010000000000003161
1996-11-28,0.0,0.0
1996-11-29,1.4000000000000392,1.617500000000046
1996-12-02,0.43599999999994005,-0.0015000000000701674
1996-12-03,0.30400000000005956,0.39650000000006985
1996-12-04,-1.3600000000000316,-1.7300000000000364
1996-12-05,-2.747500000000059,-2.7425000000000637
1996-12-06,-2.2830000000000092,-2.3380000000000103
1996-12-09,2.6600000000000263,2.5000000000000306
1996-12-10,0.9930000000000414,0.7730000000000494
1996-12-11,-4.228000000000067,-4.258000000000073
1996-12-12,-1.2049999999999659,-1.114999999999963
1996-12-13,2.6304999999999823,2.4554999999999825
1996-12-16,-0.009999999999970442,0.01500000000002956
1996-12-17,1.5000000000000226,1.7000000000000226
1996-12-18,-1.1175000000000144,-1.1925000000000143
1996-12-19,2.1819999999999875,2.1819999999999875
1996-12-20,0.6430000000000443,0.6030000000000444
1996-12-23,0.4674999999999647,0.3449999999999596
1996-12-24,0.19499999999999512,0.3199999999999951
1996-12-25,0.0,0.0
1996-12-26,-0.1269999999999979,-0.10199999999999788
1996-12-27,0.4100000000000133,0.24000000000001437
1996-12-30,0.05749999999999841,-0.2050000000000016
1996-12-31,-3.035500000000004,-2.863000000000004
1997-01-01,0.0,0.0
1997-01-02,-0.9899999999999618,-0.9899999999999618
1997-01-03,2.7779999999999676,2.7479999999999674
1997-01-06,0.5750000000000366,0.7950000000000417
1997-01-07,0.5799999999999923,0.5799999999999923
1997-01-08,0.4650000000000244,0.34500000000002445
1997-01-09,0.8299999999999538,0.7699999999999538
1997-01-10,-0.36999999999996835,0.17000000000003165
1997-01-13,-0.0700000000000492,-0.0300000000000583
1997-01-14,2.6250000000000275,2.9850000000000274
1997-01-15,-0.1280000000000202,0.28199999999997577
1997-01-16,-0.8009999999999687,-0.7509999999999619
1997-01-17,0.8709999999999625,0.8059999999999545
1997-01-20,-0.11,-0.55
1997-01-21,2.05400000000001,1.9640000000000117
1997-01-22,0.15100000000001196,0.25100000000001593
1997-01-23,0.5599999999999795,0.5999999999999732
1997-01-24,-1.1859999999999506,-1.0659999999999388
1997-01-27,-1.4240000000000304,-1.4640000000000366
1997-01-28,1.4439999999999937,1.5939999999999912
1997-01-29,-0.8389999999999807,-1.0089999999999757
1997-01-30,0.9449999999999631,0.4949999999999631
1997-01-31,1.5500000000000544,1.4000000000000545
1997-02-03,1.1839999999999862,0.9839999999999863
1997-02-04,0.6500000000000024,1.100000000000002
1997-02-05,0.5399999999999819,0.9899999999999822
1997-02-06,0.219999999999982,-0.13000000000001802
1997-02-07,1.200000000000009,1.450000000000009
1997-02-10,1.0150000000000012,1.0150000000000012
1997-02-11,0.23400000000002724,0.3840000000000273
1997-02-12,0.7459999999999828,0.8959999999999829
1997-02-13,0.9889999999999792,0.9589999999999723
1997-02-14,1.8660000000000088,1.876000000000011
1997-02-17,0.0,0.0
1997-02-18,-0.5910000000000061,0.8939999999999939
1997-02-19,1.8400000000000156,2.0950000000000197
1997-02-20,0.5719999999999894,1.5569999999999873
1997-02-21,1.5250000000000492,1.9125000000000492
1997-02-24,-0.7270000000000084,-1.3095000000000083
1997-02-25,0.05449999999997924,0.4944999999999793
1997-02-26,-5.9199999999999955,-6.829999999999995
1997-02-27,-9.071999999999992,-8.686999999999992
1997-02-28,3.4149999999999823,3.574999999999979
1997-03-03,-0.8699999999999848,0.055000000000019166
1997-03-04,-0.2149999999999865,-0.3949999999999865
1997-03-05,-1.8299999999999954,-2.369999999999995
1997-03-06,1.404999999999975,2.274999999999975
1997-03-07,2.080000000000008,1.900000000000008
1997-03-10,1.47999999999996,1.8299999999999599
1997-03-11,-1.1299999999999581,-1.5049999999999581
1997-03-12,-1.5850000000000046,-2.285000000000004
1997-03-13,-0.44499999999998385,0.180000000000016
1997-03-14,2.2949999999999497,2.5949999999999496
1997-03-17,0.2700000000000344,0.2700000000000344
1997-03-18,0.4799999999999736,0.26999999999997365
1997-03-19,1.074999999999997,1.3449999999999969
1997-03-20,1.0149999999999915,1.1099999999999863
1997-03-21,-0.15499999999998795,-0.274999999999988
1997-03-24,1.1609999999999872,1.0834999999999873
1997-03-25,1.1200000000000079,1.355000000000008
1997-03-26,0.38150000000000345,0.38150000000000345
1997-03-27,-0.7465000000000113,-0.6415000000000113
1997-03-28,0.0,0.0
1997-03-31,-1.454999999999999,-1.6549999999999994
1997-04-01,0.07000000000001073,0.08000000000001074
1997-04-02,-1.06500000000001,-1.06500000000001
1997-04-03,-2.7044999999999924,-2.9344999999999923
1997-04-04,0.12499999999999536,0.01499999999999536
1997-04-07,3.9370000000000025,4.236999999999995
1997-04-08,0.2254999999999966,0.2254999999999966
1997-04-09,0.10200000000000396,0.07200000000000396
1997-04-10,0.4175000000000029,0.5475000000000029
1997-04-11,-1.5425000000000035,-1.7225000000000037
1997-04-14,0.19999999999999798,0.27999999999999803
1997-04-15,0.4024999999999991,-0.059999999999995224
1997-04-16,-0.9925000000000018,-1.2700000000000018
1997-04-17,1.4670000000000072,1.4120000000000072
1997-04-18,1.3429999999999895,1.3229999999999895
1997-04-21,0.04250000000000273,0.22000000000000275
1997-04-22,0.7674999999999994,0.6949999999999994
1997-04-23,0.18200000000000316,0.10200000000000316
1997-04-24,-1.578500000000007,-1.691000000000007
1997-04-25,-0.9850000000000029,-0.960000000000003
1997-04-28,-4.781499999999994,-5.083999999999994
1997-04-29,2.7975000000000025,2.4250000000000025
1997-04-30,1.1229999999999951,1.032999999999995
1997-05-01,0.800000000000005,0.8300000000000051
1997-05-02,1.2024999999999946,1.1074999999999995
1997-05-05,-0.38750000000000157,-0.5675000000000017
1997-05-06,-0.508,-0.888
1997-05-07,-1.679499999999992,-1.604499999999992
1997-05-08,1.5369999999999937,1.5219999999999938
1997-05-09,0.22749999999999787,0.5474999999999962
1997-05-12,-0.27999999999999786,-0.5199999999999967
1997-05-13,0.30800000000000044,0.27800000000000047
1997-05-14,0.2894999999999974,0.22949999999999743
1997-05-15,0.5629999999999936,0.5329999999999936
1997-05-16,0.07949999999999675,0.15949999999999678
1997-05-19,0.4855000000000118,0.4180000000000209
1997-05-20,-0.02550000000000398,-0.388000000000008
1997-05-21,0.9749999999999978,1.0499999999999967
1997-05-22,0.0350000000000023,-0.059999999999993725
1997-05-23,-0.6850000000000023,-0.9400000000000022
1997-05-26,0.0,0.0
1997-05-27,-1.2949999999999853,-1.5649999999999853
1997-05-28,-0.015000000000014233,0.17999999999998575
1997-05-29,0.45500000000001084,0.2950000000000108
1997-05-30,-0.04499999999999727,2.7284841053187848e-15
1997-06-02,0.7999999999999884,1.1399999999999884
1997-06-03,0.1100000000000082,0.2000000000000082
1997-06-04,-0.24999999999999392,-0.5499999999999939
1997-06-05,-2.1300000000000043,-1.9500000000000044
1997-06-06,0.31999999999999623,0.5199999999999957
1997-06-09,0.35599999999999077,0.06349999999997825
1997-06-10,0.47500000000000403,0.247500000000012
1997-06-11,0.6739999999999893,0.6639999999999842
1997-06-12,1.3650000000000218,1.5775000000000303
1997-06-13,0.5599999999999961,0.7149999999999932
1997-06-16,0.7609999999999868,0.38349999999998285
1997-06-17,0.8839999999999875,0.8639999999999771
1997-06-18,1.6760000000000403,1.3460000000000505
1997-06-19,-2.4050000000000225,-2.565000000000033
1997-06-20,0.2715000000000179,0.37150000000002814
1997-06-23,0.6349999999999997,0.39999999999999725
1997-06-24,0.3800000000000026,0.5300000000000027
1997-06-25,-0.6190000000000055,-1.0540000000000078
1997-06-26,-0.06849999999999036,-0.4659999999999818
1997-06-27,0.7374999999999525,0.6499999999999253
1997-06-30,0.23750000000001292,0.17000000000002147
1997-07-01,2.8634999999999957,2.9359999999999906
1997-07-02,-1.902499999999998,-1.6299999999999948
1997-07-03,2.6650000000000214,3.210000000000035
1997-07-04,0.0,0.0
1997-07-07,3.2039999999999664,3.143999999999951
1997-07-08,1.1660000000000004,1.1960000000000004
1997-07-09,0.26250000000005186,0.7900000000000724
1997-07-10,1.9939999999999989,1.773999999999999
1997-07-11,0.44849999999994417,0.695999999999935
1997-07-14,-2.2859999999999743,-1.3959999999999708
1997-07-15,-7.619999999999998,-7.019999999999998
1997-07-16,8.18100000000001,7.8960000000000115
1997-07-17,-0.10199999999999633,-0.19199999999999634
1997-07-18,-1.4699999999999804,-1.2899999999999778
1997-07-21,0.33999999999999075,-0.2050000000000116
1997-07-22,3.7249999999999974,4.277499999999995
1997-07-23,0.42500000000000737,0.48000000000000964
1997-07-24,1.2350000000000012,1.085000000000001
1997-07-25,0.21500000000001857,0.02250000000002419
1997-07-28,-0.33500000000002766,0.12999999999996434
1997-07-29,1.414999999999943,1.949999999999927
1997-07-30,0.7990000000000179,1.1490000000000227
1997-07-31,-0.35000000000002085,-0.06500000000002647
1997-08-01,-4.053999999999942,-4.633999999999935
1997-08-04,0.8599999999999527,0.6599999999999465
1997-08-05,0.5240000000000519,0.334000000000061
1997-08-06,1.2634999999999759,1.4059999999999717
1997-08-07,-1.872499999999976,-2.1499999999999715
1997-08-08,-1.4460000000000568,-1.7960000000000662
1997-08-11,0.8085000000000623,0.7660000000000725
1997-08-12,0.43799999999996925,0.6779999999999693
1997-08-13,0.7900000000000047,0.8150000000000046
1997-08-14,2.187000000000016,2.2170000000000156
1997-08-15,0.012999999999974898,-0.09700000000002511
1997-08-18,0.5269999999999815,0.5469999999999815
1997-08-19,0.3870000000000008,0.4620000000000008
1997-08-20,0.5549999999999923,0.5299999999999924
1997-08-21,-2.359999999999979,-2.359999999999979
1997-08-22,1.3899999999999864,1.3899999999999864
1997-08-25,-0.4320000000000092,-0.4320000000000092
1997-08-26,-0.46499999999996766,-0.46499999999996766
1997-08-27,1.0199999999999683,1.1049999999999682
1997-08-28,0.970000000000075,0.915000000000075
1997-08-29,-1.7100000000000393,-1.7100000000000393
1997-09-01,0.0,0.0
1997-09-02,2.024999999999986,2.1349999999999834
1997-09-03,-0.0524999999999508,-0.07249999999994171
1997-09-04,-1.3000000000000278,-1.3500000000000327
1997-09-05,-0.24749999999998173,-0.3774999999999777
1997-09-08,1.239999999999983,1.2349999999999788
1997-09-09,0.2624999999999727,0.2874999999999676
1997-09-10,0.4174999999999958,0.4474999999999946
1997-09-11,-0.5174999999999824,-0.44249999999997836
1997-09-12,1.778499999999974,1.7134999999999683
1997-09-15,0.37749999999999834,0.4074999999999983
1997-09-16,3.5725000000000104,3.52750000000001
1997-09-17,0.1225,0.1275
1997-09-18,0.530000000000047,0.520000000000047
1997-09-19,-0.36000000000000343,-0.39000000000000346
1997-09-22,2.055000000000009,2.152500000000009
1997-09-23,-2.8350000000000355,-2.9225000000000354
1997-09-24,1.0875000000000328,1.0625000000000329
1997-09-25,-1.5375000000000167,-1.5675000000000168
1997-09-26,0.5575000000000048,0.5175000000000047
1997-09-29,1.825000000000025,1.8500000000000252
1997-09-30,1.2499999999999971,1.229999999999997
1997-10-01,1.9899999999999904,1.9599999999999904
1997-10-02,0.5275000000000047,0.5475000000000048
1997-10-03,-0.3524999999999979,-0.3524999999999979
1997-10-06,1.9350000000000092,1.9950000000000117
1997-10-07,0.9674999999999363,0.9974999999999233
1997-10-08,-2.549999999999975,-2.549999999999975
1997-10-09,0.2834999999999718,0.23599999999996663
1997-10-10,-0.28749999999998493,-0.3374999999999821
1997-10-13,0.11,0.11
1997-10-14,2.6515000000000444,2.7215000000000513
1997-10-15,0.05000000000001787,0.08500000000002074
1997-10-16,-0.5600000000000008,-0.5600000000000008
1997-10-17,-1.565000000000074,-1.6450000000000866
1997-10-20,2.34450000000003,2.4045000000000347
1997-10-21,0.5980000000000021,0.688000000000002
1997-10-22,0.639499999999976,0.639499999999976
1997-10-23,-3.542499999999979,-3.542499999999979
1997-10-24,-5.122499999999993,-5.132499999999993
1997-10-27,-29.302500000000034,-29.362500000000033
1997-10-28,10.930000000000037,10.930000000000037
1997-10-29,-0.07499999999996161,-0.07499999999996161
1997-10-30,-0.08250000000001874,-0.08250000000001874
1997-10-31,0.4949999999999469,0.4949999999999469
1997-11-03,1.1130000000000169,1.1580000000000168
1997-11-04,-0.19799999999995252,-0.22299999999995254
1997-11-05,-0.2925000000000543,-0.2925000000000543
1997-11-06,0.17050000000003718,0.17050000000003718
1997-11-07,-0.2929999999999995,-0.25299999999999945
1997-11-10,-0.32249999999997647,-0.42749999999997657
1997-11-11,0.0,0.0
1997-11-12,-0.8275000000000233,-0.8275000000000233
1997-11-13,0.2724999999999753,0.2724999999999753
1997-11-14,0.2150000000000306,0.2150000000000306
1997-11-17,1.4205000000000005,1.4205000000000005
1997-11-18,-0.1100000000000633,-0.1100000000000633
1997-11-19,0.4845000000000078,0.4845000000000078
1997-11-20,-0.4019999999999687,-0.4019999999999687
1997-11-21,1.1720000000000097,1.1720000000000097
1997-11-24,-0.8720000000000091,-0.8720000000000091
1997-11-25,-0.07800000000003238,-0.07800000000003238
1997-11-26,0.5180000000000734,0.5180000000000734
1997-11-27,0.0,0.0
1997-11-28,-0.05000000000004629,-0.060000000000046225
1997-12-01,1.0759999999999994,0.9019999999999997
1997-12-02,0.5540000000000456,0.39800000000004565
1997-12-03,0.36600000000001054,0.40200000000001046
1997-12-04,-0.16000000000003983,-0.24000000000003582
1997-12-05,-1.235999999999982,-1.141999999999984
1997-12-08,-0.3139999999999728,-0.39799999999997254
1997-12-09,0.19999999999990903,0.2679999999999091
1997-12-10,0.9399999999999723,1.031999999999972
1997-12-11,0.5599999999999825,0.7199999999999825
1997-12-12,0.9100000000000734,0.8300000000000662
1997-12-15,-0.18000000000001024,-0.35000000000001014
1997-12-16,0.12000000000000081,0.09000000000000065
1997-12-17,0.5649999999999891,0.42499999999998905
1997-12-18,0.03000000000005775,0.1100000000000573
1997-12-19,-0.25099999999994443,0.11600000000005585
1997-12-22,0.3159999999999074,0.12399999999990755
1997-12-23,-0.896,-0.559
1997-12-24,0.4500000000000831,0.25500000000008266
1997-12-25,0.0,0.0
1997-12-26,0.5099999999999525,0.3099999999999529
1997-12-29,0.9060000000000374,0.4840000000000369
1997-12-30,-0.6910000000000103,-0.7340000000000102
1997-12-31,0.7549999999999276,0.7599999999999278
1998-01-01,0.0,0.0
1998-01-02,2.390000000000066,2.130000000000066
1998-01-05,3.382000000000015,3.330000000000015
1998-01-06,-0.11199999999998922,0.030000000000010595
1998-01-07,-0.8475000000000078,-0.9300000000000093
1998-01-08,0.6199999999999133,1.1099999999999024
1998-01-09,-2.777499999999941,-0.9399999999999338
1998-01-12,-1.5070000000000012,-0.9550000000000007
1998-01-13,2.3349999999999915,1.3299999999999905
1998-01-14,-0.9695000000000102,-1.0550000000000122
1998-01-15,-1.1180000000000416,-0.9350000000000517
1998-01-16,0.3080000000000233,-0.16499999999997125
1998-01-19,0.0,0.0
1998-01-20,-0.21999999999996306,-0.31499999999995937
1998-01-21,-1.3200000000000371,-0.760000000000041
1998-01-22,0.2320000000000833,0.075000000000092
1998-01-23,-2.9500000000000877,-2.9950000000000974
1998-01-26,1.5699999999999743,1.5099999999999687
1998-01-27,-1.509499999999946,-1.427499999999939
1998-01-28,-1.5679999999999994,-1.1349999999999996
1998-01-29,0.23999999999999508,0.6899999999999951
1998-01-30,1.1199999999999772,1.034999999999977
1998-02-02,0.5304999999999919,0.14249999999999072
1998-02-03,0.7470000000000718,0.610000000000082
1998-02-04,-0.210000000000062,-0.13000000000007159
1998-02-05,-0.8044999999999808,-0.8424999999999777
1998-02-06,-0.4154999999999992,-0.30749999999999944
1998-02-09,-1.312500000000044,-1.1325000000000502
1998-02-10,0.920000000000034,0.7300000000000397
1998-02-11,1.3599999999999814,1.2499999999999782
1998-02-12,-0.2524999999999359,-0.24249999999992697
1998-02-13,0.05250000000000805,0.2025000000000092
1998-02-16,0.0,0.0
1998-02-17,0.43549999999994443,0.5274999999999365
1998-02-18,-1.9705000000000104,-1.5725000000000104
1998-02-19,0.26550000000006485,0.12750000000007358
1998-02-20,-1.8275000000000103,-1.42750000000001
1998-02-23,-0.93300000000005,-0.8650000000000501
1998-02-24,-0.5894999999999933,-0.8974999999999939
1998-02-25,0.746999999999976,0.7549999999999764
1998-02-26,0.20300000000003218,0.0350000000000321
1998-02-27,1.1075000000000408,0.7375000000000358
1998-03-02,-1.0155000000000594,-1.0235000000000518
1998-03-03,-1.3125000000000182,-1.0725000000000158
1998-03-04,-0.7649999999999635,-0.3999999999999638
1998-03-05,-0.6445000000000365,-0.3990000000000311
1998-03-06,1.1350000000000153,0.8650000000000133
1998-03-09,-0.057999999999983544,0.1940000000000139
1998-03-10,0.19300000000000045,0.12100000000000025
1998-03-11,1.8500000000000052,1.1900000000000046
1998-03-12,0.9749999999999832,0.794999999999986
1998-03-13,-0.905000000000031,-0.6650000000000256
1998-03-16,0.3100000000000072,0.18000000000000593
1998-03-17,0.1200000000000553,0.010000000000045884
1998-03-18,0.3999999999999683,0.1999999999999739
1998-03-19,0.029999999999970897,-0.1400000000000247
1998-03-20,0.5830000000000295,0.30500000000002464
1998-03-23,1.0649999999999993,0.7449999999999996
1998-03-24,-0.060000000000030695,-0.09500000000002558
1998-03-25,-0.5849999999999572,-0.5699999999999648
1998-03-26,0.31299999999999334,0.054999999999994456
1998-03-27,-0.7139999999999774,-0.5109999999999809
1998-03-30,-0.13500000000000645,-0.14000000000000543
1998-03-31,1.0049999999999844,0.864999999999987
1998-04-01,1.0289999999999508,0.8969999999999593
1998-04-02,0.570000000000013,0.4800000000000109
1998-04-03,-0.07499999999998026,0.17300000000001656
1998-04-06,0.9799999999999934,0.6949999999999945
1998-04-07,0.1000000000000237,0.06800000000001977
1998-04-08,0.1950000000000191,0.10500000000001583
1998-04-09,0.649999999999967,0.38999999999997287
1998-04-10,0.0,0.0
1998-04-13,-0.9960000000000414,-0.8990000000000345
1998-04-14,1.691000000000035,1.4140000000000292
1998-04-15,-0.19500000000002132,-0.14500000000001792
1998-04-16,-0.5099999999999416,-0.4749999999999516
1998-04-17,0.5229999999999454,0.43999999999995454
1998-04-20,0.742000000000048,0.6610000000000401
1998-04-21,-0.6150000000000355,-0.5200000000000294
1998-04-22,1.43700000000003,1.153000000000025
1998-04-23,-0.7270000000000307,-0.6330000000000257
1998-04-24,-1.0050000000000237,-0.8550000000000196
1998-04-27,-1.8340000000000036,-1.8380000000000032
1998-04-28,0.8289999999999994,0.8429999999999996
1998-04-29,0.6025000000000478,0.5025000000000477
1998-04-30,1.8999999999999995,1.629999999999999
1998-05-01,0.7999999999999651,0.749999999999965
1998-05-04,0.31499999999999984,0.4649999999999998
1998-05-05,-1.512499999999966,-1.362499999999966
1998-05-06,-0.13000000000003553,-0.010000000000035515
1998-05-07,-0.5599999999999964,-0.5699999999999964
1998-05-08,1.4964999999999926,1.3264999999999925
1998-05-11,1.0650000000000264,0.7250000000000264
1998-05-12,-0.22750000000000556,-0.31750000000000556
1998-05-13,-0.4150000000000159,-0.2850000000000159
1998-05-14,-0.24749999999996816,-0.24749999999996816
1998-05-15,0.7200000000000026,0.6600000000000027
1998-05-18,-4.127499999999997,-4.117499999999997
1998-05-19,0.8269999999999781,0.7569999999999781
1998-05-20,-1.6890000000000123,-1.5130000000000121
1998-05-21,0.40900000000001424,0.34300000000001407
1998-05-22,-0.05999999999997954,-0.029999999999979536
1998-05-25,0.0,0.0
1998-05-26,-3.227500000000036,-2.7875000000000347
1998-05-27,-0.5824999999999736,-0.502499999999974
1998-05-28,0.4150000000000173,0.37500000000001715
1998-05-29,0.42499999999998256,0.38999999999998264
1998-06-01,-2.5999999999999934,-2.6749999999999936
1998-06-02,2.9899999999999944,3.1099999999999945
1998-06-03,1.6850000000000154,1.5350000000000155
1998-06-04,0.7124999999999587,0.6374999999999589
1998-06-05,0.6175000000000003,0.39750000000000013
1998-06-08,0.5140000000000001,0.3530000000000001
1998-06-09,-0.8514999999999987,-0.7054999999999989
1998-06-10,-0.907500000000012,-0.787500000000012
1998-06-11,-3.117499999999987,-2.697499999999986
1998-06-12,0.7900000000000049,0.9100000000000049
1998-06-15,0.02249999999998445,-0.15750000000001554
1998-06-16,-1.0624999999999534,-0.8074999999999534
1998-06-17,-0.6650000000000608,-0.0050000000000607085
1998-06-18,-1.4999999999999947,-1.3074999999999946
1998-06-19,-2.0700000000000207,-1.6200000000000208
1998-06-22,0.580000000000027,0.420000000000027
1998-06-23,-1.855000000000047,-1.470000000000047
1998-06-24,-1.3550000000000006,-1.0775000000000008
1998-06-25,0.2509999999999944,0.08349999999999441
1998-06-26,-0.3409999999999989,-0.5309999999999989
1998-06-29,2.481,2.0385
1998-06-30,-0.009999999999949568,0.41000000000005044
1998-07-01,1.800000000000007,1.520000000000007
1998-07-02,0.21000000000000588,0.040000000000005864
1998-07-03,0.0,0.0
1998-07-06,1.2049999999999437,1.0249999999999437
1998-07-07,-0.38499999999997614,-0.09499999999997612
1998-07-08,-0.32599999999997475,-0.20599999999997476
1998-07-09,0.575000000000006,0.38500000000000595
1998-07-10,2.0709999999999464,1.7209999999999464
1998-07-13,-0.43099999999998345,-0.3109999999999834
1998-07-14,1.7460000000000233,1.476000000000023
1998-07-15,0.57,0.44
1998-07-16,-0.09600000000006076,-0.016000000000060754
1998-07-17,-0.5729999999999997,-0.37899999999999984
1998-07-20,2.060000000000007,1.820000000000007
1998-07-21,-0.5399999999999391,-0.6299999999999392
1998-07-22,0.04199999999996896,-0.012000000000030991
1998-07-23,-0.03999999999997012,-0.02999999999997003
1998-07-24,0.6249999999999696,0.5349999999999696
1998-07-27,-0.7099999999999745,-0.7699999999999745
1998-07-28,-0.7000000000000725,-0.7500000000000622
1998-07-29,0.18799999999999323,0.18799999999999437
1998-07-30,0.060000000000035324,0.09500000000003021
1998-07-31,1.1999999999999997,0.96
1998-08-03,0.1809999999999801,0.07199999999998294
1998-08-04,-0.25499999999996564,-0.2199999999999708
1998-08-05,-0.33099999999999835,-0.3759999999999984
1998-08-06,1.0259999999999634,0.9759999999999686
1998-08-07,-2.080999999999957,-2.020999999999963
1998-08-10,-1.7850000000000337,-1.5550000000000288
1998-08-11,-1.4850000000000005,-1.5450000000000004
1998-08-12,0.001000000000063119,-0.228999999999946
1998-08-13,2.908999999999955,2.482999999999961
1998-08-14,-0.602999999999954,-0.6429999999999603
1998-08-17,-1.577000000000004,-1.3080000000000034
1998-08-18,0.5769999999999944,0.5279999999999951
1998-08-19,-0.37500000000006684,-0.33000000000005714
1998-08-20,-2.3529999999999687,-2.4879999999999733
1998-08-21,-2.564500000000036,-2.7545000000000313
1998-08-24,0.2650000000000288,0.28500000000002484
1998-08-25,1.9750000000000447,1.7350000000000387
1998-08-26,1.0499999999999463,0.6149999999999535
1998-08-27,0.5225000000000498,0.6035000000000423
1998-08-28,2.7714999999999765,2.3564999999999805
1998-08-31,1.9674999999999796,1.7374999999999825
1998-09-01,-1.5214999999999361,-1.3139999999999452
1998-09-02,-0.7900000000000656,-0.790000000000056
1998-09-03,-2.5150000000000143,-1.905000000000015
1998-09-04,-0.0699999999999276,0.020000000000072213
1998-09-07,0.0,0.0
1998-09-08,-2.6400000000000183,-2.340000000000018
1998-09-09,2.860000000000026,2.7250000000000263
1998-09-10,2.1749999999999754,2.134999999999978
1998-09-11,-0.07000000000008841,-0.2800000000000884
1998-09-14,0.08750000000000113,0.09750000000000114
1998-09-15,-0.30499999999997757,-0.2774999999999776
1998-09-16,1.8130000000000313,1.574500000000031
1998-09-17,1.0730000000000095,1.2155000000000096
1998-09-18,2.3699999999999632,2.579999999999963
1998-09-21,0.16699999999996967,0.16949999999996454
1998-09-22,-1.1669999999999405,-1.3294999999999406
1998-09-23,1.6519999999999482,1.8944999999999403
1998-09-24,-0.9769999999999758,-0.7244999999999723
1998-09-25,-0.324999999999995,-0.237499999999995
1998-09-28,-1.642999999999969,-1.642999999999969
1998-09-29,0.945499999999924,0.945499999999924
1998-09-30,3.574500000000041,3.574500000000041
1998-10-01,3.248000000000031,3.248000000000031
1998-10-02,-0.1025000000000519,-0.1025000000000519
1998-10-05,-0.784999999999944,-0.784999999999944
1998-10-06,-1.2780000000000662,-1.2780000000000662
1998-10-07,-5.9394999999999785,-5.9394999999999785
1998-10-08,-4.340499999999915,-4.340499999999915
1998-10-09,-5.84700000000008,-5.5070000000000805
1998-10-12,0.81,0.69
1998-10-13,-3.729999999999971,-3.064999999999965
1998-10-14,1.9069999999999578,2.056999999999949
1998-10-15,0.6580000000000102,0.6730000000000126
1998-10-16,2.995500000000015,3.2870000000000177
1998-10-19,1.3545000000000011,1.1330000000000007
1998-10-20,0.5904999999999673,0.23699999999996774
1998-10-21,0.10999999999999235,0.02499999999999236
1998-10-22,-0.47299999999995745,-0.44299999999995743
1998-10-23,-0.4970000000000411,-0.8270000000000411
1998-10-26,-0.504999999999934,-0.4099999999999342
1998-10-27,0.5749999999999765,0.974999999999976
1998-10-28,0.1409999999999845,0.2819999999999848
1998-10-29,0.11649999999999518,0.37799999999999495
1998-10-30,1.1035000000000306,0.32200000000003054
1998-11-02,0.45749999999997853,-0.10500000000002166
1998-11-03,0.776499999999978,0.6229999999999786
1998-11-04,-0.4174999999999929,-0.8399999999999932
1998-11-05,-0.1289999999999735,-0.08899999999997349
1998-11-06,-0.42999999999997673,-0.7549999999999767
1998-11-09,0.17749999999994237,0.50899999999993
1998-11-10,-2.092499999999976,-1.5489999999999704
1998-11-11,-0.649999999999977,-0.5649999999999725
1998-11-12,1.0674999999999566,1.1039999999999484
1998-11-13,1.4250000000000338,0.9700000000000405
1998-11-16,0.33250000000001817,0.23500000000002155
1998-11-17,0.3949999999999515,0.25999999999994183
1998-11-18,-0.5790000000000167,-0.3950000000000203
1998-11-19,0.37000000000004474,0.19500000000006304
1998-11-20,1.353999999999958,1.3199999999999406
1998-11-23,0.9175000000000267,0.7550000000000368
1998-11-24,-0.30050000000003413,-0.34900000000003983
1998-11-25,0.09550000000004702,-0.01099999999994493
1998-11-26,0.0,0.0
1998-11-27,-0.7179999999999652,-0.5379999999999537
1998-11-30,-0.8350000000000207,-0.37500000000002764
1998-12-01,1.4654999999999778,1.6079999999999712
1998-12-02,1.7704999999999878,2.016999999999983
1998-12-03,0.43500000000003763,0.45000000000005014
1998-12-04,-0.4404999999999896,-0.8219999999999862
1998-12-07,0.5479999999999823,0.19799999999997997
1998-12-08,2.7494999999999523,2.876999999999946
1998-12-09,0.9014999999999811,1.0929999999999782
1998-12-10,1.186000000000039,1.182000000000045
1998-12-11,-0.5810000000000196,-0.8560000000000223
1998-12-14,0.6950000000000065,0.7200000000000076
1998-12-15,0.4550000000000269,0.18000000000003022
1998-12-16,2.9949999999999743,3.1799999999999713
1998-12-17,0.18500000000006547,0.12000000000008368
1998-12-18,1.6099999999999548,1.4549999999999492
1998-12-21,-0.1650000000000148,-0.42500000000001653
1998-12-22,-0.16000000000001366,-0.4350000000000154
1998-12-23,-1.7164999999999877,-2.058999999999986
1998-12-24,-1.534999999999935,-1.7099999999999274
1998-12-25,0.0,0.0
1998-12-28,3.1174999999999353,3.3199999999999275
1998-12-29,0.5924999999999767,0.789999999999974
1998-12-30,2.9955000000000966,3.078000000000109
1998-12-31,1.0274999999999204,1.0099999999999107
1999-01-01,0.0,0.0
1999-01-04,2.235000000000009,1.9800000000000104
1999-01-05,0.0704999999999638,-0.1630000000000413
1999-01-06,-3.802499999999936,-3.8349999999999276
1999-01-07,0.662499999999983,0.4649999999999807
1999-01-08,-2.8500000000000454,-3.060000000000052
1999-01-11,-2.474999999999908,-2.7049999999998953
1999-01-12,-3.5555000000000208,-3.875500000000021
1999-01-13,-10.077500000000018,-9.297500000000019
1999-01-14,-1.6775000000000466,-1.4925000000000401
1999-01-15,7.047500000000049,5.817500000000049
1999-01-18,0.0,0.0
1999-01-19,1.7164999999999657,1.4154999999999658
1999-01-20,-1.2164999999999764,-1.1204999999999765
1999-01-21,0.01500000000001428,0.04500000000001419
1999-01-22,0.20649999999995589,0.2654999999999558
1999-01-25,-0.5999999999999529,-0.5099999999999527
1999-01-26,0.5159999999999695,0.3219999999999693
1999-01-27,0.2900000000000042,0.35000000000000403
1999-01-28,0.2590000000000335,0.16300000000003365
1999-01-29,1.3774999999999757,1.2274999999999758
1999-02-01,-1.1425000000000127,-1.252500000000013
1999-02-02,-1.0665000000000138,-1.1105000000000138
1999-02-03,0.3950000000000176,0.41500000000001747
1999-02-04,-0.5609999999999874,-0.6219999999999871
1999-02-05,-0.8150000000000366,-0.8350000000000368
1999-02-08,-0.4574999999999744,-0.4574999999999744
1999-02-09,0.5550000000000022,0.6350000000000023
1999-02-10,-1.4150000000000005,-1.6765000000000005
1999-02-11,1.9049999999999703,1.849999999999976
1999-02-12,0.9400000000000182,0.4040000000000182
1999-02-15,0.0,0.0
1999-02-16,1.5000000000000009,1.2900000000000011
1999-02-17,0.5790000000000068,0.5010000000000068
1999-02-18,-1.6499999999999897,-1.5199999999999898
1999-02-19,0.17999999999999627,0.22999999999999757
1999-02-22,1.024999999999984,0.934999999999984
1999-02-23,-0.6879999999999947,-0.5549999999999972
1999-02-24,3.245000000000013,3.1250000000000067
1999-02-25,0.34999999999997916,0.49499999999998945
1999-02-26,2.275,1.9
1999-03-01,-0.8174999999999987,-0.6799999999999995
1999-03-02,-3.623,-3.2410000000000054
1999-03-03,0.799999999999999,0.7799999999999953
1999-03-04,-0.107,-0.23899999999998908
1999-03-05,0.5349999999999885,0.2949999999999764
1999-03-08,-1.916499999999996,-2.203499999999992
1999-03-09,0.25000000000000583,0.16500000000001214
1999-03-10,-0.009999999999999818,-0.10999999999999982
1999-03-11,-0.010000000000000774,-0.09000000000000086
1999-03-12,2.396499999999986,1.9844999999999862
1999-03-15,0.723499999999999,0.6404999999999985
1999-03-16,-2.657499999999992,-2.327499999999989
1999-03-17,-0.36500000000000804,-0.28800000000001114
1999-03-18,0.21749999999999767,0.1214999999999966
1999-03-19,-2.1574999999999958,-1.7674999999999936
1999-03-22,-1.5150000000000083,-1.2500000000000115
1999-03-23,2.9399999999999906,2.6899999999999857
1999-03-24,0.17600000000001664,0.09000000000002521
1999-03-25,0.5674999999999829,0.6024999999999744
1999-03-26,0.5640000000000014,0.5750000000000021
1999-03-29,2.483500000000006,2.538500000000009
1999-03-30,-0.49499999999998673,-0.58499999999998
1999-03-31,4.732499999999994,4.3074999999999894
1999-04-01,1.5865000000000038,1.4315000000000053
1999-04-02,-0.44250000000000683,-0.5325000000000103
1999-04-05,2.981000000000009,2.816000000000014
1999-04-06,-0.1975000000000055,-0.47250000000000836
1999-04-07,0.5225,0.6625
1999-04-08,-0.47849999999998855,-0.6584999999999829
1999-04-09,-1.9875000000000187,-1.8575000000000277
1999-04-12,3.2520000000000016,2.8920000000000012
1999-04-13,-0.8920000000000031,-0.9120000000000058
1999-04-14,-0.8604999999999897,-0.6779999999999794
1999-04-15,-1.2475000000000078,-1.070000000000016
1999-04-16,2.5230000000000024,2.293000000000004
1999-04-19,1.8044999999997582,2.0369999999997557
1999-04-20,-2.4619999999999957,-2.201999999999992
1999-04-21,1.9519999999999955,1.8569999999999909
1999-04-22,3.3100000000000076,3.0600000000000147
1999-04-23,0.20499999999999036,0.27499999999998126
1999-04-26,2.70500000000001,2.275000000000019
1999-04-27,1.214999999999999,0.9999999999999986
1999-04-28,0.8880000000000012,0.9630000000000025
1999-04-29,0.9319999999999974,0.7519999999999952
1999-04-30,0.404999999999996,0.5199999999999919
1999-05-03,0.3169999999999953,0.4269999999999907
1999-05-04,-2.1519999999999944,-1.931999999999988
1999-05-05,0.837000000000004,0.6820000000000074
1999-05-06,-0.8569999999999971,-0.8719999999999944
1999-05-07,1.7499999999999876,1.749999999999975
1999-05-10,-0.004999999999991837,0.1350000000000167
1999-05-11,-0.250000000000007,-0.1500000000000144
1999-05-12,-0.9649999999999903,-0.8999999999999807
1999-05-13,0.25,0.1700000000000006
1999-05-14,-0.490000000000011,-0.3800000000000224
1999-05-17,-0.4649999999999985,-0.36499999999999744
1999-05-18,2.0420000000000016,1.9670000000000025
1999-05-19,0.4850000000000076,0.37000000000001604
1999-05-20,0.5699999999999912,0.5799999999999821
1999-05-21,-2.1209999999999907,-2.1759999999999815
1999-05-24,3.3259999999999987,2.965999999999999
1999-05-25,-8.329999999999739,-8.179999999999739
1999-05-26,-0.21999999999999773,-0.1899999999999966
1999-05-27,-3.374999999999991,-3.184999999999986
1999-05-28,-0.06399999999998786,0.09600000000001839
1999-05-31,0.0,0.0
1999-06-01,1.2974999999999883,0.9199999999999884
1999-06-02,1.3999999999999877,1.2699999999999878
1999-06-03,-2.8124999999999982,-2.589999999999998
1999-06-04,3.9899999999997804,3.6599999999998007
1999-06-07,1.9814999999999956,1.7674999999999956
1999-06-08,-1.580000000000018,-1.2800000000000182
1999-06-09,0.7425000000000456,0.7375000000000568
1999-06-10,0.7574999999999918,0.7324999999999918
1999-06-11,2.7799999999999767,2.5799999999999765
1999-06-14,-0.16999999999997706,-0.16499999999997705
1999-06-15,3.3199999999999745,2.959999999999974
1999-06-16,1.4350000000000454,1.2850000000000454
1999-06-17,0.44999999999995977,0.2599999999999598
1999-06-18,-1.4549999999999947,-1.3924999999999947
1999-06-21,1.5950000000000342,1.2810000000000275
1999-06-22,2.7749999999999635,2.454999999999971
1999-06-23,-0.8799999999999855,-1.0724999999999885
1999-06-24,1.3500000000000085,0.9525000000000069
1999-06-25,-1.6049999999999802,-1.552499999999984
1999-06-28,2.142500000000009,2.3462500000000075
1999-06-29,-1.0175000000000054,-0.7737500000000043
1999-06-30,-0.6200000000000316,-0.0025000000000253747
1999-07-01,4.825000000000004,4.205000000000003
1999-07-02,4.475000000000013,4.065000000000011
1999-07-05,0.0,0.0
1999-07-06,4.4599999999999635,3.939999999999971
1999-07-07,0.8850000000000313,0.815000000000025
1999-07-08,2.4937499999999635,2.278749999999971
1999-07-09,0.8849999999999997,0.7049999999999997
1999-07-12,-2.910249999999958,-2.8952499999999577
1999-07-13,1.3924999999999996,1.3824999999999996
1999-07-14,-0.4612500000000129,-0.44000000000001294
1999-07-15,-2.223749999999982,-2.114999999999987
1999-07-16,3.7789999999999546,3.8239999999999665
1999-07-19,-1.3650000000000042,-1.220000000000003
1999-07-20,-3.45875,-3.415
1999-07-21,-3.8689999999999802,-3.9039999999999857
1999-07-22,0.3862499999999871,-0.08000000000000945
1999-07-23,-4.207499999999986,-4.27499999999999
1999-07-26,3.6850000000000205,3.470000000000014
1999-07-27,3.9939999999999927,3.7339999999999947
1999-07-28,0.8399999999999965,0.8399999999999977
1999-07-29,-2.6730000000000156,-2.70300000000001
1999-07-30,-0.41700000000000964,-0.3870000000000062
1999-08-02,-4.5449999999999955,-4.349999999999996
1999-08-03,-1.6049999999999804,-1.5749999999999873
1999-08-04,-1.9929999999999957,-1.9229999999999974
1999-08-05,-0.8220000000000135,-0.8420000000000084
1999-08-06,0.49300000000001165,0.5030000000000117
1999-08-09,1.2099999999999786,1.1049999999999838
1999-08-10,-2.040000000000009,-2.010000000000007
1999-08-11,6.622000000000009,6.577000000000007
1999-08-12,2.530000000000031,2.530000000000031
1999-08-13,0.11499999999994434,0.2799999999999557
1999-08-16,-0.5599999999999902,-0.46999999999999253
1999-08-17,-0.9087500000000011,-0.665000000000001
1999-08-18,-0.30249999999997934,-0.28999999999997933
1999-08-19,1.3157500000000075,1.1870000000000052
1999-08-20,0.6312500000000076,0.6300000000000059
1999-08-23,0.8567499999999812,0.8329999999999858
1999-08-24,1.6007500000000197,1.9120000000000155
1999-08-25,-1.3920000000000015,-0.9770000000000011
1999-08-26,0.3919999999999997,0.3169999999999997
1999-08-27,-0.1119999999999979,-0.1219999999999979
1999-08-30,0.011999999999989722,0.041999999999989726
1999-08-31,0.737999999999994,0.7079999999999955
1999-09-01,-0.1749999999999899,-0.1337499999999899
1999-09-02,-0.3300000000000049,-0.41750000000000487
1999-09-03,0.574249999999986,0.5842499999999861
1999-09-06,0.0,0.0
1999-09-07,-1.240499999999987,-1.240499999999987
1999-09-08,1.4654999999999876,1.4654999999999876
1999-09-09,0.8370000000000182,0.8370000000000182
1999-09-10,2.0374999999999845,2.0374999999999845
1999-09-13,0.3950000000000056,0.36000000000000565
1999-09-14,0.26249999999999435,0.26249999999999435
1999-09-15,1.966000000000009,1.966000000000009
1999-09-16,-2.7010000000000014,-2.7010000000000014
1999-09-17,2.1799999999999886,2.1799999999999886
1999-09-20,2.2724999999999884,2.2724999999999884
1999-09-21,-0.37249999999999567,-0.43874999999999564
1999-09-22,1.1249999999999973,1.1724999999999974
1999-09-23,0.8600000000000143,1.1250000000000144
1999-09-24,-1.1624999999999974,-0.9287499999999974
1999-09-27,-1.067500000000004,-1.3262500000000017
1999-09-28,-2.4725000000000095,-2.6762500000000093
1999-09-29,0.247500000000001,0.016250000000001
1999-09-30,3.3124999999999987,3.6162499999999986
1999-10-01,-0.41499999999999665,-0.6899999999999966
1999-10-04,-2.1024999999999974,-1.958749999999997
1999-10-05,1.6050000000000044,1.3425000000000045
1999-10-06,-0.6900000000000006,-0.7150000000000006
1999-10-07,1.5599999999999936,1.5474999999999937
1999-10-08,2.957500000000006,2.988750000000006
1999-10-11,-0.135,-0.135
1999-10-12,-1.5200000000000047,-1.6075000000000046
1999-10-13,-3.1575000000000037,-3.3137500000000037
1999-10-14,-2.740000000000002,-2.852500000000002
1999-10-15,-1.3515000000000006,-1.1202500000000006
1999-10-18,-1.4075000000000004,-1.4887500000000005
1999-10-19,3.1400000000000023,3.0400000000000023
1999-10-20,0.7250000000000056,0.6875000000000056
1999-10-21,0.188000000000005,0.167000000000005
1999-10-22,1.3874999999999995,1.2662499999999994
1999-10-25,-1.8450000000000004,-1.8300000000000005
1999-10-26,-0.2000000000000025,-0.23500000000000265
1999-10-27,1.032499999999993,1.1462499999999862
1999-10-28,0.9025000000000019,1.0587500000000019
1999-10-29,2.5450000000000044,2.727500000000004
1999-11-01,-0.3874999999999999,-0.4637499999999997
1999-11-02,1.2244999999999995,1.2217499999999994
1999-11-03,2.047999999999996,2.097999999999996
1999-11-04,0.9500000000000044,1.165000000000002
1999-11-05,-0.8729999999999871,-0.6629999999999935
1999-11-08,2.5379999999999856,2.487999999999986
1999-11-09,0.03250000000000216,-0.013749999999998408
1999-11-10,3.5045000000000064,3.39575
1999-11-11,0.525,0.525
1999-11-12,1.517999999999999,1.6929999999999987
1999-11-15,-0.8154999999999969,-0.8342499999999967
1999-11-16,-0.382000000000001,-0.457000000000001
1999-11-17,2.404500000000001,2.404500000000001
1999-11-18,-0.11950000000000162,-0.14450000000000732
1999-11-19,0.56575,0.5557499999999949
1999-11-22,-2.1174999999999993,-2.1674999999999964
1999-11-23,-0.05075000000000319,-0.04574999999999352
1999-11-24,1.7450000000000012,1.734999999999996
1999-11-25,0.0,0.0
1999-11-26,-1.3827499999999975,-1.4127499999999986
1999-11-29,-0.7612500000000013,-0.8462499999999951
1999-11-30,1.225,1.2499999999999913
1999-12-01,-3.51725,-3.5422499999999912
1999-12-02,-1.4493750000000012,-1.4493750000000012
1999-12-03,4.942500000000002,4.942500000000002
1999-12-06,-2.701874999999999,-2.701874999999999
1999-12-07,1.924375,1.924375
1999-12-08,1.5832500000000005,1.5832500000000005
1999-12-09,3.588,3.588
1999-12-10,0.7526249999999969,0.7526249999999969
1999-12-13,1.54125,1.54125
1999-12-14,-2.5362499999999963,-2.5362499999999963
1999-12-15,1.4226249999999994,1.4226249999999994
1999-12-16,-1.1925000000000008,-1.1925000000000008
1999-12-17,-0.519500000000001,-0.519500000000001
1999-12-20,-1.7587499999999978,-1.7587499999999978
1999-12-21,1.0331249999999983,1.0331249999999983
1999-12-22,-1.7562500000000014,-1.7562500000000014
1999-12-23,-1.8246249999997195,-1.8246249999997195
1999-12-24,0.0,0.0
1999-12-27,-4.618500000000286,-4.656000000000286
1999-12-28,2.006250000000001,2.0875000000000012
1999-12-29,0.16750000000000223,0.10500000000000223
1999-12-30,-0.5765000000000066,-0.5865000000000117
1999-12-31,0.6250000000002952,0.6250000000002952
2000-01-03,4.048999999999716,4.048999999999716
2000-01-04,-5.248749999999985,-5.248749999999985
2000-01-05,0.4322499999999791,0.4322499999999791
2000-01-06,-1.4854999999999856,-1.4854999999999856
2000-01-07,-0.47700000000000276,-0.47700000000000276
2000-01-10,0.5462499999999945,0.5462499999999945
2000-01-11,-0.9299999999997717,-0.9299999999997717
2000-01-12,-7.620500000000215,-7.440500000000205
2000-01-13,-0.6557500000000185,-0.6607500000000264
2000-01-14,1.0720000000000207,1.0120000000000207
2000-01-17,0.0,0.0
2000-01-18,0.4375000000000087,0.5125000000000087
2000-01-19,-0.9782499999997905,-0.8032499999997904
2000-01-20,-0.2449999999999713,-0.2849999999999713
2000-01-21,-2.0955000000002397,-1.92050000000024
2000-01-24,-2.920750000000034,-2.359500000000034
2000-01-25,-0.5212499999999599,-0.4612499999999599
2000-01-26,3.145124999999966,2.665124999999966
2000-01-27,-1.9944999999997504,-1.6094999999997504
2000-01-28,0.3218749999997652,0.12187499999976516
2000-01-31,1.6882500000000156,1.2082500000000156
2000-02-01,-0.9150000000000084,-0.6650000000000083
2000-02-02,1.5751249999999708,1.525124999999971
2000-02-03,3.4442499999999905,3.3142499999999924
2000-02-04,0.5837500000000281,0.8087500000000281
2000-02-07,-0.26812499999996814,-0.34624999999996814
2000-02-08,0.6643749999999919,0.7737499999999919
2000-02-09,-0.23937499999999318,-0.39874999999999317
2000-02-10,-1.1181250000000504,-1.0462500000000505
2000-02-11,1.59625000000005,1.3525000000000498
2000-02-14,-0.1975000000000501,0.029999999999941976
2000-02-15,1.3468750000000156,1.353750000000018
2000-02-16,-0.22250000000002046,-0.10000000000002388
2000-02-17,0.6485000000002548,0.4810000000002508
2000-02-18,0.4143750000000168,0.4837500000000191
2000-02-21,0.0,0.0
2000-02-22,-2.4525000000002755,-2.2450000000002714
2000-02-23,4.338124999999959,3.686249999999952
2000-02-24,-0.906249999999964,-0.8812499999999583
2000-02-25,1.7250000000000458,1.4100000000000539
2000-02-28,0.12999999999996162,0.1549999999999616
2000-02-29,-1.3675000000000312,-0.9425000000000311
2000-03-01,1.1724999999999988,1.0174999999999974
2000-03-02,1.3262500000000013,1.3512500000000012
2000-03-03,-0.7537499999999829,-0.6137499999999795
2000-03-06,-0.8602499999999699,-0.5552499999999629
2000-03-07,3.968749999999974,3.5687499999999677
2000-03-08,-0.33099999999970336,-0.2259999999997079
2000-03-09,-1.3340000000003276,-1.1640000000003288
2000-03-10,-0.8712499999999618,-0.8262499999999544
2000-03-13,-4.0209999999999795,-3.665999999999974
2000-03-14,-2.1825000000000254,-1.5925000000000304
2000-03-15,1.3052500000002918,1.0952500000002867
2000-03-16,0.6997500000000634,0.5797500000000758
2000-03-17,-1.2066250000003285,-0.9747500000003309
2000-03-20,1.7366250000002936,1.3966250000002896
2000-03-21,2.1343750000000505,1.9043750000000597
2000-03-22,1.1449999999996758,1.2949999999996764
2000-03-23,2.6283750000003185,2.3733750000003173
2000-03-24,-0.4815000000000109,-0.3115000000000139
2000-03-27,0.8024999999999869,0.7618749999999861
2000-03-28,1.3314999999999897,0.9358749999999858
2000-03-29,-1.824000000000007,-1.7877500000000066
2000-03-30,-1.9984999999999593,-2.164124999999953
2000-03-31,1.3784999999999614,1.4234999999999547
2000-04-03,-1.0399999999999674,-1.2099999999999524
2000-04-04,-1.9960000000000258,-2.221000000000031
2000-04-05,-0.3039999999999724,-0.26399999999996615
2000-04-06,1.7599999999999871,1.459999999999987
2000-04-07,2.2300000000000066,2.3050000000000055
2000-04-10,1.0599999999999845,0.9249999999999844
2000-04-11,-1.710000000000005,-1.9050000000000051
2000-04-12,-2.382500000000286,-2.232500000000286
2000-04-13,-1.2950000000000155,-1.1750000000000154
2000-04-14,-2.559999999999693,-2.6599999999996853
2000-04-17,1.2399999999999975,1.1699999999999946
2000-04-18,2.581500000000001,2.596500000000001
2000-04-19,-1.1275000000002775,-0.9175000000002775
2000-04-20,1.0900000000000034,1.0450000000000035
2000-04-21,0.0,0.0
2000-04-24,-1.4539999999997224,-1.3939999999997226
2000-04-25,-1.0550000000000017,-0.8150000000000016
2000-04-26,1.146499999999992,0.906499999999992
2000-04-27,-0.18499999999999092,-0.3849999999999909
2000-04-28,1.9774999999999978,1.817499999999998
2000-05-01,-1.4125000000002752,-0.6168750000002752
2000-05-02,-1.71999999999972,-1.54749999999972
2000-05-03,-3.7565,-3.379625
2000-05-04,-0.645000000000008,-0.528750000000008
2000-05-05,-2.393499999999993,-2.327874999999993
2000-05-08,1.5931249999999963,1.4681249999999963
2000-05-09,0.11999999999999604,0.07999999999999605
2000-05-10,-3.8500000000002617,-3.6400000000002617
2000-05-11,1.2295000000002596,1.2545000000002589
2000-05-12,-1.4626250000002536,-1.2876250000002496
2000-05-15,4.284500000000275,4.0045000000002755
2000-05-16,1.319874999999728,1.1798749999997278
2000-05-17,-1.2001249999997543,-1.2011249999997327
2000-05-18,-1.1761250000002292,-0.9801250000002458
2000-05-19,-0.6032499999997658,-0.579249999999748
2000-05-22,1.4157499999999879,1.4717499999999843
2000-05-23,0.5967500000000141,0.4907500000000191
2000-05-24,1.4070000000000014,1.298000000000002
2000-05-25,1.589999999999973,1.3599999999999643
2000-05-26,-0.6912500000002251,-0.646250000000241
2000-05-29,0.0,0.0
2000-05-30,3.1476250000002546,2.911625000000274
2000-05-31,0.3512500000000018,0.31625000000000286
2000-06-01,0.2625,0.1375
2000-06-02,-1.8563749999999866,-1.7303749999999811
2000-06-05,0.17787499999999595,-0.10712500000000405
2000-06-06,-5.356249999999998,-5.296249999999998
2000-06-07,-1.0537500000000037,-1.3837500000000038
2000-06-08,-0.9708750000002118,-1.1398750000002322
2000-06-09,0.3275000000002012,0.3875000000002012
2000-06-12,6.159999999999998,5.503999999999998
2000-06-13,0.22250000000001455,0.25687500000001456
2000-06-14,2.160999999999986,1.580999999999986
2000-06-15,-2.39849999999999,-2.1984999999999904
2000-06-16,-0.317500000000183,-0.177500000000183
2000-06-19,1.028500000000172,0.893500000000172
2000-06-20,0.8039999999998173,0.5839999999998176
2000-06-21,-0.9539999999998224,-0.8539999999998225
2000-06-22,-1.1309999999999976,-1.1709999999999976
2000-06-23,0.5084999999999985,0.18849999999999864
2000-06-26,0.6800000000000007,0.3200000000000007
2000-06-27,-0.9559999999999996,-0.7559999999999997
2000-06-28,3.8134999999999986,3.4734999999999987
2000-06-29,0.9740000000000016,1.1540000000000017
2000-06-30,5.582499999999998,5.072499999999998
2000-07-03,7.9449999999999985,7.659999999999998
2000-07-04,0.0,0.0
2000-07-05,0.03250000000000373,0.10750000000000373
2000-07-06,0.8589999999999988,0.6189999999999988
2000-07-07,-0.06000000000000118,0.08999999999999882
2000-07-10,2.074999999999998,1.97
2000-07-11,0.6000000000000064,0.5200000000000065
2000-07-12,-0.604999999999999,-0.5999999999999985
2000-07-13,1.1756250000000035,0.9725000000000035
2000-07-14,1.2244999999999993,1.5119999999999993
2000-07-17,1.6081249999998422,1.6224999999998617
2000-07-18,-1.1354999999998425,-1.1479999999998427
2000-07-19,-2.020000000000005,-1.8500000000000052
2000-07-20,1.8952500000000012,1.2830000000000015
2000-07-21,-0.9764999999999993,-0.9779999999999993
2000-07-24,0.9514999999998299,0.9514999999998299
2000-07-25,1.293500000000164,1.293500000000164
2000-07-26,1.2714999999998327,1.2714999999998327
2000-07-27,0.3025000000001961,0.3025000000001961
2000-07-28,-0.37000000000020344,-0.37000000000020344
2000-07-31,0.5225000000002027,0.5225000000002027
2000-08-01,0.6724999999999944,0.6724999999999944
2000-08-02,-0.44900000000020746,-0.44900000000020746
2000-08-03,-0.09600000000000036,-0.09600000000000036
2000-08-04,2.967500000000211,2.967500000000211
2000-08-07,-0.28624999999999656,-0.15499999999999658
2000-08-08,-0.3568749999999984,-0.47249999999999837
2000-08-09,1.114999999999978,1.094999999999988
2000-08-10,1.096875000000023,1.096875000000023
2000-08-11,2.0737499999999827,2.0737499999999827
2000-08-14,-0.36375000000000585,-0.36375000000000585
2000-08-15,1.0482500000000017,1.0482500000000017
2000-08-16,-0.7599999999999945,-0.7599999999999945
2000-08-17,1.2306250000000147,1.2306250000000147
2000-08-18,-2.513875000000029,-2.513875000000029
2000-08-21,1.502375000000025,1.502375000000025
2000-08-22,1.0249999999999764,1.0249999999999764
2000-08-23,0.9892500000000265,0.9892500000000265
2000-08-24,1.5312499999999847,1.5312499999999847
2000-08-25,-1.0730000000000155,-1.0730000000000155
2000-08-28,-2.2756250000001987,-2.2756250000001987
2000-08-29,-3.8924999999998082,-3.8924999999998082
2000-08-30,2.7098750000000336,2.7098750000000336
2000-08-31,-0.2656250000000036,-0.2656250000000036
2000-09-01,2.2593749999999755,2.2593749999999755
2000-09-04,0.0,0.0
2000-09-05,-4.008124999999982,-4.008124999999982
2000-09-06,-0.1562500000000273,-0.1562500000000273
2000-09-07,-0.20499999999996815,-0.20499999999996815
2000-09-08,0.5598749999999874,0.5598749999999874
2000-09-11,0.7924999999997562,0.7924999999997562
2000-09-12,1.3700000000002563,1.3700000000002563
2000-09-13,0.6462499999997312,0.6462499999997312
2000-09-14,1.1512500000002523,1.1512500000002523
2000-09-15,-2.9231249999999975,-2.9231249999999975
2000-09-18,-1.6673749999999943,-1.6673749999999943
2000-09-19,2.3224999999999767,2.3224999999999767
2000-09-20,-2.3381249999999634,-2.393124999999956
2000-09-21,-0.12249999999999636,-0.09249999999999522
2000-09-22,-1.5355000000000312,-1.4955000000000394
2000-09-25,1.1380000000000337,1.1430000000000438
2000-09-26,-0.19800000000004067,-0.19800000000004067
2000-09-27,-0.026999999999976376,-0.026999999999976376
2000-09-28,-1.3480000000000194,-1.3430000000000237
2000-09-29,-0.57050000000002,-0.5205000000000229
2000-10-02,0.04750000000006071,0.04750000000006071
2000-10-03,-2.5513750000000597,-2.586375000000071
2000-10-04,-3.1423749999999275,-3.187374999999914
2000-10-05,1.1787499999999405,1.1737499999999306
2000-10-06,0.7211250000000547,0.7261250000000645
2000-10-09,1.12,1.12
2000-10-10,-0.8555000000000342,-0.8555000000000342
2000-10-11,-0.06687500000002387,-0.06687500000002387
2000-10-12,-4.280749999999982,-4.210749999999981
2000-10-13,1.014999999999967,1.0199999999999625
2000-10-16,0.8912499999999981,0.8012499999999977
2000-10-17,-0.3443750000000131,-0.21937500000001472
2000-10-18,1.3619999999999985,1.3019999999999987
2000-10-19,1.1123750000000119,1.097375000000012
2000-10-20,0.897500000000044,0.8575000000000504
2000-10-23,1.0420000000000527,0.9820000000000589
2000-10-24,-1.7557500000000936,-1.7107500000001044
2000-10-25,-1.97562499999994,-2.125624999999925
2000-10-26,-0.6055000000000842,-0.7055000000001048
2000-10-27,1.55800000000006,1.3380000000000736
2000-10-30,0.2651249999999896,0.23512499999998845
2000-10-31,-2.365749999999952,-2.001749999999948
2000-11-01,-0.14049999999998572,-0.0294999999999839
2000-11-02,-2.35325000000004,-1.7492500000000433
2000-11-03,-4.696749999999985,-4.530749999999984
2000-11-06,-1.3531250000000183,-1.2931250000000207
2000-11-07,0.8554999999999997,0.8294999999999997
2000-11-08,-2.0099999999999993,-1.7699999999999996
2000-11-09,2.250000000000012,2.035000000000012
2000-11-10,4.624999999999918,4.054999999999919
2000-11-13,2.1095000000001,1.9955000000000997
2000-11-14,1.522499999999961,1.247499999999961
2000-11-15,2.310000000000008,2.080000000000008
2000-11-16,-0.5024999999999832,-0.23749999999998336
2000-11-17,-1.3630000000000126,-1.0340000000000122
2000-11-20,1.9754999999999585,1.7664999999999587
2000-11-21,0.8850000000000414,0.8150000000000415
2000-11-22,1.873000000000009,1.6970000000000096
2000-11-23,0.0,0.0
2000-11-24,-1.2500000000000036,-1.105000000000004
2000-11-27,1.3124999999999212,1.2074999999999119
2000-11-28,0.42000000000006177,0.3500000000000686
2000-11-29,3.281000000000057,3.056000000000063
2000-11-30,-0.5060000000000531,-0.1060000000000593
2000-12-01,-0.3440000000000618,-0.279000000000068
2000-12-04,0.7100000000000072,0.5150000000000079
2000-12-05,2.072500000000091,2.2725000000001008
2000-12-06,2.4214999999999147,2.3814999999999054
2000-12-07,2.666000000000022,2.341000000000025
2000-12-08,-2.9775000000000222,-2.3825000000000225
2000-12-11,-0.7049999999999104,-0.8449999999999104
2000-12-12,-0.755000000000002,-0.825000000000002
2000-12-13,4.692499999999886,4.797499999999887
2000-12-14,0.06750000000003384,0.24750000000003672
2000-12-15,1.3749999999999671,1.3899999999999644
2000-12-18,-0.4474999999998901,0.2875000000001206
2000-12-19,-2.757499999999972,-2.547499999999972
2000-12-20,-2.7225000000000645,-2.7725000000000706
2000-12-21,-2.179999999999876,-2.0549999999998643
2000-12-22,0.9725000000000091,1.0075000000000094
2000-12-25,0.0,0.0
2000-12-26,0.2168749999999318,0.07687499999992542
2000-12-27,-2.855499999999976,-2.7314999999999743
2000-12-28,-1.0563749999999748,-1.0803749999999728
2000-12-29,-1.300499999999998,-1.0664999999999967
2001-01-01,0.0,0.0
2001-01-02,2.989249999999907,3.220249999999898
2001-01-03,-3.3237499999998876,-3.513749999999878
2001-01-04,1.3574999999999628,1.6524999999999586
2001-01-05,4.034999999999941,4.034999999999933
2001-01-08,1.2837499999999937,1.4737499999999915
2001-01-09,-2.5974999999999935,-2.532499999999993
2001-01-10,-3.863749999999973,-3.693749999999969
2001-01-11,1.4425000000000168,0.5375000000000189
2001-01-12,-2.1800000000000024,-2.6400000000000023
2001-01-15,0.0,0.0
2001-01-16,-0.12749999999997655,-0.407499999999972
2001-01-17,2.824999999999937,2.989999999999926
2001-01-18,2.5493750000000173,2.67437500000002
2001-01-19,0.4616250000000342,0.07062500000003984
2001-01-22,-0.8118750000000148,-0.8018750000000171
2001-01-23,-0.213750000000019,-0.3987500000000222
2001-01-24,1.8012499999999971,2.231249999999997
2001-01-25,1.1856250000000121,0.9706250000000142
2001-01-26,1.3343750000000307,0.9593750000000358
2001-01-29,1.5693749999999715,1.4893749999999668
2001-01-30,-0.4766249999999822,-0.3306249999999793
2001-01-31,1.9643750000000058,1.9843750000000073
2001-02-01,-1.6146249999999855,-1.6566249999999831
2001-02-02,-1.9391250000000229,-1.512125000000027
2001-02-05,0.44999999999999574,0.27999999999999525
2001-02-06,-0.1383750000000435,0.21962499999994933
2001-02-07,1.1846250000000353,1.036625000000041
2001-02-08,1.639124999999967,1.382124999999962
2001-02-09,-0.03287499999992587,-0.2608749999999136
2001-02-12,1.327499999999995,1.5124999999999942
2001-02-13,-0.7318750000000073,-0.9018750000000085
2001-02-14,-2.433125000000021,-2.118125000000024
2001-02-15,0.10375000000001455,0.238750000000017
2001-02-16,0.9175000000000006,0.8625000000000009
2001-02-19,0.0,0.0
2001-02-20,0.3387499999999431,0.6217499999999425
2001-02-21,-0.33999999999992375,-0.9279999999999241
2001-02-22,0.7968749999999774,0.7868749999999781
2001-02-23,1.9818750000000047,2.0268750000000044
2001-02-26,1.0574999999999735,1.097499999999973
2001-02-27,-0.08999999999997954,0.19000000000002046
2001-02-28,-1.573750000000029,-1.0137500000000292
2001-03-01,-0.517624999999961,-0.21362499999996062
2001-03-02,0.5725000000000048,0.552500000000004
2001-03-05,0.8156249999999649,0.9006249999999641
2001-03-06,-1.2161249999999972,-1.2741249999999962
2001-03-07,3.1962499999999836,2.8612499999999836
2001-03-08,0.0012499999999996817,0.02624999999999941
2001-03-09,-0.15487500000002072,-0.2758750000000239
2001-03-12,-0.689374999999967,-0.5643749999999621
2001-03-13,2.738750000000019,2.7887500000000225
2001-03-14,2.6043749999999948,2.349374999999994
2001-03-15,4.608749999999992,3.7087499999999896
2001-03-16,4.2374999999999785,3.7124999999999755
2001-03-19,-0.726874999999984,-0.6018749999999812
2001-03-20,0.21625000000000819,0.6450000000000105
2001-03-21,0.8862499999999535,0.8199999999999454
2001-03-22,0.6481250000000199,0.3325000000000199
2001-03-23,-0.9800000000000326,-0.8850000000000365
2001-03-26,-0.4674999999999389,-0.2574999999999309
2001-03-27,-3.172500000000014,-3.2325000000000164
2001-03-28,1.7450000000000343,1.59500000000004
2001-03-29,1.7493749999999781,1.5243749999999778
2001-03-30,5.1706250000000065,4.910625000000007
2001-04-02,-1.904374999999972,-1.619374999999972
2001-04-03,-0.2637499999999999,-0.2037499999999999
2001-04-04,-0.9256250000000477,-0.7756250000000476
2001-04-05,-1.2131249999999532,-1.1681249999999532
2001-04-06,3.7306249999999963,3.6256249999999963
2001-04-09,1.8674999999999333,1.8674999999999333
2001-04-10,0.7125,0.6225
2001-04-11,-1.617499999999976,-1.512499999999976
2001-04-12,-1.7718749999999592,-1.7268749999999593
2001-04-13,0.0,0.0
2001-04-16,-2.043750000000042,-2.013750000000042
2001-04-17,5.796874999999979,5.666874999999979
2001-04-18,2.1525000000000523,2.122500000000052
2001-04-19,-0.8725000000000471,-1.2275000000000575
2001-04-20,-1.1949999999999847,-1.2349999999999846
2001-04-23,3.8012500000000284,3.7812500000000364
2001-04-24,4.730000000000011,4.7050000000000125
2001-04-25,-2.190000000000019,-2.240000000000022
2001-04-26,-0.49600000000003747,-0.29600000000004767
2001-04-27,0.40250000000003816,0.26750000000004726
2001-04-30,-0.7050000000000033,-0.7350000000000044
2001-05-01,-0.10025000000003638,-0.06025000000004434
2001-05-02,-1.2497499999999961,-1.2347499999999954
2001-05-03,2.143750000000027,2.228750000000035
2001-05-04,-1.0462499999999955,-1.0162499999999943
2001-05-07,3.2187499999999765,3.17874999999997
2001-05-08,2.0697500000000386,2.0747500000000483
2001-05-09,0.49124999999996816,0.5312499999999601
2001-05-10,2.740249999999996,2.585249999999995
2001-05-11,-1.511249999999984,-1.7812499999999805
2001-05-14,-0.05500000000000901,0.024999999999989267
2001-05-15,-0.4674999999999972,-0.6749999999999989
2001-05-16,0.4524999999999778,0.5399999999999733
2001-05-17,6.750000000000039,6.750000000000039
2001-05-18,-0.33187499999999603,-0.33374999999999605
2001-05-21,5.669874999999991,5.641749999999992
2001-05-22,1.185000000000012,1.135000000000012
2001-05-23,-2.9762500000000105,-2.9325000000000108
2001-05-24,-1.408125000000012,-1.631250000000012
2001-05-25,1.2475000000000116,1.2100000000000117
2001-05-28,0.0,0.0
2001-05-29,0.640625000000013,0.561250000000013
2001-05-30,-2.9738750000000076,-2.9257500000000074
2001-05-31,-0.25237499999999635,0.2532500000000042
2001-06-01,-3.122500000000027,-2.8850000000000353
2001-06-04,1.8250000000000237,1.9150000000000342
2001-06-05,1.2604999999999815,1.517999999999975
2001-06-06,-0.4379999999999958,-0.42299999999999516
2001-06-07,-0.29262499999999675,-0.468249999999999
2001-06-08,2.5287499999999943,2.3024999999999953
2001-06-11,-0.25562499999997396,-0.026249999999966623
2001-06-12,-0.7938750000000274,-0.5957500000000342
2001-06-13,2.7018750000000074,2.6687500000000126
2001-06-14,-0.8168749999999997,-0.6587499999999984
2001-06-15,4.580749999999997,4.525749999999991
2001-06-18,-0.27950000000000114,-0.2994999999999972
2001-06-19,-2.32925000000001,-2.339250000000015
2001-06-20,1.365000000000022,1.3900000000000277
2001-06-21,1.8092499999999871,1.8292499999999832
2001-06-22,1.068750000000018,1.5081250000000364
2001-06-25,1.8049999999999762,1.7274999999999556
2001-06-26,-0.11049999999998282,-0.5292499999999715
2001-06-27,-2.8207500000000105,-2.8957500000000134
2001-06-28,-2.0517499999999984,-2.1767499999999984
2001-06-29,0.6650000000000271,0.6100000000000346
2001-07-02,-0.7000000000000085,-0.6500000000000113
2001-07-03,-2.2968750000000173,-2.3218750000000226
2001-07-04,0.0,0.0
2001-07-05,-3.409999999999999,-3.444999999999995
2001-07-06,-2.632500000000003,-2.582500000000006
2001-07-09,-1.048750000000005,-0.9356250000000084
2001-07-10,-4.790999999999998,-4.560999999999992
2001-07-11,-8.168749999999974,-8.170624999999971
2001-07-12,-8.772499999999994,-8.408749999999992
2001-07-13,5.6007499999999855,5.4401249999999814
2001-07-16,5.570750000000005,5.630125000000008
2001-07-17,0.9979999999999706,1.0079999999999614
2001-07-18,2.028749999999994,2.448124999999993
2001-07-19,-0.6414999999999669,-0.6664999999999583
2001-07-20,4.434374999999995,4.419374999999993
2001-07-23,1.5843749999999983,1.6043749999999946
2001-07-24,-1.9262500000000156,-1.9062500000000195
2001-07-25,-2.686624999999971,-2.776624999999946
2001-07-26,0.8078749999999657,0.8678749999999396
2001-07-27,-0.025624999999980993,0.11437500000003374
2001-07-30,1.6143750000000179,1.624375000000023
2001-07-31,0.167499999999975,0.4749999999999625
2001-08-01,-1.30599999999998,-1.5059999999999742
2001-08-02,1.69125,1.320000000000002
2001-08-03,0.6951249999999616,0.5994999999999547
2001-08-06,0.25362500000002697,0.30050000000003263
2001-08-07,-0.44862500000004585,-0.4755000000000555
2001-08-08,2.4030000000000316,2.523000000000036
2001-08-09,-1.655499999999991,-1.6504999999999879
2001-08-10,0.6824999999999677,0.7774999999999597
2001-08-13,-0.34249999999997055,-0.20249999999996263
2001-08-14,-0.2999999999999964,-0.38999999999999757
2001-08-15,1.4175000000000182,1.3375000000000214
2001-08-16,1.7669999999999655,1.7619999999999574
2001-08-17,1.0500000000000393,1.1950000000000551
2001-08-20,-0.28750000000004433,-0.4925000000000592
2001-08-21,-1.4149999999999832,-1.3149999999999813
2001-08-22,0.6780000000000195,0.678000000000024
2001-08-23,-0.5500000000000164,-0.4400000000000199
2001-08-24,1.3934999999999644,1.2984999999999587
2001-08-27,-1.6434999999999986,-1.6041249999999985
2001-08-28,1.4700000000000233,1.7787500000000271
2001-08-29,0.5925000000000239,0.8868750000000273
2001-08-30,-1.9814999999999572,-2.0208749999999522
2001-08-31,-0.4500000000000595,-0.5325000000000659
2001-09-03,0.0,0.0
2001-09-04,-3.3300000000000196,-3.7500000000000258
2001-09-05,-0.016249999999974445,0.07375000000003011
2001-09-06,1.8062499999999897,2.016249999999991
2001-09-07,-0.644999999999936,-0.5449999999999221
2001-09-10,-2.136250000000021,-2.2112500000000246
2001-09-11,-5.234374999999981,-5.084374999999975
2001-09-12,0.0,0.0
2001-09-13,4.292499999999962,5.005624999999945
2001-09-14,2.602500000000039,3.1056250000000545
2001-09-17,1.8274999999999373,1.4468749999999224
2001-09-18,0.16250000000004527,-0.33812499999994217
2001-09-19,1.038500000000003,1.324125000000002
2001-09-20,-1.3049999999999862,-1.214999999999983
2001-09-21,2.09749999999999,2.287499999999987
2001-09-24,0.05999999999998327,-0.03000000000002128
2001-09-25,-0.5924999999999512,-0.5074999999999387
2001-09-26,0.5189999999999353,0.5739999999999194
2001-09-27,1.9685000000000692,2.3616250000000867
2001-09-28,0.6900000000000275,0.628750000000031
2001-10-01,2.6014999999999557,2.8608749999999508
2001-10-02,0.6810000000000068,0.8585000000000075
2001-10-03,-0.14312500000009204,-0.19312500000010113
2001-10-04,-1.8324999999998692,-1.8774999999998558
2001-10-05,-1.5253750000001007,-1.6753750000001215
2001-10-08,-0.675,-0.725
2001-10-09,1.6337500000000704,1.6487500000000763
2001-10-10,1.6262500000000004,1.5912500000000012
2001-10-11,-1.341250000000101,-1.4702500000001102
2001-10-12,3.834375000000119,3.809375000000129
2001-10-15,3.929999999999921,4.017999999999908
2001-10-16,2.4625000000000834,2.1745000000000956
2001-10-17,-0.12750000000010367,-0.19950000000012114
2001-10-18,1.294375000000002,1.2563750000000042
2001-10-19,-2.173749999999969,-2.2287499999999607
2001-10-22,1.050999999999955,0.9789999999999425
2001-10-23,-1.1212499999998498,-1.1662499999998375
2001-10-24,-0.360750000000043,-0.2787500000000442
2001-10-25,0.8536249999999167,0.9966249999999083
2001-10-26,0.6975000000000621,0.6525000000000655
2001-10-29,2.016249999999972,2.23124999999997
2001-10-30,0.7737499999999705,0.7737499999999705
2001-10-31,3.8085000000000604,3.820500000000061
2001-11-01,0.3489999999999022,0.3769999999999025
2001-11-02,-2.9749999999999663,-2.984999999999967
2001-11-05,4.631250000000035,4.311250000000036
2001-11-06,1.1368750000000694,1.2268750000000774
2001-11-07,3.0662499999999824,3.136249999999983
2001-11-08,-2.781249999999978,-2.8712499999999794
2001-11-09,-1.6375000000000965,-1.6425000000001062
2001-11-12,0.0,0.0
2001-11-13,-3.2106249999998915,-3.22562499999988
2001-11-14,-1.5156250000000677,-1.8356250000000727
2001-11-15,-6.352250000000009,-6.606250000000011
2001-11-16,-2.7050000000000596,-3.0350000000000708
2001-11-19,3.0368750000000375,3.2775000000000376
2001-11-20,-1.9818750000000154,-2.34750000000002
2001-11-21,-1.2406249999999561,-1.445624999999948
2001-11-22,0.0,0.0
2001-11-23,-0.7921250000000378,-0.8531250000000499
2001-11-26,2.5139999999999927,2.4599999999999893
2001-11-27,-1.7987499999999572,-1.4787499999999425
2001-11-28,1.968499999999978,2.017499999999976
2001-11-29,0.7156250000000255,0.9206250000000284
2001-11-30,-0.9247500000000273,-1.0037500000000334
2001-12-03,2.5362500000000123,2.699375000000025
2001-12-04,1.2635000000000254,1.5962500000000317
2001-12-05,-2.556250000000059,-3.784375000000079
2001-12-06,-0.4662499999999528,-1.0618749999999366
2001-12-07,-0.27625000000003896,-1.004375000000045
2001-12-10,0.1477500000000156,0.2081250000000189
2001-12-11,2.5300000000000016,2.6499999999999986
2001-12-12,2.945000000000016,3.322500000000019
2001-12-13,0.3085000000000011,-0.36624999999999774
2001-12-14,-0.4522500000000134,-0.9518750000000237
2001-12-17,1.0447500000000054,0.6287500000000102
2001-12-18,0.7002499999999887,1.0402499999999921
2001-12-19,1.09225000000001,1.3122500000000088
2001-12-20,-2.2385000000000157,-2.253500000000016
2001-12-21,3.4750000000000103,3.4600000000000093
2001-12-24,0.8337499999999716,0.7787499999999649
2001-12-25,0.0,0.0
2001-12-26,-1.0214999999999963,-1.0864999999999942
2001-12-27,0.54625,0.67125
2001-12-28,-1.5487499999999876,-1.5487499999999876
2001-12-31,1.6724999999999877,1.9224999999999877
2002-01-01,0.0,0.0
2002-01-02,1.7375000000000096,1.4575000000000085
2002-01-03,-0.051249999999986355,0.05875000000002729
2002-01-04,-2.840999999999991,-2.8109999999999893
2002-01-07,0.09224999999998336,0.7053749999999857
2002-01-08,-1.9509999999999912,-1.9835000000000014
2002-01-09,-0.6290000000000328,-0.5665000000000499
2002-01-10,-1.0149999999999582,-0.537499999999932
2002-01-11,1.7964999999999876,2.320249999999989
2002-01-14,0.038749999999994816,0.08312499999998572
2002-01-15,-0.7325000000000135,-0.5537500000000253
2002-01-16,-0.6862499999999887,-0.8493749999999939
2002-01-17,3.9574999999999845,3.024999999999983
2002-01-18,0.5375000000000112,0.8900000000000146
2002-01-21,0.0,0.0
2002-01-22,1.1362500000000233,1.142500000000033
2002-01-23,-0.43625000000003084,-1.1915000000000378
2002-01-24,-0.03874999999996321,-0.3174999999999482
2002-01-25,-0.37625000000003167,-0.6325000000000434
2002-01-28,-0.05499999999998417,0.010000000000014733
2002-01-29,0.4062499999999748,1.2374999999999645
2002-01-30,2.59625000000003,2.6775000000000415
2002-01-31,-0.46375000000001876,-0.8875000000000313
2002-02-01,1.705000000000007,1.9850000000000136
2002-02-04,0.14937500000000492,0.6825000000000289
2002-02-05,1.604999999999974,1.6599999999999469
2002-02-06,2.550625000000013,2.3175000000000234
2002-02-07,-2.004375000000007,-2.1125000000000225
2002-02-08,2.613750000000029,2.965000000000065
2002-02-11,0.10937499999997272,0.10249999999993634
2002-02-12,-0.05812499999997908,-0.42749999999994726
2002-02-13,-3.035625000000004,-3.197500000000008
2002-02-14,0.3675000000000072,0.660000000000014
2002-02-15,3.4562499999999905,4.124999999999968
2002-02-18,0.0,0.0
2002-02-19,-1.4053750000000054,-1.508500000000008
2002-02-20,-0.764374999999988,-0.6724999999999675
2002-02-21,0.12562500000000226,0.20750000000000454
2002-02-22,1.4237499999999765,1.6849999999999445
2002-02-25,4.558500000000028,4.303500000000041
2002-02-26,-0.4585000000000173,-0.885375000000024
2002-02-27,0.4735000000000152,1.4491250000000355
2002-02-28,-1.7425000000000028,-1.7581250000000188
2002-03-01,-1.2149999999999832,-1.8449999999999607
2002-03-04,1.0039999999999965,0.7489999999999919
2002-03-05,-0.8200000000000455,-0.7525000000000819
2002-03-06,0.5635000000000032,0.27162499999999645
2002-03-07,-2.098500000000009,-3.385375
2002-03-08,-2.192499999999986,-3.1606249999999743
2002-03-11,-0.4499999999999638,-0.32999999999995133
2002-03-12,-1.4973750000000006,-1.3405000000000062
2002-03-13,2.991875000000009,3.222500000000014
2002-03-14,-2.1906250000000274,-2.972500000000041
2002-03-15,4.196874999999993,4.4274999999999975
2002-03-18,-0.02950000000003174,0.02549999999996089
2002-03-19,0.27375000000007005,0.2587500000000837
2002-03-20,-0.14612499999996198,-0.26612499999993816
2002-03-21,1.4243749999999837,1.4643749999999758
2002-03-22,0.5043750000000119,0.4643750000000199
2002-03-25,2.979249999999998,2.914874999999997
2002-03-26,-0.8677500000000363,-0.49712500000005805
2002-03-27,0.4064999999999938,0.4377499999999938
2002-03-28,1.790000000000019,1.4325000000000312
2002-03-29,0.0,0.0
2002-04-01,-0.2302500000000147,-0.27087500000002607
2002-04-02,0.04250000000003729,0.5162500000000555
2002-04-03,2.418749999999968,2.8706249999999582
2002-04-04,0.0037500000000136426,0.003125000000022737
2002-04-05,2.1102499999999997,2.478374999999986
2002-04-08,-1.561250000000008,-1.751875000000002
2002-04-09,0.17225000000002944,0.3128750000000408
2002-04-10,0.7012499999999854,0.6843749999999865
2002-04-11,-1.1760000000000121,-1.1035000000000212
2002-04-12,-0.156250000000012,0.07312499999998112
2002-04-15,0.2981250000000081,0.3381250000000001
2002-04-16,-1.4608749999999704,-1.5964999999999523
2002-04-17,-5.612500000000028,-5.815000000000031
2002-04-18,2.8408749999999934,2.9214999999999858
2002-04-19,0.4256250000000008,0.502500000000002
2002-04-22,-0.34624999999995726,-0.09999999999993679
2002-04-23,-1.126875000000013,-1.0725000000000113
2002-04-24,1.7631249999999794,2.317499999999964
2002-04-25,-1.916249999999984,-1.8149999999999826
2002-04-26,-0.15112499999999218,0.054500000000011276
2002-04-29,-0.007500000000030013,-0.15562500000003382
2002-04-30,-0.772000000000012,-0.5242500000000208
2002-05-01,-3.06799999999996,-2.7659999999999494
2002-05-02,-0.7124999999999733,-0.8268749999999679
2002-05-03,1.2124999999999888,1.4143749999999933
2002-05-06,-1.6475000000000342,-1.7243750000000535
2002-05-07,-3.2050000000000276,-3.1012500000000403
2002-05-08,0.3175000000000218,-0.8743749999999653
2002-05-09,-0.8393750000000466,-0.42137500000006745
2002-05-10,-0.5199999999999741,0.10250000000003055
2002-05-13,-8.51749999999999,-8.980624999999987
2002-05-14,-0.14300000000001276,-0.6847500000000161
2002-05-15,1.062500000000024,1.2068750000000263
2002-05-16,2.6350000000000473,2.7600000000000557
2002-05-17,2.0049999999999817,1.814999999999981
2002-05-20,-0.5075000000000232,-0.22750000000003037
2002-05-21,0.9825000000000437,1.01750000000005
2002-05-22,1.044999999999975,1.2299999999999718
2002-05-23,-0.38549999999997997,-0.43749999999997474
2002-05-24,0.912499999999992,0.9674999999999923
2002-05-27,0.0,0.0
2002-05-28,-1.2750000000000279,-1.200000000000032
2002-05-29,-3.804499999999978,-3.162499999999974
2002-05-30,0.13700000000001675,0.16500000000001647
2002-05-31,0.3449999999999929,0.11499999999999164
2002-06-03,2.1949999999999363,2.214999999999918
2002-06-04,-2.197499999999915,-1.6186249999999036
2002-06-05,-0.05500000000001437,-0.2425000000000156
2002-06-06,1.8449999999999773,1.9099999999999715
2002-06-07,0.17312499999993353,-0.016875000000081308
2002-06-10,1.1921250000000536,0.9901250000000621
2002-06-11,2.9687499999999387,3.048749999999925
2002-06-12,-0.8277499999999939,-0.7797499999999932
2002-06-13,-0.2209999999999436,-0.45899999999993124
2002-06-14,3.3800000000000274,3.6400000000000388
2002-06-17,0.09787499999993106,-0.34412500000008217
2002-06-18,-0.15474999999994907,0.20225000000005822
2002-06-19,1.5712500000000562,2.2012500000000674
2002-06-20,-6.456500000000095,-5.758500000000112
2002-06-21,0.12587500000007168,0.6978750000000798
2002-06-24,-5.335000000000029,-5.550000000000034
2002-06-25,-1.9832500000000066,-1.892250000000007
2002-06-26,0.4262500000000438,0.7812500000000469
2002-06-27,-4.0755000000000425,-4.271500000000048
2002-06-28,0.32687500000004605,0.3368750000000511
2002-07-01,-2.2950000000000603,-2.4350000000000676
2002-07-02,3.7550000000000643,3.8400000000000714
2002-07-03,1.239999999999959,1.314999999999954
2002-07-04,0.0,0.0
2002-07-05,-3.00000000000004,-3.285000000000045
2002-07-08,2.932500000000052,3.0475000000000603
2002-07-09,2.0699999999999594,1.8899999999999528
2002-07-10,3.490000000000074,3.6700000000000843
2002-07-11,2.701499999999969,2.6974999999999665
2002-07-12,1.1800000000000004,1.1000000000000005
2002-07-15,-2.25750000000005,-2.387500000000064
2002-07-16,-3.2099999999999156,-3.6499999999999067
2002-07-17,1.9891249999999738,2.1581249999999725
2002-07-18,1.8512500000000296,1.8512500000000331
2002-07-19,0.9633750000000233,0.9493750000000252
2002-07-22,-0.702375000000087,-0.6293750000000986
2002-07-23,2.075000000000018,2.2550000000000208
2002-07-24,-1.8670000000000013,-1.9350000000000012
2002-07-25,-0.328249999999996,0.3737500000000026
2002-07-26,2.4068750000000043,2.0868750000000054
2002-07-29,-1.1167500000000317,-1.4047500000000337
2002-07-30,-3.163874999999931,-3.0258749999999246
2002-07-31,-0.8993750000000731,-0.23437500000008113
2002-08-01,1.7520000000000608,1.5990000000000677
2002-08-02,2.140499999999969,2.1534999999999638
2002-08-05,1.3849999999999778,1.3299999999999783
2002-08-06,-1.537499999999965,-1.9224999999999637
2002-08-07,2.5570000000000395,2.7790000000000465
2002-08-08,-0.9895000000000146,-0.9515000000000161
2002-08-09,1.3124999999999565,1.462499999999952
2002-08-12,-2.904999999999927,-2.5349999999999207
2002-08-13,0.11449999999999144,0.191499999999992
2002-08-14,-1.637000000000031,-1.5140000000000353
2002-08-15,-1.2850000000000015,-1.575000000000001
2002-08-16,-0.17250000000001803,-0.9825000000000185
2002-08-19,2.079999999999996,1.8649999999999956
2002-08-20,2.972500000000054,3.437500000000061
2002-08-21,-0.2624999999999832,-0.2574999999999832
2002-08-22,-2.124500000000035,-2.0285000000000335
2002-08-23,1.429499999999996,1.3734999999999953
2002-08-26,0.6729999999999781,0.633999999999978
2002-08-27,-1.7799999999999456,-1.6099999999999448
2002-08-28,1.2619999999999036,1.315999999999904
2002-08-29,1.8975000000000273,1.9675000000000273
2002-08-30,0.048000000000058295,0.1090000000000634
2002-09-02,0.0,0.0
2002-09-03,1.3625000000000065,1.4275000000000078
2002-09-04,0.6224999999999316,0.44749999999993045
2002-09-05,0.7475000000000196,0.7375000000000204
2002-09-06,-2.8779999999999677,-2.9789999999999677
2002-09-09,-0.4200000000000915,-0.6400000000000915
2002-09-10,0.5230000000000243,0.6740000000000239
2002-09-11,-1.6399999999999781,-1.8699999999999775
2002-09-12,3.557000000000044,3.9010000000000438
2002-09-13,2.4729999999999035,2.7389999999999035
2002-09-16,0.7145000000001075,0.6285000000001068
2002-09-17,0.8355000000000022,0.8515000000000027
2002-09-18,-0.1930000000000864,0.0709999999999135
2002-09-19,-0.7169999999999399,-0.10099999999993997
2002-09-20,-1.4149999999999636,-0.894999999999964
2002-09-23,3.6574999999999434,3.797499999999943
2002-09-24,-0.5374999999999452,-0.687499999999945
2002-09-25,-1.124000000000087,-1.084000000000087
2002-09-26,0.7550000000000838,0.6750000000000839
2002-09-27,1.0414999999999315,1.1114999999999315
2002-09-30,2.647499999999986,2.9374999999999862
2002-10-01,-1.1599999999999355,-1.3299999999999355
2002-10-02,-0.14499999999995505,-0.19499999999995507
2002-10-03,0.27849999999991915,0.44249999999991935
2002-10-04,-1.0860000000000127,-1.1700000000000124
2002-10-07,0.5950000000000171,0.5050000000000171
2002-10-08,0.999999999999954,0.9799999999999532
2002-10-09,0.6125000000000222,0.8825000000000226
2002-10-10,0.3159999999999845,0.38999999999998397
2002-10-11,-0.6274999999999432,-0.5974999999999422
2002-10-14,0.275,0.325
2002-10-15,-6.329999999999985,-6.729999999999985
2002-10-16,-0.3925000000000325,-0.4525000000000323
2002-10-17,-2.172500000000049,-2.3625000000000496
2002-10-18,0.8415000000000528,0.8075000000000523
2002-10-21,-1.4815000000000393,-1.5675000000000392
2002-10-22,-0.5324999999999083,-0.43249999999990785
2002-10-23,1.0439999999999527,1.1139999999999528
2002-10-24,1.8475000000000472,1.867500000000047
2002-10-25,1.9269999999999994,1.9409999999999994
2002-10-28,-0.44950000000002965,-0.2935000000000298
2002-10-29,1.0525000000000138,1.7525000000000186
2002-10-30,-0.11949999999998843,-0.16649999999998935
2002-10-31,1.4269999999999838,1.3689999999999838
2002-11-01,-1.410000000000091,-1.305000000000091
2002-11-04,-1.3824999999999064,-1.3624999999999043
2002-11-05,-0.1375,-0.1175
2002-11-06,0.7574999999999861,0.7574999999999839
2002-11-07,2.9649999999999834,3.2349999999999848
2002-11-08,-0.1474999999999942,0.13750000000000587
2002-11-11,0.075,0.09
2002-11-12,0.36499999999995103,0.2299999999999518
2002-11-13,1.0200000000000105,0.7050000000000091
2002-11-14,-3.0525000000000317,-3.1325000000000305
2002-11-15,-0.7749999999998854,-0.6349999999998859
2002-11-18,2.305499999999987,1.9284999999999832
2002-11-19,-0.10750000000003447,-0.007500000000037835
2002-11-20,-1.6274999999999946,-2.0724999999999962
2002-11-21,-1.448000000000033,-1.466000000000035
2002-11-22,-1.0269999999999417,-1.0939999999999341
2002-11-25,0.6119999999999305,0.5989999999999189
2002-11-26,1.4555000000000577,1.8235000000000687
2002-11-27,-2.980000000000013,-3.360000000000018
2002-11-28,0.0,0.0
2002-11-29,0.7625000000000052,0.9075000000000084
2002-12-02,0.13949999999999174,-0.03350000000001092
2002-12-03,-0.7045000000000023,-0.3215000000000002
2002-12-04,-1.4104999999999739,-1.203499999999973
2002-12-05,2.3405000000000142,2.643500000000019
2002-12-06,2.4499999999999957,2.329999999999992
2002-12-09,1.3174999999999482,1.3274999999999422
2002-12-10,0.7670000000000434,0.6240000000000482
2002-12-11,0.7229999999999472,0.7459999999999402
2002-12-12,-0.5079999999999975,-0.31599999999999806
2002-12-13,-0.842499999999922,-1.2374999999999101
2002-12-16,-1.0620000000000238,-0.9140000000000236
2002-12-17,0.026999999999934698,-0.00700000000006512
2002-12-18,2.3325000000000284,2.0625000000000284
2002-12-19,1.9924999999999633,2.042499999999963
2002-12-20,-0.004499999999926013,0.07950000000007498
2002-12-23,-0.3105000000000376,-0.45450000000003854
2002-12-24,0.13500000000003928,0.3550000000000479
2002-12-25,0.0,0.0
2002-12-26,-0.3584999999999964,-0.3104999999999972
2002-12-27,1.4309999999999539,1.7429999999999528
2002-12-30,-1.1334999999999367,-0.5454999999999359
2002-12-31,0.9009999999999075,0.5179999999998958
2003-01-01,0.0,0.0
2003-01-02,-5.346999999999959,-5.422999999999959
2003-01-03,-0.028000000000051636,0.0479999999999477
2003-01-06,-1.3144999999999283,-1.3154999999999273
2003-01-07,1.6099999999999428,1.4399999999999358
2003-01-08,-1.367499999999952,-1.3324999999999465
2003-01-09,-4.257499999999958,-4.437499999999955
2003-01-10,-0.9855000000000563,-0.5795000000000621
2003-01-13,1.7079999999999773,1.7569999999999752
2003-01-14,2.167499999999992,2.20749999999999
2003-01-15,-0.23799999999996183,-0.206999999999956
2003-01-16,-0.27249999999997043,-0.23749999999996588
2003-01-17,0.6599999999999536,0.7299999999999468
2003-01-20,0.0,0.0
2003-01-21,-2.312999999999984,-1.858999999999982
2003-01-22,1.4904999999999902,1.496499999999988
2003-01-23,0.29199999999998927,0.07599999999998854
2003-01-24,-0.7919999999999454,-0.44599999999993833
2003-01-27,-1.3765000000000644,-1.4615000000000724
2003-01-28,-1.333499999999934,-1.4384999999999255
2003-01-29,-0.7340000000000225,-0.6740000000000252
2003-01-30,0.7449999999999779,0.7339999999999752
2003-01-31,-0.12749999999999895,-0.21649999999999878
2003-02-03,-0.24250000000001173,-0.21250000000001343
2003-02-04,0.9124999999999834,0.9324999999999811
2003-02-05,-1.0168749999999502,-1.1568749999999377
2003-02-06,1.128749999999938,1.1237499999999314
2003-02-07,-0.3406249999999074,-0.33562499999989703
2003-02-10,-1.193125000000062,-1.3081250000000686
2003-02-11,0.48749999999996396,0.48749999999995997
2003-02-12,2.2737500000000312,2.543750000000035
2003-02-13,2.1593750000000322,2.3093750000000357
2003-02-14,-1.407500000000033,-1.392500000000037
2003-02-17,0.0,0.0
2003-02-18,0.858375000000051,1.0293750000000568
2003-02-19,1.9859999999998996,2.1799999999998887
2003-02-20,0.6796250000000663,0.6206250000000738
2003-02-21,-0.49499999999996624,-0.37999999999996287
2003-02-24,1.1399999999999706,1.2199999999999676
2003-02-25,0.0403749999999256,-0.21062500000007456
2003-02-26,1.1393750000000673,1.1743750000000739
2003-02-27,0.6233750000000513,0.7243750000000565
2003-02-28,1.7943749999999257,1.8393749999999258
2003-03-03,0.4122500000000745,0.3062500000000812
2003-03-04,0.5881249999999066,0.48312499999990716
2003-03-05,0.1643750000000181,-0.10062499999998245
2003-03-06,-1.131250000000027,-1.166250000000027
2003-03-07,1.6856249999999657,1.8356249999999659
2003-03-10,2.4531250000000275,2.7631250000000276
2003-03-11,0.650625000000104,1.0356250000001044
2003-03-12,-0.6393750000000229,-0.6093750000000232
2003-03-13,-5.056874999999971,-5.101874999999971
2003-03-14,1.0446249999998973,1.0306249999998978
2003-03-17,-1.0924999999999938,-0.6474999999999935
2003-03-18,-3.2734999999999053,-3.4024999999999053
2003-03-19,-1.5449999999999335,-1.489999999999934
2003-03-20,-1.0900000000000156,-1.2550000000000172
2003-03-21,-1.4837499999999606,-1.3637499999999607
2003-03-24,3.4625000000000217,3.513500000000021
2003-03-25,0.7537499999999602,0.8877499999999557
2003-03-26,0.7274999999999409,0.7274999999999409
2003-03-27,0.22000000000000455,0.16000000000000453
2003-03-28,1.5950000000000963,1.6550000000000964
2003-03-31,-0.9815000000000095,-1.5905000000000096
2003-04-01,-0.0870000000000372,-0.2470000000000372
2003-04-02,-1.2455000000000032,-1.2505000000000033
2003-04-03,0.7079999999999383,0.7579999999999383
2003-04-04,-0.9154999999999665,-0.9894999999999661
2003-04-07,-1.6619999999999928,-1.6679999999999928
2003-04-08,0.5450000000000293,0.39000000000002943
2003-04-09,1.5879999999999834,1.6129999999999836
2003-04-10,0.5400000000000311,0.5950000000000311
2003-04-11,0.9049999999999457,0.8999999999999457
2003-04-14,-1.1304999999999812,-1.095499999999981
2003-04-15,1.450500000000027,1.385500000000027
2003-04-16,0.684999999999936,0.7349999999999359
2003-04-17,0.8170000000000252,0.9760000000000246
2003-04-18,0.0,0.0
2003-04-21,-0.4382499999999737,-0.4422499999999704
2003-04-22,-0.321875000000039,-0.3718750000000439
2003-04-23,1.744125,1.744125
2003-04-24,3.2512500000000424,3.3562500000000464
2003-04-25,1.1071250000000044,1.1071250000000044
2003-04-28,0.8781249999999982,0.968124999999998
2003-04-29,0.27187499999993425,0.27187499999993425
2003-04-30,3.4531250000001004,3.687125000000111
2003-05-01,0.48249999999995324,0.5174999999999481
2003-05-02,-1.2302499999999363,-1.2542499999999295
2003-05-05,0.820624999999914,0.9156249999999047
2003-05-06,1.135625000000016,1.290625000000017
2003-05-07,4.09012499999994,4.399124999999935
2003-05-08,3.329375000000119,3.574375000000132
2003-05-09,-1.0574999999999988,-1.027499999999998
2003-05-12,-0.04437500000002301,-0.1343750000000228
2003-05-13,2.506249999999966,2.496249999999966
2003-05-14,-1.2850000000000028,-1.2850000000000028
2003-05-15,-6.097249999999969,-6.012249999999968
2003-05-16,5.635750000000039,5.869750000000038
2003-05-19,-0.04087500000008454,-0.14587500000008458
2003-05-20,3.9421250000000256,3.9471250000000255
2003-05-21,-0.3321249999999604,-0.3271249999999604
2003-05-22,1.0843750000000207,1.0183750000000211
2003-05-23,-0.10000000000004838,-0.13000000000004924
2003-05-26,0.0,0.0
2003-05-27,-3.405625000000004,-3.7496250000000035
2003-05-28,0.6437500000000408,0.7437500000000408
2003-05-29,3.2312499999999047,3.4262499999999054
2003-05-30,-0.009999999999893702,-0.0249999999998937
2003-06-02,-0.4350000000000857,-0.3450000000000862
2003-06-03,2.1325000000000327,2.041500000000032
2003-06-04,-4.578375000000064,-5.192375000000062
2003-06-05,0.14375000000009458,0.21875000000009492
2003-06-06,-3.819250000000074,-4.095250000000074
2003-06-09,3.1705000000000805,3.22650000000008
2003-06-10,2.793125000000006,2.843125000000006
2003-06-11,0.16062499999988414,0.4056249999998845
2003-06-12,-0.6019999999999797,-0.7179999999999794
2003-06-13,3.966374999999972,4.172374999999972
2003-06-16,-2.50812499999999,-2.60812499999999
2003-06-17,-3.435000000000009,-3.460000000000008
2003-06-18,-3.8081249999999445,-3.9581249999999457
2003-06-19,2.290125000000061,2.521125000000061
2003-06-20,-1.0900000000000285,-1.1300000000000283
2003-06-23,2.677499999999951,2.6524999999999523
2003-06-24,0.9550000000000695,0.8550000000000689
2003-06-25,-1.7570000000000898,-1.6680000000000905
2003-06-26,-3.0899999999999204,-3.2299999999999205
2003-06-27,0.049499999999931786,0.22049999999993178
2003-06-30,0.820500000000023,0.5895000000000239
2003-07-01,-0.3804999999999644,-0.29949999999996424
2003-07-02,-0.04999999999998927,-0.21999999999998934
2003-07-03,-0.8795000000000364,-0.7655000000000368
2003-07-04,0.0,0.0
2003-07-07,-3.0729999999999453,-3.3969999999999447
2003-07-08,-0.9670000000000294,-0.7330000000000302
2003-07-09,1.149499999999971,1.065499999999972
2003-07-10,2.1675000000000635,2.0875000000000634
2003-07-11,2.5599999999999876,2.669999999999987
2003-07-14,-1.92300000000004,-1.9590000000000407
2003-07-15,-5.607000000000017,-5.811000000000016
2003-07-16,0.46750000000006625,0.8675000000000673
2003-07-17,-0.34800000000001047,-0.38000000000001194
2003-07-18,-0.23700000000008278,-0.21500000000008077
2003-07-21,-6.057499999999971,-6.207499999999973
2003-07-22,0.48699999999999644,0.5099999999999968
2003-07-23,-0.9131249999999815,-1.397499999999981
2003-07-24,0.006250000000022374,0.27625000000002164
2003-07-25,0.42687499999999745,0.6718749999999976
2003-07-28,-2.793250000000023,-2.7662500000000274
2003-07-29,-3.3736249999999925,-3.865624999999992
2003-07-30,2.18487499999996,2.421874999999954
2003-07-31,-3.7779999999999427,-4.454999999999931
2003-08-01,-1.0507500000000294,-1.0237500000000352
2003-08-04,-1.4875000000000014,-1.1987500000000013
2003-08-05,-0.7092499999999766,-1.0843749999999706
2003-08-06,1.6937500000000005,2.1137500000000005
2003-08-07,0.5054999999999971,0.7474999999999964
2003-08-08,-0.061250000000014466,0.08374999999998108
2003-08-11,-1.034249999999988,-1.676249999999984
2003-08-12,-3.6624999999999934,-3.0524999999999927
2003-08-13,-2.10250000000003,-2.432500000000039
2003-08-14,0.08425000000001073,0.07525000000001354
2003-08-15,0.10124999999999336,0.14124999999999216
2003-08-18,-2.7992499999999896,-2.320249999999986
2003-08-19,2.1812499999999857,1.9212499999999813
2003-08-20,-1.2270000000000085,-1.1210000000000115
2003-08-21,-0.8879999999999874,-1.2739999999999834
2003-08-22,0.4105000000000084,0.626500000000011
2003-08-25,-1.1825000000000128,-1.3275000000000168
2003-08-26,-0.2937499999999819,-0.4437499999999757
2003-08-27,-0.6400000000000243,-0.6300000000000326
2003-08-28,-0.2907499999999858,-0.4177499999999811
2003-08-29,-1.1662500000000144,-1.1662500000000138
2003-09-01,0.0,0.0
2003-09-02,-0.821749999999968,-0.8157499999999684
2003-09-03,0.6649999999999866,1.014999999999987
2003-09-04,1.3187499999999837,1.688749999999983
2003-09-05,2.245250000000034,2.0092500000000344
2003-09-08,-1.2475000000000185,-1.6075000000000186
2003-09-09,0.5912500000000033,0.8112500000000032
2003-09-10,1.6387499999999795,1.67874999999998
2003-09-11,0.08974999999991377,-0.2802500000000862
2003-09-12,1.8527500000001202,1.65275000000012
2003-09-15,0.7747499999999791,0.734749999999979
2003-09-16,0.6797499999998945,0.5697499999998945
2003-09-17,0.6652499999999851,0.7752499999999806
2003-09-18,-0.0625,-0.0625
2003-09-19,0.29100000000012294,0.4560000000001229
2003-09-22,0.5449999999998726,0.3799999999998705
2003-09-23,-0.02474999999986021,-0.07912499999985392
2003-09-24,1.4484999999998731,1.8147499999998715
2003-09-25,-1.1397499999998977,-0.9216249999999018
2003-09-26,-0.2849999999999598,0.1175000000000493
2003-09-29,-0.23775000000002847,-0.30275000000003527
2003-09-30,3.0050000000000043,2.970000000000007
2003-10-01,-0.5109999999999818,-0.5459999999999784
2003-10-02,-2.300250000000008,-2.3452500000000094
2003-10-03,-4.631875000000168,-4.7218750000001775
2003-10-06,0.8096250000001781,0.7696250000001901
2003-10-07,-1.4124999999999932,-1.342499999999992
2003-10-08,0.37749999999995637,0.20749999999994762
2003-10-09,-0.30312500000010995,-0.22712500000013192
2003-10-10,2.563125000000137,2.303125000000144
2003-10-13,-0.3,-0.225
2003-10-14,-1.9481249999999948,-1.9981249999999942
2003-10-15,-0.21687500000003612,-0.40687500000004356
2003-10-16,-1.643750000000101,-1.873750000000101
2003-10-17,2.0000000000001203,2.075000000000124
2003-10-20,1.2006249999999636,1.2356249999999562
2003-10-21,0.5124999999999521,0.562499999999963
2003-10-22,-0.46374999999992506,-0.15374999999993033
2003-10-23,-3.18749999999996,-2.797499999999952
2003-10-24,2.796874999999975,2.826874999999971
2003-10-27,-0.4493750000000089,-0.49937500000001117
2003-10-28,1.520625000000018,1.6706250000000218
2003-10-29,-1.8299999999999972,-1.8349999999999962
2003-10-30,-1.364375000000145,-1.4493750000001542
2003-10-31,0.9262500000001485,0.9112500000001582
2003-11-03,-0.06749999999998926,-0.29749999999998766
2003-11-04,2.1037499999998444,1.8787499999998338
2003-11-05,-1.5562499999999657,-1.4312499999999588
2003-11-06,-0.5281249999999936,-0.6431249999999922
2003-11-07,-0.9231250000000324,-0.9791250000000388
2003-11-10,0.4237500000001195,0.41475000000014345
2003-11-11,0.0,0.0
2003-11-12,-1.2643749999999851,-1.3543749999999821
2003-11-13,1.5646249999998467,1.8286249999998203
2003-11-14,1.1066250000000164,1.1826250000000196
2003-11-17,0.8093749999999659,0.879374999999959
2003-11-18,0.09337500000012454,-0.13262499999985464
2003-11-19,-0.41187499999999366,-0.5068749999999924
2003-11-20,0.9247500000000433,1.0257500000000517
2003-11-21,-0.2635000000000496,-0.31450000000005945
2003-11-24,-1.439624999999949,-1.718624999999939
2003-11-25,0.05249999999981578,0.15749999999978292
2003-11-26,-1.644374999999844,-1.7443749999998166
2003-11-27,0.0,0.0
2003-11-28,-1.7781250000000182,-1.838125000000022
2003-12-01,-1.3259999999999745,-1.4419999999999698
2003-12-02,1.0462499999999828,1.2162499999999792
2003-12-03,-0.37249999999995814,-0.06549999999994993
2003-12-04,1.2368749999999424,1.5224999999999316
2003-12-05,3.1712499999999926,3.94299999999999
2003-12-08,-0.852499999999986,-1.1799999999999828
2003-12-09,-1.1637500000000984,-0.9717500000001387
2003-12-10,0.3000000000000902,0.21500000000012862
2003-12-11,2.566875000000026,3.193875000000031
2003-12-12,-1.3218749999999988,-1.8918749999999982
2003-12-15,-0.6606249999999878,-0.7826249999999861
2003-12-16,1.2824999999999862,1.5044999999999833
2003-12-17,0.6812499999999809,0.7912499999999774
2003-12-18,0.44500000000005113,0.4450000000000614
2003-12-19,0.17874999999985414,0.2979999999997757
2003-12-22,-0.9499999999998509,-1.402999999999782
2003-12-23,-1.646875000000061,-2.109500000000071
2003-12-24,2.280000000000021,2.3100000000000254
2003-12-25,0.0,0.0
2003-12-26,0.7499999999999402,1.6649999999998863
2003-12-29,-1.4037499999999439,-1.7029999999998913
2003-12-30,-0.37499999999998296,-0.64999999999998
2003-12-31,0.26249999999997975,0.6599999999999758
2004-01-01,0.0,0.0
2004-01-02,-0.8556249999999984,-0.3974999999999985
2004-01-05,0.2525000000000532,0.29500000000006227
2004-01-06,2.754124999999861,3.5804999999998195
2004-01-07,1.3542500000001492,1.576000000000191
2004-01-08,0.08812499999999632,0.20749999999999522
2004-01-09,3.7287499999999323,4.564999999999921
2004-01-12,-0.0003750000001752142,0.26249999999980583
2004-01-13,-0.6564999999998221,-0.4249999999998028
2004-01-14,1.1768750000000645,1.3335000000000752
2004-01-15,-0.23750000000022783,-0.3100000000002527
2004-01-16,-0.49374999999979224,-0.7399999999997706
2004-01-19,0.0,0.0
2004-01-20,-1.3075000000001968,-1.6150000000002134
2004-01-21,-1.7241249999997668,-1.8744999999997454
2004-01-22,-0.43400000000004,-0.1480000000000464
2004-01-23,1.544000000000033,1.678000000000037
2004-01-26,-1.462500000000063,-1.832500000000071
2004-01-27,0.5924999999999865,0.8674999999999844
2004-01-28,-4.522499999999939,-4.312499999999932
2004-01-29,-2.3385000000002187,-2.318500000000224
2004-01-30,2.7910000000001904,2.6360000000001924
2004-02-02,-0.14499999999999508,0.10000000000000492
2004-02-03,0.33175000000001825,0.5130000000000211
2004-02-04,-1.4087500000002007,-1.4450000000002063
2004-02-05,-0.5411249999997996,-1.185499999999794
2004-02-06,2.949874999999969,3.2304999999999637
2004-02-09,1.165749999999974,0.9969999999999712
2004-02-10,-1.184500000000101,-1.1420000000000927
2004-02-11,3.7218750000001863,3.9225000000001904
2004-02-12,0.030624999999835062,0.027499999999833925
2004-02-13,1.0632500000001115,1.2920000000001044
2004-02-16,0.0,0.0
2004-02-17,0.3774999999999918,0.29249999999999127
2004-02-18,-1.1350000000000302,-1.0300000000000349
2004-02-19,1.0380000000000733,0.9380000000000834
2004-02-20,-0.7055000000000172,-0.8155000000000194
2004-02-23,0.09249999999977063,-0.007500000000237378
2004-02-24,1.1505000000000853,1.0255000000000962
2004-02-25,0.3374999999999318,0.38749999999991475
2004-02-26,0.059500000000148476,-0.060499999999852665
2004-02-27,1.5050000000001074,1.5300000000001193
2004-03-01,1.5224999999999211,1.4724999999999018
2004-03-02,-2.6445000000000265,-2.7045000000000323
2004-03-03,-1.3236250000000735,-1.3336250000000645
2004-03-04,2.142375000000182,2.1873750000001833
2004-03-05,6.280749999999903,6.540749999999892
2004-03-08,0.14300000000004712,0.3330000000000511
2004-03-09,3.807500000000026,3.652500000000026
2004-03-10,-1.1355000000000766,-1.0705000000000766
2004-03-11,0.24000000000007762,0.22000000000007763
2004-03-12,0.2504999999999478,0.10049999999994784
2004-03-15,1.2395000000000367,0.9045000000000407
2004-03-16,1.0974999999997959,1.2424999999997708
2004-03-17,1.726000000000046,1.6360000000000456
2004-03-18,0.014000000000023646,-0.30099999999997634
2004-03-19,-0.24400000000002164,-0.37900000000002165
2004-03-22,3.761499999999974,3.221499999999974
2004-03-23,0.15599999999996908,0.26999999999997004
2004-03-24,-2.648500000000001,-2.542500000000002
2004-03-25,-1.6849999999998013,-1.4349999999998015
2004-03-26,-3.997499999999961,-3.9674999999999607
2004-03-29,-3.7100000000000217,-3.6700000000000217
2004-03-30,2.1575000000000424,1.9175000000000422
2004-03-31,5.76249999999994,5.322499999999939
2004-04-01,-0.13100000000016443,-0.48100000000016446
2004-04-02,-4.568999999999807,-4.7239999999998075
2004-04-05,-1.7100000000002307,-1.7300000000002307
2004-04-06,0.17212500000002956,0.39150000000002955
2004-04-07,0.26749999999999324,0.20999999999999383
2004-04-08,0.16312499999999902,0.057499999999998455
2004-04-09,0.0,0.0
2004-04-12,-3.2777499999998305,-3.4189999999998326
2004-04-13,-5.147875000000089,-5.628500000000074
2004-04-14,-0.3806250000000181,-0.687500000000021
2004-04-15,-2.4681250000000414,-2.7681250000000412
2004-04-16,2.308124999999984,2.4381249999999843
2004-04-19,-0.5971249999998041,-0.6121249999998041
2004-04-20,-1.894750000000196,-2.079750000000199
2004-04-21,-0.9346249999999479,-1.1796249999999393
2004-04-22,0.5468750000001454,0.7318750000001392
2004-04-23,-1.1424999999999679,-1.2174999999999627
2004-04-26,0.6827499999998141,0.5677499999998135
2004-04-27,1.9575000000000138,2.377500000000016
2004-04-28,-3.064000000000049,-3.244000000000057
2004-04-29,-1.126249999999815,-1.0812499999998137
2004-04-30,1.3311250000000345,1.5361250000000413
2004-05-03,-0.23000000000020923,-0.15000000000021949
2004-05-04,0.24262500000015336,0.22262500000015223
2004-05-05,-1.2120000000001037,-1.4770000000000925
2004-05-06,-2.4248749999998944,-3.1498749999999056
2004-05-07,-4.196875000000135,-4.391875000000131
2004-05-10,-3.3732499999998695,-3.893249999999875
2004-05-11,1.6362500000000055,1.6293750000000065
2004-05-12,-0.5462500000001145,-0.6843750000001088
2004-05-13,-1.0012500000000149,-1.251875000000018
2004-05-14,1.1402500000001325,1.278375000000136
2004-05-17,1.7337499999998829,2.2906249999998836
2004-05-18,-1.1239999999998862,-1.453999999999888
2004-05-19,0.29274999999988616,0.602749999999888
2004-05-20,-0.5487500000000161,-0.8687500000000211
2004-05-21,-0.4602499999999775,-0.5902499999999706
2004-05-24,1.69775,2.222750000000001
2004-05-25,0.9835000000001083,1.4235000000001037
2004-05-26,0.4362500000000102,0.4062500000000136
2004-05-27,1.0724999999998541,1.117499999999845
2004-05-28,-0.06224999999986221,0.09275000000014398
2004-05-31,0.0,0.0
2004-06-01,0.7910000000000098,1.556000000000013
2004-06-02,-0.17500000000000512,-0.1400000000000068
2004-06-03,-0.2935000000001172,-0.6485000000001166
2004-06-04,-0.09999999999988658,-0.12999999999988884
2004-06-07,0.15474999999988662,-0.09025000000011169
2004-06-08,-0.03199999999986685,-0.24599999999988587
2004-06-09,-0.6280000000001579,-0.5380000000001641
2004-06-10,-0.3882499999998401,-0.8332499999998343
2004-06-11,0.0,0.0
2004-06-14,-1.227499999999983,-1.2674999999999779
2004-06-15,1.8299999999999836,1.849999999999978
2004-06-16,0.30949999999998573,0.2894999999999835
2004-06-17,0.4792500000000204,0.5652500000000269
2004-06-18,-0.368750000000029,-0.37375000000003866
2004-06-21,0.90000000000002,0.985000000000026
2004-06-22,-0.5102500000000078,-0.5372500000000111
2004-06-23,0.21625000000002037,0.16125000000002832
2004-06-24,0.7124999999999727,1.0962499999999507
2004-06-25,-0.18874999999998046,-0.2356249999999629
2004-06-28,-3.7327499999999927,-4.705124999999991
2004-06-29,-0.07100000000003184,0.029499999999960346
2004-06-30,1.4449999999998164,2.142499999999806
2004-07-01,0.04475000000017944,0.2101250000001889
2004-07-02,2.687750000000043,3.2961250000000524
2004-07-05,0.0,0.0
2004-07-06,-0.6137500000000508,-0.7446250000000721
2004-07-07,-0.2550000000001573,-0.26250000000015755
2004-07-08,-0.24999999999983047,-0.21499999999982716
2004-07-09,0.6018749999998219,0.6518749999998066
2004-07-12,0.2099999999999801,0.2499999999999722
2004-07-13,-0.028749999999788632,-0.19099999999976316
2004-07-14,0.15249999999999528,0.08099999999999317
2004-07-15,-0.433124999999976,-0.5124999999999673
2004-07-16,3.5287499999998087,4.369999999999792
2004-07-19,0.8406250000002093,0.8815000000002293
2004-07-20,-1.9500000000000033,-2.6200000000000037
2004-07-21,-0.7406249999999809,-1.2674999999999748
2004-07-22,1.7868749999999114,1.897499999999883
2004-07-23,-0.08812499999996588,0.13750000000004545
2004-07-26,-1.4999999999999536,-1.8899999999999386
2004-07-27,-1.614375,-2.1925
2004-07-28,1.976249999999746,2.2269999999996886
2004-07-29,0.7637500000002437,0.9900000000002979
2004-07-30,1.5799999999999723,2.0179999999999625
2004-08-02,0.4084999999999784,0.6019999999999707
2004-08-03,-0.11624999999997535,-0.024999999999965713
2004-08-04,-1.0310000000000021,-1.1480000000000028
2004-08-05,0.3931250000000105,0.7275000000000134
2004-08-06,3.6526249999999822,4.9514999999999745
2004-08-09,-1.0126249999999366,-1.1814999999999274
2004-08-10,-0.7668750000000853,-1.0925000000000995
2004-08-11,1.155000000000007,1.160000000000008
2004-08-12,1.3630000000000744,1.4450000000000867
2004-08-13,1.7651249999999883,2.0724999999999865
2004-08-16,-1.5070000000000154,-1.510000000000018
2004-08-17,0.16749999999996362,0.4274999999999507
2004-08-18,0.42100000000007676,0.39400000000008767
2004-08-19,-0.5125000000000874,-0.46750000000010006
2004-08-20,0.002500000000008049,0.08750000000000928
2004-08-23,-2.6824999999999344,-2.9404999999999175
2004-08-24,0.8450000000000019,0.8870000000000022
2004-08-25,1.5149999999999637,1.519999999999959
2004-08-26,1.7659999999999623,1.8329999999999578
2004-08-27,0.8600000000000857,0.8100000000001062
2004-08-30,-1.0460000000000833,-0.9352500000000935
2004-08-31,1.3450000000000455,1.7537500000000539
2004-09-01,-1.8293750000000826,-1.7993750000001003
2004-09-02,-2.115000000000001,-2.664999999999999
2004-09-03,-1.7381249999999204,-2.0081249999999122
2004-09-06,0.0,0.0
2004-09-07,0.3243749999999919,-0.030625000000008912
2004-09-08,2.5406250000000457,2.6856250000000506
2004-09-09,-0.3961250000000265,-0.41912500000002945
2004-09-10,0.3911249999999574,0.09912499999995267
2004-09-13,2.7412499999999778,2.8912499999999755
2004-09-14,1.3225000000000564,1.2625000000000626
2004-09-15,-0.07374999999998845,0.04425000000001255
2004-09-16,3.7324999999999724,3.7874999999999694
2004-09-17,0.2756249999999707,0.3256249999999673
2004-09-20,2.542500000000028,2.4525000000000308
2004-09-21,1.5668749999999563,1.7518749999999514
2004-09-22,2.272500000000069,2.2725000000000772
2004-09-23,-0.26375000000006144,-0.41875000000006823
2004-09-24,0.4681249999999471,0.3651249999999411
2004-09-27,-0.5312500000000174,-0.47125000000001893
2004-09-28,-0.7849999999999283,-0.8099999999999203
2004-09-29,-1.1531250000000848,-1.1581250000000953
2004-09-30,0.6781249999996876,0.7081249999996279
2004-10-01,-0.4584999999996154,-0.2074999999995285
2004-10-04,2.263750000000019,2.268750000000023
2004-10-05,-0.040000000000003914,0.18999999999999517
2004-10-06,-2.7212500000000257,-2.6862500000000282
2004-10-07,1.2818750000000467,1.4668750000000528
2004-10-08,4.144374999999955,4.349374999999949
2004-10-11,-0.12,-0.105
2004-10-12,1.9399999999999282,1.8499999999999284
2004-10-13,-1.2893749999998898,-1.267374999999889
2004-10-14,-0.9600000000000262,-1.292000000000027
2004-10-15,-4.854375000000085,-5.022375000000085
2004-10-18,1.7016250000000628,1.6196250000000603
2004-10-19,0.23875000000001972,0.3387500000000215
2004-10-20,-0.22987500000037286,-0.45787500000041437
2004-10-21,1.8892500000003938,2.077250000000435
2004-10-22,0.687874999999916,0.3658749999999147
2004-10-25,-1.7584999999999567,-1.745499999999952
2004-10-26,0.13474999999992088,0.28174999999991235
2004-10-27,-3.617499999999911,-3.7754999999999126
2004-10-28,0.8831249999997087,0.9451249999996696
2004-10-29,2.4943750000002285,2.4623750000002618
2004-11-01,-0.10937500000001128,-0.13437500000001182
2004-11-02,2.4531250000000075,2.7731250000000083
2004-11-03,0.3062500000000057,0.3212500000000063
2004-11-04,1.2718750000000432,1.2868750000000477
2004-11-05,-3.833124999999962,-3.9331249999999587
2004-11-08,-0.3218750000000546,-0.3918750000000603
2004-11-09,-0.7843749999999537,-0.8443749999999541
2004-11-10,0.7193749999999327,0.7953749999999323
2004-11-11,2.04,2.04
2004-11-12,0.854375000000032,0.9243750000000326
2004-11-15,-0.6350000000000023,-0.6050000000000026
2004-11-16,-2.1112500000000525,-2.127250000000052
2004-11-17,2.8199999999999874,3.0319999999999854
2004-11-18,-0.05374999999987617,-0.17374999999987398
2004-11-19,-0.14625000000003582,-0.035000000000036564
2004-11-22,1.2437500000000075,1.2600000000000062
2004-11-23,0.22812499999996871,0.3504999999999707
2004-11-24,1.1797500000000583,1.4230000000000564
2004-11-25,0.0,0.0
2004-11-26,0.6177499999999593,0.7869999999999615
2004-11-29,-1.3071250000000376,-1.0695000000000379
2004-11-30,0.4771250000000294,0.5745000000000285
2004-12-01,2.859499999999646,3.0054999999996252
2004-12-02,-0.14449999999970978,-0.17649999999966962
2004-12-03,2.880000000000007,3.0600000000000067
2004-12-06,-0.6774999999999295,-0.7374999999999288
2004-12-07,0.7969999999999693,0.5889999999999697
2004-12-08,0.4026250000000013,0.3266250000000016
2004-12-09,-0.4474999999999683,-0.4874999999999681
2004-12-10,0.14500000000002855,0.055000000000027464
2004-12-13,-1.7151249999999962,-1.669124999999996
2004-12-14,-0.46812500000006757,-0.4581250000000673
2004-12-15,3.999249999999986,4.135249999999987
2004-12-16,-3.8329999999999185,-3.6939999999999187
2004-12-17,1.1575000000000646,1.2475000000000644
2004-12-20,0.8394999999999773,0.8394999999999773
2004-12-21,0.3900000000000317,0.36000000000003085
2004-12-22,-0.08749999999995897,-0.05749999999995808
2004-12-23,-0.4560000000000883,-0.41200000000008874
2004-12-24,0.0,0.0
2004-12-27,-2.676499999999943,-2.805499999999937
2004-12-28,-1.3449999999999789,-1.4849999999999755
2004-12-29,1.0989999999999969,1.0379999999999956
2004-12-30,2.5134999999999046,2.7094999999998928
2004-12-31,1.4615000000000438,1.5455000000000494
2005-01-03,-0.13899999999995377,-0.2779999999999489
2005-01-04,-4.0099999999999945,-4.294999999999993
2005-01-05,0.364999999999941,0.40499999999993275
2005-01-06,-3.81650000000001,-3.8325000000000107
2005-01-07,2.266500000000072,2.387500000000081
2005-01-10,1.0485000000000064,1.1225000000000067
2005-01-11,1.0224999999999294,1.092499999999921
2005-01-12,4.7474999999999925,4.822499999999992
2005-01-13,1.2875000000000227,1.317500000000026
2005-01-14,1.502999999999953,1.463999999999947
2005-01-17,0.0,0.0
2005-01-18,0.6070000000000154,0.5610000000000165
2005-01-19,0.26250000000007045,0.2975000000000796
2005-01-20,-1.1375000000000317,-1.1625000000000352
2005-01-21,1.582499999999945,1.7574999999999386
2005-01-24,-0.2084999999999773,-0.212499999999974
2005-01-25,-3.5265000000000066,-3.91812500000001
2005-01-26,0.5393750000000364,0.6193750000000452
2005-01-27,0.36124999999995,0.1912499999999379
2005-01-28,2.9687500000000564,3.288750000000071
2005-01-31,0.7152499999999665,0.9072499999999576
2005-02-01,0.13562500000006938,0.19562500000008706
2005-02-02,1.4131249999999156,1.463124999999895
2005-02-03,-0.7581250000000045,-0.7881250000000056
2005-02-04,2.80562500000004,3.045625000000049
2005-02-07,-1.30625,-1.4112500000000003
2005-02-08,0.9289999999999938,0.9069999999999931
2005-02-09,2.8137500000000593,3.013750000000066
2005-02-10,-3.9437500000000028,-3.993750000000004
2005-02-11,-0.4543750000001108,-0.4443750000001232
2005-02-14,-0.7743749999999637,-0.7793749999999591
2005-02-15,-0.756125000000034,-0.8541250000000384
2005-02-16,0.6893750000000699,0.6493750000000779
2005-02-17,0.22124999999998235,0.32624999999998106
2005-02-18,-1.3348749999999572,-1.3758749999999513
2005-02-21,0.0,0.0
2005-02-22,-4.674375000000078,-4.679375000000087
2005-02-23,1.0173750000000343,0.9983750000000385
2005-02-24,-1.9587500000000253,-1.9837500000000312
2005-02-25,-0.75062500000002,-0.75062500000002
2005-02-28,-5.06899999999992,-5.308999999999902
2005-03-01,0.9133749999999538,0.8333749999999415
2005-03-02,0.9699999999999952,0.9849999999999958
2005-03-03,0.11999999999996686,0.09499999999996171
2005-03-04,3.9775000000000493,4.042500000000057
2005-03-07,3.4300000000000175,3.3600000000000176
2005-03-08,-0.1700000000000665,-0.16000000000006648
2005-03-09,-5.397499999999942,-5.332499999999942
2005-03-10,-2.167499999999981,-2.062499999999979
2005-03-11,-4.5100000000000176,-4.480000000000016
2005-03-14,-0.8787500000000251,-0.9437500000000335
2005-03-15,-5.707250000000016,-5.517250000000016
2005-03-16,1.21350000000002,1.18350000000002
2005-03-17,2.8199999999999994,2.8149999999999977
2005-03-18,1.400624999999969,1.2656249999999623
2005-03-21,0.20250000000002646,-0.08749999999996953
2005-03-22,0.09374999999998945,0.03374999999998945
2005-03-23,0.43937499999997476,0.17437499999997397
2005-03-24,0.4881249999999898,0.4581249999999898
2005-03-25,0.0,0.0
2005-03-28,-1.7589999999999812,-1.8199999999999703
2005-03-29,2.125250000000001,2.256249999999991
2005-03-30,1.5375000000000016,1.6175000000000113
2005-03-31,2.2884999999999773,2.4224999999999772
2005-04-01,-1.3647500000000024,-1.2437500000000026
2005-04-04,0.735000000000013,0.595000000000014
2005-04-05,1.3912500000000008,1.0912500000000005
2005-04-06,0.8175000000000014,0.957500000000002
2005-04-07,0.9125000000000087,0.9525000000000077
2005-04-08,2.1957499999999928,2.3837499999999925
2005-04-11,0.5592500000000021,0.721250000000003
2005-04-12,1.0799999999999892,1.1449999999999882
2005-04-13,1.0512500000000073,1.096250000000009
2005-04-14,-1.6749999999999934,-1.7699999999999942
2005-04-15,1.3650000000000035,1.3400000000000034
2005-04-18,1.356249999999993,1.356249999999993
2005-04-19,-1.4674999999999956,-1.312499999999997
2005-04-20,-0.9337499999999873,-0.9456249999999822
2005-04-21,-0.46062500000000256,-0.5606250000000071
2005-04-22,1.3834999999999888,1.3984999999999863
2005-04-25,-2.6641250000000185,-2.6291250000000197
2005-04-26,-1.1256249999999923,-1.1456249999999935
2005-04-27,2.771250000000007,2.7612500000000093
2005-04-28,2.0291250000000196,2.079125000000029
2005-04-29,2.4399999999999658,2.3699999999999526
2005-05-02,3.091125000000005,2.936125000000005
2005-05-03,3.280000000000019,3.120000000000023
2005-05-04,1.453749999999988,1.5287499999999898
2005-05-05,0.7150000000000141,0.8450000000000164
2005-05-06,-2.5049999999999906,-2.624999999999991
2005-05-09,-0.6468750000000006,-0.7024999999999961
2005-05-10,-1.5068750000000153,-1.471875000000019
2005-05-11,1.9999999999999585,1.9799999999999496
2005-05-12,1.9995000000000438,2.05450000000005
2005-05-13,0.3630000000000171,0.42300000000001936
2005-05-16,-1.7986249999999941,-1.833624999999991
2005-05-17,1.029874999999957,1.0548749999999485
2005-05-18,0.5512500000000229,0.6062500000000297
2005-05-19,-0.6150000000000156,-0.6700000000000225
2005-05-20,-1.9617500000000008,-1.9967499999999971
2005-05-23,-5.148124999999986,-5.058124999999983
2005-05-24,2.111874999999966,2.1368749999999577
2005-05-25,-0.11949999999997835,-0.08949999999997835
2005-05-26,-1.4742500000000027,-1.4342500000000027
2005-05-27,3.8467500000000467,3.791750000000057
2005-05-30,0.0,0.0
2005-05-31,1.5649999999999862,1.6549999999999847
2005-06-01,1.5981250000000102,1.7881250000000108
2005-06-02,4.546875000000007,4.546875000000007
2005-06-03,-3.4967500000000307,-3.576750000000034
2005-06-06,-1.3393749999999627,-1.2024999999999526
2005-06-07,1.1473749999999352,1.4054999999999205
2005-06-08,1.032500000000017,0.8050000000000239
2005-06-09,-0.48987499999997564,-0.5754999999999761
2005-06-10,1.1418749999999374,0.7224999999999288
2005-06-13,-2.230749999999953,-2.3019999999999454
2005-06-14,-0.9262499999999723,-0.9999999999999689
2005-06-15,-1.4545000000000576,-1.362000000000063
2005-06-16,1.0537500000000062,1.2700000000000038
2005-06-17,-2.628000000000008,-2.693000000000009
2005-06-20,-2.8893750000000034,-2.9825000000000044
2005-06-21,4.004249999999952,4.172999999999945
2005-06-22,3.665750000000053,4.132000000000058
2005-06-23,-0.03937499999999927,-0.18749999999999586
2005-06-24,-0.7982500000000547,-0.7982500000000547
2005-06-27,2.411250000000023,2.411250000000023
2005-06-28,-0.5040000000000074,-0.5640000000000075
2005-06-29,2.133750000000049,2.133750000000049
2005-06-30,2.8987499999999495,2.8987499999999495
2005-07-01,-1.8724999999999818,-1.8724999999999818
2005-07-04,-0.029999999999972715,-0.029999999999972715
2005-07-05,-6.423500000000015,-6.423500000000015
2005-07-06,0.5399999999999523,0.5399999999999523
2005-07-07,-0.49149999999995025,-0.49149999999995025
2005-07-08,2.508749999999971,2.508749999999971
2005-07-11,2.3502500000000373,2.3502500000000373
2005-07-12,-1.7689999999999877,-1.7689999999999877
2005-07-13,-0.43625000000003544,-0.43625000000003544
2005-07-14,-0.9287500000000382,-1.0487500000000436
2005-07-15,0.07375000000001208,-0.06624999999998848
2005-07-18,-0.6799999999999516,-0.754999999999942
2005-07-19,3.1302499999999305,3.31524999999992
2005-07-20,1.869375000000009,2.1393750000000087
2005-07-21,0.10474999999999726,0.4047499999999973
2005-07-22,-0.9112499999999673,-0.9112499999999673
2005-07-25,-2.308749999999996,-2.1687499999999957
2005-07-26,0.5375000000000216,0.37750000000002165
2005-07-27,0.39987499999998655,0.29987499999998657
2005-07-28,1.7138749999999534,1.5238749999999532
2005-07-29,1.082500000000051,1.252500000000051
2005-08-01,0.293124999999975,0.45312499999997496
2005-08-02,-1.0212499999999878,-1.111874999999988
2005-08-03,2.4867500000000096,2.8036250000000096
2005-08-04,0.2937499999999829,0.3281249999999829
2005-08-05,-0.8037500000000181,-0.965625000000018
2005-08-08,-1.9062499999999838,-2.0218749999999837
2005-08-09,2.0457499999999986,2.0657500000000066
2005-08-10,0.4799999999999756,0.3299999999999756
2005-08-11,0.7550000000000356,0.6850000000000356
2005-08-12,-0.2537500000000176,0.03624999999998245
2005-08-15,4.218000000000011,4.52800000000001
2005-08-16,0.6762499999999853,0.7162499999999852
2005-08-17,-3.0632499999999827,-3.2332499999999826
2005-08-18,-0.3037499999999971,-0.2687499999999971
2005-08-19,-2.8080000000000025,-2.783000000000002
2005-08-22,0.144250000000007,0.094250000000007
2005-08-23,-2.2637500000000244,-2.1837500000000243
2005-08-24,-1.798999999999985,-1.7639999999999851
2005-08-25,4.677499999999979,4.7774999999999785
2005-08-26,-1.3649999999999816,-1.2849999999999817
2005-08-29,-0.4312500000000159,-0.4662500000000159
2005-08-30,1.8545000000000071,1.8945000000000072
2005-08-31,3.5800000000000027,3.860000000000003
2005-09-01,-1.325749999999987,-1.477624999999987
2005-09-02,3.915749999999992,4.087624999999992
2005-09-05,0.0,0.0
2005-09-06,-1.935000000000002,-2.2625000000000033
2005-09-07,-0.4220000000000184,-0.4095000000000184
2005-09-08,0.7100000000000206,0.7600000000000207
2005-09-09,1.8999999999999864,1.9099999999999862
2005-09-12,0.9307500000000202,1.1107500000000203
2005-09-13,-1.6837499999999856,-1.6537499999999856
2005-09-14,-0.24262500000002685,-0.24262500000002685
2005-09-15,0.01625000000002219,0.01625000000002219
2005-09-16,-1.6381250000000163,-1.6381250000000163
2005-09-19,1.1294999999999842,1.1294999999999842
2005-09-20,-0.37124999999997443,-0.37124999999997443
2005-09-21,1.6617499999999985,1.6617499999999985
2005-09-22,-1.7393749999999888,-1.7393749999999888
2005-09-23,-0.18800000000003703,-0.18800000000003703
2005-09-26,-0.4176249999999747,-0.4176249999999747
2005-09-27,-0.04750000000001717,-0.04750000000001717
2005-09-28,1.9312500000000286,1.9312500000000286
2005-09-29,1.1549999999999638,1.1549999999999638
2005-09-30,-0.12112499999997817,-0.12112499999997817
2005-10-03,-1.6332499999999754,-1.6332499999999754
2005-10-04,2.2937499999999633,2.3156249999999634
2005-10-05,0.9157500000000329,0.9376250000000329
2005-10-06,-2.882000000000025,-2.882000000000025
2005-10-07,1.6000000000000163,1.6250000000000162
2005-10-10,0.2650000000000136,0.27000000000000907
2005-10-11,-0.7092500000000247,-0.7658750000000254
2005-10-12,-6.073749999999987,-6.443124999999986
2005-10-13,0.8067500000000126,0.7927500000000124
2005-10-14,1.3212499999999856,1.4112499999999855
2005-10-17,1.0090000000000072,1.0830000000000077
2005-10-18,1.1500000000000057,1.1500000000000057
2005-10-19,0.49124999999998414,0.5212499999999837
2005-10-20,-0.5377500000000071,-0.5455000000000072
2005-10-21,0.36687500000001527,0.45375000000000903
2005-10-24,0.9577500000000003,0.9154999999999931
2005-10-25,-0.14900000000000935,-0.26800000000000207
2005-10-26,-1.0209999999999892,-1.1969999999999947
2005-10-27,0.7768749999999881,0.8987499999999906
2005-10-28,2.1691250000000175,2.406125000000015
2005-10-31,1.497499999999983,1.6174999999999808
2005-11-01,0.9256250000000052,1.045625000000006
2005-11-02,0.8662500000000053,1.0162500000000072
2005-11-03,-1.1699999999999917,-1.1549999999999876
2005-11-04,-0.06375000000000901,-0.023750000000018645
2005-11-07,0.8631250000000142,0.898125000000023
2005-11-08,0.0019999999999833562,0.08349999999997922
2005-11-09,1.0199999999999931,1.0899999999999863
2005-11-10,2.4100000000000223,2.320000000000033
2005-11-11,-1.17,-1.17
2005-11-14,-0.7300000000000122,-0.6650000000000146
2005-11-15,1.9739999999999869,1.9189999999999805
2005-11-16,1.1250000000000313,1.050000000000043
2005-11-17,0.8449999999999811,0.8099999999999702
2005-11-18,-0.1650000000000155,-0.12000000000001378
2005-11-21,0.35500000000002,0.30500000000002286
2005-11-22,0.2849999999999903,0.24999999999999378
2005-11-23,1.4950000000000208,1.525000000000022
2005-11-24,-0.045000000000001705,-0.09000000000000341
2005-11-25,1.1659999999999773,1.304124999999968
2005-11-28,2.075,2.111250000000004
2005-11-29,0.2650000000000139,0.12125000000001677
2005-11-30,1.0799999999999914,1.0174999999999914
2005-12-01,0.46499999999999775,0.38999999999999774
2005-12-02,1.9790000000000136,1.9790000000000136
2005-12-05,-3.175000000000003,-3.293750000000003
2005-12-06,4.08599999999998,4.298499999999979
2005-12-07,0.02000000000000002,-0.029999999999999978
2005-12-08,-2.895999999999975,-2.7147499999999747
2005-12-09,-5.444000000000019,-5.669000000000018
2005-12-12,-2.4349999999999943,-2.4724999999999944
2005-12-13,-0.8250000000000056,-0.7687500000000056
2005-12-14,-1.9749999999999968,-1.7499999999999967
2005-12-15,0.12099999999999203,0.09599999999999202
2005-12-16,-1.2859999999999872,-1.2172499999999873
2005-12-19,-1.1550000000000162,-1.1550000000000162
2005-12-20,2.001000000000007,1.951000000000007
2005-12-21,1.5549999999999864,1.4924999999999864
2005-12-22,-1.8209999999999813,-1.7259999999999742
2005-12-23,-1.7250000000000065,-1.6100000000000088
2005-12-26,0.0,0.0
2005-12-27,-1.7402499999999936,-1.7602499999999897
2005-12-28,-0.9360000000000187,-0.9110000000000272
2005-12-29,5.755000000000024,5.765000000000029
2005-12-30,0.08124999999999637,0.08124999999999637
2006-01-02,0.0,0.0
2006-01-03,-3.4550000000000054,-3.5150000000000055
2006-01-04,2.4799999999999875,2.5999999999999868
2006-01-05,0.030000000000003274,-0.05999999999999636
2006-01-06,2.277999999999999,2.381999999999999
2006-01-09,1.9700000000000102,1.9
2006-01-10,-2.7887499999999794,-2.743749999999981
2006-01-11,-0.3217500000000309,-0.2507500000000321
2006-01-12,1.2205,1.2145
2006-01-13,-0.06424999999997498,-0.03324999999997426
2006-01-16,0.0,0.0
2006-01-17,2.797499999999987,2.727499999999987
2006-01-18,2.032499999999991,2.0224999999999906
2006-01-19,1.8137500000000135,1.8637500000000138
2006-01-20,-0.29374999999999385,-0.3137499999999995
2006-01-23,-2.2792499999999927,-2.2092499999999924
2006-01-24,-2.057000000000009,-2.0170000000000026
2006-01-25,-2.8527500000000106,-2.662750000000012
2006-01-26,-0.032500000000005455,0.052499999999992275
2006-01-27,1.2837500000000037,1.338750000000008
2006-01-30,-0.6587499999999941,-0.6487499999999929
2006-01-31,-0.8287500000000014,-0.7037500000000061
2006-02-01,0.6950000000000278,0.6450000000000204
2006-02-02,-3.060000000000016,-2.9000000000000106
2006-02-03,-1.7350000000000212,-1.560000000000017
2006-02-06,1.8012500000000378,1.7400000000000286
2006-02-07,-0.007500000000024465,-0.2650000000000188
2006-02-08,-1.5850000000000037,-1.3200000000000025
2006-02-09,-0.443750000000008,-0.24000000000000402
2006-02-10,0.8362500000000038,0.7599999999999958
2006-02-13,-0.7374999999999964,-0.7649999999999918
2006-02-14,1.45625000000001,1.550000000000003
2006-02-15,-1.6699999999999986,-1.5549999999999804
2006-02-16,1.199999999999996,1.2749999999999961
2006-02-17,0.5199999999999813,0.5899999999999699
2006-02-20,0.0,0.0
2006-02-21,-1.4799999999999813,-1.3612499999999697
2006-02-22,1.7999999999999896,1.4987499999999963
2006-02-23,-1.1600000000000041,-0.92500000000002
2006-02-24,-1.2399999999999958,-0.9637499999999958
2006-02-27,-0.12,-0.038749999999980675
2006-02-28,0.11,-0.15000000000002273
2006-03-01,1.5040000000000027,1.5140000000000253
2006-03-02,-3.7239999999999984,-3.266500000000013
2006-03-03,-1.8159999999999934,-1.5734999999999992
2006-03-06,-1.469999999999998,-1.5750000000000022
2006-03-07,-0.5199999999999972,-0.6324999999999876
2006-03-08,-0.6609999999999984,-0.7824999999999988
2006-03-09,-0.5090000000000028,-0.3500000000000041
2006-03-10,0.03400000000000457,0.2437500000000059
2006-03-13,1.1097499999999878,0.8837499999999838
2006-03-14,0.3492499999999961,0.4812500000000057
2006-03-15,1.4875000000000127,1.537500000000007
2006-03-16,1.386249999999983,1.096249999999974
2006-03-17,-0.64374999999999,-0.8937499999999791
2006-03-20,-1.1012499999999705,-1.4762499999999603
2006-03-21,-2.9337500000000145,-2.9637500000000183
2006-03-22,-0.9184999999999988,-1.0354999999999952
2006-03-23,0.1662500000000101,0.006250000000011187
2006-03-24,0.6712499999999884,0.8332499999999876
2006-03-27,-3.2412499999999893,-3.42124999999999
2006-03-28,0.12849999999997602,0.09649999999997458
2006-03-29,-0.6962499999999965,-0.6062499999999965
2006-03-30,-0.2812499999999912,-0.09124999999999091
2006-03-31,-2.693249999999999,-2.327249999999999
2006-04-03,0.9807500000000171,1.0647500000000178
2006-04-04,-0.32950000000001606,-0.4735000000000165
2006-04-05,-2.3682500000000024,-2.580250000000002
2006-04-06,-3.340499999999984,-3.2944999999999833
2006-04-07,-1.4525000000000023,-1.4725000000000021
2006-04-10,0.9637499999999851,0.9237499999999845
2006-04-11,0.662749999999997,0.682749999999997
2006-04-12,1.955000000000009,1.8050000000000095
2006-04-13,-0.6850000000000156,-0.7050000000000209
2006-04-14,0.0,0.0
2006-04-17,0.6640000000000106,0.750000000000014
2006-04-18,0.36099999999998783,0.5949999999999849
2006-04-19,-0.3062500000000007,-0.34624999999999984
2006-04-20,0.3450000000000118,0.27500000000001296
2006-04-21,-0.9372499999999807,-0.8972499999999716
2006-04-24,0.5672499999999924,0.27349999999998953
2006-04-25,0.01625000000000068,0.28250000000000014
2006-04-26,-0.26625000000001453,-0.11750000000001795
2006-04-27,0.40750000000000874,0.17500000000001117
2006-04-28,-0.9987500000000061,-0.8625000000000119
2006-05-01,0.19499999999999995,0.4500000000000034
2006-05-02,2.3562500000000126,2.0925000000000207
2006-05-03,0.62174999999999,0.7154999999999819
2006-05-04,1.280750000000002,1.1745000000000025
2006-05-05,-0.5675000000000077,-0.5525000000000093
2006-05-08,1.202500000000017,1.1125000000000271
2006-05-09,0.16249999999997913,0.2224999999999598
2006-05-10,0.12750000000002004,0.22750000000003937
2006-05-11,-2.4095000000000124,-2.0995000000000195
2006-05-12,-5.779999999999983,-5.334999999999978
2006-05-15,-1.8925000000000265,-1.882500000000048
2006-05-16,1.3995000000000357,1.2645000000000597
2006-05-17,-2.2630000000000403,-2.038000000000063
2006-05-18,0.06500000000001764,-0.16499999999997217
2006-05-19,1.7749999999999877,1.6849999999999812
2006-05-22,-1.2734999999999712,-1.2684999999999624
2006-05-23,0.7200000000000002,0.7250000000000014
2006-05-24,-0.012500000000002228,-0.10750000000000336
2006-05-25,0.9475000000000064,1.0675000000000079
2006-05-26,-0.34650000000000736,-0.3565000000000084
2006-05-29,0.13499999999996248,0.17999999999994998
2006-05-30,-1.4509999999999648,-1.4459999999999558
2006-05-31,0.5825000000000014,0.6025000000000041
2006-06-01,-0.2550000000000303,-0.055000000000040655
2006-06-02,-2.627500000000002,-2.782500000000003
2006-06-05,1.8900000000000088,1.8100000000000105
2006-06-06,1.0525000000000138,0.937500000000023
2006-06-07,-0.5825000000000069,-0.5475000000000102
2006-06-08,0.4437499999999976,0.41374999999999656
2006-06-09,0.926250000000001,0.926250000000001
2006-06-12,-1.5525000000000015,-1.5525000000000015
2006-06-13,0.5000000000000082,0.4800000000000121
2006-06-14,1.8899999999999795,1.9949999999999695
2006-06-15,1.640000000000004,1.8350000000000057
2006-06-16,-0.7999999999999958,-0.8449999999999939
2006-06-19,1.0700000000000103,1.0350000000000155
2006-06-20,0.12249999999998525,0.162499999999977
2006-06-21,-0.3399999999999906,-0.17999999999998564
2006-06-22,0.5347500000000037,0.5087500000000058
2006-06-23,0.69624999999999,0.7112499999999854
2006-06-26,1.4552500000000017,1.2862500000000021
2006-06-27,-0.594999999999993,-0.5299999999999844
2006-06-28,0.2075000000000047,0.31250000000000616
2006-06-29,-0.541250000000003,-0.37125000000000435
2006-06-30,-2.0712500000000205,-2.0662500000000343
2006-07-03,-1.2487499999999998,-0.57875
2006-07-04,0.060000000000030695,0.10000000000005116
2006-07-05,1.0784999999999796,1.0024999999999658
2006-07-06,-1.0859999999999785,-0.854999999999964
2006-07-07,1.5272499999999956,1.4612499999999926
2006-07-10,-2.042249999999999,-1.8912499999999979
2006-07-11,-2.166250000000009,-1.9862500000000138
2006-07-12,-1.7939999999999978,-1.9309999999999967
2006-07-13,1.8377500000000098,1.5797500000000162
2006-07-14,0.18249999999998673,0.4074999999999778
2006-07-17,2.3050000000000126,2.2100000000000217
2006-07-18,2.1762499999999645,2.3962499999999416
2006-07-19,0.14625000000001753,0.1312500000000291
2006-07-20,0.2675000000000068,0.15250000000000907
2006-07-21,0.6390000000000051,0.2670000000000063
2006-07-24,0.22099999999997955,0.573999999999977
2006-07-25,-0.1410000000000029,-0.18900000000000436
2006-07-26,0.24575000000000904,0.13400000000001502
2006-07-27,-0.1599999999999849,-0.04499999999997863
2006-07-28,0.4942499999999716,0.8099999999999576
2006-07-31,-1.9204999999999863,-2.3499999999999797
2006-08-01,-1.3129999999999953,-1.560999999999997
2006-08-02,-1.2000000000000128,-0.6200000000000135
2006-08-03,1.0067500000000023,1.0760000000000032
2006-08-04,0.18499999999999983,0.449999999999998
2006-08-07,1.8937500000000091,1.7350000000000083
2006-08-08,1.0949999999999944,0.9537499999999944
2006-08-09,-0.6980000000000033,-0.43475000000000447
2006-08-10,0.167999999999999,0.07974999999999863
2006-08-11,4.880000000000004,4.561250000000007
2006-08-14,0.4999999999999974,0.07999999999999637
2006-08-15,0.6499999999999985,1.117499999999998
2006-08-16,0.41000000000000775,0.6187500000000095
2006-08-17,0.295999999999989,0.03924999999998845
2006-08-18,-0.30000000000000143,-0.29875000000000407
2006-08-21,-0.10600000000000263,0.1332499999999979
2006-08-22,-0.4149999999999884,-0.7274999999999782
2006-08-23,-2.300000000000011,-2.465000000000011
2006-08-24,-1.7650000000000052,-1.6725000000000032
2006-08-25,-0.15000000000000316,-0.5005000000000034
2006-08-28,1.66500000000002,1.9730000000000296
2006-08-29,1.2774999999999839,1.3319999999999828
2006-08-30,-2.192499999999999,-1.9029999999999994
2006-08-31,-1.5312500000000013,-1.3845000000000027
2006-09-01,1.573749999999994,1.657499999999993
2006-09-04,0.0,0.0
2006-09-05,0.595000000000004,0.4400000000000047
2006-09-06,-0.8962500000000022,-1.5155000000000027
2006-09-07,-2.06124999999997,-1.8974999999999618
2006-09-08,-0.00125000000001819,0.08249999999997727
2006-09-11,0.13475000000000292,-0.19849999999999654
2006-09-12,2.8287500000000088,2.8862500000000106
2006-09-13,0.43900000000000194,0.5810000000000023
2006-09-14,0.04975000000001815,-0.13974999999997817
2006-09-15,-1.1300000000000578,-0.8900000000000793
2006-09-18,-2.1027499999999746,-1.9322499999999652
2006-09-19,0.3337500000000189,0.7212500000000259
2006-09-20,-0.6487500000000275,-0.46625000000003763
2006-09-21,-4.271000000000005,-3.709000000000008
2006-09-22,1.3987500000000037,1.7562500000000063
2006-09-25,0.36499999999999283,0.6449999999999889
2006-09-26,-1.4729999999999412,-1.5189999999999173
2006-09-27,1.8962499999999773,1.658749999999968
2006-09-28,-3.5000000000000258,-3.0100000000000366
2006-09-29,0.6474999999999902,0.47249999999998726
2006-10-02,-1.1887499999999895,-0.8212499999999884
2006-10-03,0.16499999999999473,-0.10500000000000599
2006-10-04,-1.6919999999999509,-1.2059999999999425
2006-10-05,-0.1105000000000503,-0.49775000000006575
2006-10-06,-1.3194999999999923,-1.8497499999999898
2006-10-09,-4.64999999999998,-4.349999999999972
2006-10-10,2.9944999999999924,2.5497499999999915
2006-10-11,-1.9645000000000012,-1.9147500000000015
2006-10-12,-0.47500000000002424,0.09499999999997143
2006-10-13,-2.3054999999999577,-2.33024999999995
2006-10-16,0.0482499999999477,0.24574999999993968
2006-10-17,-0.5194999999999899,-0.29949999999998744
2006-10-18,0.3307500000000438,0.3532500000000631
2006-10-19,-0.46700000000002156,-0.617000000000033
2006-10-20,0.015749999999999136,-0.01075000000000098
2006-10-23,-1.5149999999999653,-1.7649999999999508
2006-10-24,0.4137499999999785,0.4412499999999706
2006-10-25,0.6082499999999909,0.9497499999999883
2006-10-26,1.8792499999999623,2.292749999999955
2006-10-27,-0.16549999999996354,0.041000000000043335
2006-10-30,-0.14200000000002636,-0.29600000000003135
2006-10-31,1.2635000000000607,1.4050000000000729
2006-11-01,-0.5500000000000322,-0.4000000000000391
2006-11-02,-2.7375000000000327,-3.015000000000039
2006-11-03,0.10750000000003893,-0.12499999999995344
2006-11-06,-0.566250000000018,-0.6025000000000215
2006-11-07,0.09649999999998754,0.270999999999985
2006-11-08,-0.24500000000000205,-0.15000000000000266
2006-11-09,-0.10774999999996933,-0.5434999999999631
2006-11-10,0.5474999999999858,0.6849999999999828
2006-11-13,0.5490000000000244,0.5910000000000294
2006-11-14,0.6587499999999763,0.9224999999999712
2006-11-15,-0.232750000000033,-0.4035000000000396
2006-11-16,-0.8034999999999745,-1.0989999999999693
2006-11-17,0.0587499999999859,0.167499999999983
2006-11-20,-0.7302499999999488,-0.8584999999999385
2006-11-21,0.30000000000000093,0.440000000000001
2006-11-22,-0.07375000000004264,-0.01750000000005116
2006-11-23,-0.0999999999999801,-0.11999999999997613
2006-11-24,-0.8287499999999925,-0.8574999999999913
2006-11-27,-0.8625000000000433,-0.8750000000000605
2006-11-28,1.184000000000037,1.3850000000000433
2006-11-29,0.23599999999997479,0.20499999999997
2006-11-30,1.0105000000000655,1.3790000000000895
2006-12-01,-0.32500000000007345,-0.20000000000009824
2006-12-04,1.2775000000000047,1.4450000000000058
2006-12-05,1.1595000000000293,1.2860000000000336
2006-12-06,-0.5049999999999772,-0.7599999999999728
2006-12-07,-0.8229999999999803,-0.9469999999999781
2006-12-08,-0.12500000000001957,-0.495000000000022
2006-12-11,0.5674999999999408,0.7774999999999336
2006-12-12,0.5200000000000864,0.6850000000000972
2006-12-13,-1.1195000000000181,-1.6855000000000204
2006-12-14,0.9845000000000259,0.7905000000000291
2006-12-15,0.165,0.11
2006-12-18,-0.514500000000075,-0.6740000000000841
2006-12-19,-0.05949999999996914,-0.1809999999999653
2006-12-20,-3.637978807091713e-14,0.014999999999959072
2006-12-21,0.6175000000000224,0.7250000000000253
2006-12-22,-0.9524999999999615,-1.4449999999999574
2006-12-25,0.0,0.0
2006-12-26,-0.13799999999998486,-0.16999999999998197
2006-12-27,-0.5725000000000477,-0.7900000000000545
2006-12-28,0.39750000000001373,0.32500000000001505
2006-12-29,0.7550000000000413,0.8850000000000436
2007-01-01,0.0,0.0
2007-01-02,0.6979999999999712,0.8999999999999662
2007-01-03,-2.312500000000021,-2.4150000000000245
2007-01-04,-0.978999999999964,-0.8449999999999579
2007-01-05,-0.04100000000005984,-0.2900000000000702
2007-01-08,-0.19500000000000178,-0.20500000000000232
2007-01-09,-1.7549999999999981,-1.844999999999998
2007-01-10,0.2900000000000157,0.3200000000000152
2007-01-11,1.3700000000000516,1.3500000000000525
2007-01-12,2.640999999999935,2.6649999999999356
2007-01-15,0.0,0.0
2007-01-16,0.023999999999995046,0.25499999999999384
2007-01-17,-0.048999999999961984,-0.15999999999996184
2007-01-18,0.6689999999999953,0.7099999999999961
2007-01-19,0.725000000000021,0.7800000000000207
2007-01-22,-0.05900000000000416,-0.25500000000000556
2007-01-23,0.09399999999999768,-0.01999999999999991
2007-01-24,-0.44900000000000173,-0.43400000000000116
2007-01-25,-1.4200000000000303,-1.4500000000000304
2007-01-26,-0.655999999999983,-0.640999999999983
2007-01-29,-1.039999999999966,-0.9199999999999742
2007-01-30,1.2349999999999823,1.1999999999999857
2007-01-31,0.10949999999997863,0.03949999999998545
2007-02-01,0.02500000000001421,0.09000000000001022
2007-02-02,1.3424999999999845,1.3074999999999877
2007-02-05,-0.22299999999997777,-0.24799999999998343
2007-02-06,-0.6625000000000106,-0.6425000000000077
2007-02-07,-0.5950000000000163,-0.6150000000000123
2007-02-08,1.272500000000037,1.2675000000000272
2007-02-09,-0.24950000000002392,-0.1795000000000165
2007-02-12,-0.42499999999998644,-0.4049999999999903
2007-02-13,1.6919999999999942,1.706999999999995
2007-02-14,0.2024999999999869,0.08749999999999204
2007-02-15,0.24300000000002725,0.223000000000017
2007-02-16,1.511999999999987,1.491999999999991
2007-02-19,0.0,0.0
2007-02-20,0.13249999999997672,0.12249999999998581
2007-02-21,2.1075000000000257,2.132500000000017
2007-02-22,0.8300000000000042,0.8650000000000007
2007-02-23,-2.0044999999999904,-2.049499999999992
2007-02-26,-0.9180000000000209,-0.9580000000000131
2007-02-27,-3.234500000000018,-3.0120000000000124
2007-02-28,2.3650000000000326,2.440000000000021
2007-03-01,-1.2239999999999989,-1.2389999999999992
2007-03-02,-1.8500000000000227,-1.890000000000015
2007-03-05,0.8450000000000172,0.7800000000000122
2007-03-06,-0.24000000000000146,-0.2900000000000015
2007-03-07,0.6050000000000002,0.6050000000000002
2007-03-08,0.20499999999998844,0.19249999999998846
2007-03-09,-0.7699999999999739,-0.9684999999999804
2007-03-12,-0.7900000000000343,-0.707500000000034
2007-03-13,-0.6699999999999914,-0.3764999999999908
2007-03-14,0.36000000000001614,0.24150000000001565
2007-03-15,-0.7449999999999996,-0.8084999999999992
2007-03-16,0.7799999999999628,0.8187499999999621
2007-03-19,0.9312500000000522,0.8512500000000526
2007-03-20,0.9975000000000247,0.9735000000000243
2007-03-21,1.1649999999999474,0.9989999999999479
2007-03-22,-0.3074999999999676,-0.32749999999996815
2007-03-23,-0.14750000000002583,-0.15150000000002564
2007-03-26,-1.7774999999999606,-1.93749999999996
2007-03-27,-0.26000000000003887,-0.21000000000003882
2007-03-28,-0.4724999999999829,-0.43249999999998306
2007-03-29,0.9699999999999968,0.8739999999999966
2007-03-30,-5.024999999999982,-4.989999999999985
2007-04-02,-3.147500000000041,-3.187500000000033
2007-04-03,-0.0824999999999825,-0.10249999999998605
2007-04-04,1.664999999999976,1.3999999999999806
2007-04-05,0.7925000000000235,0.6875000000000195
2007-04-06,-0.41100000000001946,-0.3650000000000157
2007-04-09,-0.07149999999995242,-0.06249999999996196
2007-04-10,0.8214999999999835,0.7864999999999869
2007-04-11,-0.9564999999999826,-0.9364999999999865
2007-04-12,0.06499999999995568,0.059999999999964776
2007-04-13,0.6700000000000191,0.46500000000001535
2007-04-16,-0.2020000000000162,-0.07950000000001278
2007-04-17,-0.7079999999999469,-0.5579999999999588
2007-04-18,0.49499999999993943,0.40999999999995196
2007-04-19,-0.3550000000000075,-0.34000000000000685
2007-04-20,-0.17999999999999314,-0.17999999999999314
2007-04-23,-0.4249999999999972,-0.4399999999999977
2007-04-24,0.2820000000000575,0.2320000000000461
2007-04-25,1.3789999999999862,1.2839999999999878
2007-04-26,-0.6389999999999876,-0.4639999999999898
2007-04-27,-0.3150000000000176,-0.19000000000001302
2007-04-30,-0.1850000000000191,-0.19000000000001682
2007-05-01,0.8040000000000014,0.8000000000000016
2007-05-02,0.2960000000000264,0.32500000000002227
2007-05-03,0.4799999999999423,0.3599999999999525
2007-05-04,0.7350000000000382,0.6640000000000326
2007-05-07,0.5300000000000206,0.680000000000016
2007-05-08,-0.9550000000000455,-0.6300000000000363
2007-05-09,0.5050000000000463,0.6000000000000381
2007-05-10,-0.9280000000000538,-0.7820000000000455
2007-05-11,0.9780000000000026,1.0760000000000054
2007-05-14,-0.2179999999999459,-0.17599999999996085
2007-05-15,0.3520000000000159,0.3600000000000184
2007-05-16,0.16499999999998574,0.21999999999998465
2007-05-17,-0.6360000000000091,-0.5840000000000065
2007-05-18,-0.6000000000000436,-0.5420000000000372
2007-05-21,1.6000000000000105,1.7500000000000104
2007-05-22,-0.948999999999964,-0.9719999999999731
2007-05-23,-0.3850000000000165,-0.36000000000000637
2007-05-24,-1.7499999999999902,-2.079999999999991
2007-05-25,1.8779999999999806,2.1849999999999845
2007-05-28,0.0,0.0
2007-05-29,-1.0424999999999738,-1.0274999999999812
2007-05-30,2.004999999999983,2.089999999999988
2007-05-31,0.7250000000000064,0.8000000000000028
2007-06-01,0.9059999999999665,1.056999999999974
2007-06-04,-1.6859999999999844,-1.8219999999999843
2007-06-05,-1.1449999999999962,-1.1450000000000038
2007-06-06,-1.3449999999999989,-1.5379999999999892
2007-06-07,-0.7624999999999862,-0.3249999999999969
2007-06-08,0.10599999999999773,0.09000000000000152
2007-06-11,1.0929999999999989,1.1999999999999953
2007-06-12,-0.3280000000000102,-0.30500000000001054
2007-06-13,0.23,0.1300000000000057
2007-06-14,1.2150000000000118,1.3100000000000134
2007-06-15,2.543000000000004,2.7889999999999966
2007-06-18,-0.2299999999999966,-0.2299999999999966
2007-06-19,-1.0409999999999948,-0.9869999999999952
2007-06-20,-0.7700000000000174,-0.8900000000000181
2007-06-21,0.0760000000000071,0.11200000000000704
2007-06-22,-2.485999999999999,-2.561999999999999
2007-06-25,-1.1200000000000054,-1.190000000000008
2007-06-26,0.01600000000000375,0.012000000000008754
2007-06-27,-0.47099999999998915,-0.42699999999998817
2007-06-28,0.7899999999999875,0.8799999999999828
2007-06-29,-0.918999999999999,-1.147999999999997
2007-07-02,0.6350000000000037,0.6749999999999984
2007-07-03,-0.2749999999999969,-0.24499999999999092
2007-07-04,0.0,0.0
2007-07-05,0.12899999999998998,0.292999999999985
2007-07-06,1.1160000000000077,1.4220000000000104
2007-07-09,-0.11099999999999124,-0.18699999999998373
2007-07-10,-1.8350000000000004,-1.91
2007-07-11,0.00499999999998231,0.009999999999969806
2007-07-12,1.540999999999998,2.1429999999999985
2007-07-13,0.0014999999999970725,0.031999999999995615
2007-07-16,-0.7924999999999931,-1.3474999999999857
2007-07-17,0.9735000000000033,0.9154999999999968
2007-07-18,-0.4260000000000053,-0.5080000000000039
2007-07-19,0.4685000000000062,0.4155000000000157
2007-07-20,-1.2609999999999897,-1.5679999999999898
2007-07-23,1.0699999999999903,1.1549999999999843
2007-07-24,-1.59649999999999,-2.0334999999999845
2007-07-25,-1.1250000000000138,-1.400000000000018
2007-07-26,-2.919999999999996,-3.320000000000003
2007-07-27,0.8489999999999934,1.0319999999999927
2007-07-30,0.3940000000000036,0.4560000000000056
2007-07-31,-0.6599999999999889,-0.7399999999999778
2007-08-01,-0.13500000000001605,-0.3200000000000164
2007-08-02,0.1900000000000064,0.3550000000000067
2007-08-03,-0.5340000000000032,-0.5350000000000033
2007-08-06,0.09000000000000258,0.11000000000000798
2007-08-07,-0.36000000000000737,-0.16000000000000814
2007-08-08,0.234000000000007,0.3000000000000078
2007-08-09,-0.525000000000006,-0.6450000000000066
2007-08-10,-0.33899999999999675,-0.3649999999999964
2007-08-13,0.1249999999999966,0.1249999999999966
2007-08-14,-0.5450000000000003,-0.6450000000000002
2007-08-15,-1.0249999999999955,-1.154999999999995
2007-08-16,-0.6849999999999965,-0.5499999999999964
2007-08-17,1.1550000000000002,1.4175000000000002
2007-08-20,-0.39000000000000634,-0.37000000000000743
2007-08-21,-0.3650000000000024,-0.25400000000000245
2007-08-22,-0.3299999999999901,-0.03499999999998977
2007-08-23,0.13750000000000467,0.08650000000000563
2007-08-24,0.6174999999999794,0.632499999999979
2007-08-27,0.5250000000000117,0.38600000000001117
2007-08-28,0.4975000000000107,0.20250000000001117
2007-08-29,0.3449999999999772,0.23399999999997706
2007-08-30,0.4250000000000222,0.5900000000000223
2007-08-31,0.3149999999999714,0.26999999999997154
2007-09-03,0.0,0.0
2007-09-04,-1.2049999999999654,-0.9199999999999662
2007-09-05,1.1549999999999776,0.9009999999999778
2007-09-06,0.5550000000000185,0.46900000000001957
2007-09-07,0.06499999999998544,0.08599999999998455
2007-09-10,0.7049999999999929,0.793999999999991
2007-09-11,0.42999999999997157,0.4649999999999648
2007-09-12,-2.019999999999989,-2.0839999999999863
2007-09-13,0.18500000000003047,0.09000000000003784
2007-09-14,-0.4249999999999803,-0.4749999999999803
2007-09-17,-0.6450000000000077,-0.6690000000000081
2007-09-18,1.224999999999968,1.3849999999999683
2007-09-19,-0.6299999999999877,-0.5559999999999886
2007-09-20,-3.070000000000022,-3.054000000000021
2007-09-21,0.07000000000006738,0.09400000000006783
2007-09-24,0.3849999999999754,0.4049999999999746
2007-09-25,0.5549999999999828,0.5949999999999827
2007-09-26,-0.29499999999999776,-0.2889999999999973
2007-09-27,-0.31999999999998807,-0.5409999999999879
2007-09-28,0.944999999999979,1.1999999999999784
2007-10-01,0.8660000000000362,0.8660000000000362
2007-10-02,1.8764999999999727,1.850499999999973
2007-10-03,0.08349999999999701,0.06949999999999686
2007-10-04,0.5679999999999972,0.6129999999999972
2007-10-05,-0.8054999999999786,-0.7394999999999777
2007-10-08,0.15,0.2
2007-10-09,0.0719999999999763,0.0609999999999759
2007-10-10,-0.3119999999999987,-0.4209999999999988
2007-10-11,0.3525000000000432,0.4425000000000438
2007-10-12,-0.47300000000003056,-0.5840000000000313
2007-10-15,-0.9649999999999931,-0.9949999999999923
2007-10-16,0.2575000000000016,0.2175000000000005
2007-10-17,1.1724999999999788,1.168499999999979
2007-10-18,0.5625000000000143,0.6465000000000151
2007-10-19,0.4635000000000288,0.42950000000002797
2007-10-22,-0.45100000000003204,-0.5170000000000313
2007-10-23,0.6335000000000227,0.679500000000023
2007-10-24,0.776499999999994,0.740499999999994
2007-10-25,-0.8975000000000135,-0.8775000000000143
2007-10-26,0.8809999999999952,1.0369999999999955
2007-10-29,0.3665000000000169,0.4695000000000212
2007-10-30,0.07599999999997731,0.03299999999997194
2007-10-31,-0.2524999999999825,-0.448749999999978
2007-11-01,0.8689999999999848,0.8569999999999866
2007-11-02,0.424500000000032,0.9317500000000317
2007-11-05,-1.1720000000000494,-1.313000000000049
2007-11-06,-0.3699999999999398,-0.5974999999999397
2007-11-07,-0.8225000000000608,-0.7737500000000621
2007-11-08,-0.9844999999999735,-0.9172499999999723
2007-11-09,-0.33049999999996554,-0.27274999999996535
2007-11-12,0.42,0.42
2007-11-13,-0.008750000000064574,-0.008750000000064574
2007-11-14,-0.9519999999999825,-0.9519999999999825
2007-11-15,1.0644999999999814,1.0644999999999814
2007-11-16,-0.01324999999994584,-0.01324999999994584
2007-11-19,0.0679999999999628,0.0679999999999628
2007-11-20,0.025750000000051454,0.0007500000000599812
2007-11-21,0.3742499999999503,0.3742499999999503
2007-11-22,0.0,0.0
2007-11-23,0.1500000000000409,0.20500000000004776
2007-11-26,2.338749999999968,2.563749999999963
2007-11-27,-0.7850000000000014,-0.5787499999999998
2007-11-28,-0.5337499999999795,-0.7087499999999773
2007-11-29,1.7162500000000145,1.8712500000000187
2007-11-30,0.16500000000001078,0.17500000000001137
2007-12-03,1.584999999999998,1.6749999999999972
2007-12-04,0.12624999999999417,-0.008750000000006388
2007-12-05,0.42999999999994015,0.4749999999999311
2007-12-06,-0.5562499999999869,-0.6662499999999858
2007-12-07,-2.458749999999962,-2.733749999999955
2007-12-10,-0.31500000000000733,-0.3600000000000096
2007-12-11,1.8952499999999501,2.025249999999943
2007-12-12,-0.9174999999999732,-1.0724999999999694
2007-12-13,-1.3090000000000186,-1.3530000000000186
2007-12-14,-0.9450000000000064,-0.9350000000000064
2007-12-17,-0.00674999999994443,-0.07074999999994325
2007-12-18,1.536750000000012,1.6057500000000111
2007-12-19,1.0170000000000499,0.8730000000000502
2007-12-20,1.032999999999952,1.056999999999943
2007-12-21,-1.795749999999957,-2.2957499999999498
2007-12-24,-0.3955000000000307,-0.44650000000003803
2007-12-25,0.0,0.0
2007-12-26,-0.3249999999999431,-0.6999999999999318
2007-12-27,-0.5010000000000142,-0.7300000000000169
2007-12-28,0.7059999999999584,0.8799999999999502
2007-12-31,0.3765000000000301,0.40750000000003733
2008-01-01,0.0,0.0
2008-01-02,2.586000000000012,2.340000000000012
2008-01-03,1.0074999999999956,0.8174999999999949
2008-01-04,0.15149999999998753,0.037499999999988445
2008-01-07,0.9124999999999835,0.9824999999999836
2008-01-08,1.635000000000017,1.225000000000017
2008-01-09,-1.1040000000000023,-0.9390000000000023
2008-01-10,-0.5325000000000288,-0.5375000000000317
2008-01-11,3.1479999999999984,2.3479999999999985
2008-01-14,3.0850000000000657,2.325000000000065
2008-01-15,0.5545000000000208,0.6705000000000214
2008-01-16,-1.0350000000000117,-0.8700000000000114
2008-01-17,1.0287499999999845,1.0437499999999849
2008-01-18,0.243000000000003,0.32700000000000307
2008-01-21,0.0,0.0
2008-01-22,2.2420000000000266,2.015500000000026
2008-01-23,-0.8319999999999873,-0.5579999999999867
2008-01-24,-2.280000000000021,-2.1275000000000204
2008-01-25,1.6720000000000523,1.5230000000000525
2008-01-28,0.3187499999999805,0.29874999999998475
2008-01-29,-0.037500000000006,-0.05250000000000455
2008-01-30,-0.8725000000000882,-0.7825000000000734
2008-01-31,1.9675000000000946,1.8525000000000778
2008-02-01,1.2787499999999943,1.1987499999999962
2008-02-04,0.6087500000000098,0.6237500000000072
2008-02-05,0.07799999999996782,0.022999999999975262
2008-02-06,-0.38999999999998347,-0.36999999999998745
2008-02-07,-0.977500000000041,-0.8275000000000352
2008-02-08,2.032249999999993,1.9822499999999956
2008-02-11,0.2440000000000438,0.20400000000003754
2008-02-12,-1.4350000000000809,-1.3400000000000678
2008-02-13,0.4824999999999921,0.5124999999999915
2008-02-14,-1.419999999999947,-1.269999999999954
2008-02-15,0.7587499999999693,0.7687499999999744
2008-02-18,0.0,0.0
2008-02-19,-1.4449999999999574,-1.2999999999999658
2008-02-20,-0.7957500000000177,-0.7987500000000167
2008-02-21,2.9149999999999805,2.649999999999988
2008-02-22,0.04374999999997976,0.11874999999998091
2008-02-25,-0.9499999999999515,-0.8299999999999614
2008-02-26,2.12475,2.1927500000000024
2008-02-27,0.6099999999999814,0.6469999999999846
2008-02-28,5.152499999999974,5.152499999999976
2008-02-29,1.6587500000000834,1.2107500000000708
2008-03-03,1.5512500000000096,1.6042500000000033
2008-03-04,-1.7699999999999987,-1.8779999999999981
2008-03-05,-0.27500000000009023,0.13999999999990798
2008-03-06,-3.230000000000002,-3.9500000000000024
2008-03-07,-1.3674999999999242,-1.6749999999999223
2008-03-10,3.181999999999986,2.881999999999986
2008-03-11,0.6655000000000059,1.2030000000000058
2008-03-12,1.5007500000000138,1.5007500000000138
2008-03-13,0.6804999999999864,0.7179999999999865
2008-03-14,0.8724999999999902,0.35999999999999016
2008-03-17,-0.1387499999999818,-0.18749999999997727
2008-03-18,1.9995000000000127,2.187000000000016
2008-03-19,-2.006250000000012,-2.2025000000000183
2008-03-20,-2.3722500000000193,-2.4635000000000242
2008-03-21,0.0,0.0
2008-03-24,-0.5652499999999847,-0.43524999999997943
2008-03-25,1.9390000000000247,2.334000000000029
2008-03-26,0.210999999999973,0.405999999999969
2008-03-27,-0.3362500000000022,-0.411250000000005
2008-03-28,1.0975000000000323,1.0975000000000323
2008-03-31,2.5839999999999432,2.6889999999999326
2008-04-01,-0.0002500000000016371,-0.1552500000000029
2008-04-02,0.6327500000000038,0.5377500000000052
2008-04-03,0.4699999999999762,0.4449999999999704
2008-04-04,1.9357500000000654,2.140750000000078
2008-04-07,-0.9387500000000413,-1.0087500000000489
2008-04-08,-0.6387499999999708,-0.6487499999999619
2008-04-09,2.3075000000000365,2.41250000000004
2008-04-10,-0.263750000000025,-0.31875000000003184
2008-04-11,0.758499999999949,0.8434999999999429
2008-04-14,2.1265000000000067,2.0765000000000096
2008-04-15,0.5582499999999833,0.44324999999997416
2008-04-16,-1.6899999999999897,-1.8849999999999831
2008-04-17,-0.8532499999999693,-0.8632499999999648
2008-04-18,0.08549999999999446,0.16549999999999507
2008-04-21,-3.6549999999999883,-3.5899999999999905
2008-04-22,3.096249999999943,3.1062499999999345
2008-04-23,-0.19124999999998946,-0.1962499999999849
2008-04-24,-1.1717500000000218,-1.306750000000027
2008-04-25,-0.895,-0.925000000000001
2008-04-28,2.8455000000000603,2.895500000000072
2008-04-29,-3.428750000000035,-3.408750000000039
2008-04-30,3.9612500000000206,3.8962500000000224
2008-05-01,-1.0137499999999944,-1.0137499999999944
2008-05-02,0.18625000000001618,0.08125000000001782
2008-05-05,-1.6987500000000038,-1.348750000000003
2008-05-06,-0.451250000000054,-0.731250000000066
2008-05-07,-1.5262499999999803,-1.5012499999999747
2008-05-08,1.9699999999999864,2.0849999999999813
2008-05-09,0.6617500000000441,0.6967500000000549
2008-05-12,3.049499999999953,3.044499999999944
2008-05-13,-2.5062499999999335,-2.7212499999999227
2008-05-14,-2.1462500000000513,-2.201250000000058
2008-05-15,3.3224999999999794,3.672499999999974
2008-05-16,1.285000000000062,1.2950000000000816
2008-05-19,1.204999999999963,1.224999999999959
2008-05-20,0.33499999999997526,0.3899999999999679
2008-05-21,1.7462500000000098,1.6812500000000121
2008-05-22,-2.347499999999981,-2.507499999999977
2008-05-23,0.41749999999996285,0.4874999999999561
2008-05-26,0.0,0.0
2008-05-27,-1.1037499999999705,-1.2337499999999657
2008-05-28,-0.024999999999998454,-0.1349999999999979
2008-05-29,-0.8212499999999967,-0.9312499999999964
2008-05-30,1.7200000000000022,1.7350000000000028
2008-06-02,1.7187500000000129,1.958750000000022
2008-06-03,2.462499999999988,2.822499999999987
2008-06-04,-0.10600000000000245,-0.33350000000001717
2008-06-05,1.2175000000000111,0.588750000000026
2008-06-06,-1.1939999999999975,-0.7739999999999931
2008-06-09,-0.016999999999992632,-0.4444999999999932
2008-06-10,-3.2655000000000065,-3.7792500000000118
2008-06-11,1.9004999999999928,2.2467500000000022
2008-06-12,1.832499999999993,0.9612499999999956
2008-06-13,1.6234999999999953,1.302249999999969
2008-06-16,0.8764999999999854,0.9577499999999854
2008-06-17,1.8325000000000362,2.103750000000045
2008-06-18,1.094999999999984,1.5224999999999762
2008-06-19,-1.602500000000007,-1.9312500000000206
2008-06-20,1.3189999999999993,1.6590000000000025
2008-06-23,-1.5915000000000123,-1.8352500000000183
2008-06-24,1.0540000000000005,1.479000000000006
2008-06-25,1.6559999999999928,1.5434999999999814
2008-06-26,1.1300000000000077,1.6800000000000246
2008-06-27,0.2925000000000015,0.37124999999999236
2008-06-30,-2.000999999999984,-1.8434999999999793
2008-07-01,-2.9415000000000107,-2.960250000000011
2008-07-02,2.52800000000001,2.6955000000000107
2008-07-03,0.014499999999983335,0.03074999999999129
2008-07-04,0.0,0.0
2008-07-07,-0.20950000000001617,0.014249999999956527
2008-07-08,-0.2504999999999926,0.13575000000002554
2008-07-09,0.7355000000000222,1.1217500000000233
2008-07-10,-0.27875000000000855,-0.22875000000002554
2008-07-11,-0.5379999999999974,-0.7979999999999882
2008-07-14,-1.4037500000000127,-1.4037500000000127
2008-07-15,-0.05624999999999909,0.1437499999999895
2008-07-16,1.8257499999999975,1.8357500000000089
2008-07-17,-1.2032499999999877,-2.1882499999999854
2008-07-18,0.44950000000000373,-0.0905000000000099
2008-07-21,1.1305000000000023,1.1405000000000216
2008-07-22,2.610749999999987,2.240749999999976
2008-07-23,2.2892499999999925,2.1942499999999905
2008-07-24,1.0107500000000165,1.2507500000000245
2008-07-25,-4.044500000000026,-3.9645000000000348
2008-07-28,2.488750000000017,2.6987500000000257
2008-07-29,0.41250000000001696,0.6275000000000157
2008-07-30,0.7239999999999763,0.8889999999999673
2008-07-31,1.2835000000000236,1.0935000000000312
2008-08-01,4.063749999999984,3.6537499999999756
2008-08-04,2.640000000000008,1.9750000000000196
2008-08-05,-1.7847500000000096,-2.2247500000000198
2008-08-06,-0.41250000000000064,-1.1774999999999893
2008-08-07,-0.9187500000000036,-0.23375000000000873
2008-08-08,-6.297499999999985,-6.807499999999982
2008-08-11,-1.340000000000007,-1.4550000000000192
2008-08-12,0.987499999999996,1.562500000000005
2008-08-13,-1.3959999999999995,-0.24100000000000146
2008-08-14,-0.40650000000000364,0.42349999999999466
2008-08-15,1.226500000000007,0.15150000000000358
2008-08-18,-0.14775000000000071,0.7922500000000045
2008-08-19,0.009999999999990974,0.23499999999998586
2008-08-20,0.3787500000000205,0.5887500000000206
2008-08-21,0.12150000000000101,0.571500000000001
2008-08-22,-1.3862500000000053,-1.6062500000000053
2008-08-25,1.4962500000000187,1.4212500000000254
2008-08-26,-0.4955000000000102,-0.5905000000000187
2008-08-27,0.9717499999999952,1.0417499999999964
2008-08-28,-2.5412500000000176,-2.7162500000000223
2008-08-29,-1.7029999999999745,-1.827999999999965
2008-09-01,0.0,0.0
2008-09-02,-0.7000000000000124,-1.0150000000000123
2008-09-03,0.21999999999997708,0.07999999999997708
2008-09-04,-3.0049999999999635,-2.9599999999999635
2008-09-05,1.633000000000004,1.2780000000000071
2008-09-08,-0.8240000000000277,-0.7830000000000386
2008-09-09,0.09000000000001573,-0.13999999999998544
2008-09-10,-1.8100000000000014,-2.1450000000000014
2008-09-11,-0.4950000000000229,-0.6700000000000277
2008-09-12,-1.2450000000000145,-0.5500000000000185
2008-09-15,0.474999999999936,0.1449999999999367
2008-09-16,1.6350000000000828,0.5450000000000831
2008-09-17,-2.03374999999998,-1.3237499999999804
2008-09-18,0.5212499999999811,-0.6887500000000172
2008-09-19,-1.562499999999963,-0.5724999999999628
2008-09-22,-1.0149999999999986,-0.28499999999999903
2008-09-23,-2.402000000000017,-2.576000000000017
2008-09-24,-0.8280000000000082,-0.8740000000000088
2008-09-25,0.8725000000000185,0.8825000000000185
2008-09-26,0.21299999999997699,-0.5410000000000227
2008-09-29,0.8625000000000127,-0.7474999999999865
2008-09-30,1.0625000000000253,0.28250000000002473
2008-10-01,0.28299999999999115,0.07699999999999031
2008-10-02,0.35099999999999276,-1.193000000000007
2008-10-03,-0.20600000000000218,-0.31200000000000255
2008-10-06,-1.8889999999999592,-4.052999999999958
2008-10-07,-3.0685000000000286,-3.794500000000028
2008-10-08,-2.782499999999993,-2.572499999999993
2008-10-09,-4.050000000000019,-3.8350000000000195
2008-10-10,0.18049999999999936,-0.9435
2008-10-13,-0.195,-0.13
2008-10-14,-0.3099999999999893,0.32500000000001095
2008-10-15,0.3674999999999934,-0.5775000000000065
2008-10-16,-0.22075000000000441,-0.6255000000000052
2008-10-17,-0.5699999999999906,0.1700000000000091
2008-10-20,-1.3704999999999896,-0.8769999999999898
2008-10-21,1.7317499999999781,2.095499999999978
2008-10-22,1.0319999999999954,0.8119999999999955
2008-10-23,0.035500000000015235,0.41800000000001525
2008-10-24,0.7525000000000065,0.22500000000000592
2008-10-27,-1.2700000000000162,-0.7900000000000156
2008-10-28,-0.876249999999992,-0.687499999999992
2008-10-29,-2.46275,-2.0004999999999997
2008-10-30,1.2102500000000005,0.8015000000000003
2008-10-31,0.43999999999999273,0.059999999999992726
2008-11-03,0.023500000000009597,0.3860000000000096
2008-11-04,0.33125000000000693,1.117500000000007
2008-11-05,1.7212499999999775,1.4574999999999774
2008-11-06,0.5040000000000062,0.23900000000000624
2008-11-07,0.2337500000000139,0.01750000000001387
2008-11-10,-0.2749999999999958,-0.09499999999999581
2008-11-11,0.88,0.66
2008-11-12,1.4059999999999955,1.2859999999999956
2008-11-13,-0.9709999999999948,-0.6809999999999947
2008-11-14,0.45349999999998614,0.5634999999999861
2008-11-17,-0.3749999999999949,-0.11499999999999491
2008-11-18,1.726499999999993,1.486499999999993
2008-11-19,1.3350000000000402,1.2950000000000401
2008-11-20,3.2149999999999523,2.2209999999999526
2008-11-21,1.9075000000000504,1.3925000000000496
2008-11-24,-2.9650000000000434,-2.211000000000043
2008-11-25,2.25000000000004,2.501000000000041
2008-11-26,1.0250000000000057,1.0640000000000047
2008-11-27,0.0,0.0
2008-11-28,1.0799999999999954,0.8409999999999959
2008-12-01,3.535000000000013,2.964000000000014
2008-12-02,0.4449999999999477,0.3999999999999471
2008-12-03,0.5950000000000556,0.5600000000000566
2008-12-04,2.557499999999916,1.9574999999999163
2008-12-05,1.6350000000000084,0.5150000000000083
2008-12-08,-3.277499999999995,-2.827499999999995
2008-12-09,1.0237499999999915,0.9937499999999915
2008-12-10,-2.3212499999999947,-1.7212499999999948
2008-12-11,0.7362499999999976,1.106249999999998
2008-12-12,-2.050000000000007,-1.110000000000007
2008-12-15,0.23000000000009777,0.33000000000009777
2008-12-16,1.3074999999998977,2.0674999999998978
2008-12-17,2.256250000000034,2.1062500000000424
2008-12-18,0.9637500000000705,1.033750000000088
2008-12-19,-0.4687500000000728,-0.9637500000000909
2008-12-22,-0.764999999999946,-0.684999999999946
2008-12-23,-1.092499999999946,-0.582499999999946
2008-12-24,-1.0912500000000143,-1.0212500000000142
2008-12-25,0.0,0.0
2008-12-26,-0.9937499999999971,-0.3937499999999971
2008-12-29,2.971249999999892,2.241249999999892
2008-12-30,-0.8937499999998836,-0.7937499999998835
2008-12-31,-3.106250000000054,-2.891250000000054
2009-01-01,0.0,0.0
2009-01-02,-3.518749999999955,-3.4237499999999548
2009-01-05,-0.17500000000009946,-0.19500000000009948
2009-01-06,-0.924999999999912,-0.6049999999999119
2009-01-07,1.6249999999999913,1.4099999999999915
2009-01-08,2.5287499999999627,2.3237499999999627
2009-01-09,0.0912500000000648,0.17125000000006482
2009-01-12,4.357499999999873,3.7574999999998733
2009-01-13,1.7137500000000614,1.3687500000000614
2009-01-14,1.1699999999999384,1.3649999999999283
2009-01-15,0.06125000000013131,0.05125000000013131
2009-01-16,-3.306249999999992,-2.7912499999999922
2009-01-19,0.0,0.0
2009-01-20,0.011249999999992042,-0.12375000000000796
2009-01-21,-3.538750000000048,-3.423750000000048
2009-01-22,-1.1812499999999244,-1.2262499999999243
2009-01-23,-0.9012500000000161,-0.851250000000016
2009-01-26,-0.88999999999998,-0.82999999999998
2009-01-27,3.219999999999992,2.899999999999992
2009-01-28,-2.616000000000031,-2.310000000000032
2009-01-29,-2.3087500000001193,-2.4537500000001193
2009-01-30,0.17249999999999965,-0.0525
2009-02-02,2.8562500000001125,2.5162500000001127
2009-02-03,-1.201250000000116,-1.436250000000116
2009-02-04,-0.5949999999999178,-0.6849999999999178
2009-02-05,-1.1452499999999575,-0.8752499999999573
2009-02-06,-1.8612500000000116,-1.7312500000000117
2009-02-09,-0.668750000000108,-0.668750000000108
2009-02-10,3.2015000000000997,3.1765000000001
2009-02-11,2.2297499999999717,2.0197499999999717
2009-02-12,1.2202500000000338,1.075250000000027
2009-02-13,-2.6037499999999882,-2.503749999999991
2009-02-16,0.0,0.0
2009-02-17,4.9472499999999915,4.642249999999992
2009-02-18,-0.9047500000000277,-0.9597500000000275
2009-02-19,-2.3887499999999724,-2.2637499999999724
2009-02-20,1.9134999999999935,1.7534999999999934
2009-02-23,-0.353750000000023,-0.283750000000023
2009-02-24,-1.0160000000000433,-0.9060000000000433
2009-02-25,-2.9640000000000177,-2.584000000000018
2009-02-26,-0.3584999999999998,-0.4184999999999998
2009-02-27,2.0437500000000757,1.4337500000000751
2009-03-02,4.405750000000019,3.709750000000019
2009-03-03,-0.712500000000075,-0.5725000000000751
2009-03-04,-3.6199999999999375,-2.6799999999999313
2009-03-05,4.120499999999938,3.068999999999931
2009-03-06,-0.7825000000000019,-0.5350000000000021
2009-03-09,-0.8679999999999108,-0.8239999999999112
2009-03-10,-2.910000000000089,-2.380000000000089
2009-03-11,2.1750000000000727,1.9650000000000727
2009-03-12,-3.0070000000000054,-1.9710000000000065
2009-03-13,-0.9429999999999847,-0.5389999999999844
2009-03-16,-1.3145000000000802,-0.9535000000000796
2009-03-17,-0.9149999999999345,-0.6849999999999341
2009-03-18,4.800500000000012,5.012500000000011
2009-03-19,-1.345499999999998,-1.5274999999999979
2009-03-20,-0.0485000000000385,0.1297499999999612
2009-03-23,0.02850000000000027,-0.18975000000000028
2009-03-24,0.33900000000000224,0.18850000000000228
2009-03-25,0.06750000000004511,0.12875000000004583
2009-03-26,-0.28650000000002745,0.0627499999999729
2009-03-27,0.4475000000000002,0.06874999999999987
2009-03-30,0.8240000000000114,0.7360000000000113
2009-03-31,-2.4899999999999975,-1.2399999999999975
2009-04-01,1.5024999999999613,1.182499999999961
2009-04-02,-2.0099999999999434,-1.3859999999999437
2009-04-03,-2.2700000000001053,-1.7650000000001047
2009-04-06,-0.5249999999999146,-0.517999999999955
2009-04-07,1.5949999999999063,1.3279999999999472
2009-04-08,0.8750000000001084,1.0000000000001088
2009-04-09,0.3834999999999851,0.5354999999999835
2009-04-10,0.0,0.0
2009-04-13,1.4439999999999698,1.3819999999999717
2009-04-14,0.02849999999999418,0.23049999999999382
2009-04-15,2.0255000000000596,1.5595000000000594
2009-04-16,-0.9525000000000136,-0.8425000000000158
2009-04-17,-0.2900000000001017,-0.9550000000001012
2009-04-20,1.143000000000011,0.040000000000010826
2009-04-21,-0.7450000000000115,0.019999999999988267
2009-04-22,-0.5654999999999337,-0.5724999999999313
2009-04-23,-0.9499999999999722,-0.5349999999999745
2009-04-24,-0.49200000000008703,-0.9650000000000862
2009-04-27,-0.2349999999998874,-1.929999999999888
2009-04-28,-0.8480000000000344,-0.47500000000003445
2009-04-29,-3.3174999999999777,-2.0774999999999775
2009-04-30,-1.0970000000000988,-1.2010000000000984
2009-05-01,-1.9780000000000102,-1.3540000000000099
2009-05-04,2.860000000000114,2.935000000000114
2009-05-05,0.4274999999998884,0.4074999999999103
2009-05-06,0.7650000000000067,0.7900000000000049
2009-05-07,-2.3395000000000157,-2.014500000000015
2009-05-08,-0.6154999999999984,-0.26549999999999835
2009-05-11,1.0550000000000512,1.0750000000000512
2009-05-12,-1.2019999999999553,-0.8919999999999553
2009-05-13,0.49699999999995936,0.4519999999999594
2009-05-14,-0.14199999999996984,-0.02199999999996985
2009-05-15,1.0900000000000143,0.4450000000000141
2009-05-18,-0.6399999999999939,-0.4299999999999939
2009-05-19,-0.4255000000000964,-0.1255000000000964
2009-05-20,0.3425000000000479,0.3575000000000479
2009-05-21,-1.9320000000000153,-2.281000000000015
2009-05-22,-2.1200000000000467,-1.7200000000000477
2009-05-25,0.0,0.0
2009-05-26,-0.46500000000001457,-0.515000000000046
2009-05-27,-2.0249999999999413,-1.8099999999999206
2009-05-28,-0.7629999999999725,-0.5789999999999793
2009-05-29,0.9349999999999489,1.5649999999999495
2009-06-01,-4.009499999999945,-2.868499999999963
2009-06-02,0.01750000000000109,0.29750000000000026
2009-06-03,1.8984999999999623,0.8334999999999622
2009-06-04,-2.4910000000000028,-1.1710000000000031
2009-06-05,-1.7774999999999912,-2.017499999999991
2009-06-08,-0.5489999999999878,-0.7489999999999952
2009-06-09,-0.7800000000000106,-0.45000000000001056
2009-06-10,0.3489999999999315,0.018999999999931447
2009-06-11,1.083500000000071,1.293500000000071
2009-06-12,1.3240000000000116,0.7040000000000118
2009-06-15,1.5424999999999864,0.7424999999999865
2009-06-16,0.24625000000000435,0.1462500000000044
2009-06-17,0.1172500000000166,0.2572500000000166
2009-06-18,-0.4472500000000391,-0.6472500000000391
2009-06-19,0.6697500000000371,0.499750000000037
2009-06-22,1.5002499999999757,0.9402499999999757
2009-06-23,-0.06149999999999382,0.07850000000000618
2009-06-24,0.31524999999999365,0.24524999999999364
2009-06-25,1.5522499999999855,1.4372499999999855
2009-06-26,-0.18474999999998343,-0.07474999999998344
2009-06-29,0.9147499999999802,0.6347499999999802
2009-06-30,2.9640000000000204,1.7640000000000204
2009-07-01,-0.023999999999995362,0.05600000000000464
2009-07-02,1.3362499999999986,0.8662499999999986
2009-07-03,0.0,0.0
2009-07-06,1.448999999999998,0.8749999999999986
2009-07-07,0.7359999999999973,0.26999999999999613
2009-07-08,-0.07850000000000128,-0.39250000000000146
2009-07-09,-0.9302500000000149,-0.6462500000000135
2009-07-10,0.246499999999998,0.04249999999999754
2009-07-13,-0.8089999999999987,-0.844999999999999
2009-07-14,-1.738499999999976,-1.203749999999976
2009-07-15,1.143499999999991,1.3724999999999963
2009-07-16,2.01400000000004,1.4540000000000186
2009-07-17,-0.47400000000004494,-0.10900000000002165
2009-07-20,0.5415000000000475,0.516500000000024
2009-07-21,2.510999999999966,1.8659999999999832
2009-07-22,0.5375000000000051,0.45250000000000323
2009-07-23,-4.698499999999972,-3.7134999999999883
2009-07-24,2.260999999999971,1.7509999999999877
2009-07-27,-1.6825000000000117,-1.3975000000000057
2009-07-28,0.9449999999999628,0.7649999999999808
2009-07-29,0.07649999999999607,0.006499999999996066
2009-07-30,-2.1389999999999607,-1.57899999999998
2009-07-31,0.16000000000004339,0.2550000000000218
2009-08-03,-4.4410000000000345,-3.4610000000000176
2009-08-04,0.37249999999999656,0.2624999999999974
2009-08-05,1.2810000000000044,1.1500000000000037
2009-08-06,2.861499999999954,2.1524999999999768
2009-08-07,1.6659999999999975,1.3999999999999992
2009-08-10,0.4225000000000371,0.4185000000000183
2009-08-11,-0.0024999999999905866,-0.19849999999999418
2009-08-12,-0.30750000000004496,-0.20650000000002364
2009-08-13,2.1000000000000414,1.9500000000000213
2009-08-14,0.9750000000000062,0.8400000000000044
2009-08-17,0.8315000000000337,0.525500000000016
2009-08-18,-0.30650000000004707,-0.10450000000002393
2009-08-19,-0.043500000000035975,0.22949999999998144
2009-08-20,0.8425000000000815,0.662500000000042
2009-08-21,-0.9705000000000349,-0.6595000000000202
2009-08-24,-1.5650000000000104,-1.335000000000009
2009-08-25,0.9100000000000117,0.4500000000000113
2009-08-26,-1.3900000000000006,-1.6100000000000005
2009-08-27,-1.1625000000000414,-1.1125000000000407
2009-08-28,0.02449999999999295,-0.011500000000008049
2009-08-31,-0.5149999999999589,-0.5899999999999582
2009-09-01,-0.17199999999999618,-0.8959999999999965
2009-09-02,0.7025000000000217,0.7025000000000217
2009-09-03,0.5574999999999815,0.482499999999987
2009-09-04,2.238999999999931,1.858999999999931
2009-09-07,0.0,0.0
2009-09-08,0.06250000000007272,0.21750000000007366
2009-09-09,-1.2874999999999996,-1.3164999999999998
2009-09-10,0.5299999999999404,0.9499999999999404
2009-09-11,-0.7824999999999432,-0.5124999999999431
2009-09-14,-0.2050000000000127,-0.3250000000000126
2009-09-15,-5.8074999999999894,-4.08249999999999
2009-09-16,2.422499999999976,2.0124999999999758
2009-09-17,1.593750000000018,1.0975000000000177
2009-09-18,0.424999999999988,-0.015000000000012096
2009-09-21,-0.5175000000000499,-0.59750000000005
2009-09-22,-0.5524999999998761,-0.16249999999987613
2009-09-23,0.09249999999992882,0.27249999999992885
2009-09-24,-1.4712499999999138,-1.2212499999999138
2009-09-25,0.617499999999937,0.4524999999999536
2009-09-28,-0.021250000000029922,0.11374999999997748
2009-09-29,-0.0637499999999086,0.026250000000091426
2009-09-30,-0.21249999999999653,-0.09249999999999652
2009-10-01,0.9849999999999024,0.8449999999999025
2009-10-02,1.2487499999999963,0.9687499999999963
2009-10-05,-1.0025000000000572,-0.7375000000000579
2009-10-06,-1.9449999999999141,-1.4049999999999139
2009-10-07,1.6025000000001168,1.5425000000001163
2009-10-08,-0.74500000000011,-0.7350000000001091
2009-10-09,-2.1550000000000997,-2.1750000000000997
2009-10-12,-2.66,-1.9
2009-10-13,2.155000000000208,2.025000000000208
2009-10-14,-1.320000000000111,-1.3760000000001116
2009-10-15,0.22000000000010442,-0.16399999999989487
2009-10-16,0.6312499999998941,0.615249999999893
2009-10-19,-0.2987500000000938,-0.17775000000009267
2009-10-20,0.7175000000002107,0.7515000000002096
2009-10-21,-1.2550000000002077,-1.079000000000207
2009-10-22,-0.38624999999999937,-0.25625
2009-10-23,-1.6140000000000068,-1.4200000000000055
2009-10-26,-0.6887499999999251,-1.2887499999999257
2009-10-27,2.0075000000001317,1.8975000000001325
2009-10-28,0.3927499999998792,0.47874999999987805
2009-10-29,-0.32649999999999546,-0.18249999999999472
2009-10-30,1.5877500000000238,1.0487500000000238
2009-11-02,-2.4539999999999136,-1.3499999999999126
2009-11-03,-1.199750000000102,-0.8837500000001032
2009-11-04,0.1472500000000149,-0.1587499999999848
2009-11-05,0.6339999999999878,0.4399999999999874
2009-11-06,0.47749999999999126,0.3474999999999908
2009-11-09,-0.033749999999882214,0.921250000000119
2009-11-10,-0.15275000000021077,0.18624999999978928
2009-11-11,1.0987500000000072,0.9987500000000058
2009-11-12,0.4627500000001268,0.3287500000001279
2009-11-13,0.7424999999999716,0.5624999999999712
2009-11-16,1.9912500000001474,2.281250000000147
2009-11-17,-0.1890000000001409,-0.16500000000014017
2009-11-18,-0.23099999999998222,-0.4849999999999824
2009-11-19,0.4910000000001253,0.3375000000001242
2009-11-20,-0.525000000000123,-0.5875000000001436
2009-11-23,1.0349999999999673,0.8099999999999674
2009-11-24,2.550000000000026,1.930000000000026
2009-11-25,0.3649999999999737,1.249999999999975
2009-11-26,0.0,0.0
2009-11-27,0.7000000000000344,1.0350000000000334
2009-11-30,-0.16199999999999237,0.06400000000000787
2009-12-01,0.16499999999998327,-0.20500000000001628
2009-12-02,0.26999999999998253,-0.22000000000001566
2009-12-03,0.37700000000001016,-0.08399999999998917
2009-12-04,-3.1019999999997934,-3.656999999999793
2009-12-07,1.474999999999756,1.189999999999756
2009-12-08,-0.924999999999928,-0.8649999999999279
2009-12-09,0.22000000000015044,0.17500000000015042
2009-12-10,-1.8230000000000162,-1.298000000000016
2009-12-11,-1.5720000000001377,-1.002000000000138
2009-12-14,-0.40800000000006337,-0.2730000000000634
2009-12-15,-0.15499999999994907,-0.3049999999999491
2009-12-16,1.546140993013978e-13,0.2550000000001546
2009-12-17,1.4829999999998513,0.60299999999987
2009-12-18,-1.193000000000015,-1.1030000000000129
2009-12-21,-3.3799999999999777,-2.7187499999999805
2009-12-22,-0.894999999999895,-0.6974999999999054
2009-12-23,-0.8850000000000003,-0.48125000000000034
2009-12-24,-0.6745000000001481,-0.43950000000012696
2009-12-25,0.0,0.0
2009-12-28,-2.5617499999998548,-2.161749999999876
2009-12-29,0.7867499999998518,0.7167499999998738
2009-12-30,0.30200000000003974,0.10700000000003974
2009-12-31,-0.6637500000000103,-0.6937500000000085
2010-01-01,0.0,0.0
2010-01-04,1.7117500000000054,1.9517500000000043
2010-01-05,1.338249999999998,1.338249999999998
2010-01-06,0.8367499999999919,0.9817499999999941
2010-01-07,-0.31500000000001627,-0.5850000000000145
2010-01-08,0.4950000000000091,0.795000000000008
2010-01-11,-0.5679999999999974,-0.7519999999999971
2010-01-12,3.4625000000001207,1.542500000000102
2010-01-13,-0.20425000000023397,-0.09425000000019472
2010-01-14,1.1892500000001378,1.0542500000001163
2010-01-15,1.4394999999999851,1.1884999999999872
2010-01-18,0.0,0.0
2010-01-19,0.10024999999986921,0.19624999999988876
2010-01-20,-0.39024999999984394,-0.5662499999998694
2010-01-21,-1.0025000000000424,-1.2725000000000362
2010-01-22,0.6014999999998888,0.42749999999990784
2010-01-25,0.39375000000013716,0.46875000000011446
2010-01-26,0.667499999999968,0.6624999999999726
2010-01-27,-1.8112500000000045,-1.7812500000000033
2010-01-28,-0.743750000000003,-0.6787500000000031
2010-01-29,1.1059999999998953,0.8207499999999105
2010-02-01,1.0849999999999889,0.973749999999989
2010-02-02,0.014000000000165255,-0.0644999999998341
2010-02-03,-0.6950000000000508,-0.6050000000000444
2010-02-04,0.7870000000000041,0.8230000000000036
2010-02-05,1.0100000000000606,0.985000000000053
2010-02-08,-1.32000000000005,-1.2000000000000437
2010-02-09,0.0779999999998341,0.03699999999985476
2010-02-10,-1.4949999999999888,-1.4849999999999883
2010-02-11,0.46300000000000546,0.46300000000000546
2010-02-12,1.375000000000205,1.375000000000205
2010-02-15,0.0,0.0
2010-02-16,0.664999999999935,0.774999999999935
2010-02-17,-1.1329999999999534,-1.2529999999999535
2010-02-18,-0.5299999999999853,-0.5599999999999852
2010-02-19,-0.6270000000000485,-0.5670000000000486
2010-02-22,-0.8579999999999495,-0.6629999999999495
2010-02-23,0.5349999999999955,0.5349999999999955
2010-02-24,1.3199999999998133,1.3499999999998133
2010-02-25,2.122999999999988,2.067999999999988
2010-02-26,0.5700000000001788,0.6950000000001788
2010-03-01,1.0699999999998007,0.8799999999998017
2010-03-02,0.13300000000000814,0.13700000000000767
2010-03-03,-0.024999999999989406,0.015000000000009414
2010-03-04,1.1400000000000154,1.0000000000000135
2010-03-05,-0.038999999999862575,-0.15799999999987793
2010-03-08,-0.8499999999997657,-0.7469999999997898
2010-03-09,1.494999999999577,1.3199999999996193
2010-03-10,0.32000000000042106,0.2400000000003789
2010-03-11,-0.24000000000019264,-0.24500000000017388
2010-03-12,0.7549999999997756,0.6849999999998156
2010-03-15,0.11500000000001603,0.11000000000001325
2010-03-16,1.507000000000234,1.3510000000001916
2010-03-17,0.559999999999987,0.33999999999998887
2010-03-18,-1.7049999999997898,-1.6149999999998088
2010-03-19,-1.640000000000243,-1.4700000000002023
2010-03-22,1.7920000000003085,1.6780000000002573
2010-03-23,2.417999999999678,2.2319999999997315
2010-03-24,-4.962999999999706,-4.191999999999756
2010-03-25,-0.12375000000025847,0.18499999999978464
2010-03-26,1.3890000000002405,1.2980000000002
2010-03-29,0.8509999999997562,0.8269999999997962
2010-03-30,1.409000000000012,1.298000000000012
2010-03-31,2.4860000000000055,2.402000000000004
2010-04-01,-0.8950000000000388,-0.7950000000000333
2010-04-02,-0.25999999999999257,-0.31599999999999306
2010-04-05,-2.9099999999999904,-2.5099999999999927
2010-04-06,2.4940000000002756,2.20650000000023
2010-04-07,-0.005000000000278487,-0.4837500000002306
2010-04-08,2.3899999999999904,2.2562499999999908
2010-04-09,0.6925000000000257,0.6375000000000223
2010-04-12,2.162500000000233,2.0475000000002104
2010-04-13,-0.07625000000005876,-0.07625000000005193
2010-04-14,-1.6662500000001856,-1.5162500000001682
2010-04-15,-0.518749999999801,-0.4437499999998209
2010-04-16,-0.7249999999999515,-0.6999999999999558
2010-04-19,2.8374999999999724,2.537499999999975
2010-04-20,-0.6225000000000015,-0.5135000000000016
2010-04-21,1.8262499999999746,1.747249999999977
2010-04-22,-2.0512499999999694,-1.9922499999999694
2010-04-23,1.669999999999984,1.419999999999984
2010-04-26,1.5800000000000065,1.4950000000000065
2010-04-27,-1.2062499999999714,-1.086249999999972
2010-04-28,-3.1374999999999886,-2.962499999999989
2010-04-29,3.524999999999728,3.4309999999997296
2010-04-30,-1.8924999999997867,-1.5134999999997658
2010-05-03,0.5237499999999707,0.27874999999996686
2010-05-04,-3.427500000000192,-2.9325000000002124
2010-05-05,-1.8524999999999636,-1.5074999999999592
2010-05-06,-0.669000000000013,-0.4640000000000149
2010-05-07,2.2077500000002015,1.8317500000002231
2010-05-10,0.9050000000000026,0.9050000000000026
2010-05-11,-1.1072500000000112,-1.1072500000000112
2010-05-12,0.5024999999999993,0.5024999999999993
2010-05-13,0.6949999999998349,0.6949999999998349
2010-05-14,2.1524999999999626,2.1524999999999626
2010-05-17,0.3149999999999961,0.3149999999999961
2010-05-18,0.16000000000024267,0.16000000000024267
2010-05-19,-0.2887500000002456,-0.2887500000002456
2010-05-20,1.0437500000002098,1.0437500000002098
2010-05-21,0.6399999999997846,0.49624999999978464
2010-05-24,-0.6799999999998114,-0.6799999999998114
2010-05-25,0.780000000000009,0.780000000000009
2010-05-26,-2.3000000000000824,-2.3000000000000824
2010-05-27,-1.6549999999998648,-1.6549999999998648
2010-05-28,2.608999999999801,2.5149999999998007
2010-05-31,0.0,0.0
2010-06-01,0.6309999999999605,0.6309999999999605
2010-06-02,0.37500000000023975,0.37500000000023975
2010-06-03,-0.6410000000000146,-0.6410000000000146
2010-06-04,4.490999999999771,4.490999999999771
2010-06-07,1.4300000000001856,1.4300000000001856
2010-06-08,0.03899999999982347,0.03899999999982347
2010-06-09,-0.0649999999998257,-0.0649999999998257
2010-06-10,-2.8700000000000014,-2.8700000000000014
2010-06-11,1.1309999999998612,1.2609999999998613
2010-06-14,-1.0550000000000461,-0.9750000000000462
2010-06-15,-0.20399999999979893,-0.20399999999979893
2010-06-16,0.16900000000001086,0.21400000000001085
2010-06-17,2.0759999999998304,2.0959999999998304
2010-06-18,-0.6600000000000447,-0.6150000000000447
2010-06-21,1.0140000000000058,1.0140000000000058
2010-06-22,1.7549999999999863,1.7549999999999863
2010-06-23,1.5850000000000044,1.5850000000000044
2010-06-24,-0.19999999999995155,-0.19999999999995155
2010-06-25,1.420000000000004,1.420000000000004
2010-06-28,3.209999999999995,3.209999999999995
2010-06-29,1.779999999999936,1.6049999999999358
2010-06-30,-5.5149999999999535,-4.924999999999954
2010-07-01,-2.2999999999999945,-2.0799999999999943
2010-07-02,-1.4250000000000576,-1.4250000000000576
2010-07-05,0.0,0.0
2010-07-06,2.6550000000000633,2.5500000000000633
2010-07-07,-0.6749999999999909,-0.47499999999999093
2010-07-08,-1.1900000000000608,-1.0500000000000607
2010-07-09,-0.9049999999999812,-0.9049999999999812
2010-07-12,0.0899999999997884,0.0899999999997884
2010-07-13,-0.029999999999812645,-0.029999999999812645
2010-07-14,0.9200000000000369,0.9200000000000369
2010-07-15,1.1150000000000087,1.1150000000000087
2010-07-16,1.004999999999994,1.004999999999994
2010-07-19,1.014999999999992,1.014999999999992
2010-07-20,1.725000000000016,1.725000000000016
2010-07-21,0.13999999999997043,0.13999999999997043
2010-07-22,0.46999999999979025,0.46999999999979025
2010-07-23,-0.9999999999998318,-0.9999999999998318
2010-07-26,0.8500000000000029,0.8500000000000029
2010-07-27,-0.9450000000001791,-0.9450000000001791
2010-07-28,0.6800000000002547,0.6900000000002549
2010-07-29,0.9000000000001875,0.9000000000001875
2010-07-30,1.330999999999787,1.294999999999787
2010-08-02,0.12400000000004666,4.629328032024205e-14
2010-08-03,2.070999999999941,2.070999999999941
2010-08-04,-2.159999999999981,-2.239999999999982
2010-08-05,0.12000000000022046,0.1600000000002203
2010-08-06,0.2579999999995558,0.4839999999995557
2010-08-09,1.012,1.012
2010-08-10,2.15800000000018,2.15800000000018
2010-08-11,0.5019999999998211,0.5019999999998211
2010-08-12,-1.8599999999998145,-1.8599999999998145
2010-08-13,-0.11699999999996306,-0.11699999999996306
2010-08-16,2.851999999999941,2.851999999999941
2010-08-17,-1.2799999999999678,-1.2799999999999678
2010-08-18,-0.9549999999999589,-0.9549999999999589
2010-08-19,0.9950000000000305,0.9950000000000305
2010-08-20,-2.5370000000000887,-2.5370000000000887
2010-08-23,-0.19499999999998863,-0.19499999999998863
2010-08-24,2.8019999999998007,2.8019999999998007
2010-08-25,-1.6599999999995523,-1.6599999999995523
2010-08-26,-0.695000000000253,-0.695000000000253
2010-08-27,-3.2299999999999605,-3.2299999999999605
2010-08-30,1.5800000000001997,1.5800000000001997
2010-08-31,0.7799999999996342,0.8999999999996544
2010-09-01,-1.2569999999996497,-1.4309999999996699
2010-09-02,-0.3750000000003899,-0.4950000000003905
2010-09-03,-1.600000000000013,-1.7200000000000137
2010-09-06,0.0,0.0
2010-09-07,1.7000000000001834,1.8200000000001841
2010-09-08,-0.4100000000000015,-0.4500000000000012
2010-09-09,-3.0540000000000216,-3.1900000000000213
2010-09-10,-0.37500000000015293,-0.625000000000153
2010-09-13,1.8889999999999878,1.7299999999999884
2010-09-14,1.5940000000002317,1.5600000000002308
2010-09-15,-0.6589999999998277,-0.679999999999827
2010-09-16,-0.9110000000003884,-0.8950000000003889
2010-09-17,0.5000000000002341,0.4300000000002348
2010-09-20,0.884999999999729,0.8749999999997287
2010-09-21,3.410000000000199,3.3600000000001993
2010-09-22,1.1649999999998202,1.1649999999998202
2010-09-23,0.08200000000022649,0.07600000000022741
2010-09-24,-0.05700000000024665,-0.5070000000002467
2010-09-27,2.536999999999996,2.7169999999999956
2010-09-28,1.0150000000000068,1.0150000000000068
2010-09-29,-0.2299999999999909,-0.07499999999999091
2010-09-30,-1.2490000000000112,-1.0640000000000112
2010-10-01,0.49400000000027305,1.1600000000002724
2010-10-04,0.9009999999997391,0.8649999999997393
2010-10-05,1.3190000000000075,1.435000000000008
2010-10-06,1.5150000000002715,1.5150000000002715
2010-10-07,-0.20500000000028393,-0.20500000000028393
2010-10-08,2.7000000000000357,2.860000000000036
2010-10-11,0.23999999999999838,0.24399999999999822
2010-10-12,-0.44000000000001155,-0.41000000000001213
2010-10-13,1.2050000000002794,1.2810000000002806
2010-10-14,-3.1850000000000795,-3.1850000000000795
2010-10-15,-0.4909999999999607,-0.4669999999999617
2010-10-18,2.875999999999999,2.9319999999999995
2010-10-19,-1.0949999999999704,-1.2749999999999702
2010-10-20,1.9389999999997312,2.1029999999997298
2010-10-21,-0.9690000000000106,-0.9690000000000106
2010-10-22,-0.34999999999981196,-0.34999999999981196
2010-10-25,-0.010999999999970077,-0.010999999999970077
2010-10-26,-3.4239999999999395,-3.4239999999999395
2010-10-27,-2.815000000000292,-2.785000000000292
2010-10-28,3.7662500000001917,3.7662500000001917
2010-10-29,2.1327500000000423,2.1327500000000423
2010-11-01,0.6985000000000617,0.6860000000000617
2010-11-02,0.9124999999999942,0.8249999999999942
2010-11-03,1.0687500000000127,1.0500000000000127
2010-11-04,4.787749999999699,4.352999999999697
2010-11-05,-0.4492499999997002,-0.31799999999970024
2010-11-08,-1.3400000000002819,-1.390000000000282
2010-11-09,-3.5229999999998243,-3.5229999999998243
2010-11-10,1.358000000000082,1.298000000000082
2010-11-11,-2.2330000000000103,-2.2990000000000106
2010-11-12,-5.511000000000217,-5.585000000000217
2010-11-15,-1.8739999999998207,-1.77999999999982
2010-11-16,-4.139999999999958,-4.369999999999958
2010-11-17,1.818999999999973,1.983749999999973
2010-11-18,0.6930000000000315,0.8492500000000315
2010-11-19,-0.6680000000002144,-0.6805000000002145
2010-11-22,1.4280000000001782,1.1967500000001783
2010-11-23,-1.023000000000024,-1.148000000000024
2010-11-24,-0.7699999999999353,-0.7699999999999353
2010-11-25,0.0,0.0
2010-11-26,-1.1799999999999897,-1.1799999999999897
2010-11-29,0.8137499999999738,0.8137499999999738
2010-11-30,0.8199999999999682,0.8199999999999682
2010-12-01,-1.7074999999999947,-1.7074999999999947
2010-12-02,-0.553749999999989,-0.553749999999989
2010-12-03,0.5249999999998239,0.44999999999982393
2010-12-06,1.7937500000001958,1.5125000000001956
2010-12-07,-5.905000000000037,-5.130000000000036
2010-12-08,-0.6924999999999729,-0.45499999999997287
2010-12-09,-1.1950000000000032,-1.1950000000000032
2010-12-10,-0.9275000000000304,-1.0325000000000344
2010-12-13,2.010000000000039,2.0650000000000457
2010-12-14,-2.150000000000123,-2.360000000000145
2010-12-15,-2.7699999999999108,-2.8649999999998954
2010-12-16,1.3850000000000264,1.4100000000000321
2010-12-17,2.6149999999999887,2.789999999999986
2010-12-20,0.27749999999998126,0.39624999999997845
2010-12-21,0.7800000000000005,0.732500000000001
2010-12-22,0.7025000000000139,0.7312500000000162
2010-12-23,-1.2849999999999855,-1.2024999999999837
2010-12-24,0.0,0.0
2010-12-27,0.3599999999998806,0.24749999999985786
2010-12-28,-1.2450000000000039,-1.0225000000000048
2010-12-29,1.3125000000001052,1.4775000000001257
2010-12-30,-0.9162500000001096,-0.9712500000001306
2010-12-31,2.066250000000133,2.1162500000001585
2011-01-03,0.16874999999999282,0.2837499999999917
2011-01-04,-0.6987499999999885,-0.46374999999998656
2011-01-05,0.7137499999999836,0.26374999999998056
2011-01-06,-0.4687500000001185,-0.22975000000014295
2011-01-07,-0.020249999999901958,0.27575000000011785
2011-01-10,0.9612500000000288,0.8712500000000344
2011-01-11,0.8627499999999936,1.0407499999999923
2011-01-12,2.7182500000000065,2.6902500000000074
2011-01-13,1.06374999999989,0.7987499999998684
2011-01-14,1.6150000000000895,1.8650000000001075
2011-01-17,0.0,0.0
2011-01-18,0.3867499999998917,0.3297499999998703
2011-01-19,-2.0479999999998704,-2.200999999999845
2011-01-20,0.6517499999999956,0.4647499999999951
2011-01-21,2.0982499999998976,1.9452499999998774
2011-01-24,0.19925000000000148,0.22725000000000173
2011-01-25,-1.3680000000000136,-1.5100000000000167
2011-01-26,2.3832500000001207,2.2462500000001446
2011-01-27,-0.7282500000000077,-0.5012500000000094
2011-01-28,-3.2642500000001164,-3.5012500000001396
2011-01-31,2.8462499999999986,2.701249999999998
2011-02-01,2.5350000000001045,2.5550000000001254
2011-02-02,-0.7705000000000988,-1.0695000000001367
2011-02-03,-1.8312499999998908,-1.8162499999998505
2011-02-04,1.6362499999999909,1.1412499999999903
2011-02-07,-0.25349999999997325,-0.2944999999999638
2011-02-08,-0.9500000000000233,-1.2900000000000325
2011-02-09,1.583499999999984,1.4194999999999782
2011-02-10,-0.48724999999996765,-0.6232499999999541
2011-02-11,1.995999999999866,2.1269999999998395
2011-02-14,-2.009999999999901,-1.9899999999998808
2011-02-15,-4.599749999999958,-4.851749999999948
2011-02-16,1.2032499999999842,1.279249999999982
2011-02-17,6.5437499999998785,6.283749999999855
2011-02-18,-1.0362499999999033,-1.0262499999998842
2011-02-21,0.0,0.0
2011-02-22,-5.6744999999999655,-5.035499999999959
2011-02-23,0.269499999999957,-0.05450000000005057
2011-02-24,-0.6362499999999677,-0.3762499999999616
2011-02-25,4.017499999999978,3.702499999999973
2011-02-28,1.361749999999916,1.3257499999998992
2011-03-01,-0.44049999999988215,-0.44074999999985837
2011-03-02,0.15999999999987266,0.307499999999847
2011-03-03,1.9175000000000058,2.0437500000000055
2011-03-04,0.06750000000009314,-0.13624999999988804
2011-03-07,-0.6445000000000871,-0.7702500000001046
2011-03-08,0.5344999999999933,0.777749999999992
2011-03-09,2.3005000000001137,2.382250000000136
2011-03-10,-3.722500000000101,-4.00875000000012
2011-03-11,-0.5499999999999291,-0.3849999999999147
2011-03-14,0.676999999999919,0.5289999999999028
2011-03-15,-6.72699999999988,-7.041499999999879
2011-03-16,-0.6399999999999986,-1.6325
2011-03-17,4.879999999999991,5.0299999999999905
2011-03-18,3.2760000000001384,3.3420000000001386
2011-03-21,1.872500000000026,1.8925000000000312
2011-03-22,0.24900000000001343,0.3080000000000147
2011-03-23,-0.5375000000000398,-0.5875000000000398
2011-03-24,0.5850000000000094,0.805000000000009
2011-03-25,-2.215000000000029,-2.4300000000000304
2011-03-28,-1.8624999999999696,-1.842499999999969
2011-03-29,-0.1449999999999801,-0.1449999999999801
2011-03-30,0.5924999999999845,0.6924999999999847
2011-03-31,4.565999999999867,4.677999999999868
2011-04-01,2.5199999999999902,2.6799999999999895
2011-04-04,1.3450000000001534,1.2850000000001547
2011-04-05,-0.2395000000001606,-0.07750000000016097
2011-04-06,-0.3937500000000228,-0.17750000000002383
2011-04-07,0.1275000000000154,0.15000000000001715
2011-04-08,1.9175000000000175,2.135000000000014
2011-04-11,0.09375,0.0625
2011-04-12,-2.4462500000000387,-3.04450000000004
2011-04-13,2.9262500000000187,3.063500000000019
2011-04-14,2.2000000000001374,2.5950000000001405
2011-04-15,2.7362500000000205,2.8125000000000187
2011-04-18,1.8499999999998706,1.363999999999873
2011-04-19,2.6649999999999974,2.9999999999999964
2011-04-20,-2.682499999999851,-2.144999999999851
2011-04-21,1.7287499999998623,1.7534999999998628
2011-04-22,0.0,0.0
2011-04-25,3.328500000000096,3.316500000000092
2011-04-26,0.8175000000000207,0.9675000000000207
2011-04-27,-1.220999999999993,-1.118999999999991
2011-04-28,-3.4875000000001406,-3.5075000000001406
2011-04-29,7.352999999999977,7.413999999999981
2011-05-02,-1.1424999999998504,-1.16249999999987
2011-05-03,-1.4562500000001526,-1.5662500000001527
2011-05-04,-0.14499999999999635,-0.2762499999999964
2011-05-05,-2.8299999999998278,-3.2337499999998442
2011-05-06,0.8050000000000318,0.9150000000000308
2011-05-09,3.0929999999999764,3.116999999999977
2011-05-10,0.03600000000003584,0.26800000000003765
2011-05-11,-4.549750000000039,-4.9930000000000385
2011-05-12,0.1800000000000244,0.36000000000002397
2011-05-13,-1.3337500000002347,-1.6390000000002116
2011-05-16,1.9799999999999622,1.8239999999999643
2011-05-17,3.279000000000292,3.2950000000002926
2011-05-18,0.4534999999999563,0.44749999999995566
2011-05-19,1.0862500000000632,1.226250000000058
2011-05-20,1.650249999999725,1.6262499999997464
2011-05-23,-1.1489999999999818,-1.3199999999999819
2011-05-24,0.32024999999994086,0.39124999999994525
2011-05-25,1.5310000000000112,1.5350000000000112
2011-05-26,3.552750000000268,3.5787500000002677
2011-05-27,2.4024999999997023,2.4824999999997033
2011-05-30,0.0,0.0
2011-05-31,0.2975000000002553,0.36750000000025435
2011-06-01,2.1784999999999957,2.0324999999999958
2011-06-02,1.4039999999997959,1.449999999999796
2011-06-03,-0.13150000000003528,-0.14750000000003458
2011-06-06,-4.4034999999997595,-4.537499999999761
2011-06-07,1.9624999999997794,2.0024999999997806
2011-06-08,3.1645000000003027,3.008500000000302
2011-06-09,1.9424999999996535,2.0224999999996536
2011-06-10,-1.1569999999999847,-1.1569999999999847
2011-06-13,-1.514500000000023,-1.4805000000000237
2011-06-14,-5.300000000000005,-5.300000000000005
2011-06-15,-0.8349999999996828,-0.8349999999996828
2011-06-16,-1.2257500000000305,-1.2257500000000305
2011-06-17,1.8549999999997877,1.9909999999997876
2011-06-20,0.34999999999994247,0.34999999999994247
2011-06-21,3.470000000000036,3.470000000000036
2011-06-22,-3.9050000000002485,-3.9050000000002485
2011-06-23,0.4199999999999971,0.4199999999999971
2011-06-24,-0.4799999999997135,-0.7599999999997135
2011-06-27,-1.545000000000017,-1.6500000000000168
2011-06-28,0.4899999999999785,1.0149999999999786
2011-06-29,-1.1650000000000396,-1.2150000000000396
2011-06-30,-4.714999999999948,-4.714999999999948
2011-07-01,-2.850000000000019,-2.850000000000019
2011-07-04,0.0,0.0
2011-07-05,3.7899999999999956,3.7899999999999956
2011-07-06,0.8349999999997914,0.8349999999997914
2011-07-07,0.07500000000019172,0.07500000000019172
2011-07-08,5.289999999999997,5.289999999999997
2011-07-11,-0.19999999999996765,-0.19999999999996765
2011-07-12,2.7349999999997943,2.709999999999817
2011-07-13,4.145000000000182,4.090000000000161
2011-07-14,-1.7650000000000095,-1.7200000000000077
2011-07-15,1.6200000000000556,1.5650000000000486
2011-07-18,-0.3850000000000307,-0.4200000000000273
2011-07-19,2.1900000000000044,2.205000000000005
2011-07-20,-1.7750000000001935,-1.7750000000001935
2011-07-21,-1.0650000000000226,-1.0650000000000226
2011-07-22,2.0350000000002524,2.0350000000002524
2011-07-25,-1.3000000000002074,-1.3000000000002074
2011-07-26,3.159999999999972,3.4049999999999727
2011-07-27,-1.3449999999997777,-1.4489999999997776
2011-07-28,-0.6150000000002211,-0.6810000000002209
2011-07-29,1.8500000000000312,1.840000000000031
2011-08-01,3.6149999999999856,3.6049999999999858
2011-08-02,5.160000000000001,5.076000000000002
2011-08-03,-0.6459999999999998,-0.6459999999999998
2011-08-04,-1.12499999999976,-1.12499999999976
2011-08-05,-3.735000000000214,-3.735000000000214
2011-08-08,-2.2399999999998563,-2.6599999999998567
2011-08-09,2.725000000000029,2.725000000000029
2011-08-10,2.5462499999997816,2.5462499999997816
2011-08-11,2.660500000000048,2.660500000000048
2011-08-12,0.8984999999999634,0.8984999999999634
2011-08-15,0.7740000000000029,0.7740000000000029
2011-08-16,1.5487500000002266,1.5487500000002266
2011-08-17,1.3124999999998013,1.1924999999998018
2011-08-18,-1.6537499999998158,-1.6537499999998158
2011-08-19,1.4087500000000277,1.4087500000000277
2011-08-22,0.006249999999943247,0.006249999999943247
2011-08-23,0.5912499999999928,0.5912499999999928
2011-08-24,-2.7999999999999985,-2.7999999999999985
2011-08-25,0.4125000000000057,0.4125000000000057
2011-08-26,4.2022500000000305,4.2022500000000305
2011-08-29,-0.6310000000000185,-0.6310000000000185
2011-08-30,1.7062499999998118,1.7062499999998118
2011-08-31,-0.3887499999998275,-0.3887499999998275
2011-09-01,-2.1340000000001744,-2.1340000000001744
2011-09-02,3.663750000000189,3.663750000000189
2011-09-05,0.0,0.0
2011-09-06,-1.6050000000000175,-1.6050000000000175
2011-09-07,-1.0775000000001327,-1.0775000000001327
2011-09-08,-1.0200000000000269,-1.0200000000000269
2011-09-09,0.7050000000000131,0.7050000000000131
2011-09-12,-0.9649999999997743,-1.534999999999773
2011-09-13,-3.4320000000000657,-2.982000000000065
2011-09-14,-0.22299999999994702,-0.24799999999994704
2011-09-15,-3.7870000000000235,-3.793000000000024
2011-09-16,-0.9729999999999555,-0.9729999999999555
2011-09-19,2.3779999999999486,2.3779999999999486
2011-09-20,-0.3929999999999987,-0.3929999999999987
2011-09-21,-0.07999999999994288,-0.40999999999994247
2011-09-22,-1.1510000000002327,-1.1510000000002327
2011-09-23,-3.3289999999997875,-3.3289999999997875
2011-09-26,-1.441000000000044,-1.441000000000044
2011-09-27,-1.3949999999999323,-1.3949999999999323
2011-09-28,-1.6790000000000447,-1.6790000000000447
2011-09-29,0.4639999999998126,0.4639999999998126
2011-09-30,-2.3649999999997617,-2.3649999999997617
2011-10-03,2.374999999999989,2.374999999999989
2011-10-04,-0.6849999999999659,-0.6849999999999659
2011-10-05,-1.3849999999998523,-1.3849999999998523
2011-10-06,-1.4500000000003979,-1.4500000000003979
2011-10-07,-2.0699999999997956,-2.0699999999997956
2011-10-10,-2.93750000000004,-2.93750000000004
2011-10-11,2.6375,2.6375
2011-10-12,-0.6950000000000056,-0.6950000000000056
2011-10-13,1.6187499999998525,1.6187499999998525
2011-10-14,-0.8049999999998294,-0.8049999999998294
2011-10-17,1.4325000000002162,1.4325000000002162
2011-10-18,0.6212499999998238,0.6212499999998238
2011-10-19,-0.14125000000004545,-0.14125000000004545
2011-10-20,-0.09874999999996022,-0.09874999999996022
2011-10-21,0.06375,0.06375
2011-10-24,-0.43500000000000566,-0.43500000000000566
2011-10-25,2.6524999999999563,2.6524999999999563
2011-10-26,-1.746249999999925,-1.746249999999925
2011-10-27,-2.493750000000056,-2.493750000000056
2011-10-28,2.257499999999994,2.257499999999994
2011-10-31,2.4174999999997997,2.4174999999997997
2011-11-01,2.605000000000188,2.605000000000188
2011-11-02,0.4650000000000171,0.4650000000000171
2011-11-03,-0.2887499999999602,-0.17374999999996021
2011-11-04,0.6337500000001536,0.6337500000001536
2011-11-07,0.5612499999997727,0.5612499999997727
2011-11-08,-1.1149999999999771,-1.1149999999999771
2011-11-09,-0.04624999999994889,-0.04624999999994889
2011-11-10,-2.2024999999998407,-2.2024999999998407
2011-11-11,-1.8443750000004038,-1.8443750000004038
2011-11-14,1.2056250000001592,1.2056250000001592
2011-11-15,0.5300000000002387,0.5300000000002387
2011-11-16,0.4712499999997783,0.4712499999997783
2011-11-17,-0.6162499999999432,-0.6162499999999432
2011-11-18,-0.8625000000000056,-0.8625000000000056
2011-11-21,-0.2025,-0.2025
2011-11-22,0.42249999999995624,0.42249999999995624
2011-11-23,0.32124999999979986,0.32124999999979986
2011-11-24,0.0,0.0
2011-11-25,-1.5199999999997562,-1.4099999999997572
2011-11-28,0.6199999999997373,0.3899999999997378
2011-11-29,-0.23250000000000628,-0.3365000000000062
2011-11-30,-0.34875,-0.6447500000000004
2011-12-01,-0.9099999999996863,-1.0339999999996854
2011-12-02,1.0299999999999523,0.9939999999999524
2011-12-05,0.15500000000023875,0.15500000000023875
2011-12-06,-0.12000000000027967,-0.2000000000002806
2011-12-07,2.1650000000000547,2.2510000000000545
2011-12-08,1.9700000000000273,2.110000000000027
2011-12-09,-2.065000000000082,-2.151000000000082
2011-12-12,0.5899999999997817,0.8559999999997826
2011-12-13,0.7950000000002252,0.7650000000002243
2011-12-14,-0.1499999999999932,-0.03999999999999281
2011-12-15,-0.2850000000002388,-0.31100000000023836
2011-12-16,1.7300000000000273,1.716000000000027
2011-12-19,0.7149999999999926,0.6889999999999931
2011-12-20,-1.6350000000000295,-1.7150000000000305
2011-12-21,-0.2800000000000148,-0.21400000000001396
2011-12-22,-0.26999999999994084,-0.3059999999999408
2011-12-23,-1.904999999999734,-1.9189999999997343
2011-12-26,0.0,0.0
2011-12-27,0.9049999999999483,1.1089999999999482
2011-12-28,2.679999999999734,2.645999999999733
2011-12-29,0.655000000000266,0.6790000000002665
2011-12-30,1.1509999999997114,1.1509999999997114
2012-01-02,0.0,0.0
2012-01-03,-1.3110000000000153,-1.3110000000000153
2012-01-04,-0.17499999999968877,-0.17499999999968877
2012-01-05,0.07099999999977763,0.07099999999977763
2012-01-06,0.6739999999999632,0.6739999999999632
2012-01-09,0.9650000000002512,0.9650000000002512
2012-01-10,-0.4040000000002583,-0.4040000000002583
2012-01-11,1.3199999999999712,1.3199999999999712
2012-01-12,-2.4749999999999344,-2.5687499999999344
2012-01-13,1.1900000000002147,1.4212500000002146
2012-01-16,0.0,0.0
2012-01-17,0.16499999999975595,0.18374999999975597
2012-01-18,-1.8849999999997045,-2.0162499999997046
2012-01-19,-0.9860000000003395,-1.2110000000003394
2012-01-20,-1.9249999999999599,-2.1639999999999606
2012-01-23,-0.5599999999996896,-0.7224999999996896
2012-01-24,1.220000000000016,1.220000000000016
2012-01-25,3.7649999999996986,3.6349999999996974
2012-01-26,2.685000000000247,2.5750000000002466
2012-01-27,1.1700000000000614,1.0200000000000615
2012-01-30,-0.1849999999999989,-0.05999999999999891
2012-01-31,1.1849999999996785,1.1499999999996786
2012-02-01,0.9000000000000066,0.7550000000000066
2012-02-02,1.083000000000006,1.038000000000006
2012-02-03,-2.0039999999999445,-2.2179999999999445
2012-02-06,0.8490000000002406,0.8540000000002406
2012-02-07,-2.4490000000003236,-2.4490000000003236
2012-02-08,-0.404999999999946,-0.404999999999946
2012-02-09,-1.3860000000000163,-1.3860000000000163
2012-02-10,-0.21900000000002875,-0.05400000000002874
2012-02-13,0.9650000000000372,0.8200000000000371
2012-02-14,0.007999999999968713,0.06299999999996872
2012-02-15,-0.5249999999999886,-0.4349999999999885
2012-02-16,-0.4899999999997501,-0.65499999999975
2012-02-17,-0.20999999999996077,-0.21499999999996078
2012-02-20,0.0,0.0
2012-02-21,-1.5200000000003049,-1.4300000000003048
2012-02-22,0.6400000000003063,0.6250000000003063
2012-02-23,-0.3480000000002785,-0.23300000000027848
2012-02-24,-0.937000000000019,-0.937000000000019
2012-02-27,1.7700000000002598,1.7700000000002598
2012-02-28,1.2150000000000138,1.2150000000000138
2012-02-29,-0.1500000000000161,-0.1500000000000161
2012-03-01,-0.6049999999999585,-0.6049999999999585
2012-03-02,1.91699999999974,1.8519999999997399
2012-03-05,-0.994999999999721,-0.994999999999721
2012-03-06,-1.0600000000002652,-1.0600000000002652
2012-03-07,-0.40700000000001296,-0.40700000000001296
2012-03-08,0.6950000000002917,0.6950000000002917
2012-03-09,0.3199999999999225,0.3199999999999225
2012-03-12,-0.30999999999999367,-0.30999999999999367
2012-03-13,-0.7540000000002827,-0.7540000000002827
2012-03-14,-5.195999999999645,-5.195999999999645
2012-03-15,1.7789999999996875,1.7789999999996875
2012-03-16,-0.4212499999997785,-0.4212499999997785
2012-03-19,-2.451500000000004,-2.451500000000004
2012-03-20,-2.457499999999961,-2.457499999999961
2012-03-21,1.0377499999997584,1.0377499999997584
2012-03-22,-0.032749999999982536,-0.032749999999982536
2012-03-23,1.2450000000001726,1.2450000000001726
2012-03-26,0.4724999999999036,0.4724999999999036
2012-03-27,0.8699999999999906,0.8699999999999906
2012-03-28,-2.7785000000000615,-2.7785000000000615
2012-03-29,-0.9475000000000753,-0.9475000000000753
2012-03-30,1.0825000000000204,1.0825000000000204
2012-04-02,1.7750000000002213,1.680000000000221
2012-04-03,-2.5590000000001036,-2.5590000000001036
2012-04-04,1.0974999999998767,1.0974999999998767
2012-04-05,1.2190000000000212,1.2190000000000212
2012-04-06,1.528500000000203,1.528500000000203
2012-04-09,0.7789999999998142,0.7789999999998142
2012-04-10,-1.656500000000031,-1.6215000000000344
2012-04-11,0.027499999999993228,-0.0025000000000079126
2012-04-12,0.420000000000212,0.300000000000235
2012-04-13,-1.2535000000001981,-1.0875000000002202
2012-04-16,-1.284999999999954,-1.284999999999954
2012-04-17,0.601249999999944,0.601249999999944
2012-04-18,-0.08124999999994152,-0.036249999999935834
2012-04-19,1.423749999999953,1.283749999999954
2012-04-20,0.00750000000010441,-0.0584999999998965
2012-04-23,1.3600000000001198,1.2750000000001194
2012-04-24,-1.043750000000018,-0.9637500000000181
2012-04-25,-0.6364999999999494,-0.5664999999999495
2012-04-26,0.22524999999984266,0.28524999999984263
2012-04-27,1.9312500000001227,1.8562500000001227
2012-04-30,0.6599999999997836,0.5699999999997837
2012-05-01,-0.5839999999997851,-0.4939999999997851
2012-05-02,-0.5360000000002361,-0.3810000000002361
2012-05-03,-0.4599999999999969,-0.42999999999999694
2012-05-04,-0.03900000000003838,0.06599999999996162
2012-05-07,0.31900000000000484,0.3090000000000048
2012-05-08,-0.004999999999989177,-0.06999999999998917
2012-05-09,-1.6789999999999985,-1.4539999999999988
2012-05-10,-1.6359999999999493,-1.491999999999948
2012-05-11,0.38975000000021937,0.5257500000002183
2012-05-14,0.747500000000013,0.742500000000013
2012-05-15,0.12624999999972455,-0.05375000000027548
2012-05-16,1.5867499999999377,1.3517499999999376
2012-05-17,1.2475000000000187,1.2375000000000183
2012-05-18,0.7937500000000681,0.6187500000000681
2012-05-21,0.12000000000028213,0.050000000000282124
2012-05-22,-2.9300000000003004,-2.5200000000002993
2012-05-23,1.367749999999949,1.347749999999949
2012-05-24,-1.8649999999999487,-1.7049999999999488
2012-05-25,1.3475000000000095,1.2175000000000096
2012-05-28,0.0,0.0
2012-05-29,-0.19500000000007275,-0.11500000000007277
2012-05-30,3.378750000000355,3.318750000000355
2012-05-31,1.3387500000000272,1.3087500000000272
2012-06-01,1.5137499999996635,1.757749999999663
2012-06-04,-0.8662500000000363,-1.225250000000037
2012-06-05,-1.5924999999996088,-1.272499999999609
2012-06-06,-1.2222500000000356,-1.4572500000000357
2012-06-07,1.8099999999997083,1.6899999999997075
2012-06-08,0.9360000000000084,0.9220000000000084
2012-06-11,0.2687500000002985,0.3687500000002986
2012-06-12,-2.8310000000003837,-2.8670000000003832
2012-06-13,0.9300000000000339,0.9200000000000337
2012-06-14,-0.04524999999993161,-0.049249999999931425
2012-06-15,0.5272500000002471,0.4232500000002474
2012-06-18,2.1652499999997197,2.1092499999997205
2012-06-19,1.5600000000003498,1.4100000000003492
2012-06-20,-0.8314999999999495,-0.8754999999999502
2012-06-21,-0.5174999999999996,-0.3574999999999992
2012-06-22,-1.0697500000003761,-1.1357500000003766
2012-06-25,4.4660000000003155,4.582000000000318
2012-06-26,1.3399999999999996,1.129999999999999
2012-06-27,0.7187499999996505,0.5287499999996507
2012-06-28,1.7840000000003922,1.7840000000003922
2012-06-29,-1.393750000000017,-1.7437500000000175
2012-07-02,3.3662499999996762,3.3122499999996764
2012-07-03,0.14999999999999145,0.14999999999999145
2012-07-04,0.0,0.0
2012-07-05,3.571000000000367,2.8910000000003664
2012-07-06,0.07249999999988067,0.38249999999988066
2012-07-09,3.9948500000000466,3.2548500000000464
2012-07-10,-0.5345999999999446,-0.2845999999999445
2012-07-11,-1.1504999999999996,-0.8764999999999997
2012-07-12,2.332999999999629,1.8739999999996282
2012-07-13,0.27324999999998073,0.11324999999998071
2012-07-16,3.991250000000026,3.346250000000026
2012-07-17,-1.0312499999997162,-1.006249999999716
2012-07-18,2.056250000000099,1.8062500000000996
2012-07-19,-1.4605000000000115,-1.3945000000000105
2012-07-20,2.4549999999999477,2.4549999999999477
2012-07-23,-1.1045000000003649,-0.8995000000003649
2012-07-24,-0.36874999999968205,-0.22374999999968204
2012-07-25,1.462340000000034,1.2673400000000339
2012-07-26,-1.0790800000000353,-0.8440800000000354
2012-07-27,-1.0174999999998948,-1.3574999999998947
2012-07-30,3.9229999999999623,3.5079999999999627
2012-07-31,-0.4675000000000669,-0.4675000000000669
2012-08-01,-2.603170000000334,-2.603170000000334
2012-08-02,0.5906700000003822,0.5906700000003822
2012-08-03,-0.8605000000003548,-0.8605000000003548
2012-08-06,1.0962500000003383,1.0962500000003383
2012-08-07,-3.024500000000047,-2.934500000000047
2012-08-08,1.7775000000000678,1.4575000000000677
2012-08-09,1.062499999999933,0.9174999999999328
2012-08-10,-0.7154999999999833,-0.42549999999998345
2012-08-13,-2.2688999999999697,-1.8888999999999703
2012-08-14,-2.068600000000335,-2.003600000000335
2012-08-15,-0.5061499999996641,-0.8061499999996644
2012-08-16,-0.6873500000003393,-0.7573500000003394
2012-08-17,0.7012500000000171,0.6500000000000171
2012-08-20,2.4311000000003213,2.0708500000003207
2012-08-21,1.8051499999999814,1.5491499999999812
2012-08-22,2.5200000000000546,2.6000000000000543
2012-08-23,-1.3800000000000396,-0.9800000000000397
2012-08-24,-1.2250000000002874,-1.1000000000002874
2012-08-27,0.0950000000003015,0.2500000000003014
2012-08-28,-0.03000000000034106,0.07499999999965894
2012-08-29,0.7810000000003448,0.555000000000344
2012-08-30,0.2889999999996646,0.444999999999665
2012-08-31,2.4248500000000046,2.3998500000000043
2012-09-03,0.0,0.0
2012-09-04,0.06099999999998927,-0.07000000000001036
2012-09-05,-1.289850000000017,-1.0748500000000174
2012-09-06,-0.9459999999999751,-1.154999999999975
2012-09-07,2.010000000000033,1.900000000000033
2012-09-10,-2.7639999999999976,-2.344999999999998
2012-09-11,-0.37999999999972156,-0.3499999999997211
2012-09-12,-2.4911499999999975,-2.2801499999999977
2012-09-13,3.645149999999658,3.3001499999996584
2012-09-14,-0.6439999999996846,-0.8089999999996846
2012-09-17,-4.418999999999998,-3.7389999999999977
2012-09-18,-0.39099999999998075,-0.23099999999998072
2012-09-19,2.030000000000005,1.700000000000005
2012-09-20,-1.1139999999999208,-0.9039999999999209
2012-09-21,0.9139999999999376,0.8689999999999376
2012-09-24,0.04199999999994316,0.15599999999994268
2012-09-25,0.5699999999997027,0.5899999999997028
2012-09-26,-0.7469999999996929,-0.36699999999969296
2012-09-27,-0.7299999999999391,-0.5599999999999391
2012-09-28,3.495000000000009,1.9550000000000072
2012-10-01,1.134999999999653,1.114999999999653
2012-10-02,-0.5051499999996902,-0.5651499999996902
2012-10-03,0.8781599999999933,0.9381599999999932
2012-10-04,0.07984000000000468,-0.05515999999999531
2012-10-05,-2.919840000000359,-2.559840000000359
2012-10-08,0.39948999999995877,0.6394899999999588
2012-10-09,-1.1094899999995704,-1.1094899999995704
2012-10-10,-1.0202500000003842,-0.714250000000384
2012-10-11,3.283749999999996,1.8237499999999953
2012-10-12,-1.2562499999996268,-0.43624999999962677
2012-10-15,-0.8210000000004014,-0.2010000000004014
2012-10-16,-1.4789999999999315,-1.4989999999999315
2012-10-17,-2.1337500000000693,-2.2787500000000693
2012-10-18,-0.2126699999999626,-0.38766999999996266
2012-10-19,1.0401700000003122,1.0501700000003122
2012-10-22,-1.7060000000003468,-1.6760000000003468
2012-10-23,0.19000000000034262,0.1700000000003426
2012-10-24,0.7760000000000951,0.6710000000000951
2012-10-25,-2.304999999999981,-2.209999999999981
2012-10-26,1.9099999999998862,1.8999999999998862
2012-10-29,0.11400000000002401,0.104000000000024
2012-10-30,-0.6490000000000238,-0.6790000000000237
2012-10-31,1.4840000000001088,1.4990000000001087
2012-11-01,0.49100000000000155,0.43100000000000155
2012-11-02,-0.3300000000000708,-0.2700000000000708
2012-11-05,0.6098499999996855,0.7098499999996855
2012-11-06,-0.16984999999998926,-0.39984999999998905
2012-11-07,2.3550000000003415,2.1950000000003413
2012-11-08,-0.3950000000003367,-0.1950000000003367
2012-11-09,-1.3100000000000105,-1.1987500000000104
2012-11-12,-1.9100080000000452,-1.5537560000000334
2012-11-13,0.44400800000005447,0.3905060000000426
2012-11-14,-0.8689999999999946,-0.7479999999999952
2012-11-15,-0.08499999999976349,-0.06374999999976266
2012-11-16,1.57000000000007,1.4200000000000697
2012-11-19,1.2489999999996628,0.9379999999996622
2012-11-20,0.02099999999998581,-0.12700000000001277
2012-11-21,-0.7069999999996804,-0.7079999999996806
2012-11-22,0.0,0.0
2012-11-23,0.7219999999996368,0.5929999999996373
2012-11-26,0.49300000000000943,0.47700000000000936
2012-11-27,1.5000000000002982,1.3300000000002983
2012-11-28,1.2650000000000923,1.1900000000000912
2012-11-29,0.542000000000001,0.538000000000002
2012-11-30,0.19800000000000756,0.24200000000000768
2012-12-03,0.03699999999993079,-0.1370000000000753
2012-12-04,0.5489999999996914,0.4569999999996933
2012-12-05,1.5258399999999697,1.424329999999966
2012-12-06,0.18041000000035415,0.25442000000037734
2012-12-07,-0.9001700000003763,-0.8101700000003776
2012-12-10,0.5551700000003801,0.5551700000003803
2012-12-11,-1.0676700000003874,-0.7976800000004094
2012-12-12,-1.5733199999995424,-1.4673199999995425
2012-12-13,-2.590250000000115,-2.491250000000115
2012-12-14,1.2850000000000075,1.095000000000007
2012-12-17,-2.0605000000003693,-1.7365000000003692
2012-12-18,-1.0882499999999504,-1.1722499999999494
2012-12-19,-1.6224999999996397,-0.9924999999996406
2012-12-20,-1.2000000000000064,-0.6150000000000064
2012-12-21,-1.2937500000004085,-1.6050000000004085
2012-12-24,-1.9324999999999295,-1.7849999999999295
2012-12-25,0.0,0.0
2012-12-26,-0.6062499999995645,-0.22999999999956508
2012-12-27,1.403749999999856,1.3939999999998558
2012-12-28,0.3524999999996648,0.15499999999966452
2012-12-31,0.8249999999999897,0.7149999999999909
2013-01-01,0.0,0.0
2013-01-02,-1.0801699999999907,-0.8041699999999911
2013-01-03,-2.444829999999991,-2.1758299999999906
2013-01-04,-2.5399999999996767,-1.6189999999996776
2013-01-07,0.3249999999996864,0.1899999999996859
2013-01-08,1.1150000000000106,1.0150000000000117
2013-01-09,2.0400000000000076,1.710000000000008
2013-01-10,0.3250000000003061,0.15000000000028796
2013-01-11,-0.6800000000000013,-0.3860000000000011
2013-01-14,2.220000000000024,1.8700000000000236
2013-01-15,1.0850000000000068,0.9150000000000078
2013-01-16,0.5338399999996625,0.4058399999996601
2013-01-17,-1.5389999999996637,-1.4809999999996637
2013-01-18,-0.40016539999995343,-0.28016539999995094
2013-01-21,0.03463875999999955,0.03463875999999955
2013-01-22,0.9176729599996676,0.8356729599996655
2013-01-23,-0.19434367999963617,-0.11434367999963772
2013-01-24,-0.4950424000000149,-0.3950424000000133
2013-01-25,-3.1690313600000586,-2.995708480000056
2013-01-28,-1.340537120000293,-1.2825371200002968
2013-01-29,0.14045650000024748,0.12245650000024692
2013-01-30,0.4692663999999935,0.24311967999999373
2013-01-31,0.13421404000005582,0.11991638000005296
2013-02-01,1.6080438399999515,1.1918844799999535
2013-02-04,-0.37004999999998056,-0.24672499999998182
2013-02-05,-0.33266527999995277,-0.3947761599999556
2013-02-06,-1.5054072000003471,-1.02575900000032
2013-02-07,-2.2046649599999966,-1.5843311999999965
2013-02-08,0.06764048000031189,0.17055060000026206
2013-02-11,-0.9778004000003175,-0.7010005000002681
2013-02-12,0.5634036800003002,0.38075460000025296
2013-02-13,-0.649169840000015,-0.5467123000000117
2013-02-14,1.5912312000000224,1.2387312000000197
2013-02-15,-0.6965838000000018,-0.5314005600000024
2013-02-18,0.0,0.0
2013-02-19,-0.2528540000003115,-0.12783400000026343
2013-02-20,-0.36215608000000565,-0.33217608000000437
2013-02-21,-0.8126966399999795,-0.6093960799999839
2013-02-22,1.371190720000285,1.1526808400002417
2013-02-25,0.41097720000005283,0.34609840000004455
2013-02-26,-1.024587160000047,-0.9936850200000401
2013-02-27,1.5113468799996883,1.2965713599997366
2013-02-28,0.8713905000003033,0.6993905000002567
2013-03-01,0.10960250000001134,0.15660250000001008
2013-03-04,-0.7297130000003156,-0.5247130000002906
2013-03-05,0.7080828000000196,0.4980828000000183
2013-03-06,-2.5318533000000283,-2.081853300000027
2013-03-07,-1.520707199999726,-1.4407071999997265
2013-03-08,0.7413804000000287,0.21138040000002756
2013-03-11,2.0229436000000542,1.4829436000000549
2013-03-12,2.454026899999947,2.134026899999945
2013-03-13,-0.09198769999974828,-0.0893836399997461
2013-03-14,0.22178883999974014,0.1567888399997579
2013-03-15,1.9365337599999977,1.7165337599999964
2013-03-18,1.0635968000000233,0.9635968000000205
2013-03-19,0.1082030800000045,0.16320308000000805
2013-03-20,1.7819467999998952,1.3152303999999007
2013-03-21,-0.49294580000015886,-0.4403724000001431
2013-03-22,0.061484159999956434,0.1369852799999556
2013-03-25,1.2698043199999338,1.0705465599999393
2013-03-26,0.10918830000000344,0.12216140000000288
2013-03-27,1.650816660000333,1.5685582800003106
2013-03-28,-4.644992000000275,-3.9649920000002763
2013-03-29,0.0,0.0
2013-04-01,0.184992000000268,0.1899920000002688
2013-04-02,1.018279219999729,0.9232792199997283
2013-04-03,0.3160938200000431,0.48609382000004375
2013-04-04,2.075181600000274,1.975181600000274
2013-04-05,2.5962074799996615,2.266207479999662
2013-04-08,-0.6780490199996834,-0.7480490199996839
2013-04-09,1.7123763199999573,1.6023763199999579
2013-04-10,-0.2748066000002315,-0.32480660000023154
2013-04-11,2.1231947999999607,2.06819479999996
2013-04-12,0.6966503999999708,0.8716503999999708
2013-04-15,-4.271549239999677,-4.066549239999677
2013-04-16,2.4537657600000164,2.275789040000011
2013-04-17,-1.0537880000003201,-0.9595790000003084
2013-04-18,-1.7698680000000613,-1.513620000000074
2013-04-19,0.8817811200004727,0.6901534800004735
2013-04-22,-0.6875000000004174,-0.43250000000041766
2013-04-23,-0.47368520000003256,-0.3459108000000317
2013-04-24,1.6100841600000473,1.4372636400000471
2013-04-25,1.0320558400000215,0.8807018600000266
2013-04-26,0.7784707199999934,1.0993168799999933
2013-04-29,3.618050880000023,2.939298880000011
2013-04-30,-0.15248000000005513,-0.13497600000004817
2013-05-01,-0.28999999999965526,-0.1349999999996556
2013-05-02,1.1243239999996593,1.1255039999996523
2013-05-03,-1.5608085599999564,-1.7723827199999556
2013-05-06,-3.1194913600000143,-3.1089923200000147
2013-05-07,1.58581520000032,1.5593576800003013
2013-05-08,-0.3501304000002906,-0.3753673600002729
2013-05-09,0.9526956000000002,0.9834260400000009
2013-05-10,-5.631785520000053,-5.526283200000054
2013-05-13,-0.009816539999562463,0.008008600000413809
2013-05-14,-1.800384320000083,-1.8211536000000825
2013-05-15,-0.6873015999999826,-0.6821097999999826
2013-05-16,1.3336127999996967,1.328441599999697
2013-05-17,-3.7917239599997257,-3.7320341199997484
2013-05-20,0.7649920000000137,0.7799920000000145
2013-05-21,-0.34085815999998226,-0.27502127999998294
2013-05-22,-2.6968760000000223,-2.6076248000000213
2013-05-23,-0.3328854000000218,-0.24016948000002217
2013-05-24,-1.6786667999999474,-1.6735101599999478
2013-05-27,0.2324141999999978,0.20142563999999813
2013-05-28,-3.3674082000002885,-3.377754840000289
2013-05-29,-0.41119500000000136,-0.35436900000000093
2013-05-30,-1.1078179999999886,-1.138775599999989
2013-05-31,-1.5664764000000129,-1.662365680000019
2013-06-03,0.42139599999997235,0.5981003999999631
2013-06-04,-0.437232799999997,-0.5253269599999921
2013-06-05,-1.7745589999997453,-1.588364999999716
2013-06-06,1.107777199999772,1.116987439999744
2013-06-07,0.44598959999996735,-0.34422848000003736
2013-06-10,-2.94964849999995,-2.958523099999937
2013-06-11,0.9351670400001607,0.8788923200001791
2013-06-12,-2.6130153999999726,-2.241513199999969
2013-06-13,1.6259001599998246,1.6134492799998053
2013-06-14,1.5541278000000032,1.6724683999999976
2013-06-17,-0.5474204000000098,-0.5501212000000103
2013-06-18,0.5216002400001338,0.3372839200001573
2013-06-19,-2.744107199999998,-3.2454855999999963
2013-06-20,-6.488816960000003,-5.856861680000001
2013-06-21,-1.097969359999987,-0.9757528799999858
2013-06-24,-1.9421646400000228,-1.7126372000000303
2013-06-25,0.024663999999918088,-0.01278000000010179
2013-06-26,1.0332224000000847,1.0922480000001067
2013-06-27,1.088784780000016,1.1804858000000156
2013-06-28,-2.788598480000022,-2.264632800000021
2013-07-01,-0.669815280000067,-0.5107448000000674
2013-07-02,-0.31103107999999974,-0.2695587999999992
2013-07-03,-0.28177879999993577,-0.41070799999991414
2013-07-04,0.6863102400000096,0.6239184000000088
2013-07-05,-3.2850065600000735,-4.209553600000094
2013-07-08,2.748523840000121,3.076064960000159
2013-07-09,2.089261999999875,2.1960857999998336
2013-07-10,-0.37750000000000195,-0.39250000000000246
2013-07-11,2.2853456000000625,2.3245610400000833
2013-07-12,-1.744616399999995,-1.4474047599999922
2013-07-15,0.5643207999999913,0.7136387199999886
2013-07-16,0.816909000000002,0.7149681000000031
2013-07-17,0.10258320000000026,0.3901996799999996
2013-07-18,0.3168176000000008,0.24807840000000023
2013-07-19,0.18135805999998553,0.21373459999998226
2013-07-22,-0.00821807999999512,0.03627920000000471
2013-07-23,-0.9511718400000431,-0.7372272000000581
2013-07-24,-1.5425796000000052,-1.5729978000000053
2013-07-25,-0.7147192799999411,-0.7124401599999207
2013-07-26,0.1718853600000018,0.47577664000000514
2013-07-29,-0.6775300000000729,-0.630040000000095
2013-07-30,0.1177695600000147,0.08309048000001241
2013-07-31,0.2055748800000479,0.1715259600000638
2013-08-01,-1.5572219999999772,-2.090592399999968
2013-08-02,2.0594640000000006,2.719497599999996
2013-08-05,-0.3712836800000802,-0.5353397200001285
2013-08-06,-0.35854703999992593,-0.37105759999987936
2013-08-07,-0.46817220000001186,-0.13912700000001987
2013-08-08,1.2347993000000037,1.3069575000000064
2013-08-09,-0.40035090000006235,-0.2576832000000996
2013-08-12,0.3702586000000576,0.013563200000093957
2013-08-13,-1.798751999999993,-2.4875039999999866
2013-08-14,0.35228564000000917,0.3729025200000089
2013-08-15,-0.5866840000000073,-0.8261120000000141
2013-08-16,-0.9076432000000556,-1.3257516800000901
2013-08-19,-0.18824359999993281,-0.4429192399998899
2013-08-20,0.011621999999928903,0.4899367999998828
2013-08-21,-1.6961240000000224,-1.987865800000021
2013-08-22,-0.46079319999990875,-0.9730910799998636
2013-08-23,1.8266959999999912,2.1567807999999875
2013-08-26,0.7616043999999342,0.8862567999999129
2013-08-27,-1.6410240000000222,-1.114128000000022
2013-08-28,-1.1311609599999917,-1.361365119999991
2013-08-29,0.38561080000001274,0.5093984000000135
2013-08-30,-0.726241639999948,-0.7314627199999292
2013-09-02,0.49532560000000386,0.4661888000000037
2013-09-03,-1.1738791999999387,-1.4831679999999183
2013-09-04,-0.38190064000006485,-0.7441256000000869
2013-09-05,-1.0463113600000096,-1.3818544000000093
2013-09-06,1.724762079999951,1.7911831999999293
2013-09-09,0.7424214400000099,1.0256316000000099
2013-09-10,0.1990400000000531,-0.06082399999992608
2013-09-11,0.9427523200000152,1.180468800000017
2013-09-12,-0.24757376000000528,-0.26788140000000554
2013-09-13,-0.2750892799999814,-0.43477119999997776
2013-09-16,0.9315351999999263,0.9882359999999023
2013-09-17,0.08374800000004431,0.0487480000000591
2013-09-18,2.402366519999944,2.716344959999926
2013-09-19,0.3010824000000682,0.2726288000000904
2013-09-20,-0.5069670799999488,-0.675052019999929
2013-09-23,0.2768719199998844,0.3735165599998418
2013-09-24,0.31336272000006266,0.2894358400000851
2013-09-25,0.23649440000000346,0.411094960000006
2013-09-26,-0.3489703999999475,-0.4162718799999301
2013-09-27,-0.26670462000008277,-0.16400440000010447
2013-09-30,-0.8614816400000773,-1.0634050200000966
2013-10-01,-0.3246427999999105,-0.5779523999998883
2013-10-02,0.42770416000000416,0.6520698800000069
2013-10-03,-0.5262354799999406,-0.37686113999992465
2013-10-04,0.16370623999992606,-0.008409520000091358
2013-10-07,0.35749999999997806,0.48249999999997345
2013-10-08,-1.3264446599999697,-1.406753819999965
2013-10-09,-0.5618810000001165,-0.44758700000013973
2013-10-10,1.2120234599999815,0.9940214199999824
2013-10-11,0.9174805400000995,0.8075365800001149
2013-10-14,-0.6610618399999721,-0.6885797599999686
2013-10-15,1.1271692399998883,1.1837483599998686
2013-10-16,1.2925274400000974,1.4808581600001132
2013-10-17,2.2334143999999867,2.680743679999986
2013-10-18,0.406152800000018,0.30147016000002475
2013-10-21,-0.5507511999999971,-0.60871364
2013-10-22,1.9763768000000175,2.2516829600000223
2013-10-23,-0.5755812000001392,-0.39217714000016196
2013-10-24,-0.14749039999986058,-0.2547408799998378
2013-10-25,0.9353787999999981,1.0345963599999963
2013-10-28,-0.3153895799999722,-0.31636959999996855
2013-10-29,0.6093648799999719,0.6328028399999641
2013-10-30,-0.9537772000001594,-1.10076460000018
2013-10-31,-0.43015202000000946,-0.6184062800000085
2013-11-01,-1.8295965599998818,-2.2420965599998515
2013-11-04,0.9852233599998645,1.2002233599998302
2013-11-05,-1.51558375999981,-1.9393337599997655
2013-11-06,1.2637069999998365,1.6099569999997976
2013-11-07,0.66249999999998,0.8349999999999749
2013-11-08,-2.2788756399998165,-2.9151256399997716
2013-11-11,-0.34776540000004086,-0.4802654000000498
2013-11-12,-0.5379590199999824,-0.5179590199999795
2013-11-13,2.0429443000000034,2.3129443000000025
2013-11-14,1.9714803199998272,2.1614803199998076
2013-11-15,0.0040862400000188474,0.024086240000019427
2013-11-18,1.227772800000004,1.3427728000000054
2013-11-19,-1.235556720000002,-1.3655567200000036
2013-11-20,-0.25406799999981355,-0.3990679999997882
2013-11-21,0.7162101999999845,0.7862001999999811
2013-11-22,0.40634707999982034,0.4513570799997988
2013-11-25,0.5295542400001997,0.4595542400002234
2013-11-26,1.0312359999999616,1.0612359999999588
2013-11-27,-0.7176536000001718,-0.8576536000001932
2013-11-28,0.024374999999998453,0.06687499999999794
2013-11-29,-0.6067813999999943,-0.6742913999999923
2013-12-02,-1.6386599999997882,-1.8086499999997652
2013-12-03,0.1819214000001275,0.331921400000143
2013-12-04,-1.4685776000001372,-1.4735776000001537
2013-12-05,-0.5992550000002046,-0.6442650000002282
2013-12-06,0.37168415999999727,0.49169415999999777
2013-12-09,1.1832155200001482,1.2882155200001635
2013-12-10,1.0674637600000503,1.067463760000058
2013-12-11,-1.9569846399999875,-2.131984639999986
2013-12-12,-0.378750000000233,-0.5587500000002591
2013-12-13,0.8879623200002276,0.7279623200002521
2013-12-16,0.5091748399999624,0.4841748399999584
2013-12-17,0.1933995599998166,0.34339955999979566
2013-12-18,0.9428582200002148,0.9378582200002384
2013-12-19,-1.629303880000036,-1.6843038800000418
2013-12-20,0.0035945999998446498,0.0035945999998281877
2013-12-23,-0.3473900999998261,-0.39739009999980435
2013-12-24,-1.2437500000001729,-1.3087500000001946
2013-12-25,0.0,0.0
2013-12-26,0.15000000000018746,0.15000000000018746
2013-12-27,0.12468035999999036,0.12468035999999036
2013-12-30,0.8824999999999409,0.9762499999999409
2013-12-31,-0.4774999999999706,-0.5612499999999707
2014-01-01,0.0,0.0
2014-01-02,-0.3103987200000204,-0.24664872000002383
2014-01-03,0.27833632000000347,0.31958632000000287
2014-01-06,0.19343096000003335,0.4321809600000402
2014-01-07,1.3858827999999717,1.4683827999999683
2014-01-08,-1.5063669199999643,-2.0276169199999603
2014-01-09,0.3906874399999542,0.39317743999994653
2014-01-10,1.7200876000000314,2.6175876000000304
2014-01-13,0.19000000000001838,0.17250000000001792
2014-01-14,-0.664797799999995,-0.739797799999995
2014-01-15,-0.8668478599999129,-1.2018478599999127
2014-01-16,0.2536005999998991,0.3336005999998993
2014-01-17,0.6651939199999612,0.6251939199999613
2014-01-20,0.6457511199999897,0.6457511199999897
2014-01-21,-0.5219365999999601,-0.6119365999999602
2014-01-22,-0.7701877999999898,-0.7901877999999891
2014-01-23,0.5058117999999802,0.45581179999997995
2014-01-24,-1.1768420000000135,-1.2068420000000137
2014-01-27,-0.5254921000000093,-0.4654921000000094
2014-01-28,1.3386150400000423,1.443615040000042
2014-01-29,0.18114820000010623,-0.033851799999894135
2014-01-30,-0.5677239200001016,-0.4864739200001015
2014-01-31,-0.042132560000000464,0.10661743999999934
2014-02-03,-1.3691620000000342,-1.2004120000000336
2014-02-04,-0.6546851600000196,-0.19468516000002062
2014-02-05,-0.38798999999995326,-0.40298999999995316
2014-02-06,0.5917956000001272,0.6417956000001273
2014-02-07,2.289511999999874,2.3595119999998744
2014-02-10,0.18493367999998078,0.10949211999998111
2014-02-11,0.5425634999998614,0.3498584199998604
2014-02-12,-1.5517319999998953,-1.529893439999879
2014-02-13,1.7158700800000475,1.7299642400000566
2014-02-14,0.047118960000134845,0.12350488000015247
2014-02-17,0.0,0.0
2014-02-18,0.772292959999861,0.9858518799998396
2014-02-19,-0.9190990399999897,-0.7850740799999857
2014-02-20,-0.8130887199999994,-0.8038454400000009
2014-02-21,1.3444014999998424,1.1646754399998194
2014-02-24,-0.16640800000001316,-0.14190168000001285
2014-02-25,0.9473320000001786,1.0573320000001787
2014-02-26,0.13254400000001348,0.08254400000001345
2014-02-27,0.9141769999999468,0.6941769999999468
2014-02-28,-1.3850491199999506,-0.9650491199999505
2014-03-03,-1.659138160000045,-1.2778881600000453
2014-03-04,0.058177000000039336,-0.0043229999999606665
2014-03-05,0.2939788799999433,0.16448063999994914
2014-03-06,-0.7142150399999325,-0.55520479999994
2014-03-07,-2.1104198399999805,-2.2477807999999815
2014-03-10,0.5549974199999107,0.23714039999992
2014-03-11,-0.08374999999994648,0.16500000000004778
2014-03-12,0.5697377999999743,0.8640359999999767
2014-03-13,0.8809268000002113,0.9342160000001882
2014-03-14,-0.322830400000228,-0.2236480000002035
2014-03-17,0.1837404000000366,0.0578480000000337
2014-03-18,0.8745493000001799,0.9401660000001602
2014-03-19,-3.254624260000042,-3.469761200000039
2014-03-20,0.1793878399999865,0.018940799999987757
2014-03-21,0.32625000000006776,0.35625000000006785
2014-03-24,-1.172111360000072,-1.1279632000000726
2014-03-25,0.7314320999999463,1.0716019999999473
2014-03-26,1.2273492600001341,1.1030112000001335
2014-03-27,-0.09179728000002724,0.07477639999997264
2014-03-28,-0.46383924000003934,-0.5421088000000396
2014-03-31,-0.28403738000001705,0.22371439999998355
2014-04-01,0.2714649399999378,0.5166927999999383
2014-04-02,-1.067254399999847,-1.3372543999998472
2014-04-03,0.21141176000000333,0.28538168000000314
2014-04-04,0.9166134799999952,0.9083551399999958
2014-04-07,1.5514085999999947,1.638850399999995
2014-04-08,0.19676255999986547,0.17677255999988684
2014-04-09,0.6663016000000023,0.6162916000000019
2014-04-10,1.0131255600001168,1.0068755600000987
2014-04-11,-0.26797740000012565,-0.4229774000001077
2014-04-14,-0.4824999999998431,-0.3624999999998656
2014-04-15,-1.2363092000000788,-1.1613092000000678
2014-04-16,0.6689451200000461,0.5889451200000388
2014-04-17,-1.3310150400000211,-1.236015040000017
2014-04-18,0.0,0.0
2014-04-21,0.19250000000000186,0.19250000000000186
2014-04-22,0.3367689600000329,0.33586192000002935
2014-04-23,0.5174467999999841,0.49125109999998623
2014-04-24,-0.1361899199999701,-0.11895283999997473
2014-04-25,-0.42068936000004337,-0.3763377200000383
2014-04-28,0.19889155999998906,0.19979711999999214
2014-04-29,0.5796744000000242,0.6733338000000207
2014-04-30,1.5820800399998813,1.1874360799998978
2014-05-01,0.5512500000000816,0.20750000000006993
2014-05-02,-0.2832850399999477,-0.43372107999995596
2014-05-05,-0.16932304000006432,0.03262791999994604
2014-05-06,0.1691557599999929,0.3095555199999925
2014-05-07,1.36931664000005,1.1506992800000433
2014-05-08,1.4629498399998941,1.3857956799998934
2014-05-09,-0.5333296800000135,-0.7795796800000128
2014-05-12,-0.6222431999999096,-0.5272431999999112
2014-05-13,1.7902544000000395,1.5002544000000404
2014-05-14,1.4399999999999982,0.879999999999996
2014-05-15,-0.2999327999999885,-0.48430399999998847
2014-05-16,0.660910199999861,0.6810889999998619
2014-05-19,0.43757796000000265,0.3490140000000021
2014-05-20,0.5672672000000867,0.4548700000000867
2014-05-21,-0.680682799999912,-0.8063987999999125
2014-05-22,0.7185089199999002,0.7060089199999001
2014-05-23,0.7910540400000514,0.6028872400000511
2014-05-26,0.382026400000008,0.21284328000000807
2014-05-27,-0.17183750000005182,-0.44375000000005693
2014-05-28,1.8573005600000636,1.824351840000072
2014-05-29,0.08098559999992286,-0.11591944000008803
2014-05-30,-1.282308199999989,-1.3723081999999862
2014-06-02,-2.255566799999882,-2.050566799999882
2014-06-03,-1.9460420000000709,-1.7885420000000702
2014-06-04,0.01363800000000856,-0.013861999999991485
2014-06-05,2.728516240000064,2.7035162400000647
2014-06-06,-0.23864624000001203,-0.07114624000001295
2014-06-09,-1.4096213600001177,-1.4396213600001175
2014-06-10,-0.3724153200001021,-0.3036653200001021
2014-06-11,0.018539840000231882,-0.02521015999976812
2014-06-12,1.28527767999999,1.2434026799999902
2014-06-13,-1.3564892000001252,-1.2896142000001252
2014-06-16,-0.5204321200000174,-0.6316821200000173
2014-06-17,-1.37315199999993,-1.3427498399999227
2014-06-18,3.246588639999975,2.9047615999999703
2014-06-19,0.24548656000000063,0.35412896000000055
2014-06-20,-0.22610848000001346,-0.006945760000013502
2014-06-23,-0.47147919999999316,-0.6150073199999933
2014-06-24,0.7629973600000839,0.6282168400000839
2014-06-25,0.5778515199999222,0.6190878399999222
2014-06-26,0.6691100000000239,0.7057850000000239
2014-06-27,0.4482099199999624,0.5647375999999626
2014-06-30,1.429081920000037,0.9777542400000371
2014-07-01,0.39734256000002327,0.3523566800000233
2014-07-02,-1.260798000000035,-1.1601640000000348
2014-07-03,0.3297326000000097,0.1799525600000097
2014-07-04,0.2595588800000295,0.2983180600000296
2014-07-07,-0.44568764000007977,-0.4660302400000798
2014-07-08,0.20180716000007498,0.27564604000007503
2014-07-09,2.049576879999986,1.7203293199999858
2014-07-10,-0.7704697400000134,-0.6882746600000136
2014-07-11,1.0349999999999597,0.7862499999999598
2014-07-14,0.06239899999998288,0.2573989999999829
2014-07-15,0.04587532000005724,-0.04037467999994276
2014-07-16,0.4431357400000236,0.5318857400000235
2014-07-17,-0.4467463599999933,-0.6729963599999932
2014-07-18,0.46248831999995327,0.3937383199999534
2014-07-21,-0.19598311999995788,-0.20848311999995786
2014-07-22,1.8026241600000008,1.765124160000001
2014-07-23,-0.06380720000009912,-0.03130720000009912
2014-07-24,-1.140535959999916,-0.9980359599999161
2014-07-25,-0.17298794000002485,-0.25548794000002484
2014-07-28,-1.4600288599999771,-1.3850288599999772
2014-07-29,0.8546081200000436,0.7061081200000436
2014-07-30,-3.2956189600001067,-3.1181189600001056
2014-07-31,-1.552927239999953,-1.595927239999953
2014-08-01,0.2324329200000253,0.2324329200000253
2014-08-04,0.14045695999998065,0.14045695999998065
2014-08-05,0.13944560000005174,0.13944560000005174
2014-08-06,0.017950499999913883,-0.2882995000000863
2014-08-07,0.9255821000000715,0.7312071000000716
2014-08-08,0.8758822400000027,0.6058822400000028
2014-08-11,0.2681439599999225,0.7036608199999226
2014-08-12,0.25031636000000823,0.2690663600000082
2014-08-13,1.7121300800000412,1.5871300800000412
2014-08-14,0.4220190400000105,0.36576904000001054
2014-08-15,-0.007087839999984044,-0.05854599999998423
2014-08-18,1.5035433999999912,1.4280224999999926
2014-08-19,-0.17613003999998217,-0.11041349999998287
2014-08-20,-1.3183624000001082,-1.2628473000001075
2014-08-21,0.4657345600000943,0.4202456200000935
2014-08-22,-1.3004544000000566,-1.2638938000000566
2014-08-25,1.1602201600000406,1.1229193200000407
2014-08-26,1.0635646399999683,1.0510646399999681
2014-08-27,0.37597759999999963,0.2984775999999996
2014-08-28,-0.7315660799999801,-0.7215660799999801
2014-08-29,0.1611071999999656,0.17985719999996558
2014-09-01,0.10528128000000098,0.08686526000000097
2014-09-02,-1.1219673599999802,-0.8805773999999803
2014-09-03,2.806529999999953,2.982052199999953
2014-09-04,-0.12333800000000528,0.2833456799999948
2014-09-05,-0.36799999999990796,-0.27367567999990783
2014-09-08,-0.2824228800000562,-0.44363652000005627
2014-09-09,-1.3581254799999924,-1.3581254799999924
2014-09-10,-0.8611064800000371,-0.8611064800000371
2014-09-11,0.024089340000040704,0.024089340000040704
2014-09-12,-0.2569855199999371,-0.2569855199999371
2014-09-15,-0.4531283600000699,-0.4531283600000699
2014-09-16,0.4289534800000191,0.44449552000001896
2014-09-17,-0.7379110400000217,-0.7080887200000205
2014-09-18,-0.07602800000000125,0.07416967999999696
2014-09-19,2.6112604800000305,2.505010480000031
2014-09-22,0.41915584000002837,0.2233082400000283
2014-09-23,0.05174527999993861,-0.2411883200000614
2014-09-24,-0.8109178399999373,-0.4897980799999371
2014-09-25,0.17743379999991876,-0.2760348000000812
2014-09-26,-0.48011191999990843,-0.16316871999990845
2014-09-29,-0.4324025600000321,-0.7912720800000321
2014-09-30,1.2619302400000287,1.4188604800000284
2014-10-01,0.7175108799999736,0.25569807999997257
2014-10-02,-1.0017719999999595,-1.2423319999999594
2014-10-03,-0.3182794800000079,-0.1970055600000078
2014-10-06,-0.1793410000000158,-0.2044630000000158
2014-10-07,-1.5635280399999967,-1.5033427599999956
2014-10-08,1.390699679999977,1.4007814399999763
2014-10-09,-0.264190420000024,-0.20974374000002408
2014-10-10,0.6343705000000704,0.7626107000000709
2014-10-13,-1.0460423200000408,-1.0471754800000408
2014-10-14,-1.8721975999999694,-1.6900501599999638
2014-10-15,1.4162803999999938,1.3113599199999932
2014-10-16,-0.7676544000000317,-1.219313300000031
2014-10-17,0.4788619999999687,0.5179711999999614
2014-10-20,0.25165856000005987,0.1829085600000599
2014-10-21,-0.819233900000005,-0.7665990000000047
2014-10-22,0.14327239999999172,0.12794515999999187
2014-10-23,-2.0401578799999767,-1.9027025599999774
2014-10-24,0.7750821999999634,0.6577563999999569
2014-10-27,-0.8758085200000487,-0.6876242400000551
2014-10-28,0.09643408000007415,-0.0761530399999143
2014-10-29,-2.4369999999999963,-2.3729999999999962
2014-10-30,0.9236077599999079,0.8494291199999082
2014-10-31,-0.7866075999999937,-0.7791000799999949
2014-11-03,-0.4794749999999151,-0.3389204999999148
2014-11-04,0.7969031999999678,0.767911999999968
2014-11-05,-0.515845439999971,-0.5288711999999706
2014-11-06,-1.0003666200000343,-0.9043871400000355
2014-11-07,2.4604690599999546,2.2544738199999546
2014-11-10,-1.2279676799999493,-1.1338294399999485
2014-11-11,-0.5044423999999993,-0.44137920000000047
2014-11-12,-0.17104911999999117,-0.09718495999999108
2014-11-13,-0.2577078000000658,-0.09674676000006498
2014-11-14,1.0752508000000442,0.9252173600000494
2014-11-17,-0.26299487999997573,-0.27699583999997124
2014-11-18,1.2812096000000082,1.1391834000000094
2014-11-19,-0.30948776000001094,-0.3879899200000114
2014-11-20,-0.7512856000000183,-0.4842352000000241
2014-11-21,0.924775200000003,0.851638400000003
2014-11-24,0.4320000000000039,0.4930000000000047
2014-11-25,0.11668680000000746,0.1845656000000101
2014-11-26,0.40395888000001107,0.4041324000000117
2014-11-27,-0.1528743599999972,-0.14539529999999767
2014-11-28,1.0360957599999683,1.151080639999964
2014-12-01,-1.10457964,-1.082224960000002
2014-12-02,-1.0430900000000525,-0.9941000000000593
2014-12-03,-0.023625399999898763,-0.12876559999988585
2014-12-04,-0.32842611999998333,0.003667840000016622
2014-12-05,-2.007776800000124,-1.9378864000001355
2014-12-08,0.6119562400000871,0.6741746400000963
2014-12-09,-0.4966324000000283,-0.4761024800000277
2014-12-10,1.2667229600000132,1.2751668000000107
2014-12-11,-1.3384855999999514,-1.1665726399999505
2014-12-12,-0.6854794800001025,-0.7621972800001026
2014-12-15,-2.241140880000008,-1.9703927200000098
2014-12-16,2.060641400000099,1.9160176000001004
2014-12-17,-1.9444271799999813,-1.8495992999999822
2014-12-18,-0.3502205200000147,-0.40994728000001524
2014-12-19,0.14844251999999483,0.18581231999999612
2014-12-22,0.6604084000000041,0.5766460000000035
2014-12-23,-1.4486479599999833,-1.468856679999982
2014-12-24,0.2587499999999999,0.1737499999999999
2014-12-25,0.0,0.0
2014-12-26,0.07749999999996363,0.08249999999995908
2014-12-29,0.28792479999998044,0.5561663999999784
2014-12-30,0.3217777600000468,0.24338208000005218
2014-12-31,1.0260000000000102,0.8490000000000106
2015-01-01,0.0,0.0
2015-01-02,1.0895283999997825,1.0831470799997827
2015-01-05,-0.10011783999997297,0.140436720000027
2015-01-06,1.2844640800001825,1.269249800000183
2015-01-07,0.7778518399998173,0.749211199999817
2015-01-08,0.09504911999998758,-0.2472043200000126
2015-01-09,0.022149460000092838,0.35564548000009333
2015-01-12,1.2574649600000745,1.1628377600000743
2015-01-13,1.55418471999985,1.37896899999985
2015-01-14,0.5800321200001717,0.5658480000001719
2015-01-15,2.5426878799998045,2.4708168799997803
2015-01-16,-1.7453600799999858,-2.130425519999986
2015-01-19,0.49573960000000317,0.5050375200000031
2015-01-20,-0.36737519999982204,-0.492443519999822
2015-01-21,-0.5566832800002038,-0.6586251200002039
2015-01-22,-0.5506058399997953,-0.9303707999997954
2015-01-23,1.1243840000000078,1.1243840000000078
2015-01-26,-0.22472490000009193,-0.22472490000009193
2015-01-27,0.3860347799998932,0.3860347799998932
2015-01-28,2.476864479999996,2.476864479999996
2015-01-29,-0.12468495999980429,-0.1446849599998043
2015-01-30,2.3705710600000343,2.3705710600000343
2015-02-02,0.11393609999987804,0.11393609999987804
2015-02-03,-3.7313264800000896,-3.7313264800000896
2015-02-04,0.18860600000016456,0.18860600000016456
2015-02-05,-0.3138659599999995,-0.3138659599999995
2015-02-06,-3.277303799999988,-3.277303799999988
2015-02-09,-0.8449190000001572,-0.8449190000001572
2015-02-10,0.3860852999999922,0.27666037999999216
2015-02-11,0.37429216000014465,0.4609717600001446
2015-02-12,0.7416419999998632,0.40760599999986324
2015-02-13,-0.7499602399998632,-0.6749602399998632
2015-02-16,-0.17598640000000165,-0.19473640000000164
2015-02-17,-2.0288605599999805,-1.6538605599999805
2015-02-18,2.3171602399998337,2.0109102399998333
2015-02-19,-0.945811999999852,-0.945811999999852
2015-02-20,0.32042943999987705,0.2804294399998566
2015-02-23,1.2908005599999892,1.3708005599999873
2015-02-24,1.3080973399999964,1.4180973399999957
2015-02-25,0.08424452000014317,0.08924452000016704
2015-02-26,-0.8633016000000069,-0.9283116000000077
2015-02-27,0.1343963199999428,0.053387999999932864
2015-03-02,-0.35712798000006885,-0.4421379800000799
2015-03-03,-1.1610585999998781,-1.2244805599998583
2015-03-04,0.7067086399999457,0.7167086399999367
2015-03-05,0.9547495999999228,1.00259663999991
2015-03-06,-1.213589119999865,-1.390187839999842
2015-03-09,0.6434228799998707,0.7071598399998487
2015-03-10,0.17800024000001233,0.37255140000001524
2015-03-11,1.089477560000093,1.0801552000001111
2015-03-12,0.23624289999989817,0.30756087999987775
2015-03-13,1.1301422000001045,0.9339528000001259
2015-03-16,0.8784013199999353,0.9176031999999142
2015-03-17,0.5668121400000952,0.4397175200001138
2015-03-18,0.7189943999999214,0.8905387199999139
2015-03-19,-0.462829279999905,-0.41939887999987374
2015-03-20,0.2950551199999704,0.16305511999995279
2015-03-23,-0.7275400000000223,-0.6825400000000348
2015-03-24,0.6592216000000155,0.7265768000000264
2015-03-25,-1.4137116000000134,-1.5301677000000162
2015-03-26,-0.31636927999998693,-0.3791803599999842
2015-03-27,0.673332640000044,0.7120977600000448
2015-03-30,0.8020278399999411,0.8373110799999375
2015-03-31,1.3998249599999582,1.41374727999995
2015-04-01,0.6172608800000368,0.6937413000000445
2015-04-02,-1.115451519999992,-1.1425321999999982
2015-04-03,0.0,0.0
2015-04-06,0.5412499999999688,0.5862499999999705
2015-04-07,0.6743706399999974,0.6835305999999969
2015-04-08,0.1037068000000224,0.09463350000002697
2015-04-09,0.3129523199999583,0.47814819999995806
2015-04-10,0.777191320000047,0.7832514200000709
2015-04-13,0.7102939600000381,0.9390269000000451
2015-04-14,0.06890339999998965,0.055551759999971285
2015-04-15,-0.0008929999999777806,-0.005892999999956975
2015-04-16,-0.7732541200000959,-0.8092541200001291
2015-04-17,-2.1267559999999817,-1.9673519999999618
2015-04-20,1.134824560000097,1.1590532800001103
2015-04-21,0.41296221999999655,0.39060715999999557
2015-04-22,-1.1208653800000898,-0.9936694000001026
2015-04-23,0.3159397600000789,0.26881712000009067
2015-04-24,1.6223847199999817,1.5228462399999791
2015-04-27,1.2770745799999395,1.0387257199999143
2015-04-28,-1.8836461599999623,-1.6490913199999397
2015-04-29,-3.302199999999977,-2.8849163999999736
2015-04-30,-0.10259652000005717,0.1602452599998982
2015-05-01,-0.8509999999999719,-0.34799999999993086
2015-05-04,0.6760859599999949,0.38840561999999285
2015-05-05,-2.0293104000000093,-2.1254243200000116
2015-05-06,-1.218211959999981,-1.1230380399999786
2015-05-07,1.1629171999999772,1.2359447999999755
2015-05-08,2.047495999999972,1.1516394399999292
2015-05-11,-1.288481279999953,-0.7419877599999124
2015-05-12,-0.2344887999999648,-0.17766399999996388
2015-05-13,-0.8472972800000232,-0.897397440000023
2015-05-14,0.162141219999969,-0.1561050000000313
2015-05-15,1.1268169399999945,1.1150850799999747
2015-05-18,-1.1019967999999258,-1.1029817599999063
2015-05-19,0.8316024799999189,1.1860886399998989
2015-05-20,1.2774845800000114,1.1992271600000122
2015-05-21,0.060288500000011035,-0.20079499999998973
2015-05-22,0.11636909999999248,0.3277405999999935
2015-05-25,0.10200000000000005,0.09900000000000007
2015-05-26,0.8354041800000527,0.8247367600000723
2015-05-27,1.4528273999999508,1.5204471199999503
2015-05-28,-0.44167631999996976,-0.45673967999996967
2015-05-29,-0.34813799999997436,-0.2861447999999747
2015-06-01,-0.8503028000000131,-0.6045908000000121
2015-06-02,-2.2092215600000147,-2.1166632000000143
2015-06-03,-1.0832310000000203,-0.6840016000000213
2015-06-04,-0.31756543999996395,-0.5553673599999633
2015-06-05,-0.8646343000000446,-0.3691325200000457
2015-06-08,-1.1135748999999917,-1.3519249999999905
2015-06-09,-0.31453259999998917,-0.35790600000000955
2015-06-10,1.657917500000032,1.698696360000051
2015-06-11,0.974620959999958,0.8916209599999587
2015-06-12,0.11342379999999656,0.36210539999999664
2015-06-15,0.8117183200000074,1.0961842400000077
2015-06-16,-0.6332628799999753,-0.700257359999975
2015-06-17,-1.2267337600000514,-1.1252412800000715
2015-06-18,0.7824013600000562,0.5685756800000765
2015-06-19,1.3061112999999929,1.3281112999999924
2015-06-22,-1.2086004400000185,-1.1459034800000187
2015-06-23,-1.2478073999999673,-1.1878073999999668
2015-06-24,0.34880107999994636,0.4148010799999457
2015-06-25,-2.225952719999966,-2.235952719999966
2015-06-26,-1.6879639999999878,-1.641963999999988
2015-06-29,0.47207175999998335,0.5980717599999831
2015-06-30,-3.6231494000000035,-3.6071494000000026
2015-07-01,-0.46919419999997225,-0.4151941999999724
2015-07-02,-0.0742697200000464,-0.17626972000004715
2015-07-03,0.04068500000000016,0.06468500000000056
2015-07-06,0.3120121200000329,0.344012120000033
2015-07-07,0.4721079399999835,0.5208901999999636
2015-07-08,0.23833747999997348,0.28833747999997356
2015-07-09,-0.49259840000001287,-0.5283621000000113
2015-07-10,-0.6875259999999558,-0.7835259999999158
2015-07-13,-0.7244133599999886,-0.7424133599999886
2015-07-14,1.2035276799999302,1.1695276799999101
2015-07-15,0.4612309600000447,0.653230960000084
2015-07-16,0.1476686399999983,0.19966863999995874
2015-07-17,0.33475000000001565,0.47075000000005446
2015-07-20,0.5452830799999777,0.7412830799999794
2015-07-21,0.03789052000004312,-0.030109479999958284
2015-07-22,0.30782887999996306,0.5038288799999648
2015-07-23,0.40360892000002585,0.5076089200000244
2015-07-24,0.6009027999999833,0.7169027999999827
2015-07-27,1.014833599999993,1.0388335999999934
2015-07-28,-0.22180116000000344,-0.2766686400000026
2015-07-29,0.1857400399999546,0.13331655999991482
2015-07-30,-0.22862847999994165,-0.22062847999990312
2015-07-31,0.3230256999999182,0.07902569999987956
2015-08-03,0.6600030000001057,0.7070030000001389
2015-08-04,-0.562069999999996,-0.28206999999999804
2015-08-05,-0.12495968000002922,0.20304031999997968
2015-08-06,0.3002231200000312,0.1522231200000252
2015-08-07,-0.46059620000001417,-0.7825962000000116
2015-08-10,-1.1624014399999876,-1.1074014399999932
2015-08-11,1.7182473599999963,1.729247359999998
2015-08-12,0.799725359999979,0.7911269999999841
2015-08-13,-0.508551760000032,-0.394335440000026
2015-08-14,-0.26849999999997953,-0.18820103999998336
2015-08-17,0.5865000000000297,0.46264576000002283
2015-08-18,-0.4889106400000229,-0.39853168000001693
2015-08-19,1.2773577599999943,1.1417505599999944
2015-08-20,0.008897939999982084,0.052954039999981814
2015-08-21,1.2880009200000586,1.3560234800000583
2015-08-24,0.11533743999996425,0.1330874399999647
2015-08-25,-0.5946988800000123,-0.296698880000013
2015-08-26,-0.634392000000016,-0.604856000000014
2015-08-27,-0.5518763999999715,-0.6023351999999744
2015-08-28,-0.26102464000005626,-0.35102464000008143
2015-08-31,0.36004048000004407,0.4175506000000637
2015-09-01,0.785820400000015,0.785820400000015
2015-09-02,0.015517279999918832,-0.031482720000100405
2015-09-03,1.075801920000113,1.0798019200001323
2015-09-04,1.0696140400000154,1.2012163800000166
2015-09-07,0.058012799999919096,0.0950127999998992
2015-09-08,-1.8346137599999646,-1.9176137599999383
2015-09-09,0.3246279999999746,0.33033149999997896
2015-09-10,-1.2637692800000597,-1.1752404400000835
2015-09-11,-0.8990862999998759,-0.6050862999998556
2015-09-14,-0.5594999999999981,-0.47749999999999865
2015-09-15,-1.7142858000001655,-1.8012858000001852
2015-09-16,-0.7029663999998613,-0.9079663999998424
2015-09-17,1.8043167999999314,1.7063167999999125
2015-09-18,2.28007840000005,2.2700784000000698
2015-09-21,-1.3066284000000803,-1.1356284000001005
2015-09-22,2.3552399200001237,2.488426160000144
2015-09-23,-0.2615307200001116,-0.10465956000013085
2015-09-24,-0.31595743999992454,-0.4872646199999052
2015-09-25,-0.3772792000000329,-0.13818910000003345
2015-09-28,1.7402687999999922,2.100470919999993
2015-09-29,0.48407919999999044,0.4565711599999715
2015-09-30,-0.46188259999997633,-0.8881769999999575
2015-10-01,0.06198703999999202,0.04298703999999327
2015-10-02,-0.4435061999999986,-0.5627732799999988
2015-10-05,-1.6720370400000175,-1.586037040000037
2015-10-06,-0.40525280000000224,-0.42025280000000215
2015-10-07,-0.7554458399999747,-0.8234458399999744
2015-10-08,-0.7494527399999766,-0.9516795999999565
2015-10-09,0.9651814399999896,0.7561814399999894
2015-10-12,0.6700044800000531,0.6421520000000533
2015-10-13,1.1800362399999156,1.4047746999998951
2015-10-14,1.7090381200000184,1.4820381200000383
2015-10-15,-1.72563615999998,-1.974797039999978
2015-10-16,-0.6824439999999743,-0.6913019999999704
2015-10-19,0.221225519999923,0.1954571199999231
2015-10-20,-0.21842723999999866,-0.11535051999999867
2015-10-21,0.5661488000000707,0.6591069200000702
2015-10-22,-1.151151960000001,-1.3505491600000015
2015-10-23,-0.5824254399999971,-0.46964651999999674
2015-10-26,-0.20937048000000189,-0.18581801999999975
2015-10-27,0.6363383999999997,0.5913665999999996
2015-10-28,-0.5075824000000008,-0.5096726000000015
2015-10-29,0.21200064000000302,0.22966736000000326
2015-10-30,0.0263457599999985,0.028541239999998372
2015-11-02,-2.248660239999991,-2.4232152600000108
2015-11-03,-0.5406841599999805,-0.5222828399999607
2015-11-04,-0.018009760000105096,0.11844775999987565
2015-11-05,0.26272864000009327,0.3116643600001124
2015-11-06,-1.6740000000000648,-1.5330000000000836
2015-11-09,0.6659595799999567,0.5620431399999509
2015-11-10,0.9654862400000368,0.8583019200000432
2015-11-11,-0.43271387999998207,-0.46659695999996237
2015-11-12,0.7004279999999734,0.8256135999999685
2015-11-13,1.2032609200000153,1.3471450200000175
2015-11-16,-0.044407960000013735,-0.24159720000003168
2015-11-17,0.3963020799999941,0.20583320000002941
2015-11-18,-0.34205700000000605,-0.3720933800000084
2015-11-19,0.2536900400000465,0.11008376000005449
2015-11-20,-0.3259492199999936,-0.4877724800000284
2015-11-23,-0.4803030400000581,-0.43677552000006725
2015-11-24,0.6205424800000542,0.49619928000006286
2015-11-25,-0.2139999999999747,-0.2375268799999331
2015-11-26,0.30198436000000034,0.3243621199999998
2015-11-27,0.8622015199999478,0.9135328399999313
2015-11-30,-0.6489698399999657,-0.5379547599999568
2015-12-01,0.3928650400000146,0.2357751400000212
2015-12-02,-0.3591371200000367,-0.40901644000007936
2015-12-03,-2.682448479999976,-2.4168236799999363
2015-12-04,-0.41963872000004776,-0.43659680000009027
2015-12-07,1.8704718000000637,2.163418040000103
2015-12-08,0.04661497999993614,0.32168627999993576
2015-12-09,0.02609540000003524,0.1952758000000364
2015-12-10,-0.892921540000068,-0.8403856400001085
2015-12-11,1.8133119000000526,2.491850600000093
2015-12-14,-1.2587584800000065,-1.6708446400000487
2015-12-15,-0.41512200000000754,-1.1115800000000078
2015-12-16,0.00039750000004364663,-0.25860249999995033
2015-12-17,-0.18337820000008012,-0.1523782000000917
2015-12-18,0.5109383000000053,0.7249383000000045
2015-12-21,0.24167850000002072,0.31367850000006214
2015-12-22,0.20021200000003073,0.18721199999999855
2015-12-23,-0.17089200000000518,-0.1578920000000055
2015-12-24,0.3147499999999764,0.4267499999999728
2015-12-25,0.0,0.0
2015-12-28,0.4046027199999696,0.34737839999996406
2015-12-29,-0.8659999999999706,-0.9379999999999303
2015-12-30,0.7695040000000152,0.9894424999999827
2015-12-31,0.308750000000034,0.03375000000003943
2016-01-01,0.0,0.0
2016-01-04,1.4159879999999851,1.6446724999999836
2016-01-05,0.09827632000000583,0.11097040000000673
2016-01-06,1.0453883199999916,1.4366103999999884
2016-01-07,0.998440400000054,1.422488000000098
2016-01-08,0.2732730399999911,0.5455287999999916
2016-01-11,0.26697759999995163,0.11828449999991007
2016-01-12,-0.15700600000001416,-0.12300600000001409
2016-01-13,0.6177460000000182,0.7247460000000574
2016-01-14,-0.10977208000005342,-0.12451840000007344
2016-01-15,1.1762395199999849,1.6983245999999836
2016-01-18,-0.15927379999994137,-0.27727379999990226
2016-01-19,-0.7258738000000061,-0.6028738000000287
2016-01-20,1.1243516800000206,1.4958014400000472
2016-01-21,0.39024811999996484,0.6522481199999284
2016-01-22,-2.2770607999999912,-2.648060799999958
2016-01-25,0.7328894800000745,0.9868894800000854
2016-01-26,-0.13704884000003062,-0.40704884000003505
2016-01-27,0.6204481999999129,0.6984481999998686
2016-01-28,0.4511578200000342,0.2261578200000448
2016-01-29,-0.6320614200000111,-0.6810614200000126
2016-02-01,-0.29642623999997203,-0.2374262399999655
2016-02-02,2.2328761599999907,2.8188761599999883
2016-02-03,-0.19640456000006526,-0.528404560000082
2016-02-04,0.8655714600000798,0.8740635200000905
2016-02-05,0.9241940000000024,0.9477280000000015
2016-02-08,2.5938226999999503,2.6453423999999446
2016-02-09,1.233262680000058,1.263900160000064
2016-02-10,1.1802823999999834,1.2575287999999814
2016-02-11,1.8866668599999272,2.01514831999992
2016-02-12,-2.303329199999935,-2.6170703999999154
2016-02-15,-0.9640663800000615,-0.9553645600000813
2016-02-16,-0.7209236999999419,-0.5634043999999221
2016-02-17,-2.511509999999918,-2.6193699999999174
2016-02-18,1.8332752199999607,1.6892446399999412
2016-02-19,-0.837026400000097,-0.8843568000000974
2016-02-22,-1.3229849999999639,-1.2330699999999648
2016-02-23,1.9421454600000252,1.799851520000026
2016-02-24,0.32745551999994676,0.2162382399999457
2016-02-25,1.580249999999987,1.3982499999999876
2016-02-26,-0.9332212799999415,-0.8766133599999412
2016-02-29,0.5469513599999563,0.33676231999995576
2016-03-01,-2.749376399999996,-2.912056799999996
2016-03-02,-0.9483926999999499,-0.9763926999999295
2016-03-03,-0.24758044000000204,-0.11058044000003815
2016-03-04,-1.2707428000000174,-1.4477427999999852
2016-03-07,-0.6622006999999399,-0.7302006999999472
2016-03-08,1.4915985999999541,1.7385985999999485
2016-03-09,-0.7413702000000503,-0.9313702000000559
2016-03-10,-1.1933154001230686,-1.100315400123069
2016-03-11,-1.621333259999983,-1.7743332599999824
2016-03-14,-0.9333079895969381,-0.7703079895969067
2016-03-15,-0.08452240657791693,0.06759119415292708
2016-03-16,1.425052801132161,1.1660528011321603
2016-03-17,-0.11649999999997601,-0.4594999999999355
2016-03-18,0.4226847991936203,0.5248491992944068
2016-03-21,-1.0084679985046567,-1.0129719986915793
2016-03-22,-0.6471910099982802,-0.7974494371413787
2016-03-23,1.3317579977510636,1.677578283786623
2016-03-24,-0.33816547012328113,-0.31116547012328194
2016-03-25,0.0,0.0
2016-03-28,-0.01875,-0.10725000000000055
2016-03-29,0.6530570030203658,0.7244225025169798
2016-03-30,1.1942011976244231,1.0550009980203552
2016-03-31,3.971031999587957,3.7298255996703493
2016-04-01,-0.5424840002060369,-0.4664840002060443
2016-04-04,0.3962248001099566,0.5752248001099625
2016-04-05,0.30285639190663216,0.7368563919066753
2016-04-06,-0.4286880016327795,-0.5458910012245762
2016-04-07,0.5264579915999316,0.9564579915999205
2016-04-08,-0.5204194729325236,-0.6824194729325126
2016-04-11,0.8542138957977188,0.6092138957977202
2016-04-12,-1.1928430004119501,-1.4858430004119916
2016-04-13,-1.289641597747902,-1.3407123966218237
2016-04-14,-0.7124699997901764,-0.7812049996852759
2016-04-15,0.31251200008389934,0.5695240001678201
2016-04-18,-0.6225475997924828,-0.8105475997924849
2016-04-19,-1.1144999999999767,-1.3104999999999756
2016-04-20,-2.040912292480437,-2.1859122924804297
2016-04-21,1.1654999999999085,1.429499999999938
2016-04-22,1.2890000000000486,1.2610000000000112
2016-04-25,-1.3986223945618819,-1.2501019954682455
2016-04-26,-0.6775462987420405,-0.9844686982628323
2016-04-27,1.7418735980981987,1.8276543974869115
2016-04-28,-0.46455998229996237,-0.5435599822999551
2016-04-29,-0.32367498278499995,-0.42367498278500004
2016-05-02,-0.640442999362996,-0.6344429993629761
2016-05-03,1.2847776336671888,1.5838793311120878
2016-05-04,0.14852610063547333,0.4172090005873756
2016-05-05,0.7170612001419339,0.8193418002128944
2016-05-06,-0.43918529987385396,-0.49739879989661484
2016-05-09,0.9148512039187426,1.2823618028165602
2016-05-10,-0.4273066165441887,-0.6957780146593682
2016-05-11,-0.14284078216518947,-0.12856238365142766
2016-05-12,-1.315295200347744,-1.3374999999999446
2016-05-13,-0.016917592048351842,0.26952960419672833
2016-05-16,-0.7810609993937073,-0.7644799995424482
2016-05-17,-0.7460951957702803,-0.7260951957702797
2016-05-18,-1.4577112035754551,-1.3716728029253558
2016-05-19,0.6695445008277199,0.6415445008276808
2016-05-20,-0.015182411193564742,-0.16464820909476494
2016-05-23,-0.41168319320707153,-0.20368319320707165
2016-05-24,-0.22564921093033236,-0.3071284074786528
2016-05-25,-0.5867464010715963,-0.594746401071596
2016-05-26,0.7416736955640041,0.7136736955640038
2016-05-27,-0.8680143024919229,-0.8640143024919243
2016-05-30,0.07690260028840001,0.15465260028844235
2016-05-31,0.6491416006088901,0.5168916006088503
2016-06-01,-0.7346159934996348,-0.6629171943663166
2016-06-02,0.6769604001045321,0.8087104001045328
2016-06-03,1.248179996489985,0.7204299964899454
2016-06-06,-0.8669147996903267,-0.6966647996903267
2016-06-07,-0.08295630788797213,-0.441227607726954
2016-06-08,-0.22977970004081893,-0.5229405999183565
2016-06-09,0.23868560218825716,0.4146856021882167
2016-06-10,0.5141863219747344,0.9421863219747738
2016-06-13,0.11331140160538448,0.23731140160538425
2016-06-14,-0.4516191949840242,-0.4016191949840241
2016-06-15,0.887632490396388,0.7146324903963877
2016-06-16,0.019987199783385336,0.05348719978338167
2016-06-17,-0.7023648023602597,-0.7323856019971431
2016-06-20,-0.8704535713205482,-0.7013959941865883
2016-06-21,-0.07458359813701901,-0.11735449767127878
2016-06-22,0.2906319980619764,0.2051649975774756
2016-06-23,-1.2799559898364383,-1.5018199872955582
2016-06-24,3.9190173645024107,4.524271705628031
2016-06-27,1.3250032043468796,1.4065040054335998
2016-06-28,-0.23815690135918302,-0.4501569013591828
2016-06-29,-0.33966839575748276,-0.4546683957574901
2016-06-30,0.412077410221165,0.24207741022116397
2016-07-01,0.3605362310410157,0.3985362310410048
2016-07-04,0.09145738053343944,0.10045738053345954
2016-07-05,0.8771106286048708,1.0801106286048676
2016-07-06,0.3199556059836633,0.29695560598365917
2016-07-07,-0.02422566318515981,0.003774336814839734
2016-07-08,-0.37451349496849146,-0.5645134949685107
2016-07-11,-0.7044954628939152,-0.8504954628938951
2016-07-12,-1.2729614934917628,-1.216961493491756
2016-07-13,-0.09335701560983128,0.09864298439016712
2016-07-14,-0.3517111444476444,-0.46471114444763745
2016-07-15,-0.13438741803160342,-0.11238741803162157
2016-07-18,-0.31926636815061815,-0.2842663681506327
2016-07-19,1.0349999999999728,0.8599999999999771
2016-07-20,-0.128810572624277,-0.1622158589363695
2016-07-21,0.5957362680435513,0.4833544020653062
2016-07-22,-0.520814483165555,-0.5599717247483097
2016-07-25,-0.10060101175302784,0.03259848237042345
2016-07-26,0.4150000000000062,0.3510000000000045
2016-07-27,0.46913643383970827,0.5174093015192803
2016-07-28,0.2997160665988998,0.2611481997966994
2016-07-29,0.6272356359958773,0.5387069079875948
2016-08-01,0.21026586246495094,0.27479758739474236
2016-08-02,-0.3630669965743571,-0.2232009897229903
2016-08-03,-0.0806145429610497,-0.0958436288832154
2016-08-04,1.0610952806472904,0.891190561294569
2016-08-05,-1.7125,-1.7133226175311396
2016-08-08,-0.2475000000000307,-0.3459806518553859
2016-08-09,0.6525000000000375,0.43322934246059147
2016-08-10,0.6545989036559556,0.6123021926879825
2016-08-11,-0.8222286605834863,-0.8787713394165086
2016-08-12,0.23786312484735964,0.28306843757632055
2016-08-15,-0.815,-0.8429999999999807
2016-08-16,-0.15816977024061402,-0.11199999999999337
2016-08-17,-0.022836684703886247,0.08272110509869295
2016-08-18,-0.1883806610107326,-0.11046022033689151
2016-08-19,-0.8548257799148341,-0.7688314449787341
2016-08-22,0.5365589971542496,0.557029498577129
2016-08-23,0.6421370429992759,0.6535685214996365
2016-08-24,0.14846224880226952,0.08598489952092883
2016-08-25,0.2631361348628681,0.13968168091770794
2016-08-26,0.05894086122508622,0.034220430612546385
2016-08-29,1.3912153110505934,1.2993576555252937
2016-08-30,0.6605496239656178,0.5192648038863176
2016-08-31,-0.17640980148340077,-0.10536112976080125
2016-09-01,-1.2524820833210046,-1.0941685333254594
2016-09-02,-0.6219963302601796,-0.9001835536955998
2016-09-05,0.2517552123067013,0.19191200971580097
2016-09-06,1.3272473285198416,1.0494989314079533
2016-09-07,-1.0987739250660002,-0.9125208044052008
2016-09-08,-1.6610633816720108,-1.3313028180600082
2016-09-09,-1.7100453720100177,-1.40318283844059
2016-09-12,0.441404153824336,0.36265879154250497
2016-09-13,0.1831451690180228,0.2716479730591701
2016-09-14,-0.14544443321178752,-0.02045298194845401
2016-09-15,1.1920562667849601,0.9550427627565841
2016-09-16,-1.7048214077944805,-1.2247321236129203
2016-09-19,-0.2259901018140599,-0.15199010181407996
2016-09-20,-0.12628201675410541,-5.5778503380292934e-05
2016-09-21,1.1897393007276005,0.9307611093519208
2016-09-22,1.3666931982059911,1.0829869871155846
2016-09-23,0.3025713253020246,0.3055998554228199
2016-09-26,0.8136986184089727,0.6917537732099465
2016-09-27,-0.2542684016224714,-0.41873339271517324
2016-09-28,0.6319263935100996,0.4820664291391915
2016-09-29,-0.35376810407407144,-0.23320635795391323
2016-09-30,-1.0540214974878708,-0.8244986126421489
2016-10-03,-1.9752038707733899,-1.6266906909943435
2016-10-04,-0.9027917506694868,-0.7673084509372654
2016-10-05,0.020977075051277324,-0.03539954117864242
2016-10-06,0.5215098059654749,0.4651895149136281
2016-10-07,-0.05369409370465114,-0.041835733414112515
2016-10-10,-0.7034385986320163,-0.8455544891350133
2016-10-11,-0.3137924313540981,-0.29136667346913453
2016-10-12,0.924093422889745,0.7905309629440602
2016-10-13,-1.5395606079104371,-1.3774464979174224
2016-10-14,-0.3797816753393214,-0.27428134441428836
2016-10-17,-0.02835166454347716,-0.09833735656767777
2016-10-18,0.9551822878856299,0.6912752048700133
2016-10-19,-0.031033335875204873,0.007412289410758331
2016-10-20,0.8130290784829216,0.5642839975350639
2016-10-21,0.336135007858884,0.3212955951696035
2016-10-24,0.20247577953276957,0.1813575954431812
2016-10-25,-0.2069250631331518,-0.17356823921197098
2016-10-26,-1.1086500313286778,-0.8470990216736243
2016-10-27,-0.9396551885604495,-0.7192959904670169
2016-10-28,0.09537343454364061,0.032951988697079715
2016-10-31,0.1638159847265835,0.13637331962641358
2016-11-01,-0.20825471973204523,-0.32350271796972796
2016-11-02,0.02355845022230842,-0.029324995994302955
2016-11-03,-0.6578285732288556,-0.5645603427904355
2016-11-04,0.6419413881295157,0.5608579063409835
2016-11-07,1.1605542912513644,1.1349858984975383
2016-11-08,-0.6835285053239266,-0.48004491233698116
2016-11-09,-1.8365016479487943,-1.5853297214503954
2016-11-10,-1.6320911765106243,-1.434618205548048
2016-11-11,-0.2879703454971606,-0.2216839933395664
2016-11-14,-0.24544099426350863,-0.2452829170234712
2016-11-15,0.23754013919630954,0.3031707212905906
2016-11-16,-0.011828246594560892,-0.06539185977087729
2016-11-17,-0.12531795408188903,-0.09171206308308469
2016-11-18,-0.9971176431085971,-0.8286224331858058
2016-11-21,0.09723589706317971,0.14604047584437974
2016-11-22,0.24485098648042192,0.22782427597018506
2016-11-23,-0.5422034955027021,-0.48092916250250034
2016-11-24,0.10045466518396,0.0769546651839601
2016-11-25,-0.19574493980464253,-0.0825507764821667
2016-11-28,-0.7844251070044826,-0.965954269888155
2016-11-29,0.9915172028546028,0.7970356698040408
2016-11-30,0.33992753887112553,0.33713981485308786
2016-12-01,-0.06901964020540272,-0.10085383509461003
2016-12-02,-0.19755628967328556,-0.171103265533846
2016-12-05,0.0813017616291856,0.21885445785706614
2016-12-06,0.3830678157793544,0.3694564056383949
2016-12-07,0.5724185192595078,0.4674013669500247
2016-12-08,0.9111676197062321,0.8317097165689619
2016-12-09,-0.5007136788369498,-0.32873132539760025
2016-12-12,-0.6244333147995025,-0.5564786496155326
2016-12-13,0.322379631995789,0.3218150815960292
2016-12-14,-0.04559123516064115,-0.04059123516064115
2016-12-15,0.5761686496736261,0.4958421630860859
2016-12-16,0.2856627812386814,0.27984376907360164
2016-12-19,0.8668108959215176,0.7767246627823979
2016-12-20,0.6820097599044812,0.625768212319921
2016-12-21,0.3091610317230317,0.2520805158615118
2016-12-22,0.001297078131997273,-0.03370292186800264
2016-12-23,-0.18534453582751834,-0.17699206161487366
2016-12-26,0.0,0.0
2016-12-27,-0.7124568834304315,-0.49836636400216555
2016-12-28,0.2208040413870698,0.04617925024170213
2016-12-29,-0.37772286462679716,-0.42029642319579424
2016-12-30,-0.07912378597259997,-0.10567427158355247
2017-01-02,0.9756611540282111,1.0452007179222316
2017-01-03,0.11559362411602306,0.10721929168802295
2017-01-04,0.41162915587574544,0.36956274032736475
2017-01-05,0.010666382073345448,-0.10406735801794288
2017-01-06,0.8905907478318539,0.9840680179581816
2017-01-09,-0.4305933244138599,-0.5374613518530876
2017-01-10,0.539976652374735,0.5151377148442005
2017-01-11,0.6375327563286801,0.6375327563286801
2017-01-12,-0.6329058332439883,-0.6479058332439933
2017-01-13,0.22282097530368805,0.36082097530368884
2017-01-16,0.22596556091327066,0.19896556091327058
2017-01-17,-1.345278520583509,-1.5202785205834872
2017-01-18,1.345666671753631,1.2346666717536088
2017-01-19,-0.2355491266249722,-0.22687281656241773
2017-01-20,0.0012110962891826148,0.21844137430455648
2017-01-23,-0.8749170930304128,-0.9457902626816219
2017-01-24,1.6976695394484087,1.7879494104351354
2017-01-25,0.10001293301346946,0.5522275359602631
2017-01-26,0.2947700374042373,0.11049314401767815
2017-01-27,-0.743521365165399,-0.6732564077374047
2017-01-30,-0.4488867831246692,-0.5251080508251446
2017-01-31,-0.7157901487374414,-0.9154218401936738
2017-02-01,-0.9331471128464438,-0.754376535415707
2017-02-02,-0.6167553968462152,-0.6224459810289403
2017-02-03,0.7596389236431824,0.9345376205423783
2017-02-06,-1.38968830871198,-1.7492881011919739
2017-02-07,-0.9285483398438393,-0.9567640686035916
2017-02-08,-0.40071610879981023,-0.4427161087998238
2017-02-09,1.625208515166075,1.79320851516608
2017-02-10,-0.15784434509263576,-0.06984434509263318
2017-02-13,0.28857279539100117,0.374572795391003
2017-02-14,0.22761534500032057,0.32961534500031475
2017-02-15,-0.23424394798271161,-0.13224394798270797
2017-02-16,-0.1409808731102513,-0.32898087311024715
2017-02-17,-0.04030318260303211,-0.11630318260304302
2017-02-20,-0.5327347941407701,-0.55898383712865
2017-02-21,0.4079084100739177,0.6994084100739197
2017-02-22,-0.8331584739682982,-0.7021584739682803
2017-02-23,-0.0767341156023922,-0.173734115602376
2017-02-24,-1.1550675430314286,-1.4200675430314251
2017-02-27,0.8770779800415751,0.9670779800415323
2017-02-28,-0.9047298364639615,-0.9066125380993066
2017-03-01,1.8526600122358752,2.2458440980819403
2017-03-02,0.04281927848768107,-0.008952508431038222
2017-03-03,1.2844909539255285,1.4633230075867873
2017-03-06,-0.3802313117976019,-0.42701338363600017
2017-03-07,0.14509391403196287,0.2924126968383431
2017-03-08,0.1755235152253995,0.23462739658438672
2017-03-09,1.1327723989490706,1.1956195106510434
2017-03-10,0.7360826864235834,0.6278907136910981
2017-03-13,0.39952328872650655,0.5493285236355512
2017-03-14,-0.7955560660373073,-0.8447669801722565
2017-03-15,1.715678871158481,1.5306008453409612
2017-03-16,0.5616032333396842,0.7058847351097686
2017-03-17,0.6246004261983349,0.5813504261983099
2017-03-20,0.6618379619215217,0.43652537729259766
2017-03-21,-0.1592795610438294,-0.47570608139176973
2017-03-22,0.7035200996390443,0.7417700996390475
2017-03-23,1.3116455106719151,1.4438545320018117
2017-03-24,0.5481406488415493,0.6262347793576135
2017-03-27,0.03990996599220184,-0.1785900340078198
2017-03-28,0.5940023851380111,0.8289868812545084
2017-03-29,1.1725633015634842,1.3169376726152888
2017-03-30,0.5781972112655054,0.6936628608702912
2017-03-31,-0.1281566820143078,-0.21595142173748746
2017-04-03,-0.568169671535498,-0.6660434641838188
2017-04-04,0.6142521343228066,0.6242521343227937
2017-04-05,-1.238506599903205,-1.284506599903216
2017-04-06,1.4317360115091189,1.508736011509123
2017-04-07,0.6872072639481601,0.8222072639481769
2017-04-10,-1.6835786666844803,-1.774578666684481
2017-04-11,-0.7295878448479995,-0.798587844847999
2017-04-12,0.14176887512308076,0.3347688751230424
2017-04-13,-0.7279853744505675,-0.7809853744505686
2017-04-14,0.0,0.0
2017-04-17,0.9327500000001452,1.079750000000161
2017-04-18,-0.27899954223373064,-0.330999542233749
2017-04-19,-1.20283636474623,-1.3248363647462325
2017-04-20,1.9126174106650855,2.0714835662900644
2017-04-21,0.28315926933187646,0.31258906555070143
2017-04-24,6.4680158262226515,7.151257247921909
2017-04-25,-0.3053556838068327,-0.2983178749117307
2017-04-26,-0.5856640038501095,-0.8126640038501116
2017-04-27,0.22745742511648137,0.310457425116461
2017-04-28,1.0826015911104196,1.0776015911104102
2017-05-01,-1.2472499999998332,-1.2172499999998463
2017-05-02,1.2849002304103936,1.249900230410397
2017-05-03,-0.5716508350372097,-0.4916508350372085
2017-05-04,0.8344527065765119,0.8694527065765087
2017-05-05,1.2923338558679394,1.2723338558679436
2017-05-08,-0.9806121900084692,-0.9556121900084492
2017-05-09,0.08854887485502516,0.1185488748550263
2017-05-10,0.07260157775891433,0.0526015777588899
2017-05-11,0.818922504425879,0.8089225044259023
2017-05-12,0.5433036041257929,0.49741745567293094
2017-05-15,1.1830515515822582,1.2080188787003616
2017-05-16,1.0017291622183133,0.991729162218294
2017-05-17,-4.1628562207056055,-4.2878562207056055
2017-05-18,1.0646322307595881,1.0646322307595881
2017-05-19,0.2235749473566434,0.31692902326516337
2017-05-22,0.038699905394543106,-0.0038785543450168005
2017-05-23,1.1913226814274998,1.3059590523248796
2017-05-24,0.8974434442519033,0.8437827787399033
2017-05-25,0.0768625335694293,0.06338544464118931
2017-05-26,-0.5598430490491961,-0.5822645735737961
2017-05-29,0.01959155464174615,0.004239443302167024
2017-05-30,-0.0254840717323716,-0.09035508966543263
2017-05-31,-0.07578433895143334,-0.028440965652833335
2017-06-01,0.9131353898033014,0.9131353898033014
2017-06-02,0.510978569032659,0.6922285690326591
2017-06-05,0.7906313638685759,0.7906313638685759
2017-06-06,-0.8276497144673438,-0.8276497144673438
2017-06-07,-0.8324400353431017,-0.8324400353431017
2017-06-08,1.0353665499653746,1.04036654996537
2017-06-09,-0.16001024794665913,-0.075010247946654
2017-06-12,0.7926895809191933,0.5826895809191933
2017-06-13,0.702351856230069,0.934835395811189
2017-06-14,1.5940527343741773,1.5581843261709771
2017-06-15,-2.1832097206146703,-2.3753129043613304
2017-06-16,1.3340255908955283,1.4981183586108875
2017-06-19,1.7240213041274977,1.8603866939510776
2017-06-20,-1.538741416018005,-1.681391593020245
2017-06-21,-0.35352401252724613,-0.3971623296353864
2017-06-22,1.2918579850192593,1.35539110660508
2017-06-23,1.402930786132678,1.4590913619994181
2017-06-26,1.424234283445352,1.5858249664285518
2017-06-27,-2.469521786215199,-2.7257726449992585
2017-06-28,1.4259919013997262,1.6119191055321458
2017-06-29,-3.975748445025335,-4.077748445025336
2017-06-30,-2.9526887684224197,-3.0206887684224197
2017-07-03,-0.6293898763315418,-0.6753898763315614
2017-07-04,0.06902888298020012,0.08502888298022025
2017-07-05,-1.1323563861857928,-1.200356386185812
2017-07-06,-1.1604349060106423,-1.1204349060106427
2017-07-07,1.5368048400853347,1.6348048400853545
2017-07-10,0.8736914062511176,0.8846914062511341
2017-07-11,0.045261718749834916,0.02026171874981502
2017-07-12,4.074373159412003,4.372314556125767
2017-07-13,2.628162514647347,2.796388701170649
2017-07-14,0.5543872623828975,0.5772541115573552
2017-07-17,0.16143422698904888,0.036221252441006255
2017-07-18,0.615154975892464,0.27164239502108367
2017-07-19,-0.6735153236402363,-0.5131275711074357
2017-07-20,0.02733651542694972,-0.04705449485753031
2017-07-21,-0.7563587989838347,-1.0331153183020518
2017-07-24,-0.13831963157656527,-0.05772427368168471
2017-07-25,-0.29040028572057297,-0.11540028572057004
2017-07-26,2.079177680014317,1.9291776800143094
2017-07-27,-1.3172872312065478,-1.2360372312065473
2017-07-28,-0.67812022280617,-0.72187022280619
2017-07-31,-0.49953140187283557,-0.5345314018728118
2017-08-01,1.6505098152146236,1.2942598152146034
2017-08-02,-0.3480370101932178,-0.23678701019321727
2017-08-03,0.23541976356576877,0.0629197635657676
2017-08-04,-0.6433001341812716,-0.4420501341812751
2017-08-07,-0.38265808013920705,-0.4051480801391806
2017-08-08,0.5530471992872761,0.6092871992872502
2017-08-09,-1.041532783508799,-1.1515327835087956
2017-08-10,-1.1592534096280167,-1.3217534096279941
2017-08-11,0.7226525416377912,0.6264025416377851
2017-08-14,1.6138724479693274,1.738872447969333
2017-08-15,0.8256147193940356,1.0331147193940373
2017-08-16,2.20743318939316,1.98232531738372
2017-08-17,-2.69736674261917,-2.6073493919446498
2017-08-18,1.4267202439319504,1.4189168396006302
2017-08-21,0.9033225674626706,0.9504677023885105
2017-08-22,0.8305297732323954,0.7650132942175955
2017-08-23,0.5088628687850858,0.4853252458567859
2017-08-24,-0.6058201293947376,-0.4783201293947217
2017-08-25,1.3500241937637578,1.2000241937637426
2017-08-28,-1.397448981762433,-1.3294489817624542
2017-08-29,0.3818030357346102,0.32555303573461025
2017-08-30,1.702360080718709,1.67436008071871
2017-08-31,-2.6159985809337116,-2.826248580933692
2017-09-01,0.7375952672952715,0.6975952672952719
2017-09-04,-0.7904149181839668,-0.749414918183987
2017-09-05,0.06815201187300973,0.07115201187300862
2017-09-06,0.17873233652229742,0.11273233652229815
2017-09-07,2.8493573493944426,2.7733573493944426
2017-09-08,-0.8569440002432249,-0.8349440002432249
2017-09-11,0.18945492553730017,0.1574549255373001
2017-09-12,0.5357694206237787,0.5677694206237787
2017-09-13,-0.22657328987249362,-0.21857328987249397
2017-09-14,0.26406242275238445,0.2120624227523852
2017-09-15,-0.28336949181566656,-0.2773694918156848
2017-09-18,0.16330301952158544,0.25330301952160905
2017-09-19,0.23022902011889027,0.2952290201188903
2017-09-20,-0.12075020313207638,-0.12575020313205762
2017-09-21,-0.6403596701621503,-0.530359670162165
2017-09-22,0.32580618858320054,0.32580618858320054
2017-09-25,-1.1088758182520912,-1.1488758182521117
2017-09-26,-0.02596402669006875,-0.07846402669003351
2017-09-27,-2.1150561859589243,-2.0575561859589397
2017-09-28,0.6981911749838043,0.8681911749838204
2017-09-29,-1.141879013061972,-1.06987901306201
2017-10-02,1.1695193920138245,1.1775193920138636
2017-10-03,0.9262081027030897,0.8437081027030511
2017-10-04,-0.4927716350532295,-0.6805021858187955
2017-10-05,-1.3485221099865805,-1.25352210998657
2017-10-06,-0.656178262710585,-0.5136782627106282
2017-10-09,-1.2751530935778852,-1.1729030935778064
2017-10-10,-0.20276128196721346,-0.04576128196721361
2017-10-11,1.4217885570524722,1.3077885570524796
2017-10-12,-0.977220561026538,-1.0409515471449409
2017-10-13,-0.5359607300742514,-0.622495290277773
2017-10-16,0.024609901428643614,0.12051237678574313
2017-10-17,1.0865877876261743,1.2664070339181512
2017-10-18,0.9615837745666694,0.7575837745667092
2017-10-19,-0.2830727157602501,-0.26507271576026736
2017-10-20,-0.9034191901674953,-0.6764191901674724
2017-10-23,-0.29447114086268983,-0.2314711408627006
2017-10-24,-1.4053537046909552,-1.3533537046909032
2017-10-25,-0.23175417733144305,-0.19575417733150888
2017-10-26,0.7419269704809508,0.8149269704809866
2017-10-27,1.2330250759105017,1.1790250759105114
2017-10-30,-0.07447906494144943,-0.02447906494145104
2017-10-31,1.5703760032636949,1.3803760032636916
2017-11-01,0.9754817247393345,0.9884817247393276
2017-11-02,-0.6925362663279521,-0.8745362663279171
2017-11-03,-0.7172361459740001,-0.5808833751688014
2017-11-06,1.0927166695593942,0.9133600034712761
2017-11-07,-1.0172836399061755,-1.1069903678874458
2017-11-08,0.2468670082096884,0.21622658300442935
2017-11-09,-1.6823089170400922,-1.9237754573760733
2017-11-10,-0.02613380908951699,0.18735000324264417
2017-11-13,0.09399653816139641,0.06299653816139483
2017-11-14,-0.1415299868576125,-0.001529986857573749
2017-11-15,-0.7898394088763244,-0.9038394088763795
2017-11-16,1.9330958786046704,1.8250958786046916
2017-11-17,-0.5181202087406195,-0.6001202087406403
2017-11-20,0.43115791320656394,0.42515791320656315
2017-11-21,1.5905880775488066,1.6485880775487904
2017-11-22,-0.11705769538936316,-0.18805769538930495
2017-11-23,0.49582348060610937,0.3418234806060705
2017-11-24,0.7597833824158928,0.7707833824159284
2017-11-27,-0.46246410656119047,-0.5004641065611996
2017-11-28,2.388775058747729,2.4397750587477494
2017-11-29,0.03721552085844244,0.1952155208583773
2017-11-30,-2.0361011505115667,-1.8513580732337265
2017-12-01,-2.3342852783233616,-2.1400993118313054
2017-12-04,0.5921311531060515,0.5671311531060788
2017-12-05,0.6433283419614204,0.7013283419613422
2017-12-06,-0.7909301853182309,-0.8289301853182142
2017-12-07,0.7599879646281972,0.8209879646282481
2017-12-08,0.6276211624130319,0.6116211624130521
2017-12-11,-0.18621387672378795,-0.1372138767238789
2017-12-12,0.44899180221505586,0.5429918022151334
2017-12-13,-0.45348806642992256,-0.470488066429968
2017-12-14,-0.9785126805321395,-1.0585126805321536
2017-12-15,1.0909079275121703,1.1589079275121517
2017-12-18,1.4039281010674403,1.3929281010675123
2017-12-19,-1.3483645105357414,-1.2713645105357556
2017-12-20,-1.6378734092721858,-1.5618734092722117
2017-12-21,-0.5383182797414658,-0.4403182797414162
2017-12-22,-1.113999999999801,-0.9609999999998774
2017-12-25,0.0,0.0
2017-12-26,-0.8955000000000375,-0.9264999999999829
2017-12-27,0.7645015795232817,0.556501579523283
2017-12-28,-1.0227957527743896,-1.0077757527743914
2017-12-29,0.6734718015301946,0.6474518015302055
2018-01-01,0.0,0.0
2018-01-02,0.5479213919521979,0.47994139195218755
2018-01-03,1.6512886417030377,1.5902686417030412
2018-01-04,1.0578548769944054,1.0748548769943786
2018-01-05,1.2609474508772935,1.254947450877314
2018-01-08,0.7749522099494652,0.8369522099495157
2018-01-09,-0.44658361434931126,-0.37858361434935894
2018-01-10,-0.7454940586088431,-0.6854940586088407
2018-01-11,0.3185956385135398,0.21259563851353766
2018-01-12,1.2865472900862036,1.1827972900862211
2018-01-15,1.0548149604792867,0.8008149604792868
2018-01-16,-0.07233088684205953,-0.06308088684201603
2018-01-17,0.8007665624613273,0.6152665624612915
2018-01-18,-0.9348961286545168,-1.0968961286545134
2018-01-19,-0.4332178592693628,-0.30523393154310724
2018-01-22,0.5484719986899281,0.678471998689974
2018-01-23,0.3769724192630565,0.31100241926302574
2018-01-24,0.9581596519873677,0.9241296519873824
2018-01-25,-2.7745509321585526,-2.9849111651982474
2018-01-26,0.42650188373544407,0.6402661151501747
2018-01-29,-1.252677379134162,-1.2160156478913513
2018-01-30,-2.610834408288268,-2.6313130154664988
2018-01-31,0.6623464441315109,0.7052740964905408
2018-02-01,1.3035903840245555,1.0876190157303967
2018-02-02,-2.9683740902064017,-3.111682361616016
2018-02-05,-6.8649466834333985,-7.589181614922201
2018-02-06,0.7461194868080541,0.6951194868080703
2018-02-07,-1.1956848919431025,-1.2878330934079973
2018-02-08,-1.2848097496060422,-1.244077882769562
2018-02-09,-0.3128300054084594,-0.4695261931429818
2018-02-12,0.6723852708336842,0.7035391898151855
2018-02-13,-0.7538916711821498,-0.6747201690687809
2018-02-14,2.2588045160740338,2.3372696843119014
2018-02-15,0.20633892416855015,0.12488474130537199
2018-02-16,0.304691138764908,0.24320322899007096
2018-02-19,-0.13911901855487782,-0.12918951797503764
2018-02-20,-1.0931110835272082,-0.9984148884206123
2018-02-21,0.40335324287401775,0.5784191131590709
2018-02-22,0.9540212826720517,0.7203703331939788
2018-02-23,0.24228005743218864,0.09436942506018403
2018-02-26,-0.27592982673499467,-0.2529615030274964
2018-02-27,-1.3348114700302542,-1.0355491752610564
2018-02-28,-0.7654340934562814,-0.8190759007549482
2018-03-01,-1.6889952526283618,-1.803432160654106
2018-03-02,-1.5371341314317764,-1.2992274248601614
2018-03-05,1.4905299124719813,1.4526086277963635
2018-03-06,0.49010787153241725,0.46766180729859946
2018-03-07,-0.3571129722595333,-0.3024365868568519
2018-03-08,-0.31532036493315085,-0.29863855763444686
2018-03-09,1.7634428467561802,1.6173936905481159
2018-03-12,0.3753870277404585,0.3203870277404394
2018-03-13,-1.5930058569908272,-1.4640991504192284
2018-03-14,-0.19623000000016913,-0.2064257430650258
2018-03-15,0.2354975065996189,0.1519089927293623
2018-03-16,2.380957746028938,1.9424679474831106
2018-03-19,-0.8085699942114035,-0.7847565810682446
2018-03-20,0.7611202774047816,0.761983249664286
2018-03-21,1.611786429166793,1.7041246218681465
2018-03-22,-2.3639570541382375,-2.3804672555923956
2018-03-23,-1.3873156175613515,-1.3426392321586693
2018-03-26,1.852873929977434,1.742594773769391
2018-03-27,-0.7315896730421405,-0.6241341314314186
2018-03-28,1.6233571796417439,1.248192443847659
2018-03-29,1.3001924438475148,1.0603702774046386
2018-03-30,-3.33,-2.96
2018-04-02,-0.46599999999984315,-0.500999999999854
2018-04-03,0.5716615999998234,0.6853800399998257
2018-04-04,0.8212418000000109,0.8465079000000169
2018-04-05,0.9227658800001948,0.62451418000019
2018-04-06,-2.1531594000001903,-2.036404300000188
2018-04-09,0.36170600000000075,0.18428000000000072
2018-04-10,0.8263097600000073,0.7329242400000131
2018-04-11,-0.21521560000001183,-0.07465092000001726
2018-04-12,1.103062000000207,0.9465596800002293
2018-04-13,1.5263388000000024,1.409482900000007
2018-04-16,0.5898800799997704,0.6219764399997417
2018-04-17,0.7267226400000049,0.41548500000000904
2018-04-18,0.373998590000245,0.292279480000267
2018-04-19,-2.885031680000242,-2.944835600000265
2018-04-20,0.2853535999999769,0.14091359999996853
2018-04-23,-2.1542019199997746,-2.2588481599997694
2018-04-24,0.016377499999793464,0.055842399999798585
2018-04-25,-0.15688303999982653,-0.056747399999834545
2018-04-26,0.43883271999983187,0.4172054599998389
2018-04-27,0.3602952799999807,0.43029527999996536
2018-04-30,-0.2815789799997942,-0.2914099199997852
2018-05-01,-1.0040000000001899,-1.0090000000002082
2018-05-02,-0.6871051999998234,-0.6242757999998146
2018-05-03,0.17029324000002494,0.11488436000004217
2018-05-04,-0.8405944000001571,-0.820594400000157
2018-05-07,-0.5546231000000389,-0.5725450000000661
2018-05-08,0.024254080000025068,0.04162704000004182
2018-05-09,-0.04702704000002458,0.09323271999994995
2018-05-10,1.285834990000146,1.2508349900001539
2018-05-11,0.4990248399998674,0.32014703999986627
2018-05-14,-0.32639719999999833,-0.27139719999999606
2018-05-15,-0.504496019999887,-0.2944960199998915
2018-05-16,0.24860074000001942,0.3536007400000319
2018-05-17,0.16357906000000147,0.13357906000000147
2018-05-18,-2.213115150000146,-2.188115150000159
2018-05-21,0.7050643200000988,0.6750643200000987
2018-05-22,0.8738439999999007,0.8225939999999007
2018-05-23,-1.4228352000000097,-1.6865852000000143
2018-05-24,-0.700960599999967,-0.73346059999995
2018-05-25,-0.0222709199998877,-0.47727091999988314
2018-05-28,-2.4712388800000964,-2.271238880000096
2018-05-29,-2.892866250000038,-3.2528662500000523
2018-05-30,2.818582479999997,2.355268279999995
2018-05-31,-0.8432364800000134,-0.7042021600000204
2018-06-01,2.4132723200000283,2.1534347200000417
2018-06-04,0.3759543200000927,0.3694804800000946
2018-06-05,-0.9093203999999816,-0.8880754399999653
2018-06-06,0.025321849999997176,0.07532184999999718
2018-06-07,0.7345889999999828,0.6891904999999573
2018-06-08,-0.10891889000008123,-0.14624448000008278
2018-06-11,0.21303700000007264,0.25182589000006095
2018-06-12,0.8593699999999291,0.6438999999999427
2018-06-13,-0.41160511999990834,-0.285829639999908
2018-06-14,1.0705677999999184,1.0366863199998797
2018-06-15,2.2754440000000176,2.0709765000000515
2018-06-18,-1.1102515999999991,-0.9377104800000016
2018-06-19,0.8608765999999946,0.5903176999999883
2018-06-20,-0.5746605599999891,-0.3496605599999644
2018-06-21,-0.1811329600000136,0.1219570399999543
2018-06-22,0.767337520000002,0.2155031400000114
2018-06-25,-1.4341657999999933,-1.194930499999977
2018-06-26,0.7907399200000027,0.777537600000005
2018-06-27,-1.5738183100000052,-1.4217377700000273
2018-06-28,1.214045179999987,0.7482799399999622
2018-06-29,0.3627731199999953,0.5273753600000011
2018-07-02,-0.7153142399999897,-0.6234451199999722
2018-07-03,3.032234000000015,2.8662670000000383
2018-07-04,0.5643282799999809,0.3870155799999395
2018-07-05,0.1121070400000071,0.09245952000002752
2018-07-06,-0.28537680000000265,-0.3323598000000072
2018-07-09,0.1072201600000046,0.1478194400000064
2018-07-10,1.5554831999999947,1.5094117999999976
2018-07-11,0.3511479999999997,0.17284059999999454
2018-07-12,1.0449261599999966,1.0829103799999804
2018-07-13,0.7975177600000234,0.6081702400000734
2018-07-16,0.4932289999999861,0.6298060999999541
2018-07-17,-1.2070780000000099,-1.2867425000000252
2018-07-18,-0.1329212799999906,-0.04223199999997335
2018-07-19,-0.49609635000001323,-0.7239396500000319
2018-07-20,-1.987465549999995,-1.718242599999976
2018-07-23,0.01702591999999706,0.1838793599999812
2018-07-24,1.046697200000001,1.1845985200000078
2018-07-25,0.8789464200000107,0.8050049400000244
2018-07-26,-2.025621589999985,-1.888857299999968
2018-07-27,0.17650199999999505,0.07981699999999332
2018-07-30,0.16511807999998643,0.16995936999997294
2018-07-31,-0.7977168400000033,-0.8938051100000206
2018-08-01,-0.7316784299999847,-0.4052603599999625
2018-08-02,0.37763955999998555,0.36229759999997
2018-08-03,0.001000000000005275,-0.1759999999999954
2018-08-06,0.6197309600000049,0.5003382600000152
2018-08-07,0.45792500000000563,0.3772980000000175
2018-08-08,-0.20827924000001963,-0.07718616000004493
2018-08-09,-0.5464272399999976,-0.6832314399999994
2018-08-10,-0.008260179999990123,-0.2857420599999885
2018-08-13,-2.2857944000000012,-2.2507943999999878
2018-08-14,0.8760268799999887,0.9722768799999809
2018-08-15,-2.482304719999986,-2.326310479999976
2018-08-16,0.18272775999999383,0.017651839999994628
2018-08-17,0.31396400000000746,0.33165250000000746
2018-08-20,0.9359698399999826,0.7254780799999728
2018-08-21,0.7517054800000039,0.7611477500000077
2018-08-22,1.8140108400000046,1.7617062000000034
2018-08-23,-0.4069500799999904,-0.35570007999998043
2018-08-24,1.6996715999999963,1.6523255200000058
2018-08-27,1.1424895999999964,1.2238047999999966
2018-08-28,-1.931309599999994,-1.6526363999999922
2018-08-29,1.4275383399999912,1.487855359999984
2018-08-30,-2.1684521200000035,-2.127426720000012
2018-08-31,-0.279929299999994,-0.3645071999999877
2018-09-03,-1.3614073000000007,-1.370764149999991
2018-09-04,-0.04750000000000966,0.03499999999997101
2018-09-05,-2.6367844399999845,-2.416069659999973
2018-09-06,0.8722428799999888,0.7594149999999796
2018-09-07,-0.8235750000000053,-0.39145350000000956
2018-09-10,0.4006021600000081,0.30211448000000585
2018-09-11,-0.3310838399999955,-0.1328685199999817
2018-09-12,0.7615324000000046,0.7291533500000136
2018-09-13,4.888581439999992,4.607746899999994
2018-09-14,0.601902240000006,0.7124270299999955
2018-09-17,0.14129231999999567,0.05178239999998534
2018-09-18,0.33193271999999446,0.5296810399999952
2018-09-19,1.3286403399999946,1.4276475199999905
2018-09-20,0.07620210000000598,0.05287185000001484
2018-09-21,-2.2071985599999966,-2.156598680000006
2018-09-24,-0.2255577599999992,-0.20676127999999927
2018-09-25,-0.6954326999999995,-0.5325527399999657
2018-09-26,-0.39382340000001415,-0.48782340000003427
2018-09-27,0.7009066599999956,0.531594139999991
2018-09-28,1.031054600000022,1.0560164000000525
2018-10-01,0.4729548999999845,0.4132174999999717
2018-10-02,-1.673977840000004,-1.7051222800000054
2018-10-03,-2.312283669999989,-1.8330572099999896
2018-10-04,-0.5751496199999988,-0.02948669999999838
2018-10-05,0.9161448600000149,0.6111047600000291
2018-10-08,-0.34369040000000217,-0.34611104000000326
2018-10-09,0.29105669999998507,0.30795102999997653
2018-10-10,-0.815934399999987,-0.7153409599999783
2018-10-11,-1.9650092600000295,-1.8356234400000409
2018-10-12,-0.3199787199999637,-0.5798137599999554
2018-10-15,-0.8952003200000123,-0.8373412000000179
2018-10-16,0.19261205999997008,0.17252867999996224
2018-10-17,-0.06928712999999807,0.10001105000000252
2018-10-18,-0.48059967999997716,-0.6320867199999715
2018-10-19,-0.39030336000001986,-0.21865040000002522
2018-10-22,-0.5783132799999732,-0.637692039999963
2018-10-23,-0.47751710000003367,-0.5891218000000552
2018-10-24,0.2100000000000119,-0.03624999999998011
2018-10-25,0.3655508399999928,0.233150719999987
2018-10-26,-0.7840528199999687,-1.2430191199999514
2018-10-29,-3.364754080000014,-3.328463100000025
2018-10-30,0.4587200799999857,0.724615399999979
2018-10-31,0.3357717000000308,0.6137133000000531
2018-11-01,-0.11685735999999387,0.021177920000006772
2018-11-02,-0.25226042000002535,0.20252753999995896
2018-11-05,-0.12136407999998466,-0.14336575999997583
2018-11-06,0.20941857999998512,0.2290272599999762
2018-11-07,0.8400509200000095,1.1518546800000187
2018-11-08,-0.42427311999991685,-0.5909768799999147
2018-11-09,0.3980217999999041,0.11361307999989162
2018-11-12,-0.5716771199999865,-0.6461306399999787
2018-11-13,0.5764603199999996,0.5333945599999996
2018-11-14,-0.9378017199999927,-1.247207139999988
2018-11-15,0.31266524000000157,0.3331822000000025
2018-11-16,0.6218639999999737,-0.031176000000043454
2018-11-19,-0.1257049999999693,-0.03363999999994885
2018-11-20,-0.42328043999999926,-1.0943540799999998
2018-11-21,0.30198545999999876,0.6694230800000001
2018-11-22,-0.19748703999995096,-0.3716787199999562
2018-11-23,0.28673995999993823,0.25220567999993704
2018-11-26,0.3054668600000097,0.2746858800000149
2018-11-27,0.26790639999999827,0.684310399999989
2018-11-28,0.35100000000000203,0.5874180000000067
2018-11-29,-0.9360158800000015,-1.2509647600000042
2018-11-30,-1.1408886799999958,-1.1080474399999936
2018-12-03,0.48331653999999963,0.43927132000000035
2018-12-04,-0.4172068400000065,-0.6985058000000066
2018-12-05,-0.2520835399999937,-0.23393209999999387
2018-12-06,-0.0027796999999976832,-0.5105989999999989
2018-12-07,0.16622359999999745,-0.240968100000004
2018-12-10,-0.4366872999999992,-0.36555339999999903
2018-12-11,-0.2384904000000013,-0.2928132000000011
2018-12-12,-0.1388803000000059,0.6366111400000016
2018-12-13,0.012343000000003303,-0.1876569999999968
2018-12-14,0.23442383999999616,0.285360159999995
2018-12-17,0.2944321500000042,0.27230510000000374
2018-12-18,0.1500812899999954,0.061560549999997514
2018-12-19,-0.016171319999992922,-0.1675802799999952
2018-12-20,0.33846999999999405,0.4254784999999992
2018-12-21,0.7148572000000051,0.6087725000000033
2018-12-24,-0.0742500000000013,-0.06450000000000196
2018-12-25,0.18599999999998781,0.28399999999998854
2018-12-26,0.3940000000000076,0.4720000000000065
2018-12-27,-0.058046999999988885,0.29795770000000993
2018-12-28,0.24211439999999793,0.26940296000000263
2018-12-31,0.012499999999998566,-0.007500000000002001
2019-01-01,0.3175000000000032,0.3715000000000031
2019-01-02,1.115852159999986,1.113433139999988
2019-01-03,0.48931072000001036,0.48763840000000974
2019-01-04,-1.3367068899999965,-0.5853034699999984
2019-01-07,-0.36048728000003954,-0.3294359800000332
2019-01-08,-0.5458182500000013,-0.4588182500000008
2019-01-09,0.5930856000000325,0.8430856000000269
2019-01-10,0.5232994200000092,0.6582994200000072
2019-01-11,0.745009739999998,0.6820097399999965
2019-01-14,0.6454687499999873,0.9874687499999935
2019-01-15,-0.5612803000000633,-0.3552803000000464
2019-01-16,1.6141674000000699,1.6449518000000478
2019-01-17,-0.8331675200000005,-1.0678344000000004
2019-01-18,-2.003162039999992,-1.7611015999999924
2019-01-21,-0.09931400000003693,-0.27723250000002936
2019-01-22,0.036658720000019684,0.02665872000001459
2019-01-23,0.9271708499999869,1.207789299999992
2019-01-24,0.3491048000000273,0.4262328000000245
2019-01-25,-0.07070797000001271,0.156113769999984
2019-01-28,-0.2949858699999923,-0.357416459999992
2019-01-29,0.09851309999996695,-0.04548690000002247
2019-01-30,0.5600711599999975,0.5215805199999952
2019-01-31,0.1476560600000246,0.21697150000001705
2019-02-01,-0.10585871999998558,-0.12085871999998914
2019-02-04,-0.09100760000003864,-0.09744415000002898
2019-02-05,0.8123524400000275,0.9646977500000247
2019-02-06,-0.4103848199999786,-0.5231348199999781
2019-02-07,0.08848391999998198,0.3177752799999814
2019-02-08,0.46323483999996634,0.38828449999997716
2019-02-11,-1.2856462000000077,-1.9249065800000091
2019-02-12,0.1459007000000526,0.23488563000003698
2019-02-13,-1.5096319200000206,-1.3639050800000196
2019-02-14,1.0408964800000147,1.2968922400000142
2019-02-15,0.7480159000000175,0.5874393100000193
2019-02-18,-0.06162669999999429,-0.03413902999999387
2019-02-19,0.8994187999999498,1.01952691999995
2019-02-20,-0.07090460000002387,-0.10715460000002472
2019-02-21,-0.8266857899999721,-0.9721688999999715
2019-02-22,0.4126835200000047,0.6862515600000049
2019-02-25,0.8778004000000106,0.9150504000000097
2019-02-26,0.6428608300000203,0.5429442000000212
2019-02-27,0.5697134199999969,0.3503809299999965
2019-02-28,-0.4432090000000717,-0.6910316000000614
2019-03-01,-0.7490916499999957,-0.8215001499999962
2019-03-04,-0.07752489999993809,0.04706480000005258
2019-03-05,0.5881953999999683,0.5580794999999767
2019-03-06,-0.8389174999999978,-0.8549973999999984
2019-03-07,-1.0045656799999967,-1.021377119999997
2019-03-08,1.3264604600000358,1.2916160800000285
2019-03-11,0.7968257599999662,0.8835836799999718
2019-03-12,1.8650372799999786,1.6966178399999838
2019-03-13,-0.3385222400000017,-0.19374312000000427
2019-03-14,0.8226158400000085,0.04978942000000934
2019-03-15,1.5231274800000247,0.9054630400000176
2019-03-18,0.8213079599999817,0.9470533799999878
2019-03-19,1.3258723200000433,1.1107517600000334
2019-03-20,0.9128548799999692,1.2514314799999753
2019-03-21,-1.352344719999992,-1.377069939999992
2019-03-22,-3.16641680000001,-3.0078590500000093
2019-03-25,0.9661492800000043,1.015361810000005
2019-03-26,-0.1880652799997609,-0.2793438099997474
2019-03-27,-0.5035968000002496,-0.7520363000002693
2019-03-28,0.9303728000000389,0.8976396000000328
2019-03-29,2.5418701599999842,2.357622719999984
2019-04-01,1.5387308000000277,1.4048376000000244
2019-04-02,-0.8279416000000325,-0.9084432000000285
2019-04-03,0.031188000000000875,-0.06217399999999889
2019-04-04,0.45885560000002334,0.49036720000002326
2019-04-05,0.659913199999989,0.7081563999999889
2019-04-08,0.5933643999999927,0.645364399999992
2019-04-09,-0.42197760000000334,-0.3919776000000025
2019-04-10,1.3725407999999806,1.4142475999999802
2019-04-11,1.0009132000000251,0.9829084000000251
2019-04-12,0.022078000000011023,-0.028337999999989413
2019-04-15,-0.2858479999999948,-0.34084799999999355
2019-04-16,0.3851199999999907,0.35797119999999005
2019-04-17,1.1559289999999725,1.1911507999999729
2019-04-18,0.6069869999999759,0.5869869999999753
2019-04-19,0.8467500000000145,0.9107500000000156
2019-04-22,-0.5037500000000132,-0.5637500000000147
2019-04-23,0.8062608000000528,0.6982608000000531
2019-04-24,-1.3370080000000057,-1.4060080000000064
2019-04-25,1.304340799999999,1.4336991999999997
2019-04-26,-0.10211279999998206,-0.09470879999998279
2019-04-29,-1.0574264000000217,-1.084003200000022
2019-04-30,1.3500372000000047,1.4240636000000053
2019-05-01,-0.9705000000000417,-1.0415000000000427
2019-05-02,-2.294427199999713,-2.419427199999692
2019-05-03,3.6242387999996986,3.7862387999996785
2019-05-06,-0.13542999999996314,-0.11342999999996228
2019-05-07,-1.0843752000000066,-1.125375200000007
2019-05-08,-3.297041600000015,-2.9930368000000147
2019-05-09,-0.5607711999999516,-0.36712959999996175
2019-05-10,3.9426100000000095,4.10273000000001
2019-05-13,-1.599910000000024,-1.6569100000000236
2019-05-14,-1.362240000000023,-1.3182400000000238
2019-05-15,-0.49776799999998783,-0.42676799999998694
2019-05-16,1.2004144000000025,1.1704144000000019
2019-05-17,-2.7146131999999974,-2.7366131999999967
2019-05-20,0.2811589999999945,0.3351589999999944
2019-05-21,-0.5432679999999729,-0.5797679999999733
2019-05-22,0.0922130000000314,0.2282130000000367
2019-05-23,-1.9054499999999934,-1.9750719999999944
2019-05-24,1.6971115999999165,1.9252543999999165
2019-05-27,-2.508106600000003,-2.858749400000004
2019-05-28,-1.3499739999997018,-1.3362199999996816
2019-05-29,-2.2522438000000555,-2.813542200000056
2019-05-30,1.4527399999998036,1.9492879999997836
2019-05-31,-3.4749464000000163,-3.9455304000000155
2019-06-03,-0.6746890000000095,-0.5774390000000104
2019-06-04,1.628434799999981,1.964285599999981
2019-06-05,0.12430400000002544,0.5151648000000255
2019-06-06,0.627686800000037,0.793936800000037
2019-06-07,2.6557250000000066,2.7755334000000085
2019-06-10,0.6150690000000016,0.5931960000000015
2019-06-11,0.28723000000000437,0.4362632000000045
2019-06-12,-0.9945448000000602,-1.0147316000000604
2019-06-13,0.4552592000000489,0.5274320000000489
2019-06-14,-0.6942295999998588,-0.7166475999998592
2019-06-17,0.056886399999938615,0.047911999999939
2019-06-18,2.368065600000035,2.9028100000000348
2019-06-19,0.9989623999999938,1.0259047999999933
2019-06-20,1.6724951999998925,1.6815287999998931
2019-06-21,-2.058759999999939,-2.0345903999999595
2019-06-24,-0.10850000000015839,-0.0665000000001386
2019-06-25,-0.06325139999997495,-0.06552479999997467
2019-06-26,-0.4685939999999771,-0.48223679999997693
2019-06-27,0.27833399999994973,0.28970399999994934
2019-06-28,1.4618780000000795,1.4687000000000796
2019-07-01,1.4279119999999585,1.419967999999959
2019-07-02,2.1859040000000216,2.171446000000021
2019-07-03,1.0796280000001481,1.226242000000148
2019-07-04,0.11932700000004179,0.14189700000004182
2019-07-05,-2.7635120000002225,-2.8458488000002036
2019-07-08,0.7771500000001965,0.7286640000001774
2019-07-09,-1.7834039999999585,-1.8282359999999584
2019-07-10,0.11499200000001565,0.08348920000001565
2019-07-11,-0.09258000000006314,-0.13759600000006322
2019-07-12,-1.122626000000136,-1.1361512000001361
2019-07-15,0.1208252000001426,0.18387000000014259
2019-07-16,0.7960656000000288,0.8498784000000289
2019-07-17,-0.41381680000021864,-0.6692760000001988
2019-07-18,1.0976220000001926,0.9764708000001733
2019-07-19,-0.30388400000000093,-0.37063760000000084
2019-07-22,0.31112400000003765,0.4486760000000372
2019-07-23,0.4673899999999567,0.9045875999999567
2019-07-24,0.9687457999999586,0.9420073999999585
2019-07-25,-0.0925859999999585,-0.17730319999995853
2019-07-26,0.9712378000000499,1.02019660000005
2019-07-29,-0.039848000000230345,-0.022017600000230345
2019-07-30,-1.818127999999775,-2.1081579999997757
2019-07-31,-0.26504400000023753,-0.20975280000021787
2019-08-01,0.8939620000002404,0.9339620000002207
2019-08-02,-1.922166400000294,-1.6671664000002813
2019-08-05,-4.504407999999943,-4.252407999999936
2019-08-06,-0.05461999999999953,-0.3296199999999996
2019-08-07,-0.08665359999978742,-0.05273519999980763
2019-08-08,2.8533439999997174,2.7082759999997372
2019-08-09,-2.3236999999996995,-2.4212999999997202
2019-08-12,-0.8521040000001922,-0.7561040000001725
2019-08-13,3.644526800000181,3.5995900000001604
2019-08-14,-2.66491740000024,-2.479956000000222
2019-08-15,1.630250000000013,1.5842500000000144
2019-08-16,0.9888300000000357,0.935598000000036
2019-08-19,0.006412399999998524,-0.04011520000000164
2019-08-20,0.09676999999997037,0.09676999999997037
2019-08-21,1.1474659999999546,1.1054659999999559
2019-08-22,-1.007130599999804,-0.941130599999824
2019-08-23,0.2844608000000042,0.3824608000000036
2019-08-26,0.45669079999987655,0.414690799999897
2019-08-27,-1.1759251999999318,-1.1499251999999518
2019-08-28,0.15751399999989513,0.23551399999991487
2019-08-29,0.444565400000123,0.4345654000001033
2019-08-30,0.23041000000003642,0.21641000000003632
2019-09-02,-0.008265200000148559,-0.006265200000128505
2019-09-03,0.09302360000014201,0.019023600000122175
2019-09-04,3.028852999999919,2.886852999999938
2019-09-05,0.006160000000085688,0.01216000000006668
2019-09-06,0.6264155999998459,0.534415599999865
2019-09-09,-0.6525555999998506,-0.6465555999998696
2019-09-10,0.06293799999986392,0.022937999999883617
2019-09-11,-1.3757259999999516,-1.4349279999999514
2019-09-12,0.6758488000001298,0.5919354000001101
2019-09-13,-2.6362800000002156,-2.644280000000196
2019-09-16,-0.2538435999998258,-0.22864119999984486
2019-09-17,-0.14799760000002077,-0.15642680000002088
2019-09-18,1.343445999999978,1.3257979999999776
2019-09-19,-0.10259319999993559,-0.07500959999993509
2019-09-20,-0.09194320000005646,-0.08933240000005682
2019-09-23,0.05574759999987182,0.058541999999892305
2019-09-24,0.0982500000000086,0.0982500000000086
2019-09-25,-0.6487380000000417,-0.6352292000000423
2019-09-26,0.039293200000196975,0.07929320000017732
2019-09-27,-0.12061959999996102,-0.062807399999961
2019-09-30,0.27092000000002636,0.37756000000002693
2019-10-01,-3.9204696000001915,-4.084872800000171
2019-10-02,-2.196257599999864,-2.482260399999885
2019-10-03,1.5205687999998045,1.366386399999825
2019-10-04,2.678568800000014,2.4828744000000142
2019-10-07,0.03706940000015076,0.025904200000130072
2019-10-08,-1.1764323999999893,-1.1180787999999888
2019-10-09,-0.5146156000001645,-0.20693460000014446
2019-10-10,0.4188503999999905,0.3594479999999905
2019-10-11,0.03133600000006036,0.3504296000000591
2019-10-14,0.41074440000013857,0.3895096000001201
2019-10-15,1.4858551999998215,1.4293759999998419
2019-10-16,0.12442560000015385,0.1288544000001534
2019-10-17,0.4369920000000491,0.4280928000000493
2019-10-18,0.5297629999999534,0.4735287999999533
2019-10-21,-0.0034089999999826885,-0.010098399999982632
2019-10-22,-0.19837499999995523,-0.1961499999999549
2019-10-23,0.11711199999997424,0.11265879999997402
2019-10-24,0.6355432000000275,0.6346624000000276
2019-10-25,0.4495313299997499,0.4178687199997499
2019-10-28,-0.09454630000002678,-0.08568210000002666
2019-10-29,-0.9675943999997307,-0.9587146799997304
2019-10-30,0.14765232999999556,0.16298690999999574
2019-10-31,0.9173113999999755,0.8909302599999757
2019-11-01,0.5993190200000214,0.5658582000000207
2019-11-04,1.188436919999746,1.1196358799997257
2019-11-05,-0.548242959999769,-0.8294685799997286
2019-11-06,-0.5304625599999865,-0.7854625599999866
2019-11-07,1.60501743000001,1.7057381700000096
2019-11-08,-0.4816000000000131,-0.814350000000012
2019-11-11,-0.18914344000026542,-0.130005560000285
2019-11-12,0.7671514999999738,0.6322051599999737
2019-11-13,-2.122014959999719,-2.1291594999996994
2019-11-14,0.11477920000001282,0.09315580000001132
2019-11-15,2.9693380800000084,3.0336914400000152
2019-11-18,0.024461550000002958,-0.01803844999999704
2019-11-19,-1.1707376000002532,-1.1007376000002331
2019-11-20,-0.3216857699997273,-0.2896857699997481
2019-11-21,-0.891379940000302,-0.8478799400002812
2019-11-22,0.6646578600002525,0.5886578600002325
2019-11-25,0.9405807999997445,0.9615807999997635
2019-11-26,-0.22155059999999754,-0.27155059999999753
2019-11-27,0.022550559999994564,-0.03744944000000539
2019-11-28,-0.929579319999983,-0.909579319999983
2019-11-29,-0.09414373999973596,-0.08997089999973597
2019-12-02,-2.287959980000289,-2.3029599800002893
2019-12-03,-1.6668049599999757,-1.6418049599999758
2019-12-04,2.046541840000229,1.95820212000022
2019-12-05,1.180201650000017,1.0669684000000195
2019-12-06,2.402328739999989,2.2579125399999858
2019-12-09,-0.683434589999989,-0.6574614099999835
2019-12-10,0.12140447999999333,0.11497891999999378
2019-12-11,0.8918704999999922,0.8913409999999876
2019-12-12,1.3271871000000288,1.2979278000000327
2019-12-13,0.9759039999999884,0.945095999999988
2019-12-16,0.11989156000001995,0.1774151600000239
2019-12-17,-0.47498162000001687,-0.5302359000000179
2019-12-18,0.06518858999998858,0.019648649999983215
2019-12-19,-0.4540000000002592,-0.4840000000002603
2019-12-20,0.7445028400002552,0.7817070800002548
2019-12-23,-0.10473616000023032,-0.10787504000024145
2019-12-24,-0.012999999999730784,-0.007999999999735332
2019-12-25,0.07500000000001705,0.10000000000002272
2019-12-26,0.10499999999996612,0.11299999999996581
2019-12-27,1.3363910399997152,1.3801958399996956
2019-12-30,-1.1819407999996747,-0.9572783999996328
2019-12-31,-1.1400000000000459,-1.2720000000000473
2020-01-01,0.3030000000000284,0.32100000000002826
2020-01-02,1.7053603199996759,1.4480860799996564
2020-01-03,-0.9052630199999894,-0.7807258799999894
2020-01-06,-0.028424600000002354,-0.005762000000002627
2020-01-07,1.8053570399999823,1.827865359999983
2020-01-08,-0.790555129999655,-0.8262468999996351
2020-01-09,1.5731519299996417,1.5229708599996217
2020-01-10,-0.14204599999963524,0.10471440000038437
2020-01-13,0.1402240500000013,0.2525683500000017
2020-01-14,-0.3254123299999949,-0.37859784999999535
2020-01-15,0.6954143999999729,0.590121599999973
2020-01-16,1.8096748499996327,1.2189154499995924
2020-01-17,1.4396067000003876,2.0014227000004285
2020-01-20,-0.41124070999999585,-0.33077046999999593
2020-01-21,-0.6818854400003989,-0.613371520000419
2020-01-22,-0.7129379999995918,-0.5964870399995719
2020-01-23,-0.9229417600000233,-0.5349584000000229
2020-01-24,0.1729776000000196,-0.33663759999998044
2020-01-27,-3.1604202400000343,-2.5255268000000344
2020-01-28,1.7406270699996083,1.4616479499995878
2020-01-29,2.214983200000441,2.150396300000462
2020-01-30,-0.665736840000015,-0.389371620000016
2020-01-31,-4.001937550000005,-3.594600150000004
2020-02-03,1.8750945299999764,1.4340198499999748
2020-02-04,2.6578870400000114,2.456316920000014
2020-02-05,1.5600944400000243,1.3458666800000243
2020-02-06,1.8102193999999772,1.6734285799999773
2020-02-07,-2.9393143200000154,-2.898876560000015
2020-02-10,0.7492300800000099,0.7425852000000109
2020-02-11,1.4487170800000178,1.2622328000000176
2020-02-12,0.673019280000009,0.5657690400000093
2020-02-13,-0.3241798000000274,-0.2858891600000273
2020-02-14,1.6402229399996973,1.5128766199996972
2020-02-17,0.5052848000000084,0.48795520000000836
2020-02-18,-0.883193139999705,-0.868022249999705
2020-02-19,0.34132149000002265,0.3488466200000227
2020-02-20,-0.37236764000037126,-0.31540032000040324
2020-02-21,-3.031944999999947,-3.1481599999999337
2020-02-24,-3.8803669700000034,-3.131046380000007
2020-02-25,-0.3053848000000118,-0.3203848000000124
2020-02-26,-3.102801299999742,-2.4932448999997443
2020-02-27,-2.956490000000231,-2.7273080000002308
2020-02-28,-2.3563534000000517,-2.3587526000000514
2020-03-02,-0.7249643999999865,-0.6517330199999807
2020-03-03,0.9099748000002269,1.2889626400002347
2020-03-04,0.5411085599999557,0.6032315999999555
2020-03-05,-1.3548978400001672,-1.395089680000187
2020-03-06,-7.666259149999992,-8.520113699999994
2020-03-09,-2.794810799999813,-2.964810799999813
2020-03-10,-0.26874024000002883,-0.0022596000000288767
2020-03-11,-1.232344140000042,-1.362344140000042
2020-03-12,-2.7746425799999512,-2.5876991199999564
2020-03-13,-0.5810956500000061,-0.5660956500000077
2020-03-16,-0.9887130200000674,-1.2037130200000707
2020-03-17,-0.06900361000000743,-0.48596738000000933
2020-03-18,-1.5484450199999165,-1.6250642899999084
2020-03-19,-2.706489310000078,-2.4514893100000843
2020-03-20,2.475381500000016,2.5693815000000217
2020-03-23,0.17212071999999984,-0.11425000000000016
2020-03-24,-1.0825000000000211,-0.9787500000000281
2020-03-25,-0.08249999999997616,-0.3374999999999682
2020-03-26,0.41299999999997644,0.8522499999999686
2020-03-27,0.8899999999999978,1.5224999999999973
2020-03-30,0.844000000000024,0.654000000000032
2020-03-31,0.3449999999999943,0.32499999999998574
2020-04-01,2.1159999999999837,2.1397499999999847
2020-04-02,-0.3759999999999802,-0.3284999999999802
2020-04-03,-0.6049999999999858,-0.5999999999999858
2020-04-06,-0.43174999999998853,-0.4749939999999885
2020-04-07,-0.6687500000000071,-0.6828353000000088
2020-04-08,0.516749999999998,0.4688551499999977
2020-04-09,-0.14149999999999635,-0.08465708000000058
2020-04-10,0.41224999999996453,0.43224999999996055
2020-04-13,-0.16375000000000453,-0.2057500000000059
2020-04-14,0.7624999999999971,0.6050805999999976
2020-04-15,1.7687500000000538,1.7709899800000537
2020-04-16,0.47499999999999143,0.12327107999998972
2020-04-17,-0.3312500000000142,-0.11008970000001686
2020-04-20,1.5600000000000256,1.537849780000031
2020-04-21,1.0974999999999573,1.2789127999999486
2020-04-22,-1.2302113399999572,-1.3116726799999487
2020-04-23,-0.5102441300000223,-0.5117382600000265
2020-04-24,0.5556014900000255,0.5462029800000305
2020-04-27,1.4157666199999484,1.294033239999938
2020-04-28,0.005011199999979539,-0.027477600000020457
2020-04-29,-0.7887503999999727,-0.8537507999999727
2020-04-30,-0.4523764999999932,-0.4197529999999931
2020-05-01,0.17625000000003072,0.17625000000003072
2020-05-04,0.49291279999993887,0.5983255999999391
2020-05-05,-0.4907847499999728,-0.6765694999999735
2020-05-06,0.9896679800000086,0.859335960000009
2020-05-07,-0.3135207199999485,-0.354312159999949
2020-05-08,-0.44708730000007163,-0.5300119000000717
2020-05-11,0.29172472000003236,0.20642416000003333
2020-05-12,-0.3489316899999607,-0.29179506999996163
2020-05-13,1.2934352999999998,1.5578059
2020-05-14,0.5519288000000041,0.6557864000000043
2020-05-15,-0.3922016200000398,-0.49160486000003956
2020-05-18,-0.11763823999996341,-0.5005529599999627
2020-05-19,-1.2456335200000093,-1.2862670400000096
2020-05-20,0.16128383999995932,0.14506767999995956
2020-05-21,0.4133728000000409,0.48924560000004097
2020-05-22,0.07754463999992195,0.1125892799999212
2020-05-25,0.009472160000077803,-0.021055679999921702
2020-05-26,-0.6015968800000768,-0.7006937600000763
2020-05-27,-0.16939289999996338,-0.17878579999995858
2020-05-28,-1.8481729200000472,-1.7688458400000475
2020-05-29,1.1525000000000971,1.1525000000000971
2020-06-01,0.7749372199999595,0.7898744399999599
2020-06-02,-0.7195547200000257,-0.9111094400000458
2020-06-03,-1.1956209199999324,-1.2737418399999318
2020-06-04,-2.0133882000000773,-2.170720500000077
2020-06-05,-2.3357999999999945,-2.6547499999999946
2020-06-08,0.1804424800000605,0.20118055000005974
2020-06-09,1.5836129999999773,1.7530282499999772
2020-06-10,1.5869461799999864,1.5701941099999859
2020-06-11,-0.630679739999906,0.23741100000009335
2020-06-12,0.2675516399998787,0.2752513999998895
2020-06-15,0.44516404000007215,0.4263086200000629
2020-06-16,-0.5523299000000048,-0.5795056999999991
2020-06-17,0.28825487999992816,0.2709889499999319
2020-06-18,-0.0069912999998783506,-0.0162108499998882
2020-06-19,-0.5928050800000005,-0.6405639400000006
2020-06-22,0.8889608199999196,0.8388395599999245
2020-06-23,1.4884041200000413,1.520111860000037
2020-06-24,0.5535335199999268,0.7977498999999352
2020-06-25,1.7506559200000025,1.784327960000003
2020-06-26,0.783327600000044,0.9416183000000433
2020-06-29,-2.1248074400000694,-2.2011207800000685
2020-06-30,-4.1579561599999275,-4.234409579999928
2020-07-01,-2.368794799999932,-2.422657999999931
2020-07-02,1.6901595199998432,1.615324319999856
2020-07-03,-0.013487460000000192,-0.02247910000000032
2020-07-06,-0.15588135000000145,-0.18735545000000156
2020-07-07,0.3406221900000065,0.402540730000006
2020-07-08,-0.1368780600000018,-0.1368780600000018
2020-07-09,-0.1330788299999539,-0.15573892999995392
2020-07-10,1.5007117600000701,1.4916444400000701
2020-07-13,1.3575263899999255,1.4794297699999255
2020-07-14,0.5533704000000803,0.4671560000000809
2020-07-15,0.12011304000000039,0.0517778400000004
2020-07-16,-0.41952475000011974,-0.44233465000011973
2020-07-17,-0.6481957999999098,-0.7018915999999192
2020-07-20,0.7939078400000041,0.7207235200000043
2020-07-21,0.8163648699999568,0.8300946099999574
2020-07-22,-0.6852038199999553,-0.6713640999999547
2020-07-23,-0.17896738000009205,-0.02738990000009303
2020-07-24,-0.32341042999995284,-0.3373382899999527
2020-07-27,0.20951321999998285,0.2398573399999883
2020-07-28,0.9461491900000236,1.022049130000023
2020-07-29,0.7779973699999511,0.7358001499999521
2020-07-30,-0.1308395099998502,0.03396079000014852
2020-07-31,-0.23138378000009358,-0.2598049400000933
2020-08-03,-0.45035867999996054,-0.4333877199999408
2020-08-04,2.0908392000000235,2.041669000000004
2020-08-05,-0.8741355199999594,-1.0675591999999599
2020-08-06,-0.1964754400001162,-0.21019474000011557
2020-08-07,0.037005279999987914,0.02900528000000693
2020-08-10,-0.6222356000000608,-0.7856322000000585
2020-08-11,-0.6171010399998998,-0.6648840799999199
2020-08-12,-0.6416678999999518,-1.0963977599999513
2020-08-13,-2.427927640000062,-2.2436047200000635
2020-08-14,0.4899876100000021,0.6039043300000222
2020-08-17,-1.091446169999992,-1.1388209099999906
2020-08-18,0.6967016299999538,0.7904108899999537
2020-08-19,0.47452043999999766,0.45570319999999664
2020-08-20,0.24783960000006408,0.3494858400000621
2020-08-21,-0.15555347999994126,-0.10990173999994121
2020-08-24,-0.5390300400001257,-1.0022592200001226
2020-08-25,-1.6132739200000636,-1.8021369600000636
2020-08-26,0.129601700000117,0.06253078000011512
2020-08-27,-1.9467472599999525,-1.616580809999953
2020-08-28,1.1305193599998413,0.9521540399998428
2020-08-31,-0.45611019999980296,0.0005149600001755516
2020-09-01,0.7258271299999244,0.583690239999945
2020-09-02,0.8034311199998864,0.4852991199998866
2020-09-03,0.02903249000019382,0.6167455000001922
2020-09-04,-1.431695810000044,-1.5382715400000424
2020-09-07,0.20856352000000122,0.13272224
2020-09-08,-0.79840724,-0.6210323999999923
2020-09-09,1.7229027799998384,1.2947741999998446
2020-09-10,-0.8175311999999871,-0.7758575999999883
2020-09-11,0.3393017200001189,0.18688020000010946
2020-09-14,0.31739219999999213,0.24708623999999352
2020-09-15,0.2659430399999831,0.25368948000001146
2020-09-16,-0.4329160000000012,-0.3097395000000012
2020-09-17,-0.11637630000009946,-0.05672474000013885
2020-09-18,-1.6230002999997706,-1.6949119999997597
2020-09-21,0.14033749999988862,0.07409389999984757
2020-09-22,-0.6382665199999371,-0.9500888399998921
2020-09-23,-1.975155540000178,-2.410829760000212
2020-09-24,1.0742407400001084,1.1369509800000985
2020-09-25,-0.3680031200000574,-0.4796673600000528
2020-09-28,-0.016196639999995387,-0.04410575999999512
2020-09-29,0.21383879999999672,0.1858469999999963
2020-09-30,-1.1844083000000614,-1.1274345000000567
2020-10-01,-0.02436995999992868,0.08187668000009278
2020-10-02,0.4922553599999768,0.5778652799999519
2020-10-05,-0.5984936799999055,-0.2419730399999129
2020-10-06,-0.7173794000001081,-0.9860360400000993
2020-10-07,-0.5229702999998981,-0.2998821799999136
2020-10-08,0.4442082799999372,0.46018349999994845
2020-10-09,0.191018400000063,0.18894440000004553
2020-10-12,0.6096453199999969,0.4919425999999981
2020-10-13,-0.08741048000009792,-0.20423680000007233
2020-10-14,-0.25048759999994163,-0.2926801599999574
2020-10-15,-0.7927866199999566,-0.6541646599999639
2020-10-16,0.2765832800000013,0.33658328000000165
2020-10-19,-0.8867826800000053,-0.7609186000000034
2020-10-20,0.005534299999998399,0.052948019999996335
2020-10-21,-0.4750333499999573,-0.44030144999994214
2020-10-22,0.16854842999994493,0.26733300999991405
2020-10-23,0.559001919999901,0.5750019199999284
2020-10-26,-0.3297860199999327,-0.2495438999999512
2020-10-27,-0.13563137000005085,-0.20980271000003808
2020-10-28,-1.1210588299998978,-1.011049809999926
2020-10-29,-0.8064037800000582,-0.7731987400000399
2020-10-30,0.012839879999944317,0.1941699399999592
2020-11-02,-0.2129237999998924,-0.44399999999992307
2020-11-03,0.43536220999988656,0.6962499999999171
2020-11-04,1.644300450000076,1.2447500000000566
2020-11-05,0.45837731999994513,0.6654999999999657
2020-11-06,-0.12045320999991259,0.10075000000006312
2020-11-09,-0.4404839200000728,0.09374999999994717
2020-11-10,-0.5214313499998849,-0.36599999999986366
2020-11-11,-0.18860072000004333,-0.32625000000002957
2020-11-12,0.21539080000010521,0.032500000000071576
2020-11-13,0.4264771999997899,0.5922499999998009
2020-11-16,0.34898416000004134,0.4322500000000228
2020-11-17,0.3747372599999674,0.22999999999998094
2020-11-18,-0.4081102200000057,-0.2105000000000037
2020-11-19,0.7994208000000894,0.7049824000000479
2020-11-20,0.3137499399999145,0.36787498999995333
2020-11-23,-0.17127752000000118,-0.14699031999999843
2020-11-24,0.6090273100000434,0.6802910500000267
2020-11-25,0.3328738399999612,0.27827751999997846
2020-11-26,-0.08098290000000108,-0.06669180000000054
2020-11-27,0.16398639999999623,0.05998639999999302
2020-11-30,-0.983724139999955,-1.0829557599999755
2020-12-01,-0.48916614000005765,-0.3387229000000321
2020-12-02,-0.11470844999991608,-0.0602487499999533
2020-12-03,0.23227132000000306,0.18195120000000162
2020-12-04,-0.43480218000006143,-0.2640862800000341
2020-12-07,0.32549707999996635,0.303037859999981
2020-12-08,2.1121213000001022,2.137472780000063
2020-12-09,-0.5946122400000932,-0.5018571400000633
2020-12-10,-0.6163341199999876,-0.588891319999989
2020-12-11,-0.6894275499999177,-0.5953668099999508
2020-12-14,-0.4665735999999937,-0.45203679999999313
2020-12-15,1.9966407999999567,1.9527735999999698
2020-12-16,0.3551868000000304,0.37073800000001855
2020-12-17,0.5832639599999264,0.6489170599999571
2020-12-18,-0.8924384400000013,-0.8335633200000024
2020-12-21,-1.2881404799999217,-1.1067077599999506
2020-12-22,-0.342228960000082,-0.4559167400000455
2020-12-23,1.405349760000042,1.4419872800000235
2020-12-24,1.088750000000004,1.088750000000004
2020-12-25,0.0,0.0
2020-12-28,-0.1625181700000439,-0.2541248300000265
2020-12-29,0.9949303999999923,1.079322799999994
2020-12-30,0.35395462000005845,0.2930033000000367
2020-12-31,0.3475000000000522,0.26375000000003174
2021-01-01,0.0,0.0
2021-01-04,-0.49847868000011347,-0.4348654000000849
2021-01-05,0.8822324000000562,0.9771980000000436
2021-01-06,1.0190082499999176,1.4187974699999455
2021-01-07,-2.3050605599999088,-1.9547628799999386
2021-01-08,-0.22568210000002592,0.0035010699999788357
2021-01-11,-1.4695573000000453,-1.1372306500000302
2021-01-12,4.549407580000093,4.561024490000056
2021-01-13,-0.7900814000000342,-1.2452569800000208
2021-01-14,1.421398080000049,1.2988050300000307
2021-01-15,-0.18497090000003213,-0.4368353300000214
2021-01-18,0.4928415600000054,0.46626677000000444
2021-01-19,-0.06197779999994875,-0.004813599999963622
2021-01-20,-0.10079280000009833,0.019357099999930547
2021-01-21,-0.7376302999999551,-0.6899723199999691
2021-01-22,-3.3173081999999496,-3.059166419999964
2021-01-25,-0.41926900000007933,-0.6007817100000539
2021-01-26,1.86647381999994,1.9055125799999553
2021-01-27,-3.649909679999897,-3.5359074499999266
2021-01-28,0.43991327999999535,0.5119692799999971
2021-01-29,-2.419063379999999,-1.7546853799999989
2021-02-01,2.149427049999944,1.7927515499999644
2021-02-02,1.8761657000001015,1.4636938000000579
2021-02-03,-0.12127836000000745,0.17506927999999844
2021-02-04,-0.20346065000011598,-0.23772258000006785
2021-02-05,1.13555395000005,1.205873900000027
2021-02-08,0.6674112199999958,0.9050939599999989
2021-02-09,-0.14785464000005716,-0.3253546400000301
2021-02-10,-0.6209443799999915,-1.0762652399999972
2021-02-11,0.662477519999999,0.8386530400000014
2021-02-12,-0.46035441999989135,-0.2876171199999337
2021-02-15,0.5666848199999989,0.3777898799999992
2021-02-16,-1.7258665700001112,-0.5577443800000688
2021-02-17,0.5317216100001477,0.398147740000091
2021-02-18,-0.5536261900000625,-0.37116746000003764
2021-02-19,-0.5779361999999588,-0.41012799999997335
2021-02-22,-0.4039416200000178,0.3115238199999877
2021-02-23,1.3182784999998955,1.05015534999993
2021-02-24,1.6257562000000436,1.7992805800000329
2021-02-25,-7.029980259999933,-5.356949259999951
2021-02-26,-0.017122479999981146,-0.3168623999999867
2021-03-01,2.443370249999977,2.0102137499999784
2021-03-02,1.6084059400000126,1.7137644600000117
2021-03-03,-2.3969492000000496,-2.110723600000041
2021-03-04,-1.0240019999999588,-0.7697159999999656
2021-03-05,1.4623779999999458,1.5347066999999548
2021-03-08,-0.47621356000000975,-0.4690612000000092
2021-03-09,2.5876502000000623,2.563942500000062
2021-03-10,0.507981200000008,0.507981200000008
2021-03-11,1.57547199999997,1.581396799999975
2021-03-12,-1.5417156799999818,-1.4917156799999844
2021-03-15,-0.04551399999999726,-0.10419099999999813
2021-03-16,0.18362493999995122,0.10749175999996141
2021-03-17,0.9090962399999926,0.7012356399999937
2021-03-18,-3.1015152699999913,-2.970048209999993
2021-03-19,0.15970774000001386,0.1811118600000113
2021-03-22,0.21111756000000848,0.06205556000000733
2021-03-23,-0.6671627999999912,-0.6548783999999934
2021-03-24,-0.18098240000000151,-0.21888592000000143
2021-03-25,0.977890559999976,0.7176692799999812
2021-03-26,1.2192292200000407,1.0286362000000333
2021-03-29,-1.768114320000034,-1.7225536000000288
2021-03-30,-1.0921632999999835,-1.2339306399999863
2021-03-31,6.443776400000018,6.600021120000015
2021-04-01,3.06802834999998,2.810347499999984
2021-04-02,0.0,0.0
2021-04-05,0.25624999999996706,0.3799999999999739
2021-04-06,0.8375740200000397,0.5271319400000318
2021-04-07,0.665068099999954,0.5963501999999632
2021-04-08,2.3470190000000115,2.0013110000000065
2021-04-09,-0.20013276000001054,-0.040527300000007135
2021-04-12,-0.5324806499999819,-0.3787934499999897
2021-04-13,2.5322631400000164,1.991999890000011
2021-04-14,0.4395387800000255,0.6390734400000172
2021-04-15,2.3610463799999555,2.0207923999999724
2021-04-16,1.4707860000000463,1.4944568000000265
2021-04-19,0.1849155199999548,0.175754719999973
2021-04-20,-1.157836080000013,-1.3702249600000067
2021-04-21,3.065547740000044,3.081673140000027
2021-04-22,2.5498953,2.5620102199999994
2021-04-23,0.791371699999971,0.7767079799999772
2021-04-26,3.0189557499999986,3.0123460499999988
2021-04-27,-2.5538593999999875,-2.4359244999999903
2021-04-28,-2.057447099999969,-2.1406093399999757
2021-04-29,-0.9608840500000033,-0.8501495100000029
2021-04-30,0.47911309999999097,0.5109639399999945
2021-05-03,1.9592202499999454,1.7620957499999539
2021-05-04,0.5038016500000582,0.6397489000000481
2021-05-05,5.4267569999999985,5.217113339999998
2021-05-06,4.687179199999967,4.631383399999978
2021-05-07,3.6134387600000144,3.359751500000011
2021-05-10,-4.343916799999967,-4.26633419999997
2021-05-11,-2.1027972500000045,-1.9274799500000053
2021-05-12,-6.498696000000011,-6.107415680000008
2021-05-13,-0.28427000000002317,-0.6677125000000198
2021-05-14,1.3858114399999575,1.1542554399999638
2021-05-17,-1.0147524,-0.9631806800000001
2021-05-18,-0.2538555199999895,-0.06435737999999085
2021-05-19,-2.024727909999919,-1.714267579999931
2021-05-20,3.1164966399999785,2.742660239999981
2021-05-21,-0.41215976000003024,-0.5065604000000257
2021-05-24,0.7757852300000362,0.5588101800000309
2021-05-25,-2.3553058799999955,-2.341877679999997
2021-05-26,0.7212143999999998,0.7042143999999998
2021-05-27,2.925410739999994,2.9213604999999943
2021-05-28,-0.2356532299999991,-0.3356796999999991
2021-05-31,-0.45609299999999803,-0.3365819999999983
2021-06-01,2.795858319999992,3.2230956799999917
2021-06-02,0.6577497599999422,0.48906231999995037
2021-06-03,-2.6798628799999715,-2.582522159999974
2021-06-04,4.483845200000017,4.652775400000017
2021-06-07,1.7256415999999575,1.988275559999958
2021-06-08,1.6980532800000083,1.726167180000008
2021-06-09,-0.2061854200000178,-0.3435935400000175
2021-06-10,1.977912730000049,1.970847070000042
2021-06-11,-0.6535244999999771,-0.7522122999999797
2021-06-14,-3.8505648200000597,-3.8154060600000537
2021-06-15,-1.242103299999999,-1.1694021999999993
2021-06-16,-3.858249100000013,-3.6591501800000112
2021-06-17,-3.471731999999957,-3.4813524799999573
2021-06-18,-0.208237999999969,-0.03670159999996886
2021-06-21,1.7108962799999985,1.6406288799999984
2021-06-22,0.1230961599999754,-0.34722624000002467
2021-06-23,-1.2396279999999784,-1.2615023999999786
2021-06-24,2.391403549999995,2.023822839999995
2021-06-25,-0.9444329999999725,-1.3070463999999764
2021-06-28,1.3069027599999061,1.8266759999999198
2021-06-29,0.2165402400000661,0.2651609600000561
2021-06-30,1.4880264399999947,2.3430264399999956
2021-07-01,0.131101099999968,0.12188199999997341
2021-07-02,0.8916057699999778,0.836868589999981
2021-07-05,-0.007120679999998515,-0.0023735599999987872
2021-07-06,-3.181001039999914,-3.2111524999999266
2021-07-07,0.8570577599999701,0.8441516799999743
2021-07-08,-2.407625720000011,-2.3176286800000097
2021-07-09,1.1927295999999816,1.075908639999985
2021-07-12,1.8146978499999702,1.6695545599999748
2021-07-13,-1.1545809699999565,-1.0506100099999627
2021-07-14,2.7709713800000464,2.678183540000039
2021-07-15,-0.8179276800000916,-0.8092708800000781
2021-07-16,-0.6846548300000119,-0.6516040500000114
2021-07-19,-1.3780839999999617,-1.339123999999967
2021-07-20,1.4653235500000439,1.6918705500000382
2021-07-21,0.5746781699999599,0.4022233799999589
2021-07-22,0.5545167799999985,0.24573521999999898
2021-07-23,-0.03347806999996326,-0.6641867299999631
2021-07-26,-0.19724832000000606,-0.0832694800000062
2021-07-27,0.2464809999999989,0.31477974999999897
2021-07-28,0.7780692499999444,0.724468499999945
2021-07-29,0.688819310000077,0.8314125900000764
2021-07-30,-0.5594039100000195,-0.8558914400000167
2021-08-02,1.74632251999995,1.774969279999958
2021-08-03,0.4333467400000709,0.15864256000006074
2021-08-04,-0.9750551400000106,-1.135852810000008
2021-08-05,-0.03838559999998611,0.04987904000001123
2021-08-06,-0.6169533200000517,-0.7494378200000447
2021-08-09,-0.6228810300000454,-0.6984019300000411
2021-08-10,-0.47709299999994303,-0.46509299999995063
2021-08-11,1.8676453799999415,2.0163689899999486
2021-08-12,0.9384429500000675,1.41406990000006
2021-08-13,1.6957106200000187,1.7029348600000165
2021-08-16,-0.3346721999999964,-0.3932227299999975
2021-08-17,-1.817208900000001,-1.8529644999999997
2021-08-18,-1.3327059800000725,-1.284144720000064
2021-08-19,-2.4298387599999307,-2.70658831999994
2021-08-20,-1.1967724999999985,-1.8170969999999964
2021-08-23,1.3432211999999961,1.296986599999995
2021-08-24,0.1836945999999262,0.527972779999937
2021-08-25,-0.00497653999994136,0.11378681000005134
2021-08-26,-1.5916196000000007,-1.61373984
2021-08-27,3.1092843199999414,3.1773241599999476
2021-08-30,-0.045220799999948574,-0.24084479999995492
2021-08-31,-0.679564480000042,-0.8105644800000377
2021-09-01,0.1947356199999978,-0.05067473000000241
2021-09-02,0.8072192800000766,0.8448878400000666
2021-09-03,-0.9680557800000417,-0.9236958100000356
2021-09-06,0.941002920000001,0.9267453000000007
2021-09-07,-2.697676959999977,-3.0662716399999823
2021-09-08,-0.6617642800000834,-0.6011224600000645
2021-09-09,0.3081471000000975,0.327582650000077
2021-09-10,-0.4014530400000962,-0.08509200000007583
2021-09-13,0.9666657600000453,0.8071685600000408
2021-09-14,0.6040945200000094,0.7320945200000093
2021-09-15,0.6242258499999906,0.95477004999999
2021-09-16,-1.1728876999999867,-1.2647967399999895
2021-09-17,-3.0575455799999625,-2.9723330399999655
2021-09-20,-3.3200967299999724,-3.2101676799999757
2021-09-21,1.6952598499999814,1.1119047999999832
2021-09-22,1.714406349999911,1.886057849999921
2021-09-23,-0.49543404999994994,-0.5352987999999541
2021-09-24,-0.6814269900000443,-0.6363851800000412
2021-09-27,0.03613962000006286,0.4060930800000635
2021-09-28,-4.171030000000064,-3.7028177600000634
2021-09-29,0.04717155000004234,0.014494140000036258
2021-09-30,-0.5775606799999647,-0.651499099999971
2021-10-01,1.9809944799999528,1.9681767999999602
2021-10-04,-1.1550540800000038,-1.070470880000003
2021-10-05,-0.144562199999941,-0.23325139999994943
2021-10-06,-0.4590781200000345,-0.6983533600000289
2021-10-07,-0.4600744800000548,-0.4066262200000481
2021-10-08,-1.1536935399999728,-1.2536935399999756
2021-10-11,-1.1156619999999857,-0.8846619999999882
2021-10-12,0.16233404000000298,-0.27743887999999733
2021-10-13,0.8670079000000358,0.3084989500000305
2021-10-14,1.6107034399999416,1.685534739999951
2021-10-15,0.5940193600000414,1.1198805500000355
2021-10-18,-0.8636770000000175,-0.5597499200000156
2021-10-19,0.6925856399999568,0.5547449199999569
2021-10-20,0.8411887200000483,1.1842665400000385
2021-10-21,-1.572035939999993,-1.7740239599999934
2021-10-22,1.592927519999987,1.8078667199999898
2021-10-25,0.4100546800000192,0.272453120000019
2021-10-26,0.40993271999998154,0.5858355799999814
2021-10-27,0.9248301099999698,1.3506990399999774
2021-10-28,0.27061050000000864,0.5752795000000082
2021-10-29,-0.39411097000000395,-0.18632324000000366
2021-11-01,-0.458968839999989,-0.18149439999999217
2021-11-02,0.6310127500000288,0.24116850000002216
2021-11-03,0.891131179999985,0.515603119999988
2021-11-04,0.6559959999999949,0.29331479999999627
2021-11-05,1.1550060399999986,0.8612155800000002
2021-11-08,-0.8665282700000199,-0.6384608800000167
2021-11-09,0.481153840000027,0.3921741400000214
2021-11-10,-2.264324319999982,-1.3346941799999852
2021-11-11,0.25774143999999294,0.25263127999999396
2021-11-12,1.5781819999999662,1.4322486399999754
2021-11-15,-0.44514191999996805,-0.16017739999997566
2021-11-16,-0.638276800000004,-0.538368320000003
2021-11-17,0.9601287199999858,1.0412244999999858
2021-11-18,-0.7758239999999791,-0.8118415999999791
2021-11-19,-1.320787340000009,-1.3124560600000088
2021-11-22,-1.615396000000007,-1.148874000000007
2021-11-23,-1.34212904999999,-1.1858872499999902
2021-11-24,-0.8339897199999871,-0.9270616799999908
2021-11-25,0.14777664000000165,0.12090816000000125
2021-11-26,-8.031710970000017,-6.916459530000018
2021-11-29,3.275039979999995,2.4309696199999946
2021-11-30,-1.7030408799999859,-1.8023934399999866
2021-12-01,0.24751759999998976,0.21250879999998976
2021-12-02,0.8497989200000117,0.6671899600000117
2021-12-03,-0.2810262800000133,0.03313285999999407
2021-12-06,1.013186299999994,0.6659021499999962
2021-12-07,2.1167795000000016,1.6307004999999986
2021-12-08,0.020259920000023954,0.020516740000015236
2021-12-09,-0.4678384000000014,-0.5255716800000018
2021-12-10,0.3076229199999995,0.25279415999999894
2021-12-13,-1.2960156600000037,-1.5934110600000002
2021-12-14,-0.4788756000000122,-0.2917940000000008
2021-12-15,0.5519445500000133,0.4339062300000032
2021-12-16,1.4655009299999961,1.3407475199999963
2021-12-17,-0.7614027200000084,-0.7720055599999973
2021-12-20,-0.22439380000000367,-0.18930500000000347
2021-12-21,0.7800738299999688,1.046464210000002
2021-12-22,0.9497267100000402,1.0384248400000033
2021-12-23,0.6096475399999634,0.7280600600000023
2021-12-24,0.0,0.0
2021-12-27,0.6643059200000365,0.7022126399999989
2021-12-28,-1.0854926500000037,-1.2926578900000054
2021-12-29,0.7755915999999714,1.0024450400000053
2021-12-30,-0.5945873400000109,-0.7621263200000049
2021-12-31,0.062499999999996864,0.1074999999999977
2022-01-03,0.04160720000000428,0.010449520000002729
2022-01-04,1.2275191199999873,1.2831345599999975
2022-01-05,-1.2504929999999805,-0.8918212499999921
2022-01-06,0.07984059999999282,0.3433861999999948
2022-01-07,0.9043619999999581,1.1900305500000004
2022-01-10,-0.6390032799999548,-0.5041730800000002
2022-01-11,0.7279336999999813,0.39559258000000463
2022-01-12,0.8703385600000274,0.8603885199999806
2022-01-13,-0.8992347000000351,-0.8054909999999537
2022-01-14,0.38633050000001234,0.8225489999999486
2022-01-17,0.2255145200000067,0.14490736000000795
2022-01-18,-2.0235690900000023,-1.0223669500000183
2022-01-19,0.46638851000001386,0.3923608699999682
2022-01-20,-0.6504349999999962,-1.0195077499999636
2022-01-21,0.02990190000000557,0.46482286000000295
2022-01-24,-0.863446880000008,-0.7003059199999996
2022-01-25,-0.028985849999993308,0.18089955000001864
2022-01-26,-0.2554204999999973,0.09801124999995188
2022-01-27,-1.518026640000005,-1.8131331999999263
2022-01-28,0.47879880000000286,0.27689939999992275
2022-01-31,3.2332024999999933,3.1844143600000394
2022-02-01,1.8472273800000116,1.7327013600000096
2022-02-02,-0.9550239200000109,-1.1467667900000125
2022-02-03,-2.3430196599999977,-1.645497449999976
2022-02-04,0.5244068800000056,0.7617521499999866
2022-02-07,2.4115627199999983,2.5022857400000174
2022-02-08,0.34620143999999337,0.20346817999997113
2022-02-09,3.164951200000008,2.934698880000009
2022-02-10,-2.2617309199999958,-1.929636960000012
2022-02-11,0.7145481399999909,1.436215769999989
2022-02-14,1.6510924000000173,1.948913400000039
2022-02-15,-0.6098854000000209,-1.0880161000000197
2022-02-16,1.800212080000033,1.7795314400000335
2022-02-17,-1.019345800000014,-0.5534676800000167
2022-02-18,0.6529053600000025,0.6850946400000034
2022-02-21,-2.4638594999999976,-1.573218249999999
2022-02-22,3.2519328399999976,2.7640822799999993
2022-02-23,0.6562539199999994,0.815456159999999
2022-02-24,-3.020176160000019,-3.34614696000002
2022-02-25,-3.4937594199999626,-3.3470965799999615
2022-02-28,3.659962219999992,3.6499331799999926
2022-03-01,0.1428016300000145,0.19286984000001428
2022-03-02,-0.3446472000000195,-0.37052796000002036
2022-03-03,-0.42943152999998907,-0.36281891999998844
2022-03-04,-2.0166321199999993,-1.3341974999999997
2022-03-07,-1.5931631300000109,-1.148851960000011
2022-03-08,0.7342035000000098,0.23398800000000977
2022-03-09,2.185660999999993,1.495416799999992
2022-03-10,1.0248111200000096,1.052358340000011
2022-03-11,0.886259359999988,0.8774445199999882
2022-03-14,-0.7257430499999931,-0.714828699999993
2022-03-15,0.5351743200000059,0.5007828800000056
2022-03-16,-1.6785732900000028,-1.2890488600000027
2022-03-17,2.4431467199999957,2.390382239999995
2022-03-18,0.9499901999999949,0.8849950999999951
2022-03-21,2.4732531000000106,2.0416265500000104
2022-03-22,0.874097499999995,0.7930487499999949
2022-03-23,0.48269183999999415,0.46634591999999475
2022-03-24,0.10320456000000668,0.18660228000000612
2022-03-25,0.5220000000000048,0.4920000000000048
2022-03-28,-1.240759260000027,-1.1003796300000266
2022-03-29,-0.3576107000000007,-0.4388053500000011
2022-03-30,0.720060919999997,0.7999999999999982
2022-03-31,3.2186029000000294,3.232000000000029
2022-04-01,0.5484487199999762,0.5439999999999752
2022-04-04,1.8618119599999918,1.7999999999999927
2022-04-05,-0.05216503999999359,0.049000000000005664
2022-04-06,-1.3572496800000025,-1.3397500000000016
2022-04-07,1.0521901600000008,1.0765
2022-04-08,1.5850006999999995,1.5369999999999993
2022-04-11,1.1000294000000008,1.230500000000001
2022-04-12,2.0407901000000037,2.0190000000000037
2022-04-13,0.6338350400000042,0.6210000000000004
2022-04-14,-0.7768390400000633,-0.8875000000000437
2022-04-15,0.0,0.0
2022-04-18,2.9555000000000593,3.0165000000000393
2022-04-19,-0.89306655999994,-1.1537499999999605
2022-04-20,0.1504509399998809,0.2282499999999216
2022-04-21,-1.7212687999999345,-1.791499999999953
2022-04-22,-2.969471250000062,-2.915250000000062
2022-04-25,1.0002560500000706,0.9550000000000706
2022-04-26,-0.46466600000000957,-0.37900000000000955
2022-04-27,2.0867778999999858,2.073999999999986
2022-04-28,-0.26330654999991726,-0.27749999999991865
2022-04-29,0.7812065999999163,0.8344999999999171
2022-05-02,-1.2328727999999756,-1.2277499999999755
2022-05-03,0.32490004999999617,0.17849999999999502
2022-05-04,1.2402012500000115,1.0575000000000119
2022-05-05,-0.6345307500000142,-0.41650000000001347
2022-05-06,-1.0611139999999355,-1.1137499999999363
2022-05-09,-4.0314609500000715,-3.8157500000000724
2022-05-10,0.9834368500000109,0.9350000000000113
2022-05-11,2.4577287500000082,2.4387500000000077
2022-05-12,2.177749999999981,2.177749999999981
2022-05-13,0.7125000000000198,0.6500355000000198
2022-05-16,2.348749999999981,2.3217275499999808
2022-05-17,0.783249999999991,0.7541194999999916
2022-05-18,-3.7829999999999906,-3.6818543999999904
2022-05-19,-0.10874999999990678,-0.13364309999992804
2022-05-20,-0.23725000000005392,-0.22030920000005433
2022-05-23,1.0545000000000684,1.0333865000000684
2022-05-24,-2.155500000000037,-2.173633250000036
2022-05-25,-0.356499999999992,-0.399404999999992
2022-05-26,-0.051499999999993475,-0.10631509999999403
2022-05-27,2.933000000000005,2.879403750000005
2022-05-30,0.11199999999999544,0.09329224999999576
2022-05-31,-2.4182500000000395,-2.3594722500000405
2022-06-01,-2.1787499999999413,-2.210889749999941
2022-06-02,1.6547502499999882,1.6227499999999884
2022-06-03,-0.5762492499999987,-0.5612499999999984
2022-06-06,2.278057999999947,2.243749999999946
2022-06-07,0.7507187500000299,0.7400000000000299
2022-06-08,0.6264629000000227,0.6750000000000232
2022-06-09,-0.6381006000000224,-0.5780000000000223
2022-06-10,-1.2025021999999816,-1.3051260999999812
2022-06-13,-3.266306500000055,-3.2010282500000544
2022-06-14,0.09251580000004857,0.08000790000004838
2022-06-15,0.8404915000000167,0.6552457500000167
2022-06-16,0.14046799999997886,0.25210899999997943
2022-06-17,0.21303470000001423,0.09014235000000768
2022-06-20,0.4136700000000094,0.3418350000000086
2022-06-21,-2.4479270000000075,-2.546713500000007
2022-06-22,-1.3094412000000064,-1.2443456000000033
2022-06-23,-4.803284499999996,-4.723642249999995
2022-06-24,3.347974899999977,3.187237449999984
2022-06-27,-1.4539094999999977,-1.5489814499999999
2022-06-28,-0.9836659999999662,-0.8357079999999748
2022-06-29,-0.7289565000000265,-0.5544192500000182
2022-06-30,-2.3553075999999726,-2.5616949999999825
2022-07-01,-2.5384321000000307,-2.5923379500000205
2022-07-04,-0.15400000000000136,-0.20651680000000125
2022-07-05,-3.490458699999993,-2.932194449999993
2022-07-06,0.5554819999999764,0.34307139999997527
2022-07-07,1.5715175000000368,1.443131250000037
2022-07-08,1.8561573999999976,2.3217993999999975
2022-07-11,-1.785526400000001,-1.464762400000001
2022-07-12,-2.4767345000000125,-3.271069500000014
2022-07-13,0.9258091000000024,1.192380400000004
2022-07-14,0.013710799999964081,0.3651747999999634
2022-07-15,-1.3805103999999504,-1.7403933999999497
2022-07-18,3.456374000000003,3.3596180000000024
2022-07-19,-0.23908700000000357,-0.9241725000000028
2022-07-20,-0.12899099999999383,-0.1737143999999943
2022-07-21,-1.4861480000000096,-1.860753500000009
2022-07-22,-0.5276145000000237,-0.8672336000000233
2022-07-25,0.9073684000000134,1.2871842000000242
2022-07-26,0.36338259999999406,0.8795285999999909
2022-07-27,0.321788799999991,0.058172399999990604
2022-07-28,0.7627182000000231,0.38514840000002243
2022-07-29,-0.30484260000001007,-0.5388285000000108
2022-08-01,-0.34836199999999323,-0.5143619999999928
2022-08-02,-1.599895300000015,-1.8778013000000144
2022-08-03,1.2882635000000142,1.0820740000000135
2022-08-04,0.7501994999999956,0.8298029999999935
2022-08-05,-0.2960980999999977,-0.07699999999999563
2022-08-08,0.7592883999999912,0.6379999999999927
2022-08-09,0.06166380000000538,0.2563319000000069
2022-08-10,1.0300423999999992,1.0396807999999795
2022-08-11,0.5271015000000017,0.8227005000000237
2022-08-12,0.8331153000000022,1.0404101999999953
2022-08-15,-0.39691640000000344,-0.7662776000000067
2022-08-16,-0.48261680000000295,-0.7694625999999958
2022-08-17,-0.41795899999999775,-0.1947192500000024
2022-08-18,-0.4620969999999934,-0.46525799999998907
2022-08-19,-0.5199244499999988,-0.028128600000019287
2022-08-22,-0.0890707500000061,0.40130700000001623
2022-08-23,1.3211368000000012,1.822999999999998
2022-08-24,0.6916282999999985,0.6328111999999962
2022-08-25,-0.1249999999999939,-0.3219999999999916
2022-08-26,-0.39405200000000423,0.2103159999999958
2022-08-29,0.11366534999997191,0.6389033999999731
2022-08-30,-0.8969481499999851,-0.8895121999999852
2022-08-31,-0.09588119999998945,0.19425000000001053
2022-09-01,-0.9293761499999925,-0.8086569999999859
2022-09-02,1.9687620000000017,1.583618000000003
2022-09-05,-0.1002425,-0.080194
2022-09-06,0.23917699999998737,0.4362415999999873
2022-09-07,0.18621575000000443,0.08027260000000477
2022-09-08,0.5653077499999914,0.4894461999999912
2022-09-09,1.1351797500000047,1.451243800000005
2022-09-12,0.6807012499999885,0.8906609999999886
2022-09-13,-1.0260944999999992,-0.9687255999999997
2022-09-14,0.23591124999999838,0.035878999999998364
2022-09-15,-0.504245499999978,-0.5952463999999776
2022-09-16,-0.05919775000000623,-0.04220820000000664
2022-09-19,1.1046070000000177,1.100535600000018
2022-09-20,0.7992214999999735,1.0782271999999735
2022-09-21,0.11773650000001701,0.11373920000001723
2022-09-22,1.5721137499999942,1.089890999999994
2022-09-23,-2.6494897499999803,-2.4661917999999807
2022-09-26,0.5278659999999517,0.4329195999999534
2022-09-27,0.5811859999999801,0.57776449999998
2022-09-28,-0.8169089999999583,0.09807575000003174
2022-09-29,0.6047750499999925,0.33126109999999476
2022-09-30,1.185589550000017,1.2646136500000151
2022-10-03,-0.5971240000000274,-0.5880020500000273
2022-10-04,-0.22016029999996536,-0.27390399999996495
2022-10-05,0.6131203999999622,0.547050199999974
2022-10-06,-0.5611657999999747,-0.7620172999999819
2022-10-07,1.6649999999999778,1.7511249999999852
2022-10-10,1.4854128000000073,1.7822326000000053
2022-10-11,-0.9526334000000013,-1.0047531000000007
2022-10-12,0.30625000000000907,0.3062500000000062
2022-10-13,0.4780456999999937,0.49294809999999445
2022-10-14,-0.7844877000000129,-0.8730542000000122
2022-10-17,-0.410747799999977,-0.469069299999977
2022-10-18,-0.5283627000000047,-0.5205101000000057
2022-10-19,0.09456170000000924,0.12468510000001079
2022-10-20,1.5865069999999706,1.5151829999999697
2022-10-21,0.4309615000000158,0.3689615000000147
2022-10-24,-0.3167741000000006,-0.31685420000000025
2022-10-25,-0.1422040000000027,-0.11669250000000266
2022-10-26,-1.2584114999999987,-1.3511105999999975
2022-10-27,-0.245362099999975,-0.3885196999999765
2022-10-28,1.3529810999999925,1.3029945999999926
2022-10-31,1.1589397000000132,1.3580201000000136
2022-11-01,1.446104499999964,1.505290499999964
2022-11-02,0.38782030000001105,0.17689665000001084
2022-11-03,-0.31051899999999805,-0.361024099999998
2022-11-04,1.1833199999999757,0.8436799999999759
2022-11-07,0.748473450000055,0.5843533500000458
2022-11-08,-2.3625100000000168,-2.527510000000017
2022-11-09,-1.3294806000000297,-1.4154806000000308
2022-11-10,-1.1136109999999821,-1.2046109999999814
2022-11-11,-0.8641731500000166,-0.8451731500000176
2022-11-14,1.5978064999999906,1.6101979999999905
2022-11-15,0.0991278000000484,0.10532595000004863
2022-11-16,-0.3021316000000533,-0.3021316000000533
2022-11-17,-0.773219199999987,-0.8482191999999901
2022-11-18,0.5731278000000097,0.5017249500000065
2022-11-21,-1.076937999999976,-1.0686489999999762
2022-11-22,0.995591249999994,1.0181274999999939
2022-11-23,0.9929349999999877,0.9929349999999877
2022-11-24,0.15976344999999903,0.15976344999999903
2022-11-25,0.5213254999999961,0.5192429499999961
2022-11-28,-0.3936639999999854,-0.3936639999999854
2022-11-29,1.201097649999977,1.201097649999977
2022-11-30,-1.922442450000001,-1.922442450000001
2022-12-01,1.053910450000007,1.053910450000007
2022-12-02,-2.6499704999999896,-2.6499704999999896
2022-12-05,-2.62102000000002,-2.761020000000006
2022-12-06,-1.1347491999999906,-1.1347491999999906
2022-12-07,0.6718801999999935,0.6718801999999935
2022-12-08,0.6990908000000094,0.6990908000000094
2022-12-09,-0.3975085000000016,-0.3975085000000016
2022-12-12,-0.6667191999999995,-0.6582857999999995
2022-12-13,2.948586099999988,2.7925860999999887
2022-12-14,-0.8243396499999863,-0.8243396499999863
2022-12-15,-2.379713800000012,-2.379713800000012
2022-12-16,-1.2948792000000058,-1.1627696000000056
2022-12-19,1.2389576000000089,1.2389576000000089
2022-12-20,0.3906501000000058,0.3906501000000058
2022-12-21,2.873111999999996,2.873111999999996
2022-12-22,-0.35387300000000543,-0.35387300000000543
2022-12-23,1.5805232000000056,1.5890116000000054
2022-12-26,0.0,0.0
2022-12-27,0.3982591999999985,0.3301823999999986
2022-12-28,0.803825999999993,0.9144767999999933
2022-12-29,0.9966332000000079,0.8433596000000078
2022-12-30,-1.8871744000000044,-1.622905600000004
2023-01-02,1.1865040000000004,0.8514660000000007
2023-01-03,0.014123999999997592,0.08772199999999748
2023-01-04,-0.6571903999999984,-0.3919039999999981
2023-01-05,0.3931360000000072,0.3931360000000072
2023-01-06,1.5318683999999978,1.5679049999999977
2023-01-09,0.5781907999999966,0.5823875999999965
2023-01-10,0.3632600000000126,0.3568478000000126
2023-01-11,1.0775737999999824,1.0947249999999824
2023-01-12,2.0893868000000113,2.055052600000012
2023-01-13,1.63360759999999,1.59867579999999
2023-01-16,-0.09516759999999938,-0.1427513999999994
2023-01-17,1.1375348000000032,0.9697875000000029
2023-01-18,-2.7028712000000086,-2.6565548000000088
2023-01-19,-2.807319999999994,-2.744794999999994
2023-01-20,1.9576216000000002,2.0942456000000043
2023-01-23,0.3362124000000132,0.5463576000000131
2023-01-24,0.8412939999999918,0.7471664999999917
2023-01-25,-0.30531039999999177,-0.23813869999999168
2023-01-26,0.9990355999999861,0.978683499999986
2023-01-27,0.5481776000000155,0.6184292000000154
2023-01-30,-0.20019200000001808,-0.19141300000001804
2023-01-31,-0.17165499999999045,-0.20034419999999034
2023-02-01,2.0981023999999886,1.990269499999989
2023-02-02,1.2075360000000144,1.2564500000000145
2023-02-03,-2.2091236000000025,-2.2291236000000025
2023-02-06,-2.404479200000014,-2.4394792000000143
2023-02-07,1.8255002000000222,1.9105002000000224
2023-02-08,-0.1417845000000026,-0.1817845000000026
2023-02-09,2.1119874999999944,2.2119874999999944
2023-02-10,-0.1725770000000013,-0.28257700000000135
2023-02-13,1.4452816000000086,1.4302816000000087
2023-02-14,1.6162300999999946,1.5962300999999945
2023-02-15,-0.17739899999999714,-0.12739899999999715
2023-02-16,1.1559371999999992,1.1909371999999994
2023-02-17,0.43092000000000136,0.4564800000000012
2023-02-20,-0.19678799999999932,-0.19250999999999932
2023-02-21,-1.125314200000016,-1.033404200000016
2023-02-22,-0.1623061000000079,-0.07230610000000788
2023-02-23,-0.09137169999999468,0.03862830000000536
2023-02-24,-2.5556646999999946,-2.3706646999999945
2023-02-27,1.0286104000000054,1.0336104000000053
2023-02-28,0.1747125000000049,0.2997125000000049
2023-03-01,1.2448459999999821,1.2548459999999821
2023-03-02,1.5791052000000037,1.2728552000000095
2023-03-03,2.6715178000000033,2.9777678000000023
2023-03-06,-0.3356231999999993,-0.2768732000000078
2023-03-07,-2.125747000000004,-2.031997000000003
2023-03-08,1.1868978000000072,1.2718978000000112
2023-03-09,-2.4554272000000057,-1.940427200000003
2023-03-10,-7.43951899999999,-7.444518999999997
2023-03-13,-8.264101199999995,-8.387647199999991
2023-03-14,5.711041399999997,5.2435413999999945
2023-03-15,-7.649071600000012,-7.312838200000007
2023-03-16,3.8502243000000043,3.3543535000000033
2023-03-17,-2.0449456000000055,-2.0349456000000012
2023-03-20,1.334074700000011,1.3632600000000046
2023-03-21,2.2948925000000044,2.314892500000006
2023-03-22,-0.3881245000000204,0.19187549999998868
2023-03-23,-1.1623347999999913,-1.0323347999999994
2023-03-24,0.25669000000000114,0.09043999999999769
2023-03-27,2.436938399999997,1.6606884000000013
2023-03-28,1.0519670000000052,0.8457170000000052
2023-03-29,1.4091389999999993,1.4003889999999992
2023-03-30,0.7668695999999973,0.8493695999999973
2023-03-31,0.24361499999999853,0.49111499999999847
2023-04-03,-0.6040555999999911,-0.43030559999999113
2023-04-04,-0.7904996000000007,-0.3842496000000008
2023-04-05,-1.6006004000000027,-1.5593504000000027
2023-04-06,0.6522299999999986,0.7509799999999986
2023-04-07,0.0,0.0
2023-04-10,1.154499999999999,0.671999999999999
2023-04-11,0.19025360000000735,0.24150360000000737
2023-04-12,0.3861760000000018,0.6049260000000019
2023-04-13,0.9827879999999933,0.826537999999991
2023-04-14,0.5418360000000024,0.09433600000000872
2023-04-17,0.7292750000000027,0.25126999999999944
2023-04-18,0.24290709999999852,0.23915709999999007
2023-04-19,-0.528008400000005,-0.4148819999999956
2023-04-20,-0.3111844000000098,0.04011279999998294
2023-04-21,-0.1235715999999883,-0.08982159999998546
2023-04-24,-0.08196720000000685,0.26053279999999207
2023-04-25,-1.231232299999998,-0.8277439999999952
2023-04-26,-1.3458300000000027,-1.2601699999999996
2023-04-27,0.9320558000000126,0.7595057000000094
2023-04-28,-0.03900150000001437,0.4011909999999851
2023-05-01,0.7974999999999967,0.2949999999999903
2023-05-02,-2.3442467999999987,-1.1966905999999922
2023-05-03,1.1320540000000032,1.2503100000000027
2023-05-04,-0.20126199999999145,-0.20612799999998915
2023-05-05,3.439622400000002,2.7609842
2023-05-08,-0.12608360000000732,-0.36135400000000495
2023-05-09,-0.688349800000003,-0.3663494000000029
2023-05-10,2.1010200000000046,2.3775260000000045
2023-05-11,-0.28487719999999955,-0.21558479999999955
2023-05-12,0.3993406000000128,0.15339640000001298
2023-05-15,2.0208076999999847,1.820807699999985
2023-05-16,-0.4063573999999919,-0.3412437999999919
2023-05-17,-0.9219947999999968,-0.9282447999999968
2023-05-18,0.13542259999998876,-0.14957740000001124
2023-05-19,-0.279562399999999,-0.41056319999999885
2023-05-22,-0.8190783999999924,-1.0790783999999924
2023-05-23,-1.7883250000000188,-1.8962000000000188
2023-05-24,0.027773000000012506,-0.20597699999998756
2023-05-25,0.14441559999999593,-0.044334400000004076
2023-05-26,3.9652245999999884,3.3179517999999883
2023-05-29,0.4404872000000102,0.5349816000000103
2023-05-30,-1.203189200000003,-0.9153924000000031
2023-05-31,-1.9929239999999868,-1.5879919999999867
2023-06-01,2.6948695999999988,2.328916399999999
2023-06-02,1.6138628000000044,1.3888628000000045
2023-06-05,0.660202399999996,0.7452023999999959
2023-06-06,1.484800099999996,1.4048000999999959
2023-06-07,0.48843559999999725,0.6934355999999973
2023-06-08,0.07810530000000027,0.07810530000000027
2023-06-09,0.8454084000000064,0.8204084000000008
2023-06-12,0.48809390000000763,0.48809390000000763
2023-06-13,1.6778897999999811,1.6778897999999811
2023-06-14,1.778047600000016,1.778047600000016
2023-06-15,-0.3174143000000166,-0.3174143000000166
2023-06-16,0.9162686000000023,0.9162686000000023
2023-06-19,-0.460545099999983,-0.460545099999983
2023-06-20,-2.0653216000000088,-2.0653216000000088
2023-06-21,1.877899600000005,1.877899600000005
2023-06-22,-0.921790000000002,-0.921790000000002
2023-06-23,-1.411905999999994,-1.411905999999994
2023-06-26,0.9013047999999804,0.9013047999999804
2023-06-27,0.8282864000000183,0.8282864000000183
2023-06-28,0.010692999999982475,0.010692999999982475
2023-06-29,0.2713432000000077,0.2713432000000077
2023-06-30,0.34008059999999,0.34008059999999
2023-07-03,0.9970064000000156,0.9970064000000156
2023-07-04,-0.2797904000000104,-0.2797904000000104
2023-07-05,0.3531248000000022,0.1406248000000022
2023-07-06,-4.42401960000001,-4.70526960000001
2023-07-07,1.97398,2.0289799999999922
2023-07-10,0.7686232000000222,0.7686232000000222
2023-07-11,0.5024535999999863,0.5024535999999863
2023-07-12,1.3661222999999947,1.3661222999999947
2023-07-13,0.5297410000000127,0.5297410000000127
2023-07-14,1.367047200000009,1.6420472000000088
2023-07-17,-0.011419500000009498,-0.1764195000000095
2023-07-18,-0.25342599999998944,0.2765740000000106
2023-07-19,0.20299439999999394,0.6179943999999941
2023-07-20,-1.1145799999999977,-1.2595799999999977
2023-07-21,-1.0137280000000113,-1.1937280000000112
2023-07-24,2.177258000000014,2.822258000000014
2023-07-25,-1.1238870000000127,-1.1938870000000128
2023-07-26,0.37207880000000193,0.032078800000001906
2023-07-27,1.6148385999999875,1.4848385999999876
2023-07-28,1.9438463999999978,1.7188463999999979
2023-07-31,-0.7042961999999793,-1.0792961999999793
2023-08-01,-2.0206116000000134,-2.1056116000000134
2023-08-02,-2.1367422000000036,-2.3017422000000036
2023-08-03,-3.327768800000007,-3.4277688000000066
2023-08-04,2.3907176000000265,2.4457176000000267
2023-08-07,0.3584249999999934,0.36842499999999334
2023-08-08,-1.6728730000000003,-1.6728730000000003
2023-08-09,1.259677999999993,1.259677999999993
2023-08-10,0.831329599999995,0.831329599999995
2023-08-11,0.8235714000000178,0.8235714000000178
2023-08-14,0.010095999999988645,0.010095999999988645
2023-08-15,-1.062441599999997,-1.062441599999997
2023-08-16,0.36987599999999476,0.36987599999999476
2023-08-17,-0.254602399999994,-0.254602399999994
2023-08-18,0.1468319999999956,0.1468319999999956
2023-08-21,1.3437532000000076,1.3089580000000078
2023-08-22,1.3514632000000006,1.1210720000000007
2023-08-23,0.31426740000000003,0.3887292
2023-08-24,-0.3995148000000149,-0.2131020000000148
2023-08-25,0.9418575000000041,0.9181603000000041
2023-08-28,-0.37067580000000067,-0.21567580000000067
2023-08-29,-0.20706759999998522,-0.20706759999998522
2023-08-30,0.4996211999999842,0.4996211999999842
2023-08-31,-2.729848999999972,-2.729848999999972
2023-09-01,0.07162419999999964,0.07162419999999964
2023-09-04,-0.9945459999999985,-0.9945459999999985
2023-09-05,-1.4536488000000085,-1.4536488000000085
2023-09-06,-1.3973752000000095,-1.3973752000000095
2023-09-07,-0.6908820000000023,-0.6908820000000023
2023-09-08,1.049074000000007,1.049074000000007
2023-09-11,3.0071561999999994,3.0071561999999994
2023-09-12,0.6037793999999805,0.6037793999999805
2023-09-13,0.2957850000000163,0.2957850000000163
2023-09-14,1.2741808000000163,1.1804308000000163
2023-09-15,0.8035591999999886,0.6435591999999886
2023-09-18,-0.767857100000026,-0.7866071000000261
2023-09-19,1.024549800000248,0.8970498000002479
2023-09-20,1.0827711999997458,0.8740211999997655
2023-09-21,-1.109040499999993,-1.271540499999993
2023-09-22,-0.5001579999999919,-0.27015799999999357
2023-09-25,-1.952030299999749,-2.210594199999747
2023-09-26,-1.0791991999999906,-1.0296687999999945
2023-09-27,-1.3643176000000172,-1.6491120000000112
2023-09-28,0.657669999999725,0.6765489999997313
2023-09-29,2.2821200000000186,2.2146540000000106
2023-10-02,-1.8433156000000104,-1.6465648000000104
2023-10-03,-1.0147967999999854,-0.8075463999999855
2023-10-04,-1.0592557999999845,-1.0397192999999851
2023-10-05,-1.728565199999839,-1.7327523999998393
2023-10-06,1.4401900000000165,1.3939020000000173
2023-10-09,-2.327639600000202,-2.293926000000202
2023-10-10,1.9907630000000167,1.9506540000000168
2023-10-11,0.3205750000001922,0.4851000000001921
2023-10-12,0.19569639999979627,-0.1482760000002036
2023-10-13,-1.3600187999999809,-1.085215999999981
2023-10-16,1.7374111999999873,1.7247535999999875
2023-10-17,0.903846000000003,0.8912100000000032
2023-10-18,-1.1561719999999884,-1.0718119999999884
2023-10-19,-0.04731120000000214,-0.10844240000000119
2023-10-20,-0.6008902000000038,-0.4487522000000044
2023-10-23,0.3390024000000099,0.40862720000000863
2023-10-24,-0.19346599999983682,-0.21193999999984112
2023-10-25,0.6846534000000007,0.5532991000000007
2023-10-26,-0.07250240000002904,0.08919709999998081
2023-10-27,0.04112500000002399,0.08345000000001641
2023-10-30,0.654895999999976,0.6041239999999836
2023-10-31,0.7189567999998748,0.5383839999998645
2023-11-01,-0.8926160000000275,-0.831017700000019
2023-11-02,1.381471500000031,1.0132498000000223
2023-11-03,-0.46358240000001805,-0.3764160000000178
2023-11-06,0.2260840000000095,0.2926200000000096
2023-11-07,0.3178604000000062,0.20364720000000602
2023-11-08,-0.9672060000000061,-1.0177768000000058
2023-11-09,-0.08936520000000023,-0.39441440000000016
2023-11-10,1.3830100999999935,1.4722205999999936
2023-11-13,-0.5284869999999832,-0.4670557999999831
2023-11-14,-0.4418575999999983,-0.7285834999999982
2023-11-15,1.1713199999999926,0.9707199999999925
2023-11-16,-0.5093015999999938,-0.20495239999999357
2023-11-17,0.35307639999999363,0.25323439999999214
2023-11-20,0.8854711999999968,0.8967919999999967
2023-11-21,-0.8802179999999995,-0.8308509999999996
2023-11-22,0.3894595000000004,0.38545949999999973
2023-11-23,-0.07409994000000297,-0.07192053000000277
2023-11-24,0.9545646200000111,0.889564620000011
2023-11-27,-0.039999620000011865,-0.24216654000001317
2023-11-28,-0.4757157799999985,-0.46071577999999846
2023-11-29,-1.2509738199999931,-1.289973819999992
2023-11-30,-1.1361924400000047,-1.0461924400000049
2023-12-01,1.1778281999999989,1.187828199999999
2023-12-04,-2.176700399999993,-2.151700399999993
2023-12-05,0.49530714000000053,0.5303071400000005
2023-12-06,1.032976200000004,0.982976200000002
2023-12-07,-1.69166052999979,-1.6151885999997901
2023-12-08,1.4285356399997815,1.6494522199997816
2023-12-11,0.0013626800002190748,0.03191342000021902
2023-12-12,0.7195116799997806,0.7295116799997806
2023-12-13,0.41648048000021837,0.35716920000021846
2023-12-14,0.17423992000000418,0.1792399200000042
2023-12-15,-0.39450000000021224,-0.28498725000021224
2023-12-18,0.3937760899999883,0.1309470399999884
2023-12-19,1.2946931200000014,1.0946931200000012
2023-12-20,-0.6037439200000024,-0.5537439199999938
2023-12-21,0.0801378000000083,0.17109470000000834
2023-12-22,0.19401750000000076,0.24001750000000063
2023-12-25,0.0,0.0
2023-12-26,0.05474999999999427,0.16474999999999426
2023-12-27,1.0130788000002449,0.9480788000002449
2023-12-28,-0.08870652000023632,-0.1187065200002363
2023-12-29,-0.15495472000001598,-0.194954720000016
2024-01-01,0.0,0.0
2024-01-02,0.022655640000013,-0.15341775999997562
2024-01-03,-1.0773436400000032,-1.0448379600000122
2024-01-04,0.6235610400002756,0.6486986400002811
2024-01-05,2.029336999999705,1.878046399999705
2024-01-08,1.967341200000014,1.9251716800000136
2024-01-09,-1.9093833999999963,-1.914428199999996
2024-01-10,0.22224598000030302,0.18910724000030296
2024-01-11,0.6457563999997009,0.48494079999970097
2024-01-12,1.8772506999999983,2.013473999999998
2024-01-15,-0.36001443999999827,-0.4412372099999983
2024-01-16,-2.7215796000000183,-2.7193879800000187
2024-01-17,-0.5327361599997039,-0.5327361599997039
2024-01-18,1.0162478399997759,1.0312478399997758
2024-01-19,0.8846945600002344,0.8846945600002344
2024-01-22,-0.12736354000001346,-0.11236354000001347
2024-01-23,-1.1784236500002327,-1.1784236500002327
2024-01-24,1.3421744999999752,1.4371744999999752
2024-01-25,0.14366112000000958,0.14366112000000958
2024-01-26,1.8090805600000177,1.8090805600000177
2024-01-29,-0.36626292000000776,-0.36626292000000776
2024-01-30,-0.2539168599999965,-0.2539168599999965
2024-01-31,-0.47166938000000547,-0.47166938000000547
2024-02-01,0.6641310600002641,0.6241310600002641
2024-02-02,0.14250599999998756,0.13250599999998758
2024-02-05,0.14115575999973737,0.15615575999973738
2024-02-06,1.0649791600002623,1.1349791600002703
2024-02-07,0.29393196000000055,0.20893196000000397
2024-02-08,0.042874479999728446,-0.06712552000028349
2024-02-09,1.6179753000002832,1.5979753000002872
2024-02-12,-0.034333139999995245,0.0006668600000053175
2024-02-13,-2.3905724000002864,-2.580572400000289
2024-02-14,2.5198739200002858,2.5948739200002886
2024-02-15,2.6306561199999963,2.4856561199999962
2024-02-16,0.4319693999997222,0.4569693999997222
2024-02-19,0.10763549999999716,0.10763549999999716
2024-02-20,-1.603024539999994,-1.4880245400000025
2024-02-21,2.0635843600000014,1.9216719600000083
2024-02-22,1.8021165400002939,1.7471165400002888
2024-02-23,0.8255589599997,0.8205589599996983
2024-02-26,-0.9672369199999857,-0.8472369199999817
2024-02-27,0.29531878000030604,0.3753187800003009
2024-02-28,-1.534093060000319,-1.504093060000318
2024-02-29,0.773872940000004,0.7788729400000136
2024-03-01,1.4449147000003393,1.5159147000003184
2024-03-04,0.18676892999999975,0.1517689300000032
2024-03-05,0.1464963500000048,0.21149635000000253
2024-03-06,0.5801226899999948,0.6151226899999915
2024-03-07,0.30430524999999436,0.3443052500000006
2024-03-08,-0.4519423299999913,-0.4269423299999998
2024-03-11,-1.2891875200000007,-1.3241875199999973
2024-03-12,2.0523934099999956,1.9873934099999981
2024-03-13,2.25834669,2.228346689999999
2024-03-14,0.22230648000000516,0.08230648000000461
2024-03-15,-0.41767970000000776,-0.45767970000001407
2024-03-18,-1.65368538999999,-1.6586853899999856
2024-03-19,0.4536524000000012,0.49365240000000743
2024-03-20,1.8040641400000081,1.82906414
2024-03-21,-0.051805220000014626,-0.051805220000014626
2024-03-22,-0.36368153999998126,-0.36368153999998126
2024-03-25,1.9738690599999869,1.9738690599999869
2024-03-26,2.3156514799999948,2.3156514799999948
2024-03-27,2.641551849999995,2.756551849999995
2024-03-28,-3.4715357999999776,-3.7815357999999772
