,carry_seasonal
1972-10-18,0.0
1972-10-19,0.0
1972-10-20,0.0
1972-10-23,0.0
1972-10-24,0.0
1972-10-25,0.0
1972-10-26,0.0
1972-10-27,0.0
1972-10-30,0.0
1972-10-31,0.0
1972-11-01,0.0
1972-11-02,-0.02093094233969136
1972-11-03,-0.049019512413605325
1972-11-06,-0.5513388380983594
1972-11-07,-0.0010693624127495827
1972-11-08,0.4778890013557479
1972-11-09,-0.13102124602210705
1972-11-10,-0.2729821535120401
1972-11-13,1.569804350522113
1972-11-14,-0.2368000000000029
1972-11-15,0.9589245144562681
1972-11-16,-1.156105329863152
1972-11-17,0.1689208344692486
1972-11-20,-1.2272039664566257
1972-11-21,0.6438000000000034
1972-11-22,-0.18713242787259565
1972-11-23,-0.0020893600606411576
1972-11-24,1.1305524062805363
1972-11-27,1.2578947177844593
1972-11-28,-1.101055693493228
1972-11-29,-1.9180911925012516
1972-11-30,2.649599999999996
1972-12-01,2.53
1972-12-04,5.29
1972-12-05,0.45574960000405956
1972-12-06,-2.58
1972-12-07,1.075
1972-12-08,2.15
1972-12-11,-2.15
1972-12-12,0.86
1972-12-13,-2.1515129522785847
1972-12-14,-0.44
1972-12-15,-1.1014904454464263
1972-12-18,-5.401671123344749
1972-12-19,0.9183437966300437
1972-12-20,3.483000000000004
1972-12-21,1.0136172663458358
1972-12-22,-2.15
1972-12-25,0.0
1972-12-26,0.43
1972-12-27,-0.11179999999999608
1972-12-28,0.0
1972-12-29,1.935
1973-01-01,0.0
1973-01-02,-1.935
1973-01-03,0.3267999999999961
1973-01-04,-2.15
1973-01-05,-1.29
1973-01-08,-2.15
1973-01-09,1.72
1973-01-10,1.29
1973-01-11,-4.515
1973-01-12,-0.645
1973-01-15,0.0
1973-01-16,2.038200000000004
1973-01-17,-1.394885033349481
1973-01-18,-0.42
1973-01-19,0.63
1973-01-22,0.63
1973-01-23,1.68
1973-01-24,0.63
1973-01-25,0.0
1973-01-26,-2.73
1973-01-29,-0.63
1973-01-30,-0.42
1973-01-31,0.42
1973-02-01,-1.89
1973-02-02,1.68
1973-02-05,1.26
1973-02-06,-1.47
1973-02-07,-0.42
1973-02-08,0.0
1973-02-09,1.05
1973-02-12,2.73
1973-02-13,1.05
1973-02-14,-2.209199999999996
1973-02-15,0.5291999999999961
1973-02-16,1.05
1973-02-19,-0.003183650516853773
1973-02-20,0.88
1973-02-21,4.3983631835368655
1973-02-22,1.8
1973-02-23,-2.4799393941144032
1973-02-26,-0.96
1973-02-27,-0.7248982902466273
1973-02-28,1.5283711115472791
1973-03-01,5.196650547823446
1973-03-02,-2.16
1973-03-05,2.559600000000005
1973-03-06,0.13873036323390536
1973-03-07,0.5450155002656926
1973-03-08,-3.486694337611621
1973-03-09,0.93
1973-03-12,-3.1
1973-03-13,-0.62
1973-03-14,1.55
1973-03-15,1.238346990395552
1973-03-16,0.3117094997638519
1973-03-19,-2.278288484155824
1973-03-20,1.005
1973-03-21,0.33173986659038834
1973-03-22,4.136721367822066
1973-03-23,-2.485
1973-03-26,-1.065
1973-03-27,-2.486631629127479
1973-03-28,3.0528000000000066
1973-03-29,0.18719999999999345
1973-03-30,0.7183813579890584
1973-04-02,8.026669484182761
1973-04-03,-3.0
1973-04-04,2.25
1973-04-05,-2.069999999999993
1973-04-06,-1.125
1973-04-09,5.25
1973-04-10,-2.055000000000007
1973-04-11,-0.9449999999999932
1973-04-12,2.25
1973-04-13,0.19499999999999318
1973-04-16,2.6233534437261765
1973-04-17,-1.1432828452158526
1973-04-18,4.6783513331854945
1973-04-19,1.185
1973-04-20,-0.004909972444577145
1973-04-23,4.1
1973-04-24,-3.6932852623634305
1973-04-25,6.72
1973-04-26,-6.3
1973-04-27,-0.8416723541603682
1973-04-30,8.3
1973-05-01,7.876366507487719
1973-05-02,-5.463481210536934
1973-05-03,4.934756519158181
1973-05-04,-0.365
1973-05-07,6.205
1973-05-08,1.825
1973-05-09,0.73
1973-05-10,-8.767181498309483
1973-05-11,0.762842667213493
1973-05-14,2.92
1973-05-15,0.365
1973-05-16,-3.65
1973-05-17,-1.095
1973-05-18,6.205
1973-05-21,11.315
1973-05-22,1.8194297124148988
1973-05-23,1.05
1973-05-24,1.75
1973-05-25,11.54233536130593
1973-05-28,0.0
1973-05-29,11.84
1973-05-30,-11.1
1973-05-31,3.6837403822230192
1973-06-01,6.6
1973-06-04,13.53
1973-06-05,13.195545213978058
1973-06-06,-12.809296907585718
1973-06-07,-12.019319294281818
1973-06-08,4.147904102737925
1973-06-11,9.042800000000003
1973-06-12,2.0021999999999958
1973-06-13,-2.82
1973-06-14,-9.165
1973-06-15,-7.287605341151602
1973-06-18,8.964666877017082
1973-06-19,3.734659533376315
1973-06-20,-5.88
1973-06-21,5.46
1973-06-22,-5.46
1973-06-25,1.89
1973-06-26,-6.3
1973-06-27,-0.63
1973-06-28,-8.299199999999995
1973-06-29,5.773445917224694
1973-07-02,8.1022440294002
1973-07-03,0.5791148505983549
1973-07-04,0.0
1973-07-05,-7.03
1973-07-06,1.85
1973-07-09,0.925
1973-07-10,-3.33
1973-07-11,7.673800000000003
1973-07-12,1.2061999999999968
1973-07-13,4.44
1973-07-16,6.29
1973-07-17,-3.885
1973-07-18,1.11
1973-07-19,7.77
1973-07-20,7.4
1973-07-23,5.92
1973-07-24,-3.703324660096258
1973-07-25,6.836634005320341
1973-07-26,4.676620334807709
1973-07-27,-8.003444614865945
1973-07-30,8.61
1973-07-31,8.2
1973-08-01,-2.87
1973-08-02,-1.23
1973-08-03,7.79
1973-08-06,8.2
1973-08-07,8.2
1973-08-08,7.79
1973-08-09,-2.05
1973-08-10,7.79
1973-08-13,8.2
1973-08-14,8.2
1973-08-15,-8.2
1973-08-16,-8.203951421293407
1973-08-17,-1.2079057466493612
1973-08-20,-3.8
1973-08-21,-7.22
1973-08-22,-7.60406807887039
1973-08-23,-7.4041226096728545
1973-08-24,7.2
1973-08-27,-7.384197302519427
1973-08-28,-7.0
1973-08-29,0.5207541564818826
1973-08-30,-8.16
1973-08-31,0.68
1973-09-03,0.0
1973-09-04,-5.78
1973-09-05,-6.8
1973-09-06,3.7355872710235536
1973-09-07,7.26
1973-09-10,-2.3189343128812863
1973-09-11,2.79
1973-09-12,-5.735
1973-09-13,1.3904900893440895
1973-09-14,5.1
1973-09-17,6.15
1973-09-18,-6.004618817980656
1973-09-19,-0.4396192727618368
1973-09-20,0.84
1973-09-21,-1.4
1973-09-24,5.88
1973-09-25,1.4
1973-09-26,-5.04
1973-09-27,-0.84
1973-09-28,1.12
1973-10-01,-2.52
1973-10-02,-3.36
1973-10-03,5.32
1973-10-04,-4.48
1973-10-05,0.84
1973-10-08,0.0
1973-10-09,5.88
1973-10-10,4.2
1973-10-11,0.56
1973-10-12,-5.88
1973-10-15,-5.6
1973-10-16,-1.82
1973-10-17,2.94
1973-10-18,0.28
1973-10-19,-1.96
1973-10-22,-2.24
1973-10-23,0.0
1973-10-24,0.84
1973-10-25,2.8
1973-10-26,-3.64
1973-10-29,-5.6
1973-10-30,0.0
1973-10-31,1.4
1973-11-01,0.84
1973-11-02,-0.28
1973-11-05,1.4
1973-11-06,-1.8250106464532494
1973-11-07,0.435
1973-11-08,0.7199975335264516
1973-11-09,0.15
1973-11-12,3.5949893765540115
1973-11-13,1.085
1973-11-14,-1.2450136430162666
1973-11-15,0.474991177865176
1973-11-16,0.3199823975465504
1973-11-19,2.0949924255345502
1973-11-20,7.189916104407493
1973-11-21,3.04
1973-11-22,0.0
1973-11-23,-1.52
1973-11-26,-6.84
1973-11-27,0.38
1973-11-28,7.6
1973-11-29,2.66
1973-11-30,-1.9
1973-12-03,-2.09
1973-12-04,3.61
1973-12-05,-5.135147341230412
1973-12-06,4.095
1973-12-07,0.975
1973-12-10,0.18985344942894808
1973-12-11,6.194836645437229
1973-12-12,-3.69
1973-12-13,1.23
1973-12-14,0.6098288505003995
1973-12-17,1.669662538658683
1973-12-18,-4.630360700373909
1973-12-19,2.76
1973-12-20,0.0
1973-12-21,-1.3851833840751437
1973-12-24,-0.0051830281832359396
1973-12-25,0.0
1973-12-26,-5.28
1973-12-27,3.12
1973-12-28,-0.7251975682949485
1973-12-31,-1.9651986159266401
1974-01-01,-0.005195755772701925
1974-01-02,3.825
1974-01-03,-1.02
1974-01-04,3.3098087483052603
1974-01-07,7.534799312211989
1974-01-08,2.12
1974-01-09,-6.895207582475097
1974-01-10,10.26
1974-01-11,-1.9057100896278478
1974-01-14,3.315
1974-01-15,1.53
1974-01-16,1.275
1974-01-17,4.074777638159343
1974-01-18,-2.605226088035396
1974-01-21,-0.795
1974-01-22,-6.630243741772373
1974-01-23,-4.86
1974-01-24,1.89
1974-01-25,10.8
1974-01-28,-0.5452591126055473
1974-01-29,-3.975
1974-01-30,2.12
1974-01-31,1.59
1974-02-01,0.53
1974-02-04,-1.325
1974-02-05,-1.325
1974-02-06,-1.0652021795330338
1974-02-07,1.884798750915092
1974-02-08,4.669801105609505
1974-02-11,4.76
1974-02-12,-0.005132878029762882
1974-02-13,-4.275
1974-02-14,3.99
1974-02-15,3.42
1974-02-18,-0.005023850746551622
1974-02-19,11.6
1974-02-20,8.7
1974-02-21,1.45
1974-02-22,10.44
1974-02-25,11.6
1974-02-26,-0.8800566139030785
1974-02-27,-11.2
1974-02-28,-11.23048086944791
1974-03-01,8.729654942908958
1974-03-04,-9.205128730980338
1974-03-05,-9.015439861967085
1974-03-06,-3.7851557552979194
1974-03-07,7.995
1974-03-08,-8.205173718021038
1974-03-11,-2.405142329036818
1974-03-12,4.68
1974-03-13,-1.755
1974-03-14,-1.56
1974-03-15,-7.8
1974-03-18,3.705
1974-03-19,-0.39
1974-03-20,-2.73
1974-03-21,0.0
1974-03-22,1.755
1974-03-25,-7.605
1974-03-26,0.0
1974-03-27,-6.63
1974-03-28,1.164892105687022
1974-03-29,-0.76
1974-04-01,-7.6
1974-04-02,-7.610232400122094
1974-04-03,7.1897530436240285
1974-04-04,-4.265374459947467
1974-04-05,-1.4000881415349962
1974-04-08,1.35
1974-04-09,4.05
1974-04-10,0.2949787583350186
1974-04-11,-4.06
1974-04-12,0.0
1974-04-15,5.8
1974-04-16,-2.175
1974-04-17,-1.595
1974-04-18,0.58
1974-04-19,0.58
1974-04-22,0.725
1974-04-23,-0.435
1974-04-24,2.32
1974-04-25,5.8
1974-04-26,-1.305
1974-04-29,-3.915
1974-04-30,0.58
1974-05-01,-4.35
1974-05-02,0.87
1974-05-03,-3.77
1974-05-06,-5.8
1974-05-07,0.0
1974-05-08,1.74
1974-05-09,-1.16
1974-05-10,3.19
1974-05-13,2.170408125327738
1974-05-14,-1.68
1974-05-15,1.12
1974-05-16,2.94
1974-05-17,0.56
1974-05-20,-4.76
1974-05-21,2.38
1974-05-22,-1.96
1974-05-23,-1.68
1974-05-24,0.28
1974-05-27,0.0
1974-05-28,1.54
1974-05-29,4.62
1974-05-30,-1.82
1974-05-31,-4.2
1974-06-03,-2.38
1974-06-04,1.12
1974-06-05,3.64
1974-06-06,-0.98
1974-06-07,2.24
1974-06-10,-0.56
1974-06-11,-1.68
1974-06-12,2.1
1974-06-13,-0.7
1974-06-14,-0.28
1974-06-17,5.46
1974-06-18,-1.96
1974-06-19,4.2
1974-06-20,0.84
1974-06-21,5.595746502075864
1974-06-24,5.8
1974-06-25,-4.64
1974-06-26,5.8
1974-06-27,-1.595
1974-06-28,-0.8743071730578404
1974-07-01,5.995657958421053
1974-07-02,-0.10253888893499893
1974-07-03,2.4713048639193738
1974-07-04,-0.008675225630867837
1974-07-05,-0.7
1974-07-08,6.995689653620635
1974-07-09,-4.86
1974-07-10,-5.22
1974-07-11,1.98
1974-07-12,6.3
1974-07-15,6.48
1974-07-16,-2.16
1974-07-17,-0.5444220164200846
1974-07-18,7.395537831966663
1974-07-19,7.6
1974-07-22,-1.14
1974-07-23,6.26548409218427
1974-07-24,7.8
1974-07-25,7.8
1974-07-26,7.8
1974-07-29,7.8
1974-07-30,-7.41
1974-07-31,7.605
1974-08-01,-7.8
1974-08-02,-7.809578362045689
1974-08-05,-5.554778283175541
1974-08-06,6.8351891127065025
1974-08-07,7.0
1974-08-08,-1.4
1974-08-09,-7.0
1974-08-12,-7.0
1974-08-13,6.995078637337138
1974-08-14,6.8
1974-08-15,-3.74
1974-08-16,6.8
1974-08-19,-2.38
1974-08-20,-6.8
1974-08-21,-1.02
1974-08-22,6.8
1974-08-23,4.08
1974-08-26,-6.8
1974-08-27,-6.12
1974-08-28,3.91
1974-08-29,-3.91
1974-08-30,-0.85
1974-09-02,0.0
1974-09-03,-6.8
1974-09-04,-3.91
1974-09-05,5.44
1974-09-06,2.38
1974-09-09,6.8
1974-09-10,-2.21
1974-09-11,3.23
1974-09-12,4.76
1974-09-13,-3.91
1974-09-16,-6.8
1974-09-17,-2.89
1974-09-18,1.87
1974-09-19,2.89
1974-09-20,-1.36
1974-09-23,6.8
1974-09-24,6.8
1974-09-25,-2.72
1974-09-26,6.8
1974-09-27,6.8
1974-09-30,6.8
1974-10-01,-6.8
1974-10-02,5.1
1974-10-03,6.8
1974-10-04,-0.85
1974-10-07,-6.8
1974-10-08,-6.8
1974-10-09,3.57
1974-10-10,4.59
1974-10-11,-4.93
1974-10-14,6.46
1974-10-15,0.17
1974-10-16,-1.36
1974-10-17,-3.91
1974-10-18,-1.36
1974-10-21,3.06
1974-10-22,1.3543969421952788
1974-10-23,-4.2
1974-10-24,-3.85
1974-10-25,-2.45
1974-10-28,1.9193734193778795
1974-10-29,5.9343840115881905
1974-10-30,0.555
1974-10-31,-0.555
1974-11-01,-2.9655797209133063
1974-11-04,-1.52
1974-11-05,-0.005548205189597986
1974-11-06,-2.34
1974-11-07,-0.39
1974-11-08,0.5795494272765955
1974-11-11,1.994586979060307
1974-11-12,-5.125
1974-11-13,-0.41
1974-11-14,1.2246504731621426
1974-11-15,-3.9953192207156016
1974-11-18,-8.6
1974-11-19,-4.73
1974-11-20,8.385
1974-11-21,-8.6
1974-11-22,3.429223335310222
1974-11-25,-1.23
1974-11-26,3.28
1974-11-27,1.23
1974-11-28,0.0
1974-11-29,2.665
1974-12-02,-1.23
1974-12-03,2.665
1974-12-04,-6.97
1974-12-05,1.025
1974-12-06,-7.175
1974-12-09,-4.715
1974-12-10,2.249685842020267
1974-12-11,0.8
1974-12-12,-0.8
1974-12-13,-3.2
1974-12-16,-4.8
1974-12-17,-4.0
1974-12-18,3.6
1974-12-19,-0.6105331899693585
1974-12-20,-0.57
1974-12-23,-4.56
1974-12-24,-0.76
1974-12-25,0.0
1974-12-26,-6.08
1974-12-27,4.5547229740510495
1974-12-30,-2.230562167754226
1974-12-31,2.1
1975-01-01,-0.005278333249172431
1975-01-02,4.08
1975-01-03,-1.02
1975-01-06,2.89
1975-01-07,-4.25
1975-01-08,-1.53
1975-01-09,0.17
1975-01-10,1.53
1975-01-13,-2.21
1975-01-14,-0.85
1975-01-15,-0.68
1975-01-16,-0.51
1975-01-17,-6.8
1975-01-20,-5.105230899354907
1975-01-21,5.764493805956966
1975-01-22,-4.045809396484364
1975-01-23,5.46
1975-01-24,2.509400112130639
1975-01-27,-3.64
1975-01-28,2.6
1975-01-29,2.73
1975-01-30,-1.43
1975-01-31,-1.04
1975-02-03,-1.17
1975-02-04,2.47
1975-02-05,-1.17
1975-02-06,0.13
1975-02-07,1.3
1975-02-10,-2.21
1975-02-11,0.52
1975-02-12,-0.78
1975-02-13,0.26
1975-02-14,0.13
1975-02-17,-0.005237660443472258
1975-02-18,-1.35
1975-02-19,-5.4
1975-02-20,-2.16
1975-02-21,-2.025
1975-02-24,1.08
1975-02-25,-1.62
1975-02-26,-1.89
1975-02-27,-3.9202560473440324
1975-02-28,-2.6052290367329256
1975-03-03,3.7447873749510396
1975-03-04,-1.6903856080771507
1975-03-05,2.31
1975-03-06,2.4148263424587997
1975-03-07,-1.995
1975-03-10,-0.105
1975-03-11,4.2
1975-03-12,1.155
1975-03-13,-3.465
1975-03-14,-1.26
1975-03-17,0.63
1975-03-18,-0.84
1975-03-19,0.315
1975-03-20,0.42
1975-03-21,3.99
1975-03-24,-1.155
1975-03-25,0.63
1975-03-26,3.675
1975-03-27,-2.31
1975-03-28,0.0
1975-03-31,2.625
1975-04-01,-0.21
1975-04-02,-1.05
1975-04-03,-1.3699819433923486
1975-04-04,1.2050563217979628
1975-04-07,-0.805
1975-04-08,1.2601283573549216
1975-04-09,0.96
1975-04-10,-4.684830762080134
1975-04-11,-0.875
1975-04-14,-1.625
1975-04-15,-1.375
1975-04-16,0.0
1975-04-17,2.25
1975-04-18,-1.625
1975-04-21,0.25
1975-04-22,-2.125
1975-04-23,1.375
1975-04-24,2.125
1975-04-25,2.5
1975-04-28,-0.125
1975-04-29,-3.5
1975-04-30,-1.0
1975-05-01,-5.0
1975-05-02,0.125
1975-05-05,-1.75
1975-05-06,2.75
1975-05-07,-1.75
1975-05-08,-0.375
1975-05-09,-1.625
1975-05-12,1.8706090953727763
1975-05-13,1.2
1975-05-14,-0.48
1975-05-15,-0.96
1975-05-16,-0.84
1975-05-19,2.88
1975-05-20,0.72
1975-05-21,1.44
1975-05-22,-1.44
1975-05-23,-0.96
1975-05-26,0.0
1975-05-27,-3.6
1975-05-28,0.48
1975-05-29,-0.96
1975-05-30,0.48
1975-06-02,-1.92
1975-06-03,0.84
1975-06-04,0.24
1975-06-05,-0.84
1975-06-06,-0.12398134224316218
1975-06-09,1.265
1975-06-10,-0.69
1975-06-11,0.115
1975-06-12,-0.345
1975-06-13,1.84
1975-06-16,2.07
1975-06-17,2.53
1975-06-18,-1.38
1975-06-19,-0.345
1975-06-20,2.875
1975-06-23,-2.3
1975-06-24,0.46
1975-06-25,-1.955
1975-06-26,-1.495
1975-06-27,-2.53
1975-06-30,-0.92
1975-07-01,0.575
1975-07-02,1.308418682325605
1975-07-03,1.84
1975-07-04,0.0
1975-07-07,-1.15
1975-07-08,4.6
1975-07-09,1.38
1975-07-10,0.23
1975-07-11,4.481290482283713
1975-07-14,-2.28
1975-07-15,2.036270382866469
1975-07-16,2.62125705254337
1975-07-17,-3.7737675590206696
1975-07-18,-3.375
1975-07-21,4.455
1975-07-22,-1.62
1975-07-23,-2.16
1975-07-24,4.32
1975-07-25,2.97
1975-07-28,5.4
1975-07-29,5.265
1975-07-30,-5.4038940529374155
1975-07-31,-1.4
1975-08-01,2.38
1975-08-04,4.48
1975-08-05,-1.1238752691888563
1975-08-06,3.766103558140475
1975-08-07,5.996051972517515
1975-08-08,-2.793951889870104
1975-08-11,-1.12
1975-08-12,5.756012009973595
1975-08-13,3.2960343720679854
1975-08-14,3.396022622332283
1975-08-15,1.2171186134040974
1975-08-18,-5.557904665099424
1975-08-19,5.46
1975-08-20,6.435
1975-08-21,-3.514015151662901
1975-08-22,0.2
1975-08-25,-1.6039907714180466
1975-08-26,-8.2
1975-08-27,3.28
1975-08-28,-4.92
1975-08-29,-4.51
1975-09-01,0.0
1975-09-02,-5.945
1975-09-03,1.845
1975-09-04,-0.205
1975-09-05,2.05
1975-09-08,-2.665
1975-09-09,-6.56
1975-09-10,3.28
1975-09-11,-1.845
1975-09-12,8.2
1975-09-15,0.19683618463299843
1975-09-16,4.68
1975-09-17,7.02
1975-09-18,-3.51
1975-09-19,-1.56
1975-09-22,-3.12
1975-09-23,-3.12
1975-09-24,1.365
1975-09-25,1.755
1975-09-26,0.975
1975-09-29,-2.73
1975-09-30,0.19096892974722132
1975-10-01,2.4
1975-10-02,-7.604013617623331
1975-10-03,1.64
1975-10-06,-1.025
1975-10-07,1.23
1975-10-08,1.025
1975-10-09,-0.205
1975-10-10,0.205
1975-10-13,-6.15
1975-10-14,2.87
1975-10-15,-2.87
1975-10-16,2.05
1975-10-17,-2.87
1975-10-20,1.23
1975-10-21,-3.69
1975-10-22,2.05
1975-10-23,1.23
1975-10-24,-0.615
1975-10-27,-3.895
1975-10-28,0.41
1975-10-29,1.845
1975-10-30,1.435
1975-10-31,-1.64
1975-11-03,-8.2
1975-11-04,0.4060201172877415
1975-11-05,2.0
1975-11-06,-2.4
1975-11-07,0.0
1975-11-10,-0.2
1975-11-11,-2.2
1975-11-12,-1.8
1975-11-13,0.9961132844768537
1975-11-14,2.145
1975-11-17,-1.56
1975-11-18,-2.535
1975-11-19,-2.538837736038974
1975-11-20,0.18619773267057815
1975-11-21,3.7
1975-11-24,6.286155070197783
1975-11-25,-2.8877027460182645
1975-11-26,0.85
1975-11-27,0.0
1975-11-28,-0.85
1975-12-01,0.68
1975-12-02,-0.17
1975-12-03,-0.51
1975-12-04,3.4
1975-12-05,-2.55
1975-12-08,-2.72
1975-12-09,1.87
1975-12-10,-1.36
1975-12-11,0.34
1975-12-12,-4.93
1975-12-15,-0.85
1975-12-16,2.04
1975-12-17,2.38
1975-12-18,-1.02
1975-12-19,1.19
1975-12-22,1.02
1975-12-23,-2.38
1975-12-24,-0.34
1975-12-25,0.0
1975-12-26,0.0
1975-12-29,-1.87
1975-12-30,0.17
1975-12-31,2.89
1976-01-01,0.0
1976-01-02,-1.36
1976-01-05,1.36
1976-01-06,0.0
1976-01-07,3.06
1976-01-08,0.51
1976-01-09,-1.53
1976-01-12,1.87
1976-01-13,0.51
1976-01-14,-0.17
1976-01-15,-0.68
1976-01-16,0.17
1976-01-19,1.186414450276365
1976-01-20,-0.0035826736416485184
1976-01-21,-1.80717175916147
1976-01-22,-1.14
1976-01-23,1.14
1976-01-26,-7.603621562236881
1976-01-27,3.1127426162798364
1976-01-28,1.1063747639539567
1976-01-29,0.36
1976-01-30,1.08
1976-02-02,1.8
1976-02-03,-0.36
1976-02-04,-0.9
1976-02-05,-0.72
1976-02-06,0.9
1976-02-09,-0.72
1976-02-10,2.16
1976-02-11,1.44
1976-02-12,3.6
1976-02-13,-1.44
1976-02-16,0.0
1976-02-17,0.72
1976-02-18,-1.26
1976-02-19,0.18
1976-02-20,-0.54
1976-02-23,0.7164231313865066
1976-02-24,-0.7435621609391887
1976-02-25,1.5164416995593561
1976-02-26,-0.78
1976-02-27,2.1414581120720135
1976-03-01,-1.0
1976-03-02,-5.003550720107264
1976-03-03,1.435
1976-03-04,1.23
1976-03-05,-0.615
1976-03-08,-1.845
1976-03-09,1.23
1976-03-10,-1.025
1976-03-11,-2.05
1976-03-12,-1.23
1976-03-15,-2.46
1976-03-16,-0.205
1976-03-17,2.255
1976-03-18,1.025
1976-03-19,-1.025
1976-03-22,0.82
1976-03-23,-2.665
1976-03-24,0.82
1976-03-25,-0.615
1976-03-26,-0.41
1976-03-29,-1.845
1976-03-30,1.636718894530482
1976-03-31,-1.0
1976-04-01,-0.2
1976-04-02,0.4
1976-04-05,0.8
1976-04-06,1.4
1976-04-07,-0.8
1976-04-08,2.0
1976-04-09,-0.4
1976-04-12,0.2
1976-04-13,-1.8
1976-04-14,1.0
1976-04-15,2.0
1976-04-16,0.0
1976-04-19,-0.6
1976-04-20,0.8
1976-04-21,-0.2
1976-04-22,0.6
1976-04-23,-1.2
1976-04-26,-0.8
1976-04-27,-2.0
1976-04-28,1.8
1976-04-29,-1.4
1976-04-30,-0.2
1976-05-03,1.2
1976-05-04,-0.8
1976-05-05,0.8
1976-05-06,0.2
1976-05-07,0.4
1976-05-10,0.2
1976-05-11,0.2
1976-05-12,2.2
1976-05-13,1.4
1976-05-14,0.0
1976-05-17,-2.2
1976-05-18,-1.2
1976-05-19,-0.8
1976-05-20,-1.0
1976-05-21,0.2
1976-05-24,3.2
1976-05-25,0.6
1976-05-26,3.0
1976-05-27,1.8
1976-05-28,-2.404472881947225
1976-05-31,0.0
1976-06-01,2.31
1976-06-02,-2.5222214207413307
1976-06-03,0.645
1976-06-04,1.5027814429699529
1976-06-07,8.797702994135875
1976-06-08,-0.45459422448526154
1976-06-09,4.3
1976-06-10,1.075
1976-06-11,-4.515
1976-06-14,-0.645
1976-06-15,-3.87
1976-06-16,1.29
1976-06-17,-2.795
1976-06-18,-0.215
1976-06-21,8.6
1976-06-22,0.4253867476834372
1976-06-23,-4.51
1976-06-24,2.87
1976-06-25,-1.845
1976-06-28,-0.615
1976-06-29,-3.28
1976-06-30,-3.28
1976-07-01,6.708319585623101
1976-07-02,3.0702192713621836
1976-07-05,0.0
1976-07-06,7.8
1976-07-07,-7.8
1976-07-08,1.5524132601175136
1976-07-09,-0.54
1976-07-12,-2.34
1976-07-13,0.18
1976-07-14,6.84
1976-07-15,-3.6
1976-07-16,-0.9
1976-07-19,-4.86
1976-07-20,2.7
1976-07-21,-2.16
1976-07-22,-7.2
1976-07-23,2.152038228465227
1976-07-26,-3.465
1976-07-27,-0.6626643682778015
1976-07-28,0.32
1976-07-29,-0.64
1976-07-30,-0.64
1976-08-02,-2.24
1976-08-03,1.92
1976-08-04,2.7173982084974795
1976-08-05,0.62
1976-08-06,-1.55
1976-08-09,-1.395
1976-08-10,0.31
1976-08-11,-0.93
1976-08-12,1.085
1976-08-13,4.96
1976-08-16,-1.3976231340759975
1976-08-17,-3.0
1976-08-18,2.55
1976-08-19,3.15
1976-08-20,-0.75
1976-08-23,2.7
1976-08-24,-1.2
1976-08-25,-1.35
1976-08-26,0.75
1976-08-27,2.4
1976-08-30,-2.25
1976-08-31,0.45
1976-09-01,2.85
1976-09-02,2.85
1976-09-03,0.6
1976-09-06,0.0
1976-09-07,6.0
1976-09-08,-2.855487730483162
1976-09-09,-0.8
1976-09-10,-0.4827425178449698
1976-09-13,-1.6554903700972723
1976-09-14,-2.1
1976-09-15,0.7
1976-09-16,0.1722612294011504
1976-09-17,-4.322761487890907
1976-09-20,-0.185
1976-09-21,-1.665
1976-09-22,-3.33
1976-09-23,-0.37
1976-09-24,-3.33
1976-09-27,-1.11
1976-09-28,1.295
1976-09-29,-2.9627970114096835
1976-09-30,-0.5427958269748475
1976-10-01,-1.4027969989291045
1976-10-04,3.4
1976-10-05,0.33180361104112827
1976-10-06,1.085
1976-10-07,2.17
1976-10-08,-2.79
1976-10-11,-3.1
1976-10-12,0.307232130522258
1976-10-13,4.947185389119638
1976-10-14,-5.22574064625293
1976-10-15,-1.2207453449779044
1976-10-18,0.0
1976-10-19,0.997131447793738
1976-10-20,0.12
1976-10-21,-0.24
1976-10-22,0.36
1976-10-25,0.72
1976-10-26,-0.84
1976-10-27,-0.12
1976-10-28,-3.0
1976-10-29,-0.36
1976-11-01,-0.72
1976-11-02,-0.002873422707269697
1976-11-03,0.46
1976-11-04,0.0
1976-11-05,-1.152869029393632
1976-11-08,-0.55
1976-11-09,-2.3128612757637828
1976-11-10,0.8371380399086519
1976-11-11,-3.202902407583052
1976-11-12,-0.2908048151661039
1976-11-15,-0.25789967538331887
1976-11-16,1.7570805710517134
1976-11-17,-0.4529198478897127
1976-11-18,0.35
1976-11-19,0.6970794318216015
1976-11-22,0.975
1976-11-23,0.39
1976-11-24,0.195
1976-11-25,0.0
1976-11-26,-0.26
1976-11-29,-0.715
1976-11-30,-0.325
1976-12-01,-0.39
1976-12-02,0.065
1976-12-03,0.455
1976-12-06,1.235
1976-12-07,-0.65
1976-12-08,0.65
1976-12-09,-0.26
1976-12-10,-0.13
1976-12-13,0.0
1976-12-14,0.39
1976-12-15,-0.65
1976-12-16,-0.065
1976-12-17,-0.52
1976-12-20,0.26
1976-12-21,0.065
1976-12-22,0.39
1976-12-23,0.26
1976-12-24,0.0
1976-12-27,0.975
1976-12-28,0.325
1976-12-29,0.0
1976-12-30,0.0
1976-12-31,0.0
1977-01-03,-0.325
1977-01-04,1.105
1977-01-05,0.06205453251867612
1977-01-06,1.1170459132784134
1977-01-07,-0.0779540867215867
1977-01-10,1.5940618127116446
1977-01-11,-1.1729755330677627
1977-01-12,-0.095
1977-01-13,-0.6679769738852929
1977-01-14,0.5970217167600927
1977-01-17,0.4170211121594627
1977-01-18,-0.66
1977-01-19,0.3270242605984125
1977-01-20,-0.46
1977-01-21,-0.23297448760716896
1977-01-24,0.96
1977-01-25,0.0
1977-01-26,-0.6029710394004401
1977-01-27,-0.625
1977-01-28,-0.625
1977-01-31,0.5
1977-02-01,0.25
1977-02-02,-0.625
1977-02-03,1.375
1977-02-04,0.875
1977-02-07,0.375
1977-02-08,-0.625
1977-02-09,0.375
1977-02-10,0.5
1977-02-11,-0.875
1977-02-14,-0.375
1977-02-15,0.75
1977-02-16,1.625
1977-02-17,0.875
1977-02-18,0.375
1977-02-21,0.0
1977-02-22,-1.875
1977-02-23,0.125
1977-02-24,1.0
1977-02-25,-0.75
1977-02-28,-1.125
1977-03-01,-0.75
1977-03-02,-1.625
1977-03-03,0.5
1977-03-04,0.5
1977-03-07,0.5
1977-03-08,1.125
1977-03-09,-0.25
1977-03-10,-1.125
1977-03-11,0.49732639958532904
1977-03-14,-1.8
1977-03-15,0.4721770768382964
1977-03-16,1.1524605464400894
1977-03-17,-0.3025363295973825
1977-03-18,0.19
1977-03-21,0.19
1977-03-22,-0.095
1977-03-23,-0.285
1977-03-24,-0.0024368478945820493
1977-03-25,0.27
1977-03-28,-0.99
1977-03-29,-0.6347923099743976
1977-03-30,-1.1223987313593078
1977-03-31,-0.07963331186188694
1977-04-01,0.38537853817195517
1977-04-04,-0.6622950955761165
1977-04-05,-0.1045890028344476
1977-04-06,0.1954086011592319
1977-04-07,0.17770303078843216
1977-04-08,-0.0022961728424754444
1977-04-11,0.2
1977-04-12,0.38
1977-04-13,-0.24
1977-04-14,0.06
1977-04-15,-0.02
1977-04-18,0.06
1977-04-19,-0.22
1977-04-20,-0.18
1977-04-21,-0.08
1977-04-22,-0.18223967333975072
1977-04-25,-0.34952706412519946
1977-04-26,0.027755242126138696
1977-04-27,-0.004462586629332718
1977-04-28,-0.12442869265236371
1977-04-29,-0.02
1977-05-02,-0.002194164717150727
1977-05-03,0.3
1977-05-04,0.49556915461443696
1977-05-05,-0.0022136562863801995
1977-05-06,-0.4044089671065312
1977-05-09,0.45
1977-05-10,1.0455620437526596
1977-05-11,-0.3621996093335214
1977-05-12,-0.9771915711702605
1977-05-13,0.84
1977-05-16,0.35
1977-05-17,0.13579832458243205
1977-05-18,-0.8841818061156564
1977-05-19,0.0
1977-05-20,1.1679018111729607
1977-05-23,-1.33
1977-05-24,-1.33
1977-05-25,1.045
1977-05-26,0.38
1977-05-27,0.095
1977-05-30,0.0
1977-05-31,-1.71
1977-06-01,-0.095
1977-06-02,0.0
1977-06-03,-0.665
1977-06-06,0.095
1977-06-07,0.285
1977-06-08,2.28
1977-06-09,0.57
1977-06-10,2.28
1977-06-13,0.665
1977-06-14,-0.095
1977-06-15,-0.3841789132280204
1977-06-16,0.8358410253198838
1977-06-17,1.2608636902079684
1977-06-20,-1.3770543298537208
1977-06-21,2.6
1977-06-22,0.91
1977-06-23,-0.5258002537148464
1977-06-24,-0.43693000777544694
1977-06-27,-2.4038953752405563
1977-06-28,-0.8
1977-06-29,1.6
1977-06-30,3.36
1977-07-01,2.2118646884422186
1977-07-04,0.0
1977-07-05,-5.76
1977-07-06,-0.64
1977-07-07,4.8
1977-07-08,-0.64
1977-07-11,5.6
1977-07-12,0.8
1977-07-13,-1.76
1977-07-14,-1.44
1977-07-15,2.4
1977-07-18,3.84
1977-07-19,-1.44
1977-07-20,2.08
1977-07-21,-0.4842571936299345
1977-07-22,-1.3621325936126711
1977-07-25,1.5728636852242341
1977-07-26,2.6957637775454435
1977-07-27,1.3257624638064225
1977-07-28,3.1957401215327357
1977-07-29,2.93573478773992
1977-08-01,-1.104239406260482
1977-08-02,0.22788329398775614
1977-08-03,-2.1192434349208638
1977-08-04,-0.98
1977-08-05,-1.9642550225343478
1977-08-08,4.59
1977-08-09,0.255
1977-08-10,-0.769274059578059
1977-08-11,1.5857236227706546
1977-08-12,0.5457311143614043
1977-08-15,6.552861923750141
1977-08-16,1.45
1977-08-17,0.867872797612063
1977-08-18,1.4707448803055552
1977-08-19,1.215744149423887
1977-08-22,2.2007408227960266
1977-08-23,0.3207472848656132
1977-08-24,-3.354259431111899
1977-08-25,-1.035
1977-08-26,1.3778713285840083
1977-08-29,2.445742352992106
1977-08-30,-1.804261719457133
1977-08-31,1.107872175073245
1977-09-01,-1.5021278249267551
1977-09-02,-1.9021300963724386
1977-09-05,-0.002114504346769103
1977-09-06,-5.07
1977-09-07,-0.78
1977-09-08,-2.7342576032799255
1977-09-09,-2.4
1977-09-12,-3.6021372219561014
1977-09-13,0.81
1977-09-14,4.05
1977-09-15,0.81
1977-09-16,0.405
1977-09-19,-2.837080735124579
1977-09-20,-4.51
1977-09-21,-7.79
1977-09-22,6.145768304114914
1977-09-23,-0.8084532511083432
1977-09-26,2.28
1977-09-27,5.7
1977-09-28,-0.382121322555907
1977-09-29,-4.875
1977-09-30,1.1228667055277777
1977-10-03,-4.07
1977-10-04,-6.662158591706901
1977-10-05,3.272033040571538
1977-10-06,-5.697179449546331
1977-10-07,-1.3287207937918586
1977-10-10,3.41
1977-10-11,3.0956247602776514
1977-10-12,0.597813105841554
1977-10-13,3.835
1977-10-14,-1.475
1977-10-17,-1.18
1977-10-18,-0.885
1977-10-19,-0.885
1977-10-20,2.36
1977-10-21,0.885
1977-10-24,-2.36
1977-10-25,2.36
1977-10-26,-2.655
1977-10-27,2.36
1977-10-28,-2.36
1977-10-31,-3.245
1977-11-01,-3.245
1977-11-02,-2.065
1977-11-03,4.72
1977-11-04,1.7611895021103607
1977-11-07,-3.575
1977-11-08,1.3705789179794026
1977-11-09,0.795
1977-11-10,1.325
1977-11-11,2.385
1977-11-14,-2.65
1977-11-15,-1.06
1977-11-16,-4.77
1977-11-17,1.8461022959642786
1977-11-18,-0.7372238957635389
1977-11-21,1.2
1977-11-22,3.36
1977-11-23,0.2377868657145607
1977-11-24,0.0
1977-11-25,-2.115
1977-11-28,3.29
1977-11-29,1.4077722433832245
1977-11-30,0.46
1977-12-01,0.23
1977-12-02,0.0
1977-12-05,1.38
1977-12-06,0.23
1977-12-07,-0.23221239931712978
1977-12-08,0.7005749068443763
1977-12-09,-0.7372105902427586
1977-12-12,4.49556063552843
1977-12-13,-0.52
1977-12-14,1.3
1977-12-15,-0.78
1977-12-16,-1.8222205923467476
1977-12-19,-0.53
1977-12-20,-2.1221955717960737
1977-12-21,0.0
1977-12-22,-0.54
1977-12-23,-0.27
1977-12-26,0.0
1977-12-27,-1.62
1977-12-28,0.54
1977-12-29,0.54
1977-12-30,-1.08
1978-01-02,0.0
1978-01-03,-1.89
1978-01-04,-0.81
1978-01-05,0.54
1978-01-06,1.35
1978-01-09,-1.08
1978-01-10,-0.27
1978-01-11,-1.08
1978-01-12,-0.27
1978-01-13,-0.54
1978-01-16,0.54
1978-01-17,2.97
1978-01-18,0.81
1978-01-19,-1.08
1978-01-20,-1.62
1978-01-23,-1.08
1978-01-24,0.81
1978-01-25,0.0
1978-01-26,1.08
1978-01-27,0.27
1978-01-30,1.89
1978-01-31,1.35
1978-02-01,0.54
1978-02-02,-1.08
1978-02-03,0.27
1978-02-06,-0.27
1978-02-07,0.27
1978-02-08,0.0
1978-02-09,-1.08
1978-02-10,-1.89
1978-02-13,1.62
1978-02-14,0.54
1978-02-15,0.0
1978-02-16,0.27
1978-02-17,0.54
1978-02-20,0.0
1978-02-21,0.0
1978-02-22,-1.35
1978-02-23,0.27
1978-02-24,-0.81
1978-02-27,0.54
1978-02-28,0.27
1978-03-01,-1.35
1978-03-02,-1.62
1978-03-03,-3.24
1978-03-06,-2.9737917736593973
1978-03-07,-3.389528666564598
1978-03-08,-1.1864102923572346
1978-03-09,0.8143757727089829
1978-03-10,0.9444086261318122
1978-03-13,-4.903831033351796
1978-03-14,-1.171496064080017
1978-03-15,-1.5655302676092642
1978-03-16,0.0996515879842576
1978-03-17,-2.0736357497063698
1978-03-20,1.5129676249988682
1978-03-21,0.35648222829078785
1978-03-22,-0.8017682027915288
1978-03-23,-0.5417725094793054
1978-03-24,-0.00351260697328786
1978-03-27,-0.42
1978-03-28,0.1465514683205857
1978-03-29,0.5164783948893925
1978-03-30,-0.12
1978-03-31,-0.17
1978-04-03,0.15820270958946808
1978-04-04,-0.025
1978-04-05,0.02
1978-04-06,0.018237863831114927
1978-04-07,0.0
1978-04-10,0.0
1978-04-11,-0.0017601307030703961
1978-04-12,-0.056764899659170164
1978-04-13,-0.21
1978-04-14,0.12
1978-04-17,0.02
1978-04-18,0.08
1978-04-19,0.01
1978-04-20,0.0
1978-04-21,-0.1
1978-04-24,-0.29
1978-04-25,0.06
1978-04-26,-0.2
1978-04-27,0.08
1978-04-28,-0.03
1978-05-01,-0.12
1978-05-02,0.018157322084150627
1978-05-03,0.028161251830681397
1978-05-04,-0.0018520741054947527
1978-05-05,-0.075
1978-05-08,0.08
1978-05-09,-0.05
1978-05-10,-0.015
1978-05-11,-0.075
1978-05-12,0.025
1978-05-15,-0.08
1978-05-16,0.025
1978-05-17,-0.02
1978-05-18,-0.035
1978-05-19,0.035
1978-05-22,0.005
1978-05-23,-0.175
1978-05-24,0.0
1978-05-25,-0.115
1978-05-26,-0.005
1978-05-29,-0.003990466968105148
1978-05-30,0.05
1978-05-31,-0.016974993826973962
1978-06-01,-0.19396785801339925
1978-06-02,-0.38
1978-06-05,0.28
1978-06-06,-0.08
1978-06-07,-0.3
1978-06-08,-0.06
1978-06-09,-0.12
1978-06-12,0.18
1978-06-13,-0.06
1978-06-14,-0.28
1978-06-15,-0.16
1978-06-16,0.0
1978-06-19,0.18
1978-06-20,0.12
1978-06-21,-0.14
1978-06-22,0.34
1978-06-23,-0.06
1978-06-26,-0.18
1978-06-27,-0.14
1978-06-28,-0.38
1978-06-29,0.01798802158431074
1978-06-30,0.0673281131584962
1978-07-03,-0.17
1978-07-04,-0.0040511354905657425
1978-07-05,0.0
1978-07-06,-0.002022210453134426
1978-07-07,0.04
1978-07-10,0.0029833645309458416
1978-07-11,0.07798596510475722
1978-07-12,0.26593685716165916
1978-07-13,0.07298382109516385
1978-07-14,-0.15403022863656463
1978-07-17,0.5959612586942025
1978-07-18,1.1958940546615968
1978-07-19,-0.4841122998254822
1978-07-20,-0.28411090344034995
1978-07-21,-0.082050410504955
1978-07-24,1.3558795065500395
1978-07-25,0.47087830471787406
1978-07-26,-1.1590973745023017
1978-07-27,0.805
1978-07-28,-0.004096281835310295
1978-07-31,-0.12909340141144215
1978-08-01,1.2109204976304633
1978-08-02,2.895872641092727
1978-08-03,0.31
1978-08-04,0.6138204798933242
1978-08-07,3.0537977845889994
1978-08-08,-1.2970683905257079
1978-08-09,-0.95206970816726
1978-08-10,-0.19913944279131987
1978-08-11,5.120787503357152
1978-08-14,-3.225
1978-08-15,-5.59
1978-08-16,3.863475210148758
1978-08-17,-1.2
1978-08-18,-1.6
1978-08-21,-0.2
1978-08-22,0.8
1978-08-23,1.0
1978-08-24,-1.6
1978-08-25,0.4
1978-08-28,1.8
1978-08-29,3.0
1978-08-30,-1.4
1978-08-31,0.8
1978-09-01,-0.20217939427127596
1978-09-04,-0.004358788542551869
1978-09-05,1.72
1978-09-06,-0.0021805924208072405
1978-09-07,-0.8843627213970574
1978-09-08,-0.4621806551987486
1978-09-11,-1.884368726848564
1978-09-12,-0.49
1978-09-13,1.9578153031942795
1978-09-14,1.2478141802861817
1978-09-15,4.075602937719449
1978-09-18,-1.06
1978-09-19,-3.18
1978-09-20,-2.385
1978-09-21,3.445
1978-09-22,1.06
1978-09-25,-1.06
1978-09-26,-0.53
1978-09-27,-2.6522199264485207
1978-09-28,-2.97
1978-09-29,-0.27
1978-10-02,-3.51
1978-10-03,1.08
1978-10-04,-0.54
1978-10-05,0.0
1978-10-06,3.24
1978-10-09,-4.05
1978-10-10,0.5355031629536463
1978-10-11,-0.52
1978-10-12,-3.9
1978-10-13,2.3354717409768995
1978-10-16,-1.5045319306353029
1978-10-17,2.64
1978-10-18,2.63772078575058
1978-10-19,0.7027211620725714
1978-10-20,0.69
1978-10-23,0.0
1978-10-24,-1.15
1978-10-25,0.0
1978-10-26,-3.68
1978-10-27,-1.38
1978-10-30,1.84
1978-10-31,0.69
1978-11-01,0.23
1978-11-02,-0.69
1978-11-03,0.23
1978-11-06,3.68
1978-11-07,0.0
1978-11-08,0.92
1978-11-09,1.38
1978-11-10,0.69
1978-11-13,1.61
1978-11-14,-0.92
1978-11-15,0.0
1978-11-16,-0.9245700483758852
1978-11-17,-1.202285383617769
1978-11-20,-0.245
1978-11-21,1.4677597720396403
1978-11-22,-1.502232478633867
1978-11-23,0.0
1978-11-24,-1.275
1978-11-27,1.53
1978-11-28,1.02
1978-11-29,0.0
1978-11-30,-1.2793240120121203
1978-12-01,-1.325
1978-12-04,1.06
1978-12-05,0.795
1978-12-06,0.792885348048959
1978-12-07,-1.0821065625475792
1978-12-08,-1.375
1978-12-11,2.475
1978-12-12,1.375
1978-12-13,-0.55
1978-12-14,2.4729173314980564
1978-12-15,-1.96
1978-12-18,-3.08
1978-12-19,0.56
1978-12-20,0.0
1978-12-21,0.28
1978-12-22,0.0
1978-12-25,0.0
1978-12-26,-0.28
1978-12-27,0.28
1978-12-28,-0.8420340280961102
1978-12-29,1.137970552281642
1979-01-01,-0.0019799294141815416
1979-01-02,0.0
1979-01-03,1.18
1979-01-04,2.948044666219735
1979-01-05,1.2
1979-01-08,-1.5038986632353322
1979-01-09,1.86
1979-01-10,0.6180517361201847
1979-01-11,-1.2658024719559333
1979-01-12,-2.3119222412946696
1979-01-15,-1.675
1979-01-16,1.34
1979-01-17,-0.335
1979-01-18,1.005
1979-01-19,-2.3468888553329204
1979-01-22,-1.7
1979-01-23,-0.68
1979-01-24,0.0
1979-01-25,0.0
1979-01-26,0.68
1979-01-29,-1.36
1979-01-30,-2.38
1979-01-31,0.68
1979-02-01,3.06
1979-02-02,-2.04
1979-02-05,-1.36
1979-02-06,1.02
1979-02-07,-2.04
1979-02-08,1.02
1979-02-09,-3.06
1979-02-12,-0.0033844785846800477
1979-02-13,0.99
1979-02-14,-3.96
1979-02-15,-0.9984481297879807
1979-02-16,-0.3066877391418412
1979-02-19,0.0
1979-02-20,-1.8
1979-02-21,-1.2033442355417368
1979-02-22,-0.8733377542199968
1979-02-23,1.3983296367895879
1979-02-26,2.1966645302283334
1979-02-27,0.26167097762519154
1979-02-28,-0.765
1979-03-01,0.0
1979-03-02,2.295
1979-03-05,0.0
1979-03-06,-1.275
1979-03-07,0.255
1979-03-08,2.04
1979-03-09,1.02
1979-03-12,1.785
1979-03-13,2.295
1979-03-14,-1.02
1979-03-15,-2.295
1979-03-16,-0.51
1979-03-19,-0.765
1979-03-20,-1.275
1979-03-21,0.0
1979-03-22,-0.25657026499798885
1979-03-23,1.0384309162940228
1979-03-26,-2.385
1979-03-27,0.0
1979-03-28,-3.445
1979-03-29,1.59
1979-03-30,-1.59
1979-04-02,-1.06
1979-04-03,2.12
1979-04-04,-1.06
1979-04-05,-0.53
1979-04-06,-0.795
1979-04-09,-1.06
1979-04-10,0.795
1979-04-11,-0.795
1979-04-12,1.59
1979-04-13,0.0
1979-04-16,1.855
1979-04-17,-3.18
1979-04-18,1.5871051516573107
1979-04-19,1.2735503133897559
1979-04-20,-0.25
1979-04-23,-1.5
1979-04-24,-4.0
1979-04-25,-0.2526189215025127
1979-04-26,-0.0013064401537874043
1979-04-27,-0.7063015243569668
1979-04-30,-2.761314344261591
1979-05-01,-1.1289436935906902
1979-05-02,-1.891318669457884
1979-05-03,2.251023599763552
1979-05-04,-0.763978463248775
1979-05-07,3.673640013984824
1979-05-08,-2.3827103511230048
1979-05-09,-1.2813564482766773
1979-05-10,0.31
1979-05-11,2.0136284491009535
1979-05-14,-0.15137156237719707
1979-05-15,0.58
1979-05-16,1.595
1979-05-17,-1.305
1979-05-18,0.145
1979-05-21,-1.595
1979-05-22,0.145
1979-05-23,0.725
1979-05-24,0.58
1979-05-25,0.145
1979-05-28,0.0
1979-05-29,-2.755
1979-05-30,0.725
1979-05-31,-0.435
1979-06-01,0.145
1979-06-04,-2.03
1979-06-05,1.015
1979-06-06,-1.5963785273712376
1979-06-07,-0.5613698071005447
1979-06-08,-2.971410412972542
1979-06-11,-2.6042889260594833
1979-06-12,1.3771169146282165
1979-06-13,-2.4164832861910672
1979-06-14,-2.503061967978763
1979-06-15,-1.8930990117608693
1979-06-18,1.5153032509641977
1979-06-19,-0.4565678203226071
1979-06-20,-2.1033118442851646
1979-06-21,-1.4516987695457766
1979-06-22,-1.4885252417382147
1979-06-25,0.9063746308464101
1979-06-26,-0.2
1979-06-27,0.8962237623163768
1979-06-28,0.48
1979-06-29,-0.12
1979-07-02,-0.581758592372593
1979-07-03,-0.12
1979-07-04,0.0
1979-07-05,-0.51
1979-07-06,0.27
1979-07-09,-0.3
1979-07-10,0.4328296015799375
1979-07-11,-0.13
1979-07-12,0.38773246930309235
1979-07-13,-0.105
1979-07-16,0.04
1979-07-17,-0.065
1979-07-18,-0.08
1979-07-19,0.15
1979-07-20,-0.115
1979-07-23,0.195
1979-07-24,0.105
1979-07-25,0.14
1979-07-26,0.02
1979-07-27,0.2
1979-07-30,0.1896651814755209
1979-07-31,-0.11033465172744836
1979-08-01,-0.6026910730150218
1979-08-02,1.1972345253567094
1979-08-03,-0.3177677923211805
1979-08-06,0.5172259913521264
1979-08-07,0.135
1979-08-08,-0.6327817149229874
1979-08-09,-0.1527811026524272
1979-08-10,0.055
1979-08-13,1.4821873749515817
1979-08-14,-2.40287964632571
1979-08-15,0.0
1979-08-16,-0.715
1979-08-17,0.195
1979-08-20,0.26
1979-08-21,-2.08
1979-08-22,1.17
1979-08-23,0.52
1979-08-24,-0.65
1979-08-27,0.13
1979-08-28,0.585
1979-08-29,-0.91
1979-08-30,-0.065
1979-08-31,0.0
1979-09-03,0.0
1979-09-04,2.6
1979-09-05,0.0
1979-09-06,1.3
1979-09-07,-0.1980273096327651
1979-09-10,-1.4030427445836051
1979-09-11,1.125
1979-09-12,-0.15
1979-09-13,-2.5530918969153413
1979-09-14,1.6
1979-09-17,-0.16
1979-09-18,-0.56
1979-09-19,0.48
1979-09-20,-0.96
1979-09-21,0.48
1979-09-24,-0.4
1979-09-25,1.52
1979-09-26,0.0
1979-09-27,-2.88
1979-09-28,0.96
1979-10-01,-2.56
1979-10-02,0.96
1979-10-03,-0.72
1979-10-04,-0.32
1979-10-05,0.72
1979-10-08,0.88
1979-10-09,1.2
1979-10-10,0.16
1979-10-11,0.24
1979-10-12,-0.16
1979-10-15,1.68
1979-10-16,-0.32
1979-10-17,-0.8
1979-10-18,0.0
1979-10-19,-2.08
1979-10-22,-0.48
1979-10-23,0.16
1979-10-24,1.6
1979-10-25,1.84
1979-10-26,3.04
1979-10-29,-0.24
1979-10-30,-0.72
1979-10-31,0.0
1979-11-01,1.28
1979-11-02,-0.5633767555483413
1979-11-05,-0.5133755918378892
1979-11-06,0.9866199217723052
1979-11-07,-0.47838064275841014
1979-11-08,0.19661919284075693
1979-11-09,-0.0033777573561085397
1979-11-12,-1.4333837188877314
1979-11-13,-1.955
1979-11-14,-2.76
1979-11-15,0.69
1979-11-16,0.92
1979-11-19,-1.265
1979-11-20,-0.92
1979-11-21,-1.265
1979-11-22,0.0
1979-11-23,1.38
1979-11-26,2.185
1979-11-27,-0.11843388427464674
1979-11-28,-0.44
1979-11-29,0.99
1979-11-30,-1.54
1979-12-03,0.66
1979-12-04,-0.22
1979-12-05,0.22
1979-12-06,1.21
1979-12-07,-0.33
1979-12-10,-0.33
1979-12-11,-0.99
1979-12-12,0.55
1979-12-13,0.99
1979-12-14,0.0
1979-12-17,0.77
1979-12-18,0.22
1979-12-19,-1.1
1979-12-20,-1.1
1979-12-21,-0.44
1979-12-24,0.0
1979-12-25,0.0
1979-12-26,-2.53
1979-12-27,1.54
1979-12-28,-0.88
1979-12-31,0.66
1980-01-01,0.0
1980-01-02,0.99
1980-01-03,-0.22
1980-01-04,-0.11
1980-01-07,0.0
1980-01-08,0.0
1980-01-09,4.4
1980-01-10,2.2
1980-01-11,-1.98
1980-01-14,0.33
1980-01-15,-0.44
1980-01-16,0.1064931032420077
1980-01-17,-2.537047589060653
1980-01-18,1.25
1980-01-21,-0.375
1980-01-22,0.5
1980-01-23,-2.5
1980-01-24,1.375
1980-01-25,0.875
1980-01-28,-0.375
1980-01-29,-0.5
1980-01-30,-1.0
1980-01-31,-0.125
1980-02-01,-0.375
1980-02-04,-1.0
1980-02-05,0.625
1980-02-06,0.25
1980-02-07,0.375
1980-02-08,0.75
1980-02-11,-0.8785180581140194
1980-02-12,0.0
1980-02-13,-0.9135138139390988
1980-02-14,0.675
1980-02-15,0.13150298330281046
1980-02-18,-0.003482604668962963
1980-02-19,0.87
1980-02-20,-0.435
1980-02-21,-0.5834376654718937
1980-02-22,0.29657889281451527
1980-02-25,-1.5534127476747304
1980-02-26,1.12
1980-02-27,0.8
1980-02-28,2.073320786551707
1980-02-29,2.21
1980-03-03,2.7167130477782346
1980-03-04,-2.4532924077506424
1980-03-05,-1.44
1980-03-06,2.1567829645863905
1980-03-07,-1.113215844555338
1980-03-10,1.5136638940910565
1980-03-11,-0.20316503732846997
1980-03-12,-2.674517915965372
1980-03-13,2.2
1980-03-14,-0.88
1980-03-17,1.7568985351355138
1980-03-18,1.1219288210092822
1980-03-19,-1.616131618713159
1980-03-20,0.96
1980-03-21,0.7140240423564262
1980-03-24,3.244016306872125
1980-03-25,0.2570164284219192
1980-03-26,2.3790526077298977
1980-03-27,4.669100612375188
1980-03-28,-0.57
1980-03-31,3.4113906103663587
1980-04-01,-1.205708034927095
1980-04-02,-1.5556479335312834
1980-04-03,-5.44567483626336
1980-04-04,0.0
1980-04-07,0.33
1980-04-08,-4.29
1980-04-09,-0.66
1980-04-10,3.3
1980-04-11,-1.65
1980-04-14,1.32
1980-04-15,-0.66
1980-04-16,0.33
1980-04-17,3.63
1980-04-18,1.98
1980-04-21,-2.97
1980-04-22,0.0
1980-04-23,1.98
1980-04-24,-0.99
1980-04-25,-3.3024911349803086
1980-04-28,6.03
1980-04-29,0.0
1980-04-30,-3.35
1980-05-01,0.67
1980-05-02,-2.01
1980-05-05,-7.705
1980-05-06,2.6726082838697987
1980-05-07,2.2375444101827404
1980-05-08,-5.04
1980-05-09,2.5125843406438064
1980-05-12,8.4
1980-05-13,-3.917083093885481
1980-05-14,-0.265
1980-05-15,-2.12
1980-05-16,5.035
1980-05-19,-1.59
1980-05-20,-2.12
1980-05-21,0.795
1980-05-22,-1.59
1980-05-23,0.0
1980-05-26,0.0
1980-05-27,-1.59
1980-05-28,3.975
1980-05-29,3.71
1980-05-30,-1.59
1980-06-02,4.24
1980-06-03,-2.12
1980-06-04,0.0
1980-06-05,1.59
1980-06-06,-0.532267390629838
1980-06-09,-0.8144188074278507
1980-06-10,-0.00220231400682841
1980-06-11,0.5656057431023465
1980-06-12,0.5856081063949817
1980-06-13,-2.4443927519413755
1980-06-16,-3.465
1980-06-17,1.26
1980-06-18,1.89
1980-06-19,0.945
1980-06-20,-1.5771897292594572
1980-06-23,-2.8821707985858422
1980-06-24,0.975
1980-06-25,-2.6
1980-06-26,1.625
1980-06-27,1.3
1980-06-30,-4.2271377839456274
1980-07-01,-5.65209442951913
1980-07-02,-7.59
1980-07-03,-3.6449879755111256
1980-07-04,-0.004111830421306705
1980-07-07,-1.14
1980-07-08,-3.4241200043786626
1980-07-09,6.5958107530930405
1980-07-10,-6.374786821738499
1980-07-11,-5.758579908685356
1980-07-14,-8.406693261483808
1980-07-15,0.9616478029906809
1980-07-16,-2.4794713538564572
1980-07-17,-1.709482142785482
1980-07-18,2.025494128772076
1980-07-21,5.262671305284526
1980-07-22,-2.0846539803482416
1980-07-23,-4.082357057683269
1980-07-24,1.2626382759486219
1980-07-25,2.8576058725979596
1980-07-28,-1.785
1980-07-29,-1.3674077383230383
1980-07-30,0.7
1980-07-31,-4.0
1980-08-01,-1.702489227659527
1980-08-04,2.939961013407541
1980-08-05,-1.36
1980-08-06,-0.6825330607331626
1980-08-07,-0.00252847722349897
1980-08-08,1.35
1980-08-11,1.5
1980-08-12,-3.0
1980-08-13,0.8223651436436434
1980-08-14,1.61
1980-08-15,0.98
1980-08-18,-1.12
1980-08-19,-0.63
1980-08-20,0.21
1980-08-21,-1.26
1980-08-22,0.6273121540823856
1980-08-25,-1.43
1980-08-26,-1.495
1980-08-27,0.6472708906300515
1980-08-28,-0.3027261093424663
1980-08-29,-1.432753994440795
1980-09-01,-0.002753994440794946
1980-09-02,-0.45
1980-09-03,0.222262653319412
1980-09-04,0.3172690791622213
1980-09-05,-0.17772940229493586
1980-09-08,-0.4227349238676497
1980-09-09,0.4195012884467033
1980-09-10,0.12
1980-09-11,-0.09
1980-09-12,0.447208086034256
1980-09-15,0.03
1980-09-16,-0.12
1980-09-17,0.0
1980-09-18,-0.02
1980-09-19,-0.21
1980-09-22,0.06
1980-09-23,-0.03
1980-09-24,0.14
1980-09-25,0.08
1980-09-26,0.24
1980-09-29,-0.02
1980-09-30,-0.13
1980-10-01,0.01
1980-10-02,0.21
1980-10-03,-0.11
1980-10-06,-0.22275196934506514
1980-10-07,0.105
1980-10-08,-0.06
1980-10-09,-0.105
1980-10-10,-0.09
1980-10-13,-0.6
1980-10-14,0.18
1980-10-15,0.03
1980-10-16,0.195
1980-10-17,-0.15
1980-10-20,-0.06
1980-10-21,-0.105
1980-10-22,-0.435
1980-10-23,0.09
1980-10-24,-0.12573971186587887
1980-10-27,0.15916092312635396
1980-10-28,0.055
1980-10-29,-0.005
1980-10-30,-0.03584670031509193
1980-10-31,-0.09292506918171776
1980-11-03,0.0970776383176335
1980-11-04,-0.005839313659740886
1980-11-05,0.735
1980-11-06,-0.3208609636290608
1980-11-07,-0.04792209489368069
1980-11-10,0.04127199122498581
1980-11-11,0.2541942156526713
1980-11-12,0.8941883672130239
1980-11-13,-0.7708055735464956
1980-11-14,1.989163827233152
1980-11-17,0.9420834093396265
1980-11-18,1.6441517639233556
1980-11-19,1.3112328749013828
1980-11-20,4.311135379543477
1980-11-21,1.05
1980-11-24,-3.0089148320820502
1980-11-25,2.97
1980-11-26,0.0
1980-11-27,-0.011912654000702717
1980-11-28,3.885
1980-12-01,-2.2259815939297534
1980-12-02,-4.293014116425245
1980-12-03,0.0
1980-12-04,-2.803005022745117
1980-12-05,-1.845
1980-12-08,-0.41
1980-12-09,-8.206147323758836
1980-12-10,-7.3224953679306335
1980-12-11,-7.815906878304067
1980-12-12,1.6808944815401756
1980-12-15,5.5967589066788666
1980-12-16,-0.6879506202785217
1980-12-17,3.105
1980-12-18,-1.84
1980-12-19,1.035
1980-12-22,1.265
1980-12-23,1.15
1980-12-24,-1.265
1980-12-25,0.0
1980-12-26,0.0
1980-12-29,-0.92
1980-12-30,-0.115
1980-12-31,2.875
1981-01-01,0.0
1981-01-02,1.495
1981-01-05,-0.115
1981-01-06,1.15
1981-01-07,0.33843914475661685
1981-01-08,-0.6315632922904318
1981-01-09,-2.028291630755049
1981-01-12,0.7
1981-01-13,0.27345697303477295
1981-01-14,1.796727472989685
1981-01-15,-1.0882678140047288
1981-01-16,4.1567138069011795
1981-01-19,0.165
1981-01-20,1.1517512721951033
1981-01-21,-1.7065082975349113
1981-01-22,-3.063266247079898
1981-01-23,-7.215
1981-01-26,2.765045354657375
1981-01-27,2.55
1981-01-28,-1.53
1981-01-29,-3.74
1981-01-30,2.0366493831055745
1981-02-02,1.155
1981-02-03,4.125
1981-02-04,0.4916397400974865
1981-02-05,1.44
1981-02-06,2.88
1981-02-09,-4.32
1981-02-10,2.72
1981-02-11,0.8
1981-02-12,-1.76
1981-02-13,2.88
1981-02-16,0.0
1981-02-17,2.08
1981-02-18,-2.24
1981-02-19,2.88
1981-02-20,-1.28
1981-02-23,-2.72
1981-02-24,-2.4
1981-02-25,0.0
1981-02-26,-1.28
1981-02-27,0.48
1981-03-02,-6.4
1981-03-03,0.7964961814071214
1981-03-04,-3.565
1981-03-05,-3.572086576676889
1981-03-06,1.0079134615719
1981-03-09,3.1014453324048823
1981-03-10,-0.9170978279265085
1981-03-11,0.96
1981-03-12,2.52
1981-03-13,1.5564510860367458
1981-03-16,0.23
1981-03-17,0.46
1981-03-18,0.805
1981-03-19,1.265
1981-03-20,-2.415
1981-03-23,4.025
1981-03-24,0.46
1981-03-25,-0.69
1981-03-26,-2.3
1981-03-27,0.69
1981-03-30,1.84
1981-03-31,1.725
1981-04-01,-1.725
1981-04-02,1.725
1981-04-03,-1.15
1981-04-06,1.61
1981-04-07,4.6
1981-04-08,0.345
1981-04-09,0.575
1981-04-10,-2.993400731773099
1981-04-13,-1.08
1981-04-14,-1.44
1981-04-15,-0.12
1981-04-16,1.2
1981-04-17,0.0
1981-04-20,0.12
1981-04-21,-0.6
1981-04-22,-1.5632836728862012
1981-04-23,-0.125
1981-04-24,-1.5
1981-04-27,-0.125
1981-04-28,-3.375
1981-04-29,0.75
1981-04-30,1.0
1981-05-01,0.875
1981-05-04,-2.5
1981-05-05,0.75
1981-05-06,1.5
1981-05-07,0.0
1981-05-08,-0.25
1981-05-11,-1.5
1981-05-12,-3.875
1981-05-13,0.4869398743818185
1981-05-14,1.0467342064398455
1981-05-15,0.09673496775690187
1981-05-18,1.425
1981-05-19,-1.4282636036657506
1981-05-20,0.08673912123440906
1981-05-21,-2.635
1981-05-22,-1.2848132806362165
1981-05-25,-0.0032706597419964126
1981-05-26,0.78
1981-05-27,0.25345773967220125
1981-05-28,-0.275
1981-05-29,0.4917410924200946
1981-06-01,-0.95327147331158
1981-06-02,-0.4532751295748434
1981-06-03,-0.6832786694466125
1981-06-04,-0.03827619442417088
1981-06-05,-0.2165119379107331
1981-06-08,0.17348259315548012
1981-06-09,0.12674129657774005
1981-06-10,0.105
1981-06-11,-0.07
1981-06-12,0.08
1981-06-15,0.095
1981-06-16,-0.04
1981-06-17,-0.065
1981-06-18,-0.005
1981-06-19,0.005
1981-06-22,-0.03
1981-06-23,-0.03
1981-06-24,-0.038208629327796846
1981-06-25,-0.003230131942338399
1981-06-26,0.07176518309637678
1981-06-29,0.07352697476937632
1981-06-30,-0.1464730252306237
1981-07-01,-0.9332411036692583
1981-07-02,-0.2513284397092253
1981-07-03,0.0
1981-07-06,-1.4
1981-07-07,0.245
1981-07-08,-0.525
1981-07-09,0.35
1981-07-10,-0.63
1981-07-13,-1.295
1981-07-14,1.33
1981-07-15,0.6966211289046568
1981-07-16,0.15
1981-07-17,0.51
1981-07-20,1.2
1981-07-21,-0.3
1981-07-22,-0.42
1981-07-23,0.0
1981-07-24,0.03
1981-07-27,0.51
1981-07-28,-0.15
1981-07-29,0.3865687271410136
1981-07-30,0.5565988099592362
1981-07-31,-0.6034080223173023
1981-08-03,0.6715980334401579
1981-08-04,0.5966063733390691
1981-08-05,1.3165872292604524
1981-08-06,-0.3034140470840561
1981-08-07,1.0331912944825536
1981-08-10,2.0215759112071807
1981-08-11,-0.48682085351528803
1981-08-12,-0.003410426757644037
1981-08-13,3.793082994891547
1981-08-14,1.155
1981-08-17,-1.686940631734949
1981-08-18,2.185
1981-08-19,-1.61679290808974
1981-08-20,0.25
1981-08-21,3.9932565118505923
1981-08-24,2.565
1981-08-25,2.156670699037302
1981-08-26,-2.3866240717346687
1981-08-27,2.85
1981-08-28,-2.2533215718313935
1981-08-31,-3.1
1981-09-01,0.0
1981-09-02,0.1516754046473335
1981-09-03,-2.0833319982560985
1981-09-04,3.626652122439883
1981-09-07,0.0
1981-09-08,4.59
1981-09-09,0.5066551161164324
1981-09-10,-0.7066918432476224
1981-09-11,2.9533085483109174
1981-09-14,-2.7333546959935187
1981-09-15,-1.8033538811828447
1981-09-16,1.4316458412736364
1981-09-17,0.8332921017153702
1981-09-18,2.853295735331096
1981-09-21,2.7566455947689446
1981-09-22,-0.7117094311616416
1981-09-23,1.9566508387366146
1981-09-24,-0.7566980363996161
1981-09-25,2.5966772488349075
1981-09-28,1.5833539756949868
1981-09-29,-3.303327274243388
1981-09-30,0.56
1981-10-01,1.6733658804894593
1981-10-02,-2.3232687097411366
1981-10-05,-7.378284948340855
1981-10-06,-3.0
1981-10-07,3.3
1981-10-08,3.3
1981-10-09,0.0
1981-10-12,-4.5
1981-10-13,-3.6
1981-10-14,1.8
1981-10-15,4.2
1981-10-16,3.3
1981-10-19,-0.6
1981-10-20,3.0
1981-10-21,-0.9
1981-10-22,2.693595901953829
1981-10-23,-3.7231941977642933
1981-10-26,0.945
1981-10-27,-1.5781872599708269
1981-10-28,-2.2463696564956823
1981-10-29,2.31
1981-10-30,0.3268310645815831
1981-11-02,-1.011322265398894
1981-11-03,3.098687173629359
1981-11-04,2.84
1981-11-05,0.34868739265395227
1981-11-06,3.2786854047963403
1981-11-09,1.4968997695032267
1981-11-10,6.450677476706012
1981-11-11,0.395
1981-11-12,-4.348077978821293
1981-11-13,2.8
1981-11-16,2.8
1981-11-17,4.793888514519866
1981-11-18,2.456947526668401
1981-11-19,-2.496067354307045
1981-11-20,0.0
1981-11-23,8.493926230035296
1981-11-24,10.44
1981-11-25,2.61
1981-11-26,0.0
1981-11-27,3.48
1981-11-30,4.35
1981-12-01,-5.22
1981-12-02,1.305
1981-12-03,1.305
1981-12-04,-2.61
1981-12-07,11.31
1981-12-08,5.646092104947556
1981-12-09,7.14
1981-12-10,11.76
1981-12-11,-5.47196997851265
1981-12-14,8.794009874741125
1981-12-15,8.187070407057671
1981-12-16,-8.857957247103196
1981-12-17,-6.477829830006812
1981-12-18,4.19409315808128
1981-12-21,3.06
1981-12-22,-1.02
1981-12-23,3.06
1981-12-24,-6.46
1981-12-25,0.0
1981-12-28,-11.9
1981-12-29,5.1
1981-12-30,-0.68
1981-12-31,-1.36
1982-01-01,0.0
1982-01-04,-2.38
1982-01-05,3.06
1982-01-06,-4.76
1982-01-07,0.0
1982-01-08,4.76
1982-01-11,3.06
1982-01-12,1.3540001456978343
1982-01-13,-0.0029911253617029296
1982-01-14,0.34901815341356135
1982-01-15,1.4570090702989633
1982-01-18,-3.335986730558506
1982-01-19,4.56
1982-01-20,-1.52
1982-01-21,-4.942967517068478
1982-01-22,-1.54
1982-01-25,4.235
1982-01-26,-3.08
1982-01-27,-8.47
1982-01-28,3.0741011730337444
1982-01-29,-5.625
1982-02-01,-9.00596760196805
1982-02-02,0.7121473647268487
1982-02-03,0.0
1982-02-04,-0.67
1982-02-05,3.35
1982-02-08,4.69
1982-02-09,1.675
1982-02-10,-4.355
1982-02-11,0.67
1982-02-12,1.675
1982-02-15,0.0
1982-02-16,0.67
1982-02-17,-0.67
1982-02-18,1.34
1982-02-19,8.375
1982-02-22,0.335
1982-02-23,2.345
1982-02-24,-0.67
1982-02-25,0.0
1982-02-26,-2.0129074236019955
1982-03-01,-1.0229081841553234
1982-03-02,-2.4208228329302317
1982-03-03,3.55
1982-03-04,4.257108848250115
1982-03-05,5.4
1982-03-08,7.2
1982-03-09,-1.8
1982-03-10,-2.88
1982-03-11,0.0
1982-03-12,6.834266542283971
1982-03-15,-5.92
1982-03-16,2.96
1982-03-17,-4.07
1982-03-18,-3.33
1982-03-19,-1.85
1982-03-22,-1.85
1982-03-23,1.85
1982-03-24,-1.48
1982-03-25,1.11
1982-03-26,-1.48
1982-03-29,-4.442583548559197
1982-03-30,-0.375
1982-03-31,-1.125
1982-04-01,1.5
1982-04-02,-4.875
1982-04-05,-5.25
1982-04-06,0.375
1982-04-07,4.125
1982-04-08,-2.25
1982-04-09,0.0
1982-04-12,0.75
1982-04-13,-0.375
1982-04-14,1.875
1982-04-15,0.0
1982-04-16,0.0
1982-04-19,0.0
1982-04-20,-2.625
1982-04-21,2.625
1982-04-22,3.0
1982-04-23,-2.625
1982-04-26,0.375
1982-04-27,1.5
1982-04-28,0.375
1982-04-29,0.375
1982-04-30,3.372685695042315
1982-05-03,6.84
1982-05-04,2.28
1982-05-05,2.28
1982-05-06,0.3777316001147195
1982-05-07,-1.929512037488936
1982-05-10,4.735526457021443
1982-05-11,-0.405
1982-05-12,-0.8144753590877317
1982-05-13,2.0705468962479197
1982-05-14,-4.254421552031503
1982-05-17,0.87
1982-05-18,0.87
1982-05-19,-1.7443506906597368
1982-05-20,-1.7821753453298685
1982-05-21,0.8978369532875449
1982-05-24,2.272849501421279
1982-05-25,7.357843502125613
1982-05-26,-1.86
1982-05-27,2.325
1982-05-28,-1.395
1982-05-31,0.0
1982-06-01,6.51
1982-06-02,-1.3993006985940357
1982-06-03,3.7956963402425545
1982-06-04,3.8778499228743355
1982-06-07,-6.374320971653091
1982-06-08,0.5
1982-06-09,-2.5
1982-06-10,-1.5
1982-06-11,-7.5
1982-06-14,7.997864704339485
1982-06-15,5.4322023297962865
1982-06-16,4.182869014678003
1982-06-17,6.44
1982-06-18,-0.46
1982-06-21,-1.84
1982-06-22,-3.22
1982-06-23,1.38
1982-06-24,-2.3
1982-06-25,0.92
1982-06-28,5.52
1982-06-29,-0.46
1982-06-30,4.6
1982-07-01,-1.38
1982-07-02,3.133497361689467
1982-07-05,-0.004191017012331224
1982-07-06,7.125
1982-07-07,4.7478969625916605
1982-07-08,-4.32
1982-07-09,-2.88
1982-07-12,1.44
1982-07-13,-2.4
1982-07-14,-0.002107480261519472
1982-07-15,1.9357843750217563
1982-07-16,2.472894737554623
1982-07-19,5.49788987505979
1982-07-20,1.01
1982-07-21,-2.022097879872053
1982-07-22,4.59
1982-07-23,3.06
1982-07-26,5.607905141280087
1982-07-27,0.0
1982-07-28,6.177906145267757
1982-07-29,-4.16
1982-07-30,4.68
1982-08-02,-4.16
1982-08-03,-1.56
1982-08-04,-2.6
1982-08-05,8.32
1982-08-06,9.88
1982-08-09,2.0716777964011994
1982-08-10,2.0
1982-08-11,2.5
1982-08-12,20.0
1982-08-13,-4.036701605514489
1982-08-16,11.617835303047478
1982-08-17,2.451366313047597
1982-08-18,-7.02
1982-08-19,5.845726943056173
1982-08-20,-0.76
1982-08-23,-4.56
1982-08-24,-4.94
1982-08-25,-5.32
1982-08-26,8.357915494151973
1982-08-27,5.620822350132043
1982-08-30,2.555
1982-08-31,-4.015
1982-09-01,0.0
1982-09-02,-3.285
1982-09-03,2.19
1982-09-06,0.0
1982-09-07,9.125
1982-09-08,2.19
1982-09-09,1.46
1982-09-10,3.285
1982-09-13,-8.03204868725115
1982-09-14,-2.59
1982-09-15,1.11
1982-09-16,2.22
1982-09-17,4.44
1982-09-20,-1.48
1982-09-21,1.11
1982-09-22,2.96
1982-09-23,-3.7
1982-09-24,-5.18
1982-09-27,-1.48
1982-09-28,2.96
1982-09-29,1.11
1982-09-30,2.59
1982-10-01,2.96
1982-10-04,3.7
1982-10-05,-1.11
1982-10-06,-1.481997504589623
1982-10-07,-6.75
1982-10-08,3.375
1982-10-11,-6.375
1982-10-12,5.994005409011864
1982-10-13,-5.049976251038053
1982-10-14,3.8084623841809475
1982-10-15,2.102983617410622
1982-10-18,0.995
1982-10-19,-0.855
1982-10-20,-1.85
1982-10-21,3.0525
1982-10-22,5.42
1982-10-25,5.8525
1982-10-26,0.04
1982-10-27,0.8675
1982-10-28,-0.3325
1982-10-29,2.9675
1982-11-01,1.9125
1982-11-02,-0.0020008325234078953
1982-11-03,-1.1225
1982-11-04,-4.0175
1982-11-05,-7.3275
1982-11-08,-1.4765840689085177
1982-11-09,1.395
1982-11-10,-1.295
1982-11-11,-4.54
1982-11-12,2.4475
1982-11-15,1.4985226079437035
1982-11-16,-2.8525
1982-11-17,-1.6675
1982-11-18,-2.0975
1982-11-19,-2.2725
1982-11-22,0.2118430641834586
1982-11-23,-0.63
1982-11-24,-0.735
1982-11-25,0.0
1982-11-26,0.005
1982-11-29,4.81
1982-11-30,0.39709721380911317
1982-12-01,1.935
1982-12-02,2.11
1982-12-03,1.83
1982-12-06,-4.005
1982-12-07,-4.415
1982-12-08,-0.625
1982-12-09,-4.5
1982-12-10,1.0230062212575837
1982-12-13,-1.455
1982-12-14,4.11
1982-12-15,0.17603296802655075
1982-12-16,1.0
1982-12-17,-0.44
1982-12-20,-0.15
1982-12-21,1.12
1982-12-22,0.71
1982-12-23,-1.125
1982-12-24,-0.0019829886315524746
1982-12-27,-2.375
1982-12-28,-3.6
1982-12-29,0.7
1982-12-30,0.625
1982-12-31,0.0
1983-01-03,-0.55
1983-01-04,0.95
1983-01-05,-2.375
1983-01-06,-1.0
1983-01-07,-1.45
1983-01-10,-2.0550865751273855
1983-01-11,2.325
1983-01-12,-6.7875
1983-01-13,1.6064462987709547
1983-01-14,-2.3795218367380064
1983-01-17,-0.282014725357748
1983-01-18,0.2700582619548888
1983-01-19,1.25
1983-01-20,0.3
1983-01-21,-2.5
1983-01-24,-2.225
1983-01-25,0.25
1983-01-26,-3.625
1983-01-27,-1.7799345141068348
1983-01-28,2.7604715589501914
1983-01-31,-2.651564656671108
1983-02-01,0.6304814867458013
1983-02-02,1.0179823387417297
1983-02-03,0.05
1983-02-04,0.875
1983-02-07,2.0125
1983-02-08,-0.5
1983-02-09,-2.825
1983-02-10,-2.177023487807178
1983-02-11,-0.11904134296276246
1983-02-14,-3.2525
1983-02-15,1.3301376765360862
1983-02-16,2.3079730050548672
1983-02-17,-2.194078616373621
1983-02-18,0.38345052132121954
1983-02-21,-0.002010539875365576
1983-02-22,4.82
1983-02-23,-0.1525
1983-02-24,-0.9575
1983-02-25,3.1975
1983-02-28,3.692947359097527
1983-03-01,-1.8232415729324607
1983-03-02,-2.4421743941040046
1983-03-03,-0.23207369171688
1983-03-04,-0.085
1983-03-07,-1.095
1983-03-08,0.745
1983-03-09,-1.965
1983-03-10,0.1129243818655618
1983-03-11,-1.15
1983-03-14,-0.4
1983-03-15,0.75
1983-03-16,-3.8
1983-03-17,-0.9562670498616911
1983-03-18,0.2829132575554874
1983-03-21,-0.9020879229517352
1983-03-22,-0.7770879229517352
1983-03-23,-2.952140870812285
1983-03-24,0.7492956459385756
1983-03-25,-0.2621414964094029
1983-03-28,-0.4971373846440489
1983-03-29,1.0157163404957426
1983-03-30,0.9878509115759775
1983-03-31,-0.3216153107387601
1983-04-01,0.0
1983-04-04,0.1975
1983-04-05,1.1303630999335132
1983-04-06,0.46037006430132094
1983-04-07,-0.6875
1983-04-08,-1.077133891176603
1983-04-11,1.8328596049812715
1983-04-12,-0.047140172753642795
1983-04-13,-0.0175
1983-04-14,1.96784975765744
1983-04-15,0.075
1983-04-18,0.2
1983-04-19,-1.6543943115065067
1983-04-20,0.4778522216294883
1983-04-21,-0.65
1983-04-22,-0.4
1983-04-25,0.675
1983-04-26,0.325
1983-04-27,1.475
1983-04-28,0.175
1983-04-29,0.075
1983-05-02,-0.05201499712846998
1983-05-03,0.515
1983-05-04,1.2287169822364032
1983-05-05,-1.0525
1983-05-06,0.4055469397518217
1983-05-09,-1.5925
1983-05-10,1.175
1983-05-11,0.13545127766819043
1983-05-12,-0.5025
1983-05-13,0.345
1983-05-16,-2.3775
1983-05-17,-0.48463153050157337
1983-05-18,-0.155
1983-05-19,-1.2675
1983-05-20,-0.31174771026526993
1983-05-23,-0.35705426088291775
1983-05-24,0.185
1983-05-25,0.025
1983-05-26,-0.8270557184397457
1983-05-27,-0.03
1983-05-30,-0.0020464729471330397
1983-05-31,-2.345
1983-06-01,1.165
1983-06-02,-0.43
1983-06-03,-0.285
1983-06-06,0.7158230702747683
1983-06-07,-0.8170524714973736
1983-06-08,-0.825
1983-06-09,0.6104476925854618
1983-06-10,0.02085166607505647
1983-06-13,1.51
1983-06-14,-0.11
1983-06-15,0.39
1983-06-16,0.5379691160122531
1983-06-17,-0.135
1983-06-20,-0.865
1983-06-21,-0.625
1983-06-22,-0.805
1983-06-23,-0.9
1983-06-24,-1.0311384163653219
1983-06-27,-0.3820873121226017
1983-06-28,0.6972167438195181
1983-06-29,0.45
1983-06-30,0.3954075118173322
1983-07-01,0.04734797185972188
1983-07-04,0.0
1983-07-05,-1.9125
1983-07-06,0.26040436214867546
1983-07-07,-0.5491934308346916
1983-07-08,-0.5345931720594818
1983-07-11,1.2875
1983-07-12,-0.4879521217449591
1983-07-13,-0.04940823117814631
1983-07-14,-0.29220487970596093
1983-07-15,0.7677824428090387
1983-07-18,1.5477646840638302
1983-07-19,2.207695511382375
1983-07-20,2.625
1983-07-21,0.2276214682201537
1983-07-22,1.6251536967487772
1983-07-25,-0.9024347504621685
1983-07-26,-2.7824847481358805
1983-07-27,0.605
1983-07-28,2.0
1983-07-29,-1.31
1983-08-01,3.3688724723947607
1983-08-02,1.1175
1983-08-03,2.77485213055122
1983-08-04,-1.4801563924497172
1983-08-05,3.0375
1983-08-08,-1.1401831370281768
1983-08-09,-0.9901891616563986
1983-08-10,4.296496597200941
1983-08-11,0.22
1983-08-12,0.0
1983-08-15,4.397193495986868
1983-08-16,-1.3868626568494333
1983-08-17,-2.3
1983-08-18,-3.68
1983-08-19,2.3
1983-08-22,4.596452239288772
1983-08-23,2.4425
1983-08-24,-2.02
1983-08-25,-2.105
1983-08-26,2.4025
1983-08-29,-2.9425
1983-08-30,-4.7
1983-08-31,3.3
1983-09-01,-2.5231459293999
1983-09-02,2.3325
1983-09-05,0.0
1983-09-06,2.795
1983-09-07,-0.435
1983-09-08,0.5975
1983-09-09,1.4075
1983-09-12,-0.8875
1983-09-13,-2.2375
1983-09-14,-1.8060773948963975
1983-09-15,-3.965
1983-09-16,2.285
1983-09-19,4.06
1983-09-20,-0.5833077992521863
1983-09-21,4.0
1983-09-22,-3.583395711741793
1983-09-23,-1.903417532792852
1983-09-26,-1.7484357086540716
1983-09-27,1.78
1983-09-28,-2.285
1983-09-29,1.0763793621995135
1983-09-30,1.4325
1983-10-03,-0.87
1983-10-04,-2.16
1983-10-05,2.355
1983-10-06,0.54
1983-10-07,-1.395
1983-10-10,-0.8660655969146899
1983-10-11,-0.29
1983-10-12,-0.69
1983-10-13,2.84
1983-10-14,-0.79
1983-10-17,-0.37
1983-10-18,-1.67
1983-10-19,-0.13
1983-10-20,-0.59
1983-10-21,0.9
1983-10-24,-2.7
1983-10-25,0.74
1983-10-26,-2.65
1983-10-27,0.22
1983-10-28,-0.28
1983-10-31,-0.26
1983-11-01,0.81
1983-11-02,1.4264124206473243
1983-11-03,-0.26
1983-11-04,0.29641609944430014
1983-11-07,1.646428664486007
1983-11-08,1.5614286644860071
1983-11-09,-1.413570368659675
1983-11-10,0.7164293294098446
1983-11-11,-1.1707236670054875
1983-11-14,-1.5275
1983-11-15,1.661245618761041
1983-11-16,-2.4675
1983-11-17,0.54
1983-11-18,-1.4660987409662638
1983-11-21,-0.7386000896017866
1983-11-22,-0.2
1983-11-23,1.9514082943180588
1983-11-24,0.0
1983-11-25,1.3125
1983-11-28,-0.375
1983-11-29,-0.07859171425763138
1983-11-30,-1.702131467491965
1983-12-01,0.9114340896559342
1983-12-02,-1.773565910344066
1983-12-05,-2.6285730651927732
1983-12-06,-1.0425
1983-12-07,1.215
1983-12-08,-0.7425
1983-12-09,1.725
1983-12-12,0.945
1983-12-13,-0.813570734998687
1983-12-14,0.5864300845715271
1983-12-15,1.1339300845715272
1983-12-16,-0.5285650487697939
1983-12-19,3.0714345964391154
1983-12-20,0.0
1983-12-21,-0.6735608594499491
1983-12-22,0.8289501544090495
1983-12-23,1.818956796659655
1983-12-26,-0.0035404359246400427
1983-12-27,1.0125
1983-12-28,-1.5785395652489131
1983-12-29,-0.04603548164272053
1983-12-30,0.31295160448507925
1984-01-02,-0.0035207542739705724
1984-01-03,-3.7625
1984-01-04,0.2
1984-01-05,0.7464815576498509
1984-01-06,3.0604645888947744
1984-01-09,-3.0275
1984-01-10,2.151558164809269
1984-01-11,0.545
1984-01-12,-0.415
1984-01-13,-0.04704436232033557
1984-01-16,-8.1
1984-01-17,3.5250899741571913
1984-01-18,-0.017000215768692845
1984-01-19,-0.31
1984-01-20,-0.89
1984-01-23,1.07
1984-01-24,4.546596126501133
1984-01-25,-2.99
1984-01-26,-0.7325
1984-01-27,-0.5225
1984-01-30,-0.8775
1984-01-31,-2.53
1984-02-01,1.3341093603714627
1984-02-02,1.82
1984-02-03,-0.15
1984-02-06,1.165
1984-02-07,0.31
1984-02-08,-1.915
1984-02-09,-0.53
1984-02-10,-1.515
1984-02-13,-0.975
1984-02-14,-0.705
1984-02-15,0.447546995989745
1984-02-16,-0.0034538824047515
1984-02-17,-4.81
1984-02-20,0.0
1984-02-21,1.08
1984-02-22,1.89
1984-02-23,-4.01
1984-02-24,1.295
1984-02-27,0.265
1984-02-28,-1.24
1984-02-29,4.275
1984-03-01,-0.06827355779840902
1984-03-02,3.1475
1984-03-05,0.3
1984-03-06,-0.72
1984-03-07,-1.94
1984-03-08,0.7525
1984-03-09,1.63
1984-03-12,1.66
1984-03-13,-0.36986919688982495
1984-03-14,1.1132445481070825
1984-03-15,-1.4833786685141057
1984-03-16,-1.0833786685141058
1984-03-19,0.09167614261143309
1984-03-20,1.1766904108933978
1984-03-21,1.4153714035355964
1984-03-22,1.5566956209620275
1984-03-23,0.4609370981770193
1984-03-26,2.580957555537111
1984-03-27,0.23177794403771917
1984-03-28,-0.8569907764685837
1984-03-29,-2.7481650667398823
1984-03-30,1.335
1984-04-02,5.3225
1984-04-03,2.975
1984-04-04,0.8925
1984-04-05,-4.8
1984-04-06,-1.3409805771870043
1984-04-09,3.4
1984-04-10,-1.8
1984-04-11,-2.565
1984-04-12,0.24367522648933673
1984-04-13,-0.005000000000009641
1984-04-16,-3.144999999999993
1984-04-17,1.5299999999999985
1984-04-18,3.299999999999991
1984-04-19,3.8571428417888147
1984-04-20,-0.005714316422368728
1984-04-23,5.8400000000000025
1984-04-24,-8.239999999999995
1984-04-25,-0.11592436311308699
1984-04-26,-3.4249999999999896
1984-04-27,1.5735261997477197
1984-04-30,0.6099999999999796
1984-05-01,1.8650000000000149
1984-05-02,2.014999999999992
1984-05-03,-2.9200000000000044
1984-05-04,1.0950000000000046
1984-05-07,-2.155000000000007
1984-05-08,-0.7049999999999783
1984-05-09,-4.407659792023783
1984-05-10,-2.7000000000000055
1984-05-11,-3.524999999999982
1984-05-14,-1.5649597840857943
1984-05-15,2.2349999999999945
1984-05-16,4.389614804148868
1984-05-17,-1.8173538962240567
1984-05-18,1.265000000000009
1984-05-21,5.5024999999999915
1984-05-22,-1.2873505455422039
1984-05-23,-0.18750000000001704
1984-05-24,1.4842512857232877
1984-05-25,0.5899999999999938
1984-05-28,0.0
1984-05-29,-1.3000000000000063
1984-05-30,-1.1399999999999972
1984-05-31,-1.5099999999999985
1984-06-01,0.250000000000008
1984-06-04,-1.0900000000000047
1984-06-05,-1.5100000000000062
1984-06-06,-2.0199999999999956
1984-06-07,1.1800000000000017
1984-06-08,-1.8700000000000039
1984-06-11,1.8299999999999979
1984-06-12,0.4900000000000074
1984-06-13,4.45
1984-06-14,-1.1800000000000017
1984-06-15,1.119999999999993
1984-06-18,3.457088773318994
1984-06-19,4.589999999999994
1984-06-20,-2.2171166792017196
1984-06-21,-1.867499999999993
1984-06-22,-0.957500000000001
1984-06-25,-2.904999999999996
1984-06-26,-3.042499999999996
1984-06-27,0.3150000000000091
1984-06-28,0.6424999999999783
1984-06-29,7.555444369657033
1984-07-02,-0.7341788985231996
1984-07-03,-4.97999999999998
1984-07-04,-0.006079181357513231
1984-07-05,-5.872500000000004
1984-07-06,1.0778806892428832
1984-07-09,3.9950000000000156
1984-07-10,-4.052182504140344
1984-07-11,-2.854373400192413
1984-07-12,1.9928078576676527
1984-07-13,-1.2249999999999839
1984-07-16,-0.9175000000000011
1984-07-17,0.259999999999975
1984-07-18,0.8575000000000046
1984-07-19,0.8049999999999965
1984-07-20,-2.182499999999982
1984-07-23,-0.6074999999999977
1984-07-24,-1.6871679589349702
1984-07-25,-1.1980709888538608
1984-07-26,1.652829977531798
1984-07-27,-0.9871659449470956
1984-07-30,0.2323545134502293
1984-07-31,2.152825994238796
1984-08-01,0.4699999999999864
1984-08-02,2.4750000000000223
1984-08-03,1.4149999999999727
1984-08-06,-1.9231586940992533
1984-08-07,-0.8075000000000307
1984-08-08,-0.3824999999999608
1984-08-09,1.9649999999999606
1984-08-10,-0.35249999999996245
1984-08-13,-0.29767712748856145
1984-08-14,2.269999999999993
1984-08-15,-0.8686211585471969
1984-08-16,0.46750000000001135
1984-08-17,-2.1025000000000253
1984-08-20,-3.1906370814968814
1984-08-21,1.4600000000000204
1984-08-22,2.5325402152148584
1984-08-23,-1.162276708269796
1984-08-24,1.2950000000000512
1984-08-27,-0.5100000000000257
1984-08-28,-0.845
1984-08-29,-2.395000000000006
1984-08-30,0.8400000000000201
1984-08-31,0.2849999999999858
1984-09-03,0.0
1984-09-04,-1.134999999999983
1984-09-05,0.9650000000000198
1984-09-06,2.145
1984-09-07,1.389999999999963
1984-09-10,4.05
1984-09-11,0.29999999999999427
1984-09-12,-0.9649999999999574
1984-09-13,0.12266212832605652
1984-09-14,1.9300000000000028
1984-09-17,-2.010000000000014
1984-09-18,1.7267905129398031
1984-09-19,3.892499999999946
1984-09-20,-1.1124999999999858
1984-09-21,-3.0074999999999803
1984-09-24,-2.2300000000000195
1984-09-25,-1.1422952342506636
1984-09-26,0.3049999999999517
1984-09-27,2.447500000000014
1984-09-28,-4.625000000000022
1984-10-01,-1.1427574940179144
1984-10-02,0.9725
1984-10-03,-0.3125000000000091
1984-10-04,0.8674999999999978
1984-10-05,1.7824999999999613
1984-10-08,-0.18999999999999093
1984-10-09,-0.42250000000000454
1984-10-10,0.5200000000000409
1984-10-11,0.11249999999995225
1984-10-12,2.6450000000000458
1984-10-15,-1.9350406971359104
1984-10-16,0.5974999999999744
1984-10-17,-0.007500000000017099
1984-10-18,2.56000000000004
1984-10-19,1.69
1984-10-22,-0.6375000000000398
1984-10-23,1.5950000000000426
1984-10-24,1.3450190764480936
1984-10-25,-3.1158913394500107
1984-10-26,-3.3900000000000206
1984-10-29,-0.0226031945092323
1984-10-30,3.65
1984-10-31,-0.5284586434528195
1984-11-01,2.7775000000000314
1984-11-02,0.09749999999999144
1984-11-05,2.0374999999999943
1984-11-06,0.6324999999999801
1984-11-07,-1.5734965102525253
1984-11-08,-3.0449999999999973
1984-11-09,1.9441915251710538
1984-11-12,0.8850000000000484
1984-11-13,-2.267592888043811
1984-11-14,-0.3418552203404488
1984-11-15,1.5299999999999727
1984-11-16,0.44023133550095467
1984-11-19,0.7674999999999659
1984-11-20,1.7452326142002084
1984-11-21,3.004999999999976
1984-11-22,0.0
1984-11-23,2.56250000000001
1984-11-26,-1.06
1984-11-27,-1.128579577196902
1984-11-28,-0.014999999999993088
1984-11-29,-0.4275087240558543
1984-11-30,-4.66
1984-12-03,0.9099999999999602
1984-12-04,1.1500000000000516
1984-12-05,-2.11999999999998
1984-12-06,-2.7000000000000477
1984-12-07,-4.399999999999989
1984-12-10,1.995000000000032
1984-12-11,1.9999999999999878
1984-12-12,-0.8222678823358264
1984-12-13,-3.252257023380536
1984-12-14,4.19274404921808
1984-12-17,1.731307597616581
1984-12-18,2.0327472709896073
1984-12-19,-1.1949999999999878
1984-12-20,-0.73975001710072
1984-12-21,0.4975000000000159
1984-12-24,0.9625000000000039
1984-12-25,-0.0022449453928693837
1984-12-26,-2.292500000000012
1984-12-27,-0.7325
1984-12-28,0.38027240653828914
1984-12-31,-1.5274999999999324
1985-01-01,0.0
1985-01-02,-1.3275000000000716
1985-01-03,0.5175000000000438
1985-01-04,-1.035000000000028
1985-01-07,3.6999999999999793
1985-01-08,-0.6596597586125509
1985-01-09,0.9228448200613438
1985-01-10,-0.09464996729238732
1985-01-11,-2.1299999999999484
1985-01-14,-0.04214421884111229
1985-01-15,1.8424999999999243
1985-01-16,-0.502499999999996
1985-01-17,-0.20249999999993631
1985-01-18,2.5299999999999403
1985-01-21,0.1325
1985-01-22,1.8872918622006412
1985-01-23,0.32999999999993634
1985-01-24,3.0125000000000544
1985-01-25,-0.6425000000000409
1985-01-28,-1.005000000000018
1985-01-29,0.48983711365752347
1985-01-30,-0.03749999999996419
1985-01-31,-1.6461864227951877
1985-02-01,-4.684999999999938
1985-02-04,0.17743522508449758
1985-02-05,1.490000000000009
1985-02-06,-2.4850000000000865
1985-02-07,-1.0999999999999637
1985-02-08,1.140000000000041
1985-02-11,-1.240000000000082
1985-02-12,-0.32499999999993634
1985-02-13,0.5600000000000273
1985-02-14,2.719999999999982
1985-02-15,-1.2428030864704078
1985-02-18,0.0
1985-02-19,-0.18500000000003183
1985-02-20,-3.304999999999955
1985-02-21,-1.8486302414586806
1985-02-22,-1.9150000000000045
1985-02-25,0.1950000000000273
1985-02-26,1.1850000000000092
1985-02-27,-3.3500000000000725
1985-02-28,-1.3805127392788767
1985-03-01,-0.6499999999999683
1985-03-04,-1.310000000000016
1985-03-05,2.080000000000012
1985-03-06,-1.6869984865496577
1985-03-07,-0.7200000000000307
1985-03-08,3.8499999999999757
1985-03-11,1.0593168578039438
1985-03-12,-0.909999999999946
1985-03-13,-1.8200000000000254
1985-03-14,-0.3600000000000313
1985-03-15,0.7475000000000029
1985-03-18,-0.819999999999946
1985-03-19,1.4799999999999487
1985-03-20,1.5000000000000226
1985-03-21,0.6499999999999659
1985-03-22,-0.4350000000000171
1985-03-25,-0.012499999999974443
1985-03-26,1.789999999999989
1985-03-27,-0.1800000000000199
1985-03-28,0.7300000000000313
1985-03-29,1.6609362346157666
1985-04-01,-0.10406479453897687
1985-04-02,-0.15654587982924115
1985-04-03,-0.17901822610390467
1985-04-04,-0.5390166996977841
1985-04-05,-0.001514949929620359
1985-04-08,0.45249999999995455
1985-04-09,0.5360021729907496
1985-04-10,0.3235023539652865
1985-04-11,2.2219775600333787
1985-04-12,-0.4599999999999625
1985-04-15,0.2699999999999693
1985-04-16,1.780000000000024
1985-04-17,-2.239999999999986
1985-04-18,3.509999999999976
1985-04-19,-0.8699999999999797
1985-04-22,1.8964929813794202
1985-04-23,-2.9824999999999693
1985-04-24,1.6175000000000037
1985-04-25,-2.382500000000004
1985-04-26,-0.4563958015405793
1985-04-29,-2.2449999999999757
1985-04-30,0.8978145535139188
1985-05-01,0.9750000000000227
1985-05-02,-0.6750000000000256
1985-05-03,2.4125000000000374
1985-05-06,1.2499999999999716
1985-05-07,1.246472619605456
1985-05-08,-1.3499999999999859
1985-05-09,2.8499999999999575
1985-05-10,2.1750000000000256
1985-05-13,-0.9572676556878769
1985-05-14,3.360000000000048
1985-05-15,-1.630000000000007
1985-05-16,2.0349999999999624
1985-05-17,-1.604876358721086
1985-05-20,4.727737211017503
1985-05-21,-1.42499999999998
1985-05-22,-0.7400000000000518
1985-05-23,-0.5799999999999643
1985-05-24,1.540000000000012
1985-05-27,0.0
1985-05-28,0.144999999999996
1985-05-29,-0.7661205918928164
1985-05-30,2.1427451839489584
1985-05-31,1.3600000000000796
1985-06-03,4.235114229474948
1985-06-04,0.17387054964113338
1985-06-05,6.8567262254881225
1985-06-06,-1.406303193465388
1985-06-07,-7.080000000000008
1985-06-10,-0.14342211700102614
1985-06-11,1.8324999999999796
1985-06-12,-0.6074999999999828
1985-06-13,-1.4825000000000206
1985-06-14,3.717499999999986
1985-06-17,-1.3224999999999763
1985-06-18,2.639999999999963
1985-06-19,-3.0974999999999384
1985-06-20,-2.1475000000000444
1985-06-21,-2.2900000000000102
1985-06-24,-1.0750000000000681
1985-06-25,-1.2399999999999283
1985-06-26,-1.2775000000000682
1985-06-27,2.777500000000004
1985-06-28,1.7425000000000341
1985-07-01,-0.6100000000000307
1985-07-02,-0.2756414576388546
1985-07-03,-0.6
1985-07-04,-0.0011341705222482042
1985-07-05,6.550000000000008
1985-07-08,-2.6575000000000037
1985-07-09,-1.4325000000000205
1985-07-10,-0.8574999999999591
1985-07-11,-3.491196463710996
1985-07-12,1.735000000000016
1985-07-15,-1.1400000000000121
1985-07-16,0.6399999999999683
1985-07-17,0.10500000000001992
1985-07-18,-5.001238192547646
1985-07-19,-1.111252163195344
1985-07-22,-2.1062508374520332
1985-07-23,-0.4837513019501517
1985-07-24,-1.3025064868510288
1985-07-25,0.5212442423767281
1985-07-26,-1.6812564807225432
1985-07-29,-1.9175000000000597
1985-07-30,-0.563772871745011
1985-07-31,1.3912269158650596
1985-08-01,1.80372656912712
1985-08-02,-2.822499999999996
1985-08-05,0.4012241317248716
1985-08-06,0.2550000000000238
1985-08-07,2.4387304838802892
1985-08-08,2.092500000000004
1985-08-09,1.0049999999999244
1985-08-12,-0.024999999999908505
1985-08-13,-1.8737810834494975
1985-08-14,1.3499999999999721
1985-08-15,0.009999999999956254
1985-08-16,1.7169572732684133
1985-08-19,1.2499999999999323
1985-08-20,0.7049999999999881
1985-08-21,1.230000000000016
1985-08-22,-0.5325000000000318
1985-08-23,-0.8041945662346118
1985-08-26,-1.1499999999999522
1985-08-27,1.79499999999996
1985-08-28,-0.8950000000000436
1985-08-29,1.107812839527003
1985-08-30,-3.414194025309491
1985-09-02,0.0
1985-09-03,1.022500000000059
1985-09-04,1.9025000000000272
1985-09-05,-1.8875000000001
1985-09-06,-6.159271645718504
1985-09-09,-0.26152318442036554
1985-09-10,0.9400000000000238
1985-09-11,-0.0988614528349604
1985-09-12,-0.2875000000000716
1985-09-13,3.1375000000000437
1985-09-16,0.7175000000000359
1985-09-17,-0.8175000000000717
1985-09-18,-0.857499999999988
1985-09-19,-0.07250000000000796
1985-09-20,2.48
1985-09-23,1.0349999999999484
1985-09-24,0.94
1985-09-25,0.5095787634925985
1985-09-26,0.4793412623345826
1985-09-27,-1.965000000000032
1985-09-30,0.7300000000000437
1985-10-01,1.078537381170461
1985-10-02,-1.5450000000000237
1985-10-03,0.6250000000000437
1985-10-04,-0.8114622649944035
1985-10-07,-1.8872641234401408
1985-10-08,1.1249999999999771
1985-10-09,-0.3614946059573037
1985-10-10,0.20500000000004093
1985-10-11,0.3034978561906477
1985-10-14,0.6908818720697415
1985-10-15,0.2228617783797082
1985-10-16,1.5024999999999489
1985-10-17,1.8699999999999948
1985-10-18,0.8875000000001022
1985-10-21,-0.49660071134840106
1985-10-22,1.1928969899535655
1985-10-23,-0.55
1985-10-24,-1.1600000000000228
1985-10-25,-0.5000000000000796
1985-10-28,-1.1620713547760961
1985-10-29,5.205000000000094
1985-10-30,2.1008763347033486
1985-10-31,1.662499999999925
1985-11-01,0.34295916783460195
1985-11-04,0.32249999999995227
1985-11-05,2.057499999999966
1985-11-06,-0.1825
1985-11-07,0.3284481440602583
1985-11-08,3.643037442650237
1985-11-11,-0.364999999999867
1985-11-12,3.9899999999999407
1985-11-13,-2.389999999999926
1985-11-14,-1.2450000000000296
1985-11-15,-2.001558893700568
1985-11-18,6.639999999999933
1985-11-19,-0.4409677125152352
1985-11-20,-1.1075000000001023
1985-11-21,0.8549999999999658
1985-11-22,-0.25499999999992495
1985-11-25,-0.2550000000000614
1985-11-26,0.32500000000010915
1985-11-27,2.0874999999998707
1985-11-28,-0.0015208747262636462
1985-11-29,1.5600000000001502
1985-12-02,-3.6050000000000075
1985-12-03,0.7
1985-12-04,2.3334783977108353
1985-12-05,-0.4574999999999659
1985-12-06,-1.2040124429994066
1985-12-09,5.215991292994757
1985-12-10,3.0049999999999457
1985-12-11,5.012499999999972
1985-12-12,-1.5707269142814186
1985-12-13,0.5849999999999687
1985-12-16,1.2099999999999125
1985-12-17,4.132499999999994
1985-12-18,-2.1199999999999126
1985-12-19,1.1774999999999813
1985-12-20,1.3149999999999875
1985-12-23,-1.794039518691047
1985-12-24,0.23250000000011253
1985-12-25,0.0
1985-12-26,1.1149999999999125
1985-12-27,1.6275000000000688
1985-12-30,-1.058878289091227
1985-12-31,0.06750000000010914
1986-01-01,0.0
1986-01-02,-2.0525000000000886
1986-01-03,-1.2600000000000138
1986-01-06,-0.38249999999989087
1986-01-07,4.762499999999899
1986-01-08,-5.559999999999912
1986-01-09,-2.411697295718396
1986-01-10,-2.519999999999993
1986-01-13,-5.670000000000095
1986-01-14,2.183839352250972
1986-01-15,3.200000000000094
1986-01-16,-0.21500000000006875
1986-01-17,-0.024999999999968714
1986-01-20,-1.3299999999999814
1986-01-21,1.894999999999925
1986-01-22,-1.4149999999999125
1986-01-23,2.549999999999906
1986-01-24,0.7650000000000375
1986-01-27,2.829999999999981
1986-01-28,2.10499999999995
1986-01-29,-1.969999999999925
1986-01-30,-0.3
1986-01-31,0.9600000000000252
1986-02-03,1.7084404128849298
1986-02-04,1.2384688269066282
1986-02-05,-1.8450000000000686
1986-02-06,-1.7699999999999811
1986-02-07,-1.9565230770448834
1986-02-10,2.884999999999925
1986-02-11,1.3749999999999687
1986-02-12,-0.12499999999989996
1986-02-13,0.41277349194036084
1986-02-14,3.6170213376971545
1986-02-17,-0.0015224904610650594
1986-02-18,1.7300000000000408
1986-02-19,-1.2515224657341772
1986-02-20,0.20847753426580917
1986-02-21,4.008485436872399
1986-02-24,3.0399999999999796
1986-02-25,-0.7550000000000603
1986-02-26,1.7250000000001493
1986-02-27,5.544999999999899
1986-02-28,0.750000000000075
1986-03-03,3.649999999999898
1986-03-04,1.7900000000000407
1986-03-05,-5.6964961732035695
1986-03-06,2.830905130960642
1986-03-07,1.6624999999999657
1986-03-10,5.724999999999986
1986-03-11,0.24999999999995223
1986-03-12,-0.052499999999904505
1986-03-13,-0.3625000000001091
1986-03-14,1.075000000000075
1986-03-17,-0.8349999999999523
1986-03-18,-1.3075000000001091
1986-03-19,0.41500000000007503
1986-03-20,0.946975472452146
1986-03-21,-0.8974999999999386
1986-03-24,3.052500000000041
1986-03-25,0.06250000000004774
1986-03-26,2.0578799704326323
1986-03-27,3.375000000000074
1986-03-28,0.0
1986-03-31,2.9874999999999927
1986-04-01,0.235
1986-04-02,0.022499999999933518
1986-04-03,-2.3174999999999626
1986-04-04,-0.36750000000003785
1986-04-07,0.34000000000013303
1986-04-08,4.650000000000008
1986-04-09,1.022499999999963
1986-04-10,-0.11749999999998521
1986-04-11,-1.9575000000000295
1986-04-14,3.457499999999941
1986-04-15,-2.012499999999978
1986-04-16,4.6649999999999405
1986-04-17,-2.4174999999999924
1986-04-18,-2.3324999999999916
1986-04-21,-1.3249999999998596
1986-04-22,-4.127499999999992
1986-04-23,-3.822000815874892
1986-04-24,-3.7989346102424926
1986-04-25,-1.582073251005172
1986-04-28,4.315000000000044
1986-04-29,1.8825000000000447
1986-04-30,1.6675000000000124
1986-05-01,-2.8907444851034048
1986-05-02,-1.7266523966479514
1986-05-05,3.7550000000000754
1986-05-06,-1.0525000000000384
1986-05-07,-1.2249999999999688
1986-05-08,3.365759542506339
1986-05-09,-3.3874999999999313
1986-05-12,-4.544292465579952
1986-05-13,2.6653898955678086
1986-05-14,-2.099999999999894
1986-05-15,-3.9717856401580796
1986-05-16,-4.137367869703926
1986-05-19,-1.059999999999983
1986-05-20,1.43
1986-05-21,-0.2899999999998977
1986-05-22,0.7199999999999829
1986-05-23,0.8549999999999204
1986-05-26,0.0
1986-05-27,2.075000000000097
1986-05-28,-2.060000000000057
1986-05-29,-4.499572929731789
1986-05-30,-1.4898182675851057
1986-06-02,-3.7175000000000105
1986-06-03,2.527888572531739
1986-06-04,-2.957500000000004
1986-06-05,1.085000000000009
1986-06-06,5.524740992181946
1986-06-09,-3.049613364357726
1986-06-10,0.0299999999999693
1986-06-11,0.9700000000000204
1986-06-12,-0.4349999999999625
1986-06-13,2.99
1986-06-16,-0.03000000000000682
1986-06-17,1.3399999999999488
1986-06-18,0.36499999999998983
1986-06-19,-1.2349999999999728
1986-06-20,0.5849999999999898
1986-06-23,0.16499999999992157
1986-06-24,-0.1749999999999318
1986-06-25,0.290083194995529
1986-06-26,0.07832427568346323
1986-06-27,1.1383217389911553
1986-06-30,-0.6049047188669316
1986-07-01,0.06940965843193798
1986-07-02,0.30279800291319986
1986-07-03,2.172584073506612
1986-07-04,-0.0016917057003266406
1986-07-07,-1.2900000000000358
1986-07-08,-2.4559268846522646
1986-07-09,2.0907851572913843
1986-07-10,-1.0384030981211354
1986-07-11,0.9557981287549219
1986-07-14,1.009096914751371
1986-07-15,1.5432737286621494
1986-07-16,-0.09000000000007162
1986-07-17,-0.057509900382270655
1986-07-18,0.6818796145120153
1986-07-21,0.9999999999999204
1986-07-22,-0.754954456361218
1986-07-23,-2.5000000000000626
1986-07-24,-1.5600000000000251
1986-07-25,0.9100000000000251
1986-07-28,-2.699999999999969
1986-07-29,3.359999999999962
1986-07-30,0.9600000000000258
1986-07-31,1.8382178994968736
1986-08-01,-0.17680024442357345
1986-08-04,1.0799999999999814
1986-08-05,-1.4999999999999374
1986-08-06,-1.2200000000000126
1986-08-07,0.7781839303510859
1986-08-08,1.408180363862941
1986-08-11,1.2750914934839526
1986-08-12,1.4799999999999796
1986-08-13,1.7081802209276262
1986-08-14,-0.8418313478227809
1986-08-15,0.5821202195021526
1986-08-18,0.07000000000010914
1986-08-19,2.509999999999884
1986-08-20,0.94250555646866
1986-08-21,1.4483243879876837
1986-08-22,-2.2850000000000295
1986-08-25,2.191319683826206
1986-08-26,2.3875000000001476
1986-08-27,-3.2011515205161767
1986-08-28,1.0031755092157397
1986-08-29,1.7056790872457075
1986-09-01,-0.003634273428567655
1986-09-02,-2.855000000000074
1986-09-03,-3.7993209127543146
1986-09-04,1.4963597468312813
1986-09-05,-5.639322535905398
1986-09-08,-3.6819432913213817
1986-09-09,1.2873580677578724
1986-09-10,1.7381690678401196
1986-09-11,-3.1850000000000622
1986-09-12,-0.4586408630856309
1986-09-15,2.2031795109306485
1986-09-16,-0.8736345770182875
1986-09-17,-0.20000000000001256
1986-09-18,-2.9999999999999942
1986-09-19,-0.5800000000001125
1986-09-22,-0.24
1986-09-23,-2.549999999999999
1986-09-24,1.9363327862011044
1986-09-25,1.1781598050889546
1986-09-26,-0.3586934891912263
1986-09-29,-5.196897599152196
1986-09-30,2.960529668222119
1986-10-01,0.5431059480996462
1986-10-02,0.3280986766061021
1986-10-03,5.5081375796961565
1986-10-06,2.0731172022439366
1986-10-07,0.5880595850907332
1986-10-08,-1.1499999999999555
1986-10-09,0.6000000000000119
1986-10-10,-1.1349103225988366
1986-10-13,-0.7999999999999658
1986-10-14,-1.660000000000075
1986-10-15,0.3300000000000341
1986-10-16,-0.9499999999999658
1986-10-17,-1.2399999999999796
1986-10-20,-1.071942283920507
1986-10-21,1.3730603556430394
1986-10-22,1.8750762126087828
1986-10-23,1.2380726581892796
1986-10-24,-1.4100000000000958
1986-10-27,1.9630742694207537
1986-10-28,-0.20999999999998523
1986-10-29,1.8280704217523278
1986-10-30,1.1550000000000444
1986-10-31,-0.15499999999994826
1986-11-03,0.408068701733453
1986-11-04,-0.16000000000005174
1986-11-05,-0.42065003734231066
1986-11-06,-1.4150000000000875
1986-11-07,-2.012499999999832
1986-11-10,1.0074999999999443
1986-11-11,0.8549999999999444
1986-11-12,0.5455617225034151
1986-11-13,0.4049999999999443
1986-11-14,1.5084461733378314
1986-11-17,2.3624999999998213
1986-11-18,-1.7019300662915462
1986-11-19,3.6180745182424894
1986-11-20,-0.19691676942942615
1986-11-21,1.1955826832166843
1986-11-24,1.1330827346250048
1986-11-25,-1.2144144711946205
1986-11-26,1.075616372649565
1986-11-27,-0.007376827306542027
1986-11-28,1.0300000000000937
1986-12-01,-0.3449999999999829
1986-12-02,5.53311689344704
1986-12-03,1.3700000000001364
1986-12-04,2.6149999999999745
1986-12-05,-2.8468872039895463
1986-12-08,2.6212265184521346
1986-12-09,1.533113534960373
1986-12-10,-0.3
1986-12-11,-0.9449999999998978
1986-12-12,1.3312332053682512
1986-12-15,-1.3018844669381997
1986-12-16,0.5681158712497674
1986-12-17,1.1881217675063542
1986-12-18,1.706241581471961
1986-12-19,0.225
1986-12-22,-1.1834452656097898
1986-12-23,2.9899999999999727
1986-12-24,-0.4000000000000455
1986-12-25,-0.005239765807941674
1986-12-26,-0.44749999999998186
1986-12-29,-1.2525000000001
1986-12-30,-1.6849999999998273
1986-12-31,-0.7525000000001183
1987-01-01,-0.001869991889097062
1987-01-02,6.957499999999992
1987-01-05,5.333714101991512
1987-01-06,-1.2874999999999546
1987-01-07,-1.8425000000000182
1987-01-08,1.9325000000001182
1987-01-09,1.1949999999998908
1987-01-12,-4.259212767881498
1987-01-13,3.1950000000000363
1987-01-14,-1.0334304900044036
1987-01-15,3.0799999999999725
1987-01-16,2.4525000000000183
1987-01-19,1.7525000000000182
1987-01-20,0.7450000000000182
1987-01-21,-1.0925000000000453
1987-01-22,2.217499999999909
1987-01-23,-2.4699999999999362
1987-01-26,-3.777499999999991
1987-01-27,0.7825000000000455
1987-01-28,2.415
1987-01-29,-1.7075000000000362
1987-01-30,-2.847500000000036
1987-02-02,-1.405
1987-02-03,-0.5515540297396969
1987-02-04,1.314999999999918
1987-02-05,5.7409325294151
1987-02-06,0.05000000000012733
1987-02-09,0.3524999999998181
1987-02-10,-3.499999999999991
1987-02-11,0.275
1987-02-12,5.995000000000008
1987-02-13,2.8152910401541207
1987-02-16,-0.0031270641350651285
1987-02-17,-2.095000000000017
1987-02-18,1.3634330600651925
1987-02-19,0.8093700924952538
1987-02-20,-4.035000000000051
1987-02-23,1.565
1987-02-24,0.8274999999999404
1987-02-25,1.6650000000001364
1987-02-26,1.3799999999998809
1987-02-27,-0.8225000000000596
1987-03-02,-2.1399999999998633
1987-03-03,2.057499999999983
1987-03-04,1.0624999999998979
1987-03-05,-4.217499999999957
1987-03-06,-4.964097362004926
1987-03-09,-1.1990778084017513
1987-03-10,0.7124999999999404
1987-03-11,-0.4125
1987-03-12,0.7714674354022935
1987-03-13,2.8775000000000546
1987-03-16,-1.4200000000001636
1987-03-17,-0.6036103654954316
1987-03-18,1.210000000000082
1987-03-19,2.5900000000001002
1987-03-20,-1.55
1987-03-23,-2.050000000000182
1987-03-24,-0.9199999999999818
1987-03-25,-1.7333950670338645
1987-03-26,1.3399999999999808
1987-03-27,-5.560000000000165
1987-03-30,-7.890000000000029
1987-03-31,2.1491771948106577
1987-04-01,-3.568662647935827
1987-04-02,0.26295948284786247
1987-04-03,1.3275000000000716
1987-04-06,1.0249999999999204
1987-04-07,-5.791466090858931
1987-04-08,0.1475000000001035
1987-04-09,-8.39615500900339
1987-04-10,-3.6586839339572754
1987-04-13,-7.382504071836281
1987-04-14,-5.865759627512809
1987-04-15,6.377076461293079
1987-04-16,1.387123360380159
1987-04-17,-0.0037272276047544185
1987-04-20,-4.854999999999956
1987-04-21,1.0885201579824353
1987-04-22,0.3309018303759906
1987-04-23,-3.3414856285519825
1987-04-24,-2.2079656862490453
1987-04-27,1.9050000000000615
1987-04-28,0.4760938071209452
1987-04-29,-1.982500000000007
1987-04-30,0.23249999999999654
1987-05-01,0.5160115411082417
1987-05-04,-3.387500000000024
1987-05-05,0.8793520085234576
1987-05-06,-1.2874999999999546
1987-05-07,-2.8640159092785074
1987-05-08,-2.1511455009893483
1987-05-11,-6.590750642836482
1987-05-12,3.040101280504268
1987-05-13,1.5966850710804805
1987-05-14,-2.751695328714722
1987-05-15,-3.151374961104498
1987-05-18,3.743910653756899
1987-05-19,-0.9486244272890519
1987-05-20,1.3974999999999795
1987-05-21,-0.7324999999999818
1987-05-22,0.4630390982153776
1987-05-25,0.0
1987-05-26,3.0575000000000276
1987-05-27,-1.204999999999998
1987-05-28,0.9799999999999728
1987-05-29,0.4824999999999932
1987-06-01,1.1700000000000186
1987-06-02,-2.825000000000017
1987-06-03,-0.2649999999999608
1987-06-04,0.14499999999997615
1987-06-05,0.14999999999998295
1987-06-08,-0.05999999999998806
1987-06-09,0.45000000000000856
1987-06-10,0.7249999999999915
1987-06-11,-0.9149999999999777
1987-06-12,-0.25500000000000694
1987-06-15,-2.8325000000000276
1987-06-16,-1.022499999999988
1987-06-17,1.8298252936217263
1987-06-18,1.240540814851352
1987-06-19,-0.4224999999999795
1987-06-22,3.3175000000000288
1987-06-23,-0.7845633278458791
1987-06-24,-1.362499999999993
1987-06-25,0.9849999999999839
1987-06-26,-0.2551995571528538
1987-06-29,2.377499999999986
1987-06-30,-0.9700000000000113
1987-07-01,1.3975000000000284
1987-07-02,-0.45276086407365684
1987-07-03,0.0
1987-07-06,0.9750000000000113
1987-07-07,0.3624999999999403
1987-07-08,1.085293728735451
1987-07-09,-0.7772030125705194
1987-07-10,0.51029710705212
1987-07-13,0.7524999999999944
1987-07-14,-0.6672128976745656
1987-07-15,-0.4172123853949223
1987-07-16,1.1877817761995544
1987-07-17,1.417776787617767
1987-07-20,-2.744000560125215
1987-07-21,1.3750000000000142
1987-07-22,-0.9000000000000029
1987-07-23,-0.5050000000000113
1987-07-24,-0.2022720034636101
1987-07-27,-0.27227164191677944
1987-07-28,-1.3172786528971814
1987-07-29,2.355
1987-07-30,0.26500000000004265
1987-07-31,-1.1022977807948013
1987-08-03,-0.30230137762680936
1987-08-04,3.3376717685657438
1987-08-05,0.7499999999999374
1987-08-06,0.5800000000000085
1987-08-07,0.5353341325000492
1987-08-10,-1.0773339029317908
1987-08-11,-0.12733047760570826
1987-08-12,0.8726742817675758
1987-08-13,0.08034669211863686
1987-08-14,-2.644316528416805
1987-08-17,0.9250000000000398
1987-08-18,-0.42500000000006255
1987-08-19,-3.227351845737544
1987-08-20,2.119999999999986
1987-08-21,-0.4799999999999801
1987-08-24,0.5449999999999489
1987-08-25,0.01500000000005116
1987-08-26,-2.4573587137991617
1987-08-27,-1.5699999999999716
1987-08-28,0.9649999999999432
1987-08-31,2.3004283827348466
1987-09-01,0.8501411295034463
1987-09-02,-3.4923629627079906
1987-09-03,1.0350000000000295
1987-09-04,-0.8348636554929845
1987-09-07,0.0
1987-09-08,-4.95250000000002
1987-09-09,-1.275415412193781
1987-09-10,-0.8644538309911057
1987-09-11,0.834593138711539
1987-09-14,-2.019999999999993
1987-09-15,0.619999999999999
1987-09-16,-3.139999999999986
1987-09-17,-0.5000000000000228
1987-09-18,0.2800000000000125
1987-09-21,1.6400000000000032
1987-09-22,2.1599999999999966
1987-09-23,-0.4799999999999955
1987-09-24,1.1399999999999806
1987-09-25,-0.49999999999999434
1987-09-28,-3.3399999999999976
1987-09-29,-2.3423839343230997
1987-09-30,1.77261583828867
1987-10-01,-3.362399724168041
1987-10-02,-0.40219682410073143
1987-10-05,-0.09999999999999432
1987-10-06,1.5999999999999772
1987-10-07,-0.1299704684104143
1987-10-08,-1.034999999999999
1987-10-09,1.0025000000000075
1987-10-12,0.9799999999999971
1987-10-13,-2.067500000000004
1987-10-14,-1.5549999999999955
1987-10-15,-0.012399731013574429
1987-10-16,1.5374999999999979
1987-10-19,4.540067463580373
1987-10-20,0.292702825491418
1987-10-21,-0.522681264191162
1987-10-22,0.09500000000000283
1987-10-23,-0.040000000000004546
1987-10-26,1.555
1987-10-27,-0.8799999999999909
1987-10-28,0.3545750723029377
1987-10-29,-0.6800000000000035
1987-10-30,0.6075000000000024
1987-11-02,-1.315000000000001
1987-11-03,1.4850000000000085
1987-11-04,0.7675
1987-11-05,-0.3227860375219606
1987-11-06,-1.8050000000000057
1987-11-09,-0.14999999999999433
1987-11-10,0.5274999999999795
1987-11-11,-1.034999999999992
1987-11-12,0.08250000000001023
1987-11-13,-1.016376794763864
1987-11-16,0.07500000000000454
1987-11-17,-0.6699999999999932
1987-11-18,0.19999999999998522
1987-11-19,0.5720293660301841
1987-11-20,0.43499999999998185
1987-11-23,0.04000000000002046
1987-11-24,-1.3350000000000204
1987-11-25,-2.244999999999979
1987-11-26,0.0
1987-11-27,-2.270000000000003
1987-11-30,2.3151654545521816
1987-12-01,-0.20983316059621876
1987-12-02,1.7900000000000205
1987-12-03,0.7751560311044566
1987-12-04,0.31500000000001027
1987-12-07,-1.405000000000007
1987-12-08,-0.33
1987-12-09,-0.13999999999999546
1987-12-10,-0.6749999999999909
1987-12-11,-0.37500000000002465
1987-12-14,0.1600000000000076
1987-12-15,2.5100000000000025
1987-12-16,0.5225848839365824
1987-12-17,-1.2600000000000047
1987-12-18,1.0199999999999931
1987-12-21,-0.460000000000008
1987-12-22,-1.1300000000000012
1987-12-23,0.6826163996209266
1987-12-24,-0.22771134086998918
1987-12-25,-0.002382335102191647
1987-12-28,-0.03999999999999491
1987-12-29,0.5700000000000103
1987-12-30,0.4449999999999762
1987-12-31,-0.6999999999999829
1988-01-01,0.0
1988-01-04,-1.894999999999993
1988-01-05,1.2176076461060714
1988-01-06,-1.7223997310135586
1988-01-07,-1.5172357170824124
1988-01-08,-0.9298226607653266
1988-01-11,0.21758771292189794
1988-01-12,0.3675845756028967
1988-01-13,0.11758392364073651
1988-01-14,-0.2023981688706986
1988-01-15,1.9576124919880655
1988-01-18,-0.7173404560531405
1988-01-19,-0.10231966499292922
1988-01-20,0.5226837296743305
1988-01-21,0.9627103718977462
1988-01-22,0.3199999999999918
1988-01-25,0.11027234982730125
1988-01-26,-0.6551921737181263
1988-01-27,2.2449999999999957
1988-01-28,0.6649999999999886
1988-01-29,0.6475000000000205
1988-02-01,-0.30000000000000454
1988-02-02,1.2677708975064919
1988-02-03,-1.0025000000000308
1988-02-04,-0.035000000000014186
1988-02-05,1.7675000000000536
1988-02-08,-0.8900000000000363
1988-02-09,0.21795183103845156
1988-02-10,0.8424948532987407
1988-02-11,-1.0471604202447333
1988-02-12,-2.2000000000000037
1988-02-15,-0.02180814271228617
1988-02-16,-0.1899999999999386
1988-02-17,-0.2000000000000307
1988-02-18,0.6599999999999829
1988-02-19,0.3050000000000307
1988-02-22,0.5250000000000069
1988-02-23,1.458010879270623
1988-02-24,-0.2849999999999363
1988-02-25,-0.5150000000000359
1988-02-26,0.6299999999999721
1988-02-29,0.2750000000000359
1988-03-01,0.3130504140160313
1988-03-02,0.8450954615585904
1988-03-03,0.255
1988-03-04,-3.531950477324173
1988-03-07,-0.08999999999995396
1988-03-08,-0.8199999999999745
1988-03-09,0.265
1988-03-10,-1.2075000000000307
1988-03-11,1.3475000000000206
1988-03-14,-0.2924999999999641
1988-03-15,-0.1900000000000921
1988-03-16,-1.4725000000000206
1988-03-17,1.7400000000000768
1988-03-18,-2.487500000000031
1988-03-21,-1.491915824940106
1988-03-22,0.2499999999998954
1988-03-23,-0.5199999999999773
1988-03-24,-0.3049999999999272
1988-03-25,0.17499999999991817
1988-03-28,-1.5149999999999053
1988-03-29,0.215
1988-03-30,-0.44000000000005
1988-03-31,0.3649999999999682
1988-04-01,0.0
1988-04-04,-2.534999999999941
1988-04-05,0.12304880459018065
1988-04-06,0.97499999999998
1988-04-07,0.6600000000000518
1988-04-08,1.5880465488938516
1988-04-11,-1.0099999999999836
1988-04-12,0.8283886392748014
1988-04-13,0.1600000000000307
1988-04-14,-1.8299999999999905
1988-04-15,-1.3299999999999728
1988-04-18,-0.7949441036280163
1988-04-19,0.21000000000001365
1988-04-20,0.18000000000000682
1988-04-21,0.13499999999994544
1988-04-22,0.44250000000000683
1988-04-25,-0.10500000000000682
1988-04-26,-0.08999999999996931
1988-04-27,0.17090044256575906
1988-04-28,-0.9525000000000443
1988-04-29,-0.231601979314014
1988-05-02,-0.949999999999959
1988-05-03,0.7275000000000136
1988-05-04,0.09056663970757947
1988-05-05,0.07500000000005105
1988-05-06,-1.2015924038078691
1988-05-09,-0.135
1988-05-10,-0.6699999999999915
1988-05-11,0.2034138095842468
1988-05-12,0.47682761916852484
1988-05-13,0.6359132525877409
1988-05-16,-1.883368408950676
1988-05-17,-1.5458277490033212
1988-05-18,-0.8672177388233032
1988-05-19,-0.605000000000041
1988-05-20,-0.6899999999999636
1988-05-23,1.1249999999999547
1988-05-24,-0.7299999999999954
1988-05-25,0.8481998359326398
1988-05-26,0.3399999999999693
1988-05-27,-0.7399999999999692
1988-05-30,0.0
1988-05-31,-1.605000000000024
1988-06-01,1.900000000000017
1988-06-02,-0.8450000000000273
1988-06-03,-1.1899999999999862
1988-06-06,-2.0999999999999917
1988-06-07,-2.4921252215991223
1988-06-08,1.6757131510457128
1988-06-09,-0.6399999999999728
1988-06-10,-0.28714169936156314
1988-06-13,0.15285745707509668
1988-06-14,0.8327835913286448
1988-06-15,-1.2950000000000101
1988-06-16,-2.5299999999999896
1988-06-17,-2.1250000000000204
1988-06-20,-0.9226917139015873
1988-06-21,-0.7049999999999728
1988-06-22,0.9022374115612215
1988-06-23,0.17000000000002385
1988-06-24,-0.05499999999998806
1988-06-27,-0.892795587775126
1988-06-28,0.7749999999999915
1988-06-29,0.3999999999999914
1988-06-30,0.29499999999999144
1988-07-01,0.01573951882220221
1988-07-04,-0.004120120066541222
1988-07-05,-0.3200000000000409
1988-07-06,-0.4799999999999682
1988-07-07,0.13158990983418206
1988-07-08,-0.8850000000000137
1988-07-11,0.31000000000002503
1988-07-12,-0.3
1988-07-13,-0.3450000000000045
1988-07-14,0.025
1988-07-15,0.3400000000000205
1988-07-18,-0.485000000000025
1988-07-19,0.3749999999999887
1988-07-20,0.0
1988-07-21,-0.5449999999999932
1988-07-22,0.37000000000000455
1988-07-25,0.13499999999997955
1988-07-26,-0.18499999999996816
1988-07-27,-0.9350000000000022
1988-07-28,-0.039438289376237494
1988-07-29,0.18000000000004093
1988-08-01,0.09500000000000454
1988-08-02,0.41540444377246016
1988-08-03,-0.075
1988-08-04,0.1299999999999477
1988-08-05,-1.4449999999999705
1988-08-08,0.5150000000000204
1988-08-09,-0.9199999999999978
1988-08-10,-0.8350000000000045
1988-08-11,-0.16500000000000453
1988-08-12,0.19610804843540697
1988-08-15,-0.6329626605258093
1988-08-16,0.555
1988-08-17,-0.065
1988-08-18,-0.05384198699516297
1988-08-19,0.03499999999998749
1988-08-22,0.17999999999999772
1988-08-23,0.3850000000000125
1988-08-24,-0.32999999999999774
1988-08-25,-0.3235544873794662
1988-08-26,0.3100000000000091
1988-08-29,0.6149999999999881
1988-08-30,-0.15499999999999658
1988-08-31,-0.21499999999999886
1988-09-01,-0.21499999999999886
1988-09-02,1.3850000000000051
1988-09-05,0.0
1988-09-06,-0.085
1988-09-07,0.164999999999996
1988-09-08,0.060000000000001136
1988-09-09,0.7899999999999983
1988-09-12,-0.3037065332929869
1988-09-13,-0.03500000000001251
1988-09-14,0.3399999999999943
1988-09-15,-0.02499999999999432
1988-09-16,0.18630158464498944
1988-09-19,0.09999999999999659
1988-09-20,-0.1
1988-09-21,0.15647650656983614
1988-09-22,-0.4224999999999727
1988-09-23,0.1824999999999932
1988-09-26,0.04250000000001192
1988-09-27,-0.6899624899688761
1988-09-28,-0.1125
1988-09-29,0.8625000000000255
1988-09-30,1.4325000000000019
1988-10-03,-0.14496585045673613
1988-10-04,-0.7650000000000006
1988-10-05,0.049097443404732065
1988-10-06,-0.6249999999999682
1988-10-07,2.6799999999999957
1988-10-10,-0.205000000000025
1988-10-11,-0.49749999999996364
1988-10-12,-1.0625000000000453
1988-10-13,0.07500000000000454
1988-10-14,0.8800000000000251
1988-10-17,-0.07841113439327559
1988-10-18,0.45499999999995455
1988-10-19,-0.4174999999999602
1988-10-20,0.17250000000000568
1988-10-21,-0.2900000000000313
1988-10-24,-0.12331377645282286
1988-10-25,0.8700000000000313
1988-10-26,0.2199999999999858
1988-10-27,1.5666171870593524
1988-10-28,0.1400000000000375
1988-10-31,0.7599999999999761
1988-11-01,-0.4749832864854589
1988-11-02,-0.8683674532356241
1988-11-03,0.39001665198019597
1988-11-04,-2.649999999999976
1988-11-07,-1.3949835258881016
1988-11-08,0.2950000000000438
1988-11-09,-0.3299817059746688
1988-11-10,-0.37999999999998807
1988-11-11,-1.2384055830079557
1988-11-14,0.8720280031892431
1988-11-15,-0.3249809342888845
1988-11-16,-1.0600000000000138
1988-11-17,-0.5049854946518644
1988-11-18,-0.0033112765956785552
1988-11-21,-0.4709338756352393
1988-11-22,-0.4674999999999858
1988-11-23,0.0475
1988-11-24,0.0
1988-11-25,-1.2224999999999973
1988-11-28,0.2240993000448695
1988-11-29,0.5474999999999569
1988-11-30,1.2000000000000433
1988-12-01,0.15153048294207722
1988-12-02,-1.8575
1988-12-05,0.6366928376733696
1988-12-06,1.5849999999999658
1988-12-07,-0.34499999999997616
1988-12-08,-0.11499999999999659
1988-12-09,-0.10999999999999317
1988-12-12,0.16999999999999144
1988-12-13,-0.5000000000000068
1988-12-14,-0.30500773366838274
1988-12-15,-0.09999999999999147
1988-12-16,0.2749889826265332
1988-12-19,0.1599884629129367
1988-12-20,0.10998331117102643
1988-12-21,0.8349720907772791
1988-12-22,0.004999999999993179
1988-12-23,0.19499999999998807
1988-12-26,-0.010049109371174841
1988-12-27,-1.0199999999999982
1988-12-28,-0.3199999999999949
1988-12-29,-0.21505032579639508
1988-12-30,0.5799999999999728
1989-01-02,-0.0050243809943384165
1989-01-03,-0.7299999999999829
1989-01-04,1.1113531341462066
1989-01-05,-0.03500000000000227
1989-01-06,-0.10505989922263677
1989-01-09,-0.15002958885040618
1989-01-10,-0.07502958885038573
1989-01-11,-0.25003033130114977
1989-01-12,0.9899706840169111
1989-01-13,1.6749687217433036
1989-01-16,-3.7450736569353076
1989-01-17,-0.9753804403202364
1989-01-18,2.3049164611210644
1989-01-19,-0.5050846039475327
1989-01-20,-0.25499999999999207
1989-01-23,-0.18500000000002387
1989-01-24,1.525000000000017
1989-01-25,-1.0000000000000069
1989-01-26,0.024999999999987494
1989-01-27,0.40140624838936095
1989-01-30,-0.25500000000001877
1989-01-31,1.7649999999999846
1989-02-01,-0.665
1989-02-02,-0.6699999999999727
1989-02-03,-0.11000000000001023
1989-02-06,-1.2499999999999964
1989-02-07,0.5400000000000188
1989-02-08,-0.42000000000000853
1989-02-09,-0.7350000000000102
1989-02-10,-0.4949999999999983
1989-02-13,-0.4
1989-02-14,0.33500000000001534
1989-02-15,0.21875813197377184
1989-02-16,-0.05999999999996589
1989-02-17,0.5199999999999727
1989-02-20,0.0
1989-02-21,-0.5399999999999846
1989-02-22,-0.39000000000002216
1989-02-23,-1.1730740277480078
1989-02-24,0.18249999999996416
1989-02-27,0.5900000000000136
1989-02-28,0.24499999999999658
1989-03-01,-0.1625000000000068
1989-03-02,0.4325000000000273
1989-03-03,-0.5925000000000171
1989-03-06,-0.21290961916430823
1989-03-07,0.49250000000000227
1989-03-08,-0.03175835993550472
1989-03-09,0.8950000000000102
1989-03-10,-0.6550000000000069
1989-03-13,0.598363240954924
1989-03-14,-0.224586780368834
1989-03-15,0.23000000000000226
1989-03-16,-0.06402880635405633
1989-03-17,-0.31392318075344716
1989-03-20,0.5011889212935856
1989-03-21,-0.6
1989-03-22,-0.8672633023392193
1989-03-23,-1.135000000000004
1989-03-24,0.0
1989-03-27,-3.189999999999992
1989-03-28,0.22999999999999599
1989-03-29,-0.6250000000000006
1989-03-30,-2.4016816147013564
1989-03-31,0.9532980367935185
1989-04-03,-0.4832846780775271
1989-04-04,0.5568490616613172
1989-04-05,-0.033105542599258464
1989-04-06,0.565000000000008
1989-04-07,-0.3479313699502091
1989-04-10,-0.15999999999999093
1989-04-11,0.06999999999999887
1989-04-12,0.7499999999999972
1989-04-13,-0.16270541070224745
1989-04-14,0.9399999999999955
1989-04-17,1.010000000000007
1989-04-18,-0.26499999999999946
1989-04-19,-0.750000000000001
1989-04-20,-0.1800000000000034
1989-04-21,1.1050000000000075
1989-04-24,-1.4000000000000112
1989-04-25,-0.599999999999999
1989-04-26,0.1874746619434938
1989-04-27,0.23000000000000115
1989-04-28,-0.4899999999999972
1989-05-01,0.8299999999999965
1989-05-02,-0.28000000000000175
1989-05-03,0.12000000000000625
1989-05-04,-0.15000000000000113
1989-05-05,0.29999999999999427
1989-05-08,-0.33304140952823974
1989-05-09,-0.36499999999998917
1989-05-10,-0.24250000000000232
1989-05-11,-0.0749999999999954
1989-05-12,0.8449999999999871
1989-05-15,0.21500000000000172
1989-05-16,-0.8899999999999983
1989-05-17,-0.1569870655321365
1989-05-18,0.4999999999999989
1989-05-19,0.4849999999999995
1989-05-22,-1.0399999999999994
1989-05-23,-0.7224085796491623
1989-05-24,-0.8499309083532288
1989-05-25,0.08758366188535266
1989-05-26,-0.1598989641927108
1989-05-29,0.0
1989-05-30,-0.3649999999999988
1989-05-31,0.1251199458167813
1989-06-01,0.07637816077091188
1989-06-02,1.2369050144313092
1989-06-05,0.5250000000000069
1989-06-06,-0.14230775736228946
1989-06-07,0.4350000000000023
1989-06-08,-0.055000000000012504
1989-06-09,0.682669628130819
1989-06-12,-0.2623151826024994
1989-06-13,-0.7950000000000148
1989-06-14,0.13499999999999432
1989-06-15,-0.8040323170974941
1989-06-16,-0.32500000000000345
1989-06-19,-0.5
1989-06-20,0.4675744053653823
1989-06-21,-0.2574253632288585
1989-06-22,-0.3299999999999727
1989-06-23,1.0250000000000254
1989-06-26,0.5975134960831028
1989-06-27,0.3800000000000154
1989-06-28,-0.31000000000001876
1989-06-29,0.4800000000000068
1989-06-30,0.24936181579575953
1989-07-03,0.30772152406258896
1989-07-04,-0.0025648775420941917
1989-07-05,0.20750000000001592
1989-07-06,0.37487267964382653
1989-07-07,0.5323689492690864
1989-07-10,-0.8267053012109303
1989-07-11,-0.5000000000000255
1989-07-12,0.3125000000000313
1989-07-13,0.046712920214536144
1989-07-14,-0.17890548185063657
1989-07-17,-1.2699999999999763
1989-07-18,-1.8450000000000444
1989-07-19,1.4250000000000511
1989-07-20,1.044999999999959
1989-07-21,-1.3978568132166513
1989-07-24,-0.3499999999999625
1989-07-25,0.9070881408743544
1989-07-26,0.0
1989-07-27,1.547087898297702
1989-07-28,1.139999999999942
1989-07-31,0.4900000000000614
1989-08-01,0.837064290159268
1989-08-02,-0.879999999999959
1989-08-03,-0.6829390038714342
1989-08-04,-3.4569663500044276
1989-08-07,-0.2530474380689351
1989-08-08,0.3049999999999602
1989-08-09,-0.30999999999998007
1989-08-10,0.22205364959719337
1989-08-11,-1.7500000000000684
1989-08-14,-2.4899999999999376
1989-08-15,0.5528243860922052
1989-08-16,1.1635861497205162
1989-08-17,-0.5250000000000455
1989-08-18,0.079173832160443
1989-08-21,-0.3
1989-08-22,-0.8650000000000136
1989-08-23,0.5000000000000454
1989-08-24,0.36500000000000454
1989-08-25,-0.045000000000040924
1989-08-28,-0.41500000000000453
1989-08-29,-0.12499999999995226
1989-08-30,0.08499999999997954
1989-08-31,-0.31500000000000455
1989-09-01,1.2000000000000228
1989-09-04,0.0
1989-09-05,-0.5850000000000342
1989-09-06,-0.18891274334084135
1989-09-07,0.02999999999996078
1989-09-08,0.2800000000000068
1989-09-11,0.2800000000000034
1989-09-12,0.12500000000002728
1989-09-13,-0.0950000000000034
1989-09-14,0.125
1989-09-15,0.3299999999999881
1989-09-18,0.10500000000000341
1989-09-19,0.055
1989-09-20,-0.5300000000000069
1989-09-21,-0.5850000000000035
1989-09-22,0.01
1989-09-25,-0.8900000000000102
1989-09-26,0.28500000000001535
1989-09-27,-0.10500000000001876
1989-09-28,-0.4199999999999676
1989-09-29,-0.1100000000000034
1989-10-02,-0.2550000000000119
1989-10-03,0.6399999999999829
1989-10-04,0.24203585242088557
1989-10-05,0.4850000000000102
1989-10-06,1.0170111123413583
1989-10-09,0.4049999999999727
1989-10-10,-0.26999999999998464
1989-10-11,-0.3349999999999881
1989-10-12,0.31999999999997614
1989-10-13,0.40999999999998804
1989-10-16,-0.1650000000000034
1989-10-17,-0.10499999999997271
1989-10-18,-0.00999999999999659
1989-10-19,0.2799999999999727
1989-10-20,-0.21795202638124656
1989-10-23,0.3600000000000307
1989-10-24,0.47115570876219454
1989-10-25,0.04499999999996362
1989-10-26,-0.19295513546194168
1989-10-27,-0.5500000000000136
1989-10-30,0.02
1989-10-31,-0.105
1989-11-01,0.35666829220030144
1989-11-02,0.26204379741500783
1989-11-03,-0.8462793607096484
1989-11-06,-0.7100000000000369
1989-11-07,1.6675000000000089
1989-11-08,0.41250000000000564
1989-11-09,-0.5424999999999858
1989-11-10,-0.08795475673524708
1989-11-13,-0.3774999999999403
1989-11-14,0.502499999999946
1989-11-15,0.9098071112200714
1989-11-16,0.16
1989-11-17,-0.635450666404151
1989-11-20,-0.21544885831535854
1989-11-21,0.5049999999999858
1989-11-22,0.3975000000000057
1989-11-23,-0.002948440478111695
1989-11-24,0.08499999999998581
1989-11-27,-1.6850000000000225
1989-11-28,0.14250000000001992
1989-11-29,-0.009999999999980082
1989-11-30,0.48500000000000565
1989-12-01,0.3050000000000057
1989-12-04,0.02499999999999432
1989-12-05,0.19249999999997444
1989-12-06,-0.1149999999999801
1989-12-07,-0.7650000000000056
1989-12-08,0.8275000000000171
1989-12-11,0.17
1989-12-12,-0.08000000000000569
1989-12-13,0.21960098681925977
1989-12-14,0.6500000000000369
1989-12-15,0.19460656240157256
1989-12-18,0.4771068576451419
1989-12-19,-0.13750000000003126
1989-12-20,-0.1153863301374637
1989-12-21,-0.4224999999999602
1989-12-22,-0.718566145997325
1989-12-25,0.0
1989-12-26,-2.129999999999991
1989-12-27,0.06999999999999432
1989-12-28,0.88
1989-12-29,0.027187520240159375
1990-01-01,0.0
1990-01-02,-0.9849999999999602
1990-01-03,-0.16318698914468135
1990-01-04,0.7472301249589667
1990-01-05,-0.22750000000002554
1990-01-08,0.1972581493613513
1990-01-09,-0.13750000000003978
1990-01-10,-0.44023943630657414
1990-01-11,-0.5374999999999801
1990-01-12,0.5624999999999887
1990-01-15,-1.0156413111623661
1990-01-16,-0.60854682472401
1990-01-17,-0.17500000000001137
1990-01-18,-0.588551302424081
1990-01-19,0.30866955086908926
1990-01-22,-0.8125
1990-01-23,0.5425
1990-01-24,-0.7150000000000045
1990-01-25,-0.9463507663250235
1990-01-26,0.08999999999999261
1990-01-29,0.09000000000000512
1990-01-30,-0.2333312442817
1990-01-31,-0.4829594440992202
1990-02-01,-0.2899999999999998
1990-02-02,-0.4558263989841613
1990-02-05,-0.325
1990-02-06,0.9099999999999909
1990-02-07,0.407499999999996
1990-02-08,-0.24334201121691837
1990-02-09,-0.5875000000000009
1990-02-12,1.239999999999984
1990-02-13,-0.5050000000000022
1990-02-14,0.5850000000000126
1990-02-15,0.8011349087013211
1990-02-16,-0.31750000000000456
1990-02-19,0.0
1990-02-20,1.1600000000000161
1990-02-21,0.2875000000000057
1990-02-22,0.7274999999999897
1990-02-23,0.37249999999999545
1990-02-26,-0.8800000000000046
1990-02-27,-0.5375
1990-02-28,0.6725409019366649
1990-03-01,0.21255724802126524
1990-03-02,0.019999999999997728
1990-03-05,0.562617195762215
1990-03-06,-0.6673729482005634
1990-03-07,-0.6649999999999919
1990-03-08,0.8225000000000022
1990-03-09,0.9724999999999965
1990-03-12,1.0975000000000137
1990-03-13,-0.14250000000002386
1990-03-14,-1.604999999999984
1990-03-15,0.4700000000000102
1990-03-16,0.1843763723553838
1990-03-19,1.5725000000000307
1990-03-20,0.08000000000001536
1990-03-21,-0.6900000000000118
1990-03-22,0.054999999999981244
1990-03-23,-0.6799999999999727
1990-03-26,0.25999999999999657
1990-03-27,-0.35
1990-03-28,-1.5119070775578478
1990-03-29,0.7325000000000069
1990-03-30,0.6575000000000069
1990-04-02,1.6249999999999847
1990-04-03,0.8650000000000272
1990-04-04,0.24749999999998126
1990-04-05,0.17250000000001534
1990-04-06,-0.9750000000000153
1990-04-09,0.4599999999999914
1990-04-10,0.7300000000000273
1990-04-11,0.0607310819880696
1990-04-12,-0.6017649772228475
1990-04-13,0.0
1990-04-16,2.0050000000000034
1990-04-17,1.6307421791899397
1990-04-18,0.03824530447529882
1990-04-19,1.260740709473026
1990-04-20,-0.5925
1990-04-23,-0.21191001850401944
1990-04-24,-0.10444419030808648
1990-04-25,1.8756944216458282
1990-04-26,2.074999999999966
1990-04-27,0.25999999999999435
1990-04-30,-0.763749310624924
1990-05-01,-0.3740962560828723
1990-05-02,1.9334028951177953
1990-05-03,-2.155188769525528
1990-05-04,-3.1649999999999485
1990-05-07,1.5240150161217216
1990-05-08,-0.41659962290395297
1990-05-09,3.0333891852108033
1990-05-10,1.1749999999999887
1990-05-11,0.300000000000048
1990-05-14,-0.679380389504607
1990-05-15,-2.9162928485140305
1990-05-16,-1.851619047915612
1990-05-17,1.48307318471664
1990-05-18,-2.582500000000032
1990-05-21,-3.6558439039546884
1990-05-22,0.18336414531264802
1990-05-23,0.7022482869492774
1990-05-24,2.2449999999999846
1990-05-25,3.3533467895868374
1990-05-28,-0.003291444639770763
1990-05-29,-0.8650000000000035
1990-05-30,-2.7850000000000192
1990-05-31,-0.8208404239921604
1990-06-01,-1.9450000000000018
1990-06-04,-0.7052875525974251
1990-06-05,2.8700000000000103
1990-06-06,-0.19177641970338027
1990-06-07,4.025
1990-06-08,-0.23529049015968018
1990-06-11,1.9300000000000013
1990-06-12,1.119999999999996
1990-06-13,-1.779999999999998
1990-06-14,-0.9200000000000103
1990-06-15,-2.032712998004127
1990-06-18,2.5
1990-06-19,0.3
1990-06-20,-0.9
1990-06-21,0.7
1990-06-22,-1.2
1990-06-25,2.6
1990-06-26,-0.5
1990-06-27,0.3
1990-06-28,1.3
1990-06-29,0.3
1990-07-02,0.9855035638143079
1990-07-03,0.1
1990-07-04,-0.0017994047185480365
1990-07-05,-4.2
1990-07-06,-3.3627433667535342
1990-07-09,0.24302627919160058
1990-07-10,0.08999999999999488
1990-07-11,-1.6899999999999948
1990-07-12,-1.3420006135704445
1990-07-13,0.6379979510134551
1990-07-16,-2.25
1990-07-17,-0.9740980005660553
1990-07-18,-0.6620532397108158
1990-07-19,0.010000000000005114
1990-07-20,-0.4570560510415173
1990-07-23,1.2073424047467833
1990-07-24,-0.6120747767221314
1990-07-25,-0.22000000000000794
1990-07-26,0.6529242763420305
1990-07-27,-0.3599999999999932
1990-07-30,0.09999999999999659
1990-07-31,-0.042676994847846365
1990-08-01,-1.1400000000000359
1990-08-02,-1.0579398196073808
1990-08-03,-0.5321208782004195
1990-08-06,-0.7696283241131553
1990-08-07,-0.6446248891942962
1990-08-08,-0.41538412967077293
1990-08-09,0.38499999999996765
1990-08-10,-0.3621281568729876
1990-08-13,-0.29582083479623394
1990-08-14,0.23286404570469613
1990-08-15,0.30000000000000343
1990-08-16,-0.15592480178956955
1990-08-17,0.19000000000000342
1990-08-20,0.005000000000015348
1990-08-21,-0.2850000000000222
1990-08-22,0.09500000000002728
1990-08-23,0.37999999999998124
1990-08-24,-0.19999999999999146
1990-08-27,-0.17999999999999827
1990-08-28,-0.3100000000000222
1990-08-29,-0.3100000000000051
1990-08-30,-0.425
1990-08-31,0.035000000000030694
1990-09-03,0.0
1990-09-04,0.06999999999998464
1990-09-05,0.26500000000000346
1990-09-06,0.2027724277400999
1990-09-07,-0.2100000000000392
1990-09-10,-0.03999999999998806
1990-09-11,0.13776224184475291
1990-09-12,-0.014999999999996589
1990-09-13,-0.38999999999998125
1990-09-14,-0.1650000000000307
1990-09-17,0.06000000000002728
1990-09-18,0.02429052083481806
1990-09-19,-0.2775000000000034
1990-09-20,0.08518788321090563
1990-09-21,0.052500000000008526
1990-09-24,-0.025000000000022192
1990-09-25,-0.16749999999998808
1990-09-26,-0.044999999999972715
1990-09-27,0.08769129520275122
1990-09-28,-0.1474999999999966
1990-10-01,-0.14250000000002408
1990-10-02,-0.08000000000001535
1990-10-03,0.025
1990-10-04,-0.10499999999997271
1990-10-05,-0.002500000000011937
1990-10-08,0.14749999999998806
1990-10-09,0.015000000000029195
1990-10-10,-0.1309326734045946
1990-10-11,-0.12000000000001876
1990-10-12,0.12000000000001876
1990-10-15,0.0
1990-10-16,0.029999999999972715
1990-10-17,0.14999999999999147
1990-10-18,0.21000000000002217
1990-10-19,0.38999999999998636
1990-10-22,0.09000000000000341
1990-10-23,0.030000000000015348
1990-10-24,0.0
1990-10-25,0.027128095625540524
1990-10-26,-0.03999999999996362
1990-10-29,-0.19999999999998863
1990-10-30,-0.08000000000004091
1990-10-31,0.15724585536743635
1990-11-01,0.3499999999999659
1990-11-02,-0.049999999999954525
1990-11-05,0.0999999999999801
1990-11-06,-0.056034298616936117
1990-11-07,-0.22249999999994544
1990-11-08,0.09499999999997612
1990-11-09,0.6699999999999591
1990-11-12,0.5822687856180742
1990-11-13,0.26000000000000795
1990-11-14,0.0375
1990-11-15,0.08054552386841185
1990-11-16,0.46404283580902717
1990-11-19,-0.26500000000004603
1990-11-20,0.5073037078120861
1990-11-21,1.074999999999983
1990-11-22,0.0
1990-11-23,5.1159076974727215e-14
1990-11-26,-0.10270227647157124
1990-11-27,-0.6999999999999686
1990-11-28,0.09500000000011255
1990-11-29,-0.24089625178558965
1990-11-30,0.4125
1990-12-03,0.42000000000006144
1990-12-04,0.3872955615330478
1990-12-05,0.2625
1990-12-06,0.06980631713459615
1990-12-07,2.777499999999992
1990-12-10,-0.12000000000001591
1990-12-11,0.7575000000000159
1990-12-12,0.6075000000000159
1990-12-13,-1.4432320799814604
1990-12-14,-1.7299999999999047
1990-12-17,0.8599999999998887
1990-12-18,0.6300000000001432
1990-12-19,-0.2
1990-12-20,-0.8799999999999444
1990-12-21,-0.7799999999999444
1990-12-24,-1.9400000000000321
1990-12-25,0.0
1990-12-26,0.7900000000000718
1990-12-27,0.35
1990-12-28,-1.2900000000000318
1990-12-31,0.8399999999998726
1991-01-01,-0.0032534328725558033
1991-01-02,1.7400000000000322
1991-01-03,1.1400000000000319
1991-01-04,-1.1600000000000876
1991-01-07,-2.1224999999998486
1991-01-08,-0.1252005062788165
1991-01-09,-2.479824606663107
1991-01-10,1.3721762853043054
1991-01-11,-0.3876715355761113
1991-01-14,-0.837321578945523
1991-01-15,0.8074999999999829
1991-01-16,-0.37517388501598586
1991-01-17,2.3099999999999494
1991-01-18,0.5217343058589861
1991-01-21,0.19000000000001024
1991-01-22,-0.4150000000000102
1991-01-23,0.6599999999999744
1991-01-24,0.41000000000005626
1991-01-25,-0.9450000000001022
1991-01-28,0.07272097946004542
1991-01-29,0.34272043261104657
1991-01-30,0.16772172441885078
1991-01-31,0.4600000000000563
1991-02-01,1.839486175398905
1991-02-04,0.5777577637202628
1991-02-05,0.28249999999991815
1991-02-06,-0.1251903140436253
1991-02-07,-0.17500000000009094
1991-02-08,0.8748579904176996
1991-02-11,0.567500000000025
1991-02-12,0.2850000000000125
1991-02-13,0.24663808664526649
1991-02-14,-0.12264431675594836
1991-02-15,-0.024223674150531477
1991-02-18,-0.002642618932790144
1991-02-19,-1.5900000000000478
1991-02-20,-0.910000000000016
1991-02-21,-1.0900000000000318
1991-02-22,-1.220000000000032
1991-02-25,-0.15000000000001593
1991-02-26,-1.5499999999998328
1991-02-27,0.0473378224372009
1991-02-28,-0.7700000000000148
1991-03-01,-2.4799999999999924
1991-03-04,0.5146123623089577
1991-03-05,1.1180118405059967
1991-03-06,-0.6396940794809137
1991-03-07,0.8799999999999204
1991-03-08,-1.4019788643502789
1991-03-11,0.39208429884227664
1991-03-12,-0.0975000000000563
1991-03-13,0.7200000000000103
1991-03-14,0.6674999999999847
1991-03-15,-1.7849999999999282
1991-03-18,-1.4952117514210714
1991-03-19,-1.6849999999999636
1991-03-20,0.709733349760032
1991-03-21,0.5124999999999443
1991-03-22,0.4922481947936825
1991-03-25,-0.196816209850096
1991-03-26,-0.0524999999999693
1991-03-27,0.7006926247465515
1991-03-28,0.6750000000000068
1991-03-29,-0.001807242320469803
1991-04-01,0.4500000000000307
1991-04-02,0.7050000000000205
1991-04-03,0.09749999999997612
1991-04-04,0.6374999999999829
1991-04-05,0.0075
1991-04-08,0.20250000000002386
1991-04-09,-0.9252161475262026
1991-04-10,-1.1950000000000596
1991-04-11,0.24500000000007163
1991-04-12,1.407499999999988
1991-04-15,0.04750000000002783
1991-04-16,-0.10750000000003582
1991-04-17,0.19500000000000794
1991-04-18,-0.9250000000000437
1991-04-19,-0.3525
1991-04-22,-0.615
1991-04-23,0.39
1991-04-24,0.7024999999999801
1991-04-25,-0.1575
1991-04-26,-0.03
1991-04-29,-0.2799332437643119
1991-04-30,0.5206715424628771
1991-05-01,-0.18182658335027221
1991-05-02,0.6974999999999363
1991-05-03,-0.7143033886961756
1991-05-06,-0.27427056215434564
1991-05-07,-0.059842643413673395
1991-05-08,-0.04749999999996419
1991-05-09,0.06824895163274186
1991-05-10,-1.1750000000000564
1991-05-13,0.2657302204696359
1991-05-14,-0.9692744164786922
1991-05-15,0.39499999999996416
1991-05-16,0.3207288777704248
1991-05-17,0.262684486304533
1991-05-20,-0.2775
1991-05-21,0.7257433072212041
1991-05-22,0.33499999999997443
1991-05-23,-0.30999999999998973
1991-05-24,0.27250000000004604
1991-05-27,0.0
1991-05-28,0.9499999999999181
1991-05-29,0.47016158901417626
1991-05-30,0.8183205354554147
1991-05-31,-1.3965241376328492
1991-06-03,-1.7724999999999689
1991-06-04,0.7724999999998562
1991-06-05,-0.4999999999998999
1991-06-06,-1.230000000000025
1991-06-07,-1.3275000000000252
1991-06-10,1.4550000000000125
1991-06-11,0.062499999999943726
1991-06-12,-1.2299999999998688
1991-06-13,0.33
1991-06-14,0.7449999999999687
1991-06-17,0.69
1991-06-18,0.19999999999991253
1991-06-19,-0.9
1991-06-20,1.4149999999999125
1991-06-21,-0.09999999999996871
1991-06-24,-1.2874999999999124
1991-06-25,-0.370000000000125
1991-06-26,-0.1372795026345436
1991-06-27,0.8975000000000909
1991-06-28,2.8099999999999716
1991-07-01,-1.7475000000000225
1991-07-02,0.4274318857471792
1991-07-03,0.09500000000009096
1991-07-04,0.0
1991-07-05,-0.5500000000000738
1991-07-08,1.320256423975746
1991-07-09,-0.42000000000004606
1991-07-10,-0.21192053668678934
1991-07-11,1.388076740580563
1991-07-12,-0.12944159131616978
1991-07-15,-0.727500000000046
1991-07-16,-2.415
1991-07-17,-0.6770414098944959
1991-07-18,1.5025
1991-07-19,1.43791167058361
1991-07-22,-1.6625
1991-07-23,-2.446991846573893
1991-07-24,1.2702747294908872
1991-07-25,0.2575000000000102
1991-07-26,-0.5072279409584622
1991-07-29,-1.1052817814253924
1991-07-30,0.5277297731888304
1991-07-31,0.03549887664784368
1991-08-01,-0.75
1991-08-02,2.925425261583168
1991-08-05,0.6976065202437076
1991-08-06,1.9999999999999374
1991-08-07,0.3100000000000563
1991-08-08,-0.7799999999999562
1991-08-09,0.16999999999995627
1991-08-12,0.18
1991-08-13,0.9948411321522971
1991-08-14,2.7601843111458946
1991-08-15,-0.5475
1991-08-16,1.1503357468409319
1991-08-19,0.2677100551449392
1991-08-20,0.7798964173235194
1991-08-21,-0.4
1991-08-22,0.06272627014521187
1991-08-23,-2.462269407926888
1991-08-26,-1.6849999999999516
1991-08-27,0.7400000000000869
1991-08-28,2.484999999999797
1991-08-29,2.3950000000001257
1991-08-30,-2.405000000000126
1991-09-02,0.0
1991-09-03,1.0200000000001932
1991-09-04,0.019999999999845385
1991-09-05,0.10000000000017394
1991-09-06,2.289999999999797
1991-09-09,1.045000000000174
1991-09-10,0.20769508378276452
1991-09-11,-0.07229521216256662
1991-09-12,1.8399999999998486
1991-09-13,1.2627069494808436
1991-09-16,0.7372797723016248
1991-09-17,0.7927335187842582
1991-09-18,-0.2900000000001074
1991-09-19,-0.2822034907891783
1991-09-20,1.497343774192892
1991-09-23,-0.09219655281053862
1991-09-24,0.04000000000011769
1991-09-25,-0.1521762554391492
1991-09-26,1.2847505120504283
1991-09-27,2.827499999999809
1991-09-30,1.6922775931076457
1991-10-01,0.2649999999999045
1991-10-02,-1.3321516870202448
1991-10-03,0.9500000000000284
1991-10-04,2.8250000000001565
1991-10-07,-0.38000000000025574
1991-10-08,-0.8424999999999004
1991-10-09,-3.9399999999998294
1991-10-10,-2.7675000000001564
1991-10-11,4.960000000000185
1991-10-14,0.5802679983027242
1991-10-15,0.03999999999997272
1991-10-16,0.7400000000000272
1991-10-17,-3.90274717976556
1991-10-18,1.3373583895698715
1991-10-21,-3.227499999999713
1991-10-22,-2.13500000000015
1991-10-23,-1.1100000000001502
1991-10-24,1.88500000000015
1991-10-25,-1.1674999999999045
1991-10-28,1.9724999999998092
1991-10-29,4.167500000000177
1991-10-30,0.6472460166206235
1991-10-31,0.5899999999997817
1991-11-01,0.13000000000024556
1991-11-04,-0.46500000000012276
1991-11-05,-1.4049999999999045
1991-11-06,1.4249999999999319
1991-11-07,3.769999999999959
1991-11-08,0.29000000000012277
1991-11-11,1.0700000000000272
1991-11-12,2.394999999999959
1991-11-13,0.4549999999998363
1991-11-14,3.5500000000002045
1991-11-15,1.4341715336239274
1991-11-18,0.1722856128280343
1991-11-19,0.1349999999999085
1991-11-20,-2.209999999999843
1991-11-21,-0.9525000000000262
1991-11-22,-1.477500000000026
1991-11-25,-0.9725000000002354
1991-11-26,1.2175000000001175
1991-11-27,-0.1925000000001177
1991-11-28,0.0
1991-11-29,1.7575000000001442
1991-12-02,2.1624999999999344
1991-12-03,2.3124999999999343
1991-12-04,4.342301966538135
1991-12-05,-0.7150000000000915
1991-12-06,-1.4799999999997908
1991-12-09,1.737273261062109
1991-12-10,-0.46500000000002617
1991-12-11,0.042499999999790816
1991-12-12,0.9475000000002354
1991-12-13,-2.147727555410842
1991-12-16,0.7300000000001177
1991-12-17,1.0599999999999086
1991-12-18,-1.069999999999817
1991-12-19,3.4249999999999345
1991-12-20,5.177358749196005
1991-12-23,2.250000000000026
1991-12-24,0.23736227077611538
1991-12-25,0.0
1991-12-26,1.0549999999999085
1991-12-27,0.9423694802945379
1991-12-30,2.4673738616387575
1991-12-31,2.1549999999999345
1992-01-01,-0.002616634146241669
1992-01-02,-3.480000000000052
1992-01-03,-2.2499999999999343
1992-01-06,0.7
1992-01-07,3.3700000000000787
1992-01-08,-0.8026069858006809
1992-01-09,-1.7176062817974436
1992-01-10,-3.34260653521871
1992-01-13,-2.7346546183020264
1992-01-14,-8.10260007671802
1992-01-15,0.7909513468888384
1992-01-16,-2.7800967038519775
1992-01-17,0.23500000000012733
1992-01-20,2.32241449801041
1992-01-21,1.007418111534107
1992-01-22,-0.83
1992-01-23,-2.7850791001610413
1992-01-24,-1.1575866012044052
1992-01-27,0.4949999999999363
1992-01-28,3.687415546577565
1992-01-29,-4.1280270635555505
1992-01-30,-2.070164010220111
1992-01-31,1.1100000000000363
1992-02-03,-1.0275848834923849
1992-02-04,2.222427166483059
1992-02-05,1.9874345260844262
1992-02-06,0.814869389418904
1992-02-07,0.7674408183385002
1992-02-10,1.0224419839214172
1992-02-11,-4.710000000000036
1992-02-12,-0.055408618101956686
1992-02-13,-3.3999999999999275
1992-02-14,-0.7905248719637268
1992-02-17,0.0
1992-02-18,-1.155000000000017
1992-02-19,1.1400000000000767
1992-02-20,0.9300000000000939
1992-02-21,-3.1224689652081
1992-02-24,-0.4324689374921215
1992-02-25,0.6199999999999631
1992-02-26,3.1549999999999776
1992-02-27,0.4544674464842335
1992-02-28,3.7625000000000544
1992-03-02,-2.200000000000041
1992-03-03,-0.8650271907713016
1992-03-04,-0.0825
1992-03-05,-2.2025000000000503
1992-03-06,1.1400723104546169
1992-03-09,1.5975971699665625
1992-03-10,-0.9899148326337849
1992-03-11,-2.4150000000000253
1992-03-12,-4.362499999999918
1992-03-13,-2.71767012944246
1992-03-16,-0.2501675729942348
1992-03-17,1.9624999999998822
1992-03-18,-0.2257026021365021
1992-03-19,0.4400000000000563
1992-03-20,-1.5799999999999845
1992-03-23,0.8699999999999182
1992-03-24,1.4650000000000667
1992-03-25,0.7499999999999641
1992-03-26,-0.530000000000046
1992-03-27,-0.2849999999999437
1992-03-30,-0.9049999999999436
1992-03-31,-0.5941902565271955
1992-04-01,1.2979054026889332
1992-04-02,-0.2500000000000921
1992-04-03,2.147927753528387
1992-04-06,0.692968976148283
1992-04-07,-2.1400000000000463
1992-04-08,-1.4893770811692686
1992-04-09,3.2034700974605417
1992-04-10,-0.8845174142749525
1992-04-13,0.5
1992-04-14,-0.09000000000004604
1992-04-15,-0.12773523340002715
1992-04-16,-2.1768923327510397
1992-04-17,-0.001890579454613961
1992-04-20,-2.5099999999999434
1992-04-21,0.32999999999996016
1992-04-22,-0.9549999999999602
1992-04-23,-0.05432115519175428
1992-04-24,0.9356723785681567
1992-04-27,-1.1167175663247704
1992-04-28,0.9107940522144718
1992-04-29,-0.395
1992-04-30,-0.29151209674918754
1992-05-01,2.1372325511273336
1992-05-04,-0.17499999999995625
1992-05-05,0.0349999999999437
1992-05-06,1.4500000000000688
1992-05-07,-0.44774657085069447
1992-05-08,1.8325000000000886
1992-05-11,0.6899999999999181
1992-05-12,1.7092391961237825
1992-05-13,1.6472180282909457
1992-05-14,-0.22000000000006648
1992-05-15,1.6479618009962944
1992-05-18,0.7799999999999602
1992-05-19,2.262217013030146
1992-05-20,-1.4749999999999404
1992-05-21,-4.802867561761967
1992-05-22,1.853815105151833
1992-05-25,0.0
1992-05-26,-2.450000000000034
1992-05-27,1.1500000000001533
1992-05-28,1.6749999999999574
1992-05-29,1.675000000000017
1992-06-01,-2.3749999999999742
1992-06-02,2.2999999999998213
1992-06-03,0.8750000000001706
1992-06-04,-0.5000000000001535
1992-06-05,0.8953251631926615
1992-06-08,1.011619675197514
1992-06-09,-0.5979057371481262
1992-06-10,-0.3675000000001739
1992-06-11,0.36459925412072786
1992-06-12,1.6545946119614874
1992-06-15,-0.8883691391385944
1992-06-16,2.097091495009588
1992-06-17,0.83
1992-06-18,1.4899999999999431
1992-06-19,-1.7633007016665545
1992-06-22,0.4330698503701805
1992-06-23,-1.2778911593722082
1992-06-24,2.7074999999998566
1992-06-25,2.628036492006792
1992-06-26,-0.37499999999980904
1992-06-29,0.929999999999809
1992-06-30,-0.747499999999809
1992-07-01,2.055506373464881
1992-07-02,8.027042869357135
1992-07-03,-0.011254795634357167
1992-07-06,0.7699999999999432
1992-07-07,1.8300000000002274
1992-07-08,-1.7121206561493776
1992-07-09,-0.12211952390690059
1992-07-10,0.37788365619112874
1992-07-13,-1.1021217639151601
1992-07-14,0.6528718611384666
1992-07-15,3.247871341446033
1992-07-16,1.2728713414460902
1992-07-17,-0.9842605886117194
1992-07-20,0.19786464279399735
1992-07-21,0.5257292855885062
1992-07-22,3.0328676130950885
1992-07-23,9.14786421491121
1992-07-24,0.07828656459254449
1992-07-27,1.2528618113853454
1992-07-28,2.1178614397591917
1992-07-29,1.0128679100315319
1992-07-30,-5.462133792058304
1992-07-31,-0.2686011809178266
1992-08-03,-0.6799999999999443
1992-08-04,3.427863585261605
1992-08-05,1.5207235100902452
1992-08-06,0.9178587915918552
1992-08-07,5.407847364868348
1992-08-10,2.1600000000000636
1992-08-11,-0.475000000000183
1992-08-12,-0.5249999999999602
1992-08-13,-3.7199999999998727
1992-08-14,0.4117103840274036
1992-08-17,-2.044999999999923
1992-08-18,4.674999999999899
1992-08-19,1.700000000000017
1992-08-20,-0.028280769403275646
1992-08-21,-4.264999999999992
1992-08-24,-7.780000000000128
1992-08-25,-2.2768778432695744
1992-08-26,2.2875
1992-08-27,3.4299999999998807
1992-08-28,3.062500000000034
1992-08-31,0.8225000000000342
1992-09-01,1.4599999999999147
1992-09-02,0.6025000000000171
1992-09-03,-0.13999999999992324
1992-09-04,4.739999999999949
1992-09-07,0.0
1992-09-08,1.6999999999999147
1992-09-09,0.30250000000004257
1992-09-10,1.4575000000000595
1992-09-11,-2.125000000000034
1992-09-14,1.900000000000017
1992-09-15,-3.8474999999999575
1992-09-16,-0.6972674993032741
1992-09-17,1.5175
1992-09-18,-0.024999999999957345
1992-09-21,-1.0634593390170195
1992-09-22,-1.9400000000000364
1992-09-23,-1.3950000000000182
1992-09-24,1.5750000000001
1992-09-25,3.1424999999998455
1992-09-28,3.5400000000002003
1992-09-29,-1.3750000000001636
1992-09-30,-0.065
1992-10-01,5.525000000000008
1992-10-02,0.575
1992-10-05,1.1100000000001637
1992-10-06,-2.6720250769696565
1992-10-07,-6.612500000000045
1992-10-08,2.2342451527696343
1992-10-09,-3.047264281872156
1992-10-12,-0.3145249420411148
1992-10-13,0.1999999999997908
1992-10-14,-0.2749999999999818
1992-10-15,1.4500000000000182
1992-10-16,-0.5449999999999727
1992-10-19,-3.6550000000000087
1992-10-20,-8.4822175229291
1992-10-21,3.848923132108453
1992-10-22,0.5777914989205709
1992-10-23,-2.0700000000000442
1992-10-26,0.6327911006997329
1992-10-27,2.612791536112133
1992-10-28,-0.3959171075704223
1992-10-29,-0.7949999999999385
1992-10-30,-2.040000000000089
1992-11-02,-4.289999999999918
1992-11-03,0.13499999999992496
1992-11-04,1.1250000000000477
1992-11-05,1.3800000000000476
1992-11-06,-4.245000000000055
1992-11-09,-0.08999999999989086
1992-11-10,2.6999999999999313
1992-11-11,0.2549999999999182
1992-11-12,1.0650000000000273
1992-11-13,-3.3768492171200313
1992-11-16,-1.204468794236649
1992-11-17,0.009999999999979628
1992-11-18,2.6155439798348796
1992-11-19,-1.0799999999998908
1992-11-20,0.6399999999999728
1992-11-23,-3.199499437912404
1992-11-24,1.4482588663901093
1992-11-25,-1.080000000000041
1992-11-26,0.0
1992-11-27,-2.1149999999999314
1992-11-30,0.20999999999989086
1992-12-01,1.2450000000000614
1992-12-02,0.23999999999989086
1992-12-03,0.8400000000000136
1992-12-04,3.5699999999999927
1992-12-07,2.475000000000089
1992-12-08,1.2149999999999523
1992-12-09,-1.1549999999999523
1992-12-10,-0.7972345196491819
1992-12-11,-2.1450000000000276
1992-12-14,-0.45
1992-12-15,0.9191328568653732
1992-12-16,2.43429925752225
1992-12-17,0.43250000000010347
1992-12-18,0.4449999999999853
1992-12-21,1.2516828552467132
1992-12-22,1.6078073721875112
1992-12-23,-1.4271926278123774
1992-12-24,-0.4958000754096748
1992-12-25,-0.005658063931769445
1992-12-28,-0.7799999999999404
1992-12-29,2.3099999999998038
1992-12-30,1.064248388755128
1992-12-31,-1.627160531447303
1993-01-01,-0.004311548155620163
1993-01-04,5.019999999999928
1993-01-05,-0.6821557740779556
1993-01-06,-1.0607688967879074
1993-01-07,-5.325799969306681
1993-01-08,1.6878720592722043
1993-01-11,1.699999999999949
1993-01-12,-2.4420817612219077
1993-01-13,2.2449999999998567
1993-01-14,1.8400000000000205
1993-01-15,2.1900000000002042
1993-01-18,-0.970000000000184
1993-01-19,-1.14
1993-01-20,0.4550000000000204
1993-01-21,-0.08861518957337382
1993-01-22,3.111372206171304
1993-01-25,4.019999999999863
1993-01-26,-0.18499999999992042
1993-01-27,0.8949999999999204
1993-01-28,3.1300000000002273
1993-01-29,2.0999999999999432
1993-02-01,1.7030291683696408
1993-02-02,-1.875515013637646
1993-02-03,1.0461306153528285
1993-02-04,4.523065307676635
1993-02-05,6.318082648945397
1993-02-08,-2.18051547051559
1993-02-09,-2.783801091271831
1993-02-10,-4.299999999999989
1993-02-11,2.896377887105027
1993-02-12,0.29812578339270707
1993-02-15,-0.05302295711148052
1993-02-16,1.4400000000000432
1993-02-17,3.4000000000001616
1993-02-18,6.376359238434589
1993-02-19,1.0176909163354286
1993-02-22,2.5283374259498257
1993-02-23,6.556679997966297
1993-02-24,-3.292235981702388
1993-02-25,0.3058524432834213
1993-02-26,-1.339144174399943
1993-03-01,-2.1525000000000287
1993-03-02,0.05953228044869735
1993-03-03,4.61249999999999
1993-03-04,1.9774999999998841
1993-03-05,-2.8049999999998354
1993-03-08,0.7899999999998454
1993-03-09,-2.502499999999884
1993-03-10,-1.7250000000001933
1993-03-11,2.012500000000039
1993-03-12,-4.769030883392591
1993-03-15,-3.0501498712069366
1993-03-16,3.397221376107591
1993-03-17,-1.1675256777353566
1993-03-18,2.645000000000145
1993-03-19,-2.070000000000034
1993-03-22,0.8600000000000596
1993-03-23,0.4999999999998978
1993-03-24,-3.3049999999998807
1993-03-25,-0.020000000000076762
1993-03-26,-3.3200000000000087
1993-03-29,0.2550000000000171
1993-03-30,2.810000000000034
1993-03-31,-0.01000000000007674
1993-04-01,-0.5799999999999232
1993-04-02,-4.528663895695645
1993-04-05,2.4324999999998806
1993-04-06,1.2799999999999574
1993-04-07,-1.5024999999999231
1993-04-08,3.924999999999991
1993-04-09,0.0
1993-04-12,-0.5274999999999062
1993-04-13,-0.9763415532078592
1993-04-14,5.242499999999957
1993-04-15,-0.6244367467561
1993-04-16,3.23381634298162
1993-04-19,-1.0178879487031933
1993-04-20,-1.6813373972233072
1993-04-21,4.5849846631361
1993-04-22,2.928442518146848
1993-04-23,-0.03250000000010632
1993-04-26,-1.877500000000106
1993-04-27,0.17500000000018334
1993-04-28,-0.4275000000001739
1993-04-29,2.222500000000145
1993-04-30,-5.215000000000106
1993-05-03,2.617500000000126
1993-05-04,2.8274999999999326
1993-05-05,0.17000000000008697
1993-05-06,0.5164142860100565
1993-05-07,0.5
1993-05-10,3.696477168950115
1993-05-11,-1.54
1993-05-12,-4.448558398691554
1993-05-13,-0.8950000000000433
1993-05-14,0.21
1993-05-17,-1.230086666038944
1993-05-18,-2.8099999999999246
1993-05-19,4.109999999999848
1993-05-20,-1.459999999999903
1993-05-21,-1.9599999999998488
1993-05-24,0.011494448322011616
1993-05-25,1.4449999999998977
1993-05-26,0.8800000000000227
1993-05-27,1.3400000000000796
1993-05-28,-1.5084903203935645
1993-05-31,-0.0012812693703399172
1993-06-01,9.840000000000098
1993-06-02,0.818680479031012
1993-06-03,1.9473769262016125
1993-06-04,-5.667629550782382
1993-06-07,-1.4163200624122847
1993-06-08,0.670000000000191
1993-06-09,1.8299999999998091
1993-06-10,1.8800000000000836
1993-06-11,7.900000000000096
1993-06-14,0.7999999999998328
1993-06-15,1.298672638376359
1993-06-16,-1.6926618792989094
1993-06-17,-1.485
1993-06-18,-3.5800000000001306
1993-06-21,0.8850000000000476
1993-06-22,-0.665
1993-06-23,0.0
1993-06-24,1.4386739901094965
1993-06-25,3.2453950720726836
1993-06-28,2.1325000000000243
1993-06-29,-0.2669137718987554
1993-06-30,-5.794999999999913
1993-07-01,-8.467887779433982
1993-07-02,-0.9434972439480097
1993-07-05,0.0
1993-07-06,-9.567499999999818
1993-07-07,0.7952909890385743
1993-07-08,5.088406595843636
1993-07-09,2.5456254317591793
1993-07-12,4.225305160853228
1993-07-13,-0.4132391948315618
1993-07-14,1.317032234388624
1993-07-15,1.475
1993-07-16,-2.479999999999872
1993-07-19,-0.9266604186589817
1993-07-20,-2.7199999999999576
1993-07-21,-4.105000000000185
1993-07-22,-5.551018904671294
1993-07-23,-1.505437957272867
1993-07-26,2.6949999999999084
1993-07-27,-1.252499999999791
1993-07-28,3.297500000000026
1993-07-29,5.792499999999752
1993-07-30,0.3125000000000915
1993-08-02,-4.992500000000052
1993-08-03,0.5024999999999085
1993-08-04,-0.0075
1993-08-05,2.540000000000144
1993-08-06,-0.012499999999973806
1993-08-09,3.8699999999999344
1993-08-10,-2.834999999999817
1993-08-11,0.2424999999999085
1993-08-12,1.7949999999999082
1993-08-13,2.7249999999999344
1993-08-16,2.766667080054121
1993-08-17,-1.6025
1993-08-18,1.4299999999999085
1993-08-19,2.5382594186296545
1993-08-20,1.477500000000026
1993-08-23,-1.4417437578597283
1993-08-24,4.800000000000196
1993-08-25,1.7507570230550382
1993-08-26,5.710000000000052
1993-08-27,-2.43
1993-08-30,2.254999999999817
1993-08-31,1.6257214531235538
1993-09-01,0.0
1993-09-02,3.517500000000052
1993-09-03,4.665715189543796
1993-09-06,-0.0017845634648996523
1993-09-07,4.7825000000001445
1993-09-08,-1.641799742473192
1993-09-09,-6.276801436375062
1993-09-10,3.6822079962098004
1993-09-13,-2.4268168443886657
1993-09-14,-3.2600000000001876
1993-09-15,-0.6888743508805537
1993-09-16,0.5924999999998977
1993-09-17,-4.067499999999818
1993-09-20,-1.5474999999999204
1993-09-21,0.3550000000001819
1993-09-22,-2.0775
1993-09-23,-1.7453218290226244
1993-09-24,0.5550879077285842
1993-09-27,7.059999999999989
1993-09-28,2.6181194668407914
1993-09-29,-1.0600000000000478
1993-09-30,-4.66999999999994
1993-10-01,4.528094430473852
1993-10-04,4.515000000000215
1993-10-05,-0.9038757638882287
1993-10-06,-0.5650000000000835
1993-10-07,-2.115
1993-10-08,4.344999999999881
1993-10-11,-2.1149999999998093
1993-10-12,-0.2550000000001074
1993-10-13,-3.4
1993-10-14,2.5150000000000476
1993-10-15,1.6949999999998326
1993-10-18,-6.624999999999773
1993-10-19,-0.67699318404846
1993-10-20,1.478006323221972
1993-10-21,-3.6550000000000713
1993-10-22,-0.5970083090729973
1993-10-25,-4.492018284349403
1993-10-26,1.7279817156504764
1993-10-27,-0.9520183124976577
1993-10-28,1.725
1993-10-29,-2.2220262164437727
1993-11-01,-5.462025923541475
1993-11-02,-4.092749276389894
1993-11-03,0.6279702032354049
1993-11-04,-2.682032166668276
1993-11-05,-3.6120310376689666
1993-11-08,3.797984742006186
1993-11-09,1.2902087946566234
1993-11-10,-5.342112636392181
1993-11-11,-0.24852967473112716
1993-11-12,4.5678620095485725
1993-11-15,0.03221783494148498
1993-11-16,1.6900000000000206
1993-11-17,0.3978593782627761
1993-11-18,-2.730000000000041
1993-11-19,-3.422139110359542
1993-11-22,-1.81713898524298
1993-11-23,3.172860295837566
1993-11-24,-0.7050000000000921
1993-11-25,-0.002135435417036381
1993-11-26,1.8250000000001128
1993-11-29,-0.18213471570152148
1993-11-30,-2.0071351004348714
1993-12-01,0.882863125558671
1993-12-02,-0.06464191923127603
1993-12-03,-0.47714393024766244
1993-12-06,3.623212631834633
1993-12-07,-0.06211161543641988
1993-12-08,0.3928538284276909
1993-12-09,0.7882078986102655
1993-12-10,-1.909289724579975
1993-12-13,-1.6992985386440111
1993-12-14,-1.1200000000000194
1993-12-15,-0.08179592959192149
1993-12-16,-0.08464796479612502
1993-12-17,1.2508013135613794
1993-12-20,-0.28929836029747524
1993-12-21,-0.3921499112595089
1993-12-22,3.9810814201560976
1993-12-23,0.8607216762483126
1993-12-24,-0.004254082991139872
1993-12-27,0.36
1993-12-28,0.26537968471888246
1993-12-29,-0.19381356308324554
1993-12-30,-3.026297428428663
1993-12-31,-0.5362872104435702
1994-01-03,-2.9425000000000616
1994-01-04,1.0808398161770116
1994-01-05,0.278338626465746
1994-01-06,2.6887579396988235
1994-01-07,6.421303993449877
1994-01-10,-1.2066839822304267
1994-01-11,1.745000000000016
1994-01-12,-0.5370718632812749
1994-01-13,0.260000000000008
1994-01-14,-0.6150000000000317
1994-01-17,0.07999999999987267
1994-01-18,-0.3099999999999125
1994-01-19,-2.4999999999999285
1994-01-20,0.23245547560292096
1994-01-21,1.86
1994-01-24,1.110000000000077
1994-01-25,-1.1275283898443562
1994-01-26,-0.255
1994-01-27,0.7450000000001
1994-01-28,-1.6625286954930234
1994-01-31,-1.4150000000000869
1994-02-01,-3.1905717812433716
1994-02-02,0.7749999999998158
1994-02-03,-1.9824999999998771
1994-02-04,-5.53750000000001
1994-02-07,0.09679621736087221
1994-02-08,0.872408750680647
1994-02-09,4.1900000000001825
1994-02-10,-0.3875912493192416
1994-02-11,2.160000000000094
1994-02-14,0.27
1994-02-15,-1.8982079651321935
1994-02-16,2.0699999999998635
1994-02-17,-7.320000000000051
1994-02-18,-2.779069422875394
1994-02-21,-0.005160680299817499
1994-02-22,1.5800000000000813
1994-02-23,-2.2100000000000444
1994-02-24,-2.320665056365206
1994-02-25,0.0775000000000614
1994-02-28,0.7074999999999045
1994-03-01,-1.8701488794871948
1994-03-02,-0.7926512080114007
1994-03-03,-3.7206023883530475
1994-03-04,-2.2626496285443665
1994-03-07,1.6899999999999746
1994-03-08,-2.9826568135960194
1994-03-09,-1.8699999999999273
1994-03-10,-2.4100000000000277
1994-03-11,0.7073248582789953
1994-03-14,4.640000000000019
1994-03-15,-0.8478621476543425
1994-03-16,1.3468610220826456
1994-03-17,0.32249999999996926
1994-03-18,-1.7299999999999658
1994-03-21,-2.150221552806157
1994-03-22,0.28250000000002273
1994-03-23,0.062499999999980106
1994-03-24,-2.0500000000000087
1994-03-25,-1.617828997885112
1994-03-28,1.1349999999999953
1994-03-29,-2.212500000000014
1994-03-30,-1.0274999999999888
1994-03-31,-3.3175000000000088
1994-04-01,-2.5113121367041344
1994-04-04,-0.7999999999999932
1994-04-05,4.314999999999982
1994-04-06,0.7600191948514112
1994-04-07,-2.1850000000000214
1994-04-08,-0.5317913253576727
1994-04-11,-1.2300000000000102
1994-04-12,1.7999999999999863
1994-04-13,-0.3099999999999864
1994-04-14,-3.2849999999999944
1994-04-15,1.2132219957070498
1994-04-18,-4.806800375592024
1994-04-19,0.03608839929325894
1994-04-20,2.0174999999999983
1994-04-21,1.793209289173446
1994-04-22,-2.144999999999992
1994-04-25,1.4432032550313616
1994-04-26,0.05499999999998693
1994-04-27,0.0
1994-04-28,1.4075000000000102
1994-04-29,1.242499999999996
1994-05-02,-1.657500000000001
1994-05-03,-4.747499999999992
1994-05-04,0.8418396906112285
1994-05-05,-3.137500000000003
1994-05-06,-0.11880883949573526
1994-05-09,-1.6869116804489788
1994-05-10,1.617499999999998
1994-05-11,0.0024999999999965896
1994-05-12,1.677500000000011
1994-05-13,-0.04191332676572022
1994-05-16,3.362500000000012
1994-05-17,0.7546357364431588
1994-05-18,1.155000000000002
1994-05-19,0.11499999999999432
1994-05-20,0.6350000000000018
1994-05-23,3.1474999999999986
1994-05-24,-3.5324999999999984
1994-05-25,-1.6074999999999948
1994-05-26,-0.922500000000008
1994-05-27,0.7425000000000119
1994-05-30,0.0
1994-05-31,4.85749999999999
1994-06-01,1.1100000000000063
1994-06-02,0.9899999999999981
1994-06-03,-3.102500000000006
1994-06-06,-3.474999999999987
1994-06-07,0.18499999999999886
1994-06-08,1.566071340690151
1994-06-09,0.20499999999999888
1994-06-10,1.3250000000000017
1994-06-13,0.6799999999999938
1994-06-14,0.8499999999999994
1994-06-15,1.9811388491776432
1994-06-16,-0.1450000000000182
1994-06-17,1.390000000000006
1994-06-20,-5.17745891991669
1994-06-21,-4.477524026138331
1994-06-22,-3.2775747602517806
1994-06-23,-0.3775763747262059
1994-06-24,-0.19257948362543595
1994-06-27,-2.1900000000000244
1994-06-28,3.5200000000000036
1994-06-29,-3.3505485305035427
1994-06-30,-0.06777775665417542
1994-07-01,-0.7467971311308719
1994-07-04,0.0
1994-07-05,-3.2450000000000156
1994-07-06,0.297139660937183
1994-07-07,-0.5349999999999795
1994-07-08,-0.535000000000001
1994-07-11,-0.5150000000000126
1994-07-12,-0.13285852268769602
1994-07-13,0.3761187863196918
1994-07-14,0.8450000000000016
1994-07-15,-0.505
1994-07-18,0.7649999999999972
1994-07-19,-0.4000000000000068
1994-07-20,-1.022790622145612
1994-07-21,-0.745000000000001
1994-07-22,-0.20000000000000626
1994-07-25,0.6222202562428769
1994-07-26,0.29500000000000515
1994-07-27,-0.8500000000000022
1994-07-28,0.3499999999999972
1994-07-29,1.810000000000007
1994-08-01,-0.15278795421900748
1994-08-02,0.17499999999999716
1994-08-03,-0.33999999999999486
1994-08-04,-0.2767645305650113
1994-08-05,-1.0550000000000035
1994-08-08,0.6272046590358032
1994-08-09,-0.4149999999999841
1994-08-10,0.329999999999992
1994-08-11,-0.38000000000000456
1994-08-12,0.1250000000000148
1994-08-15,-0.21500000000001024
1994-08-16,1.1043441066690525
1994-08-17,0.6249999999999944
1994-08-18,-1.024999999999999
1994-08-19,0.1999999999999818
1994-08-22,-0.34499999999997616
1994-08-23,0.05000000000000227
1994-08-24,0.9022047107023525
1994-08-25,-0.6200000000000125
1994-08-26,0.30500000000002275
1994-08-29,-0.21500000000001818
1994-08-30,0.3800000000000205
1994-08-31,0.3572055835462328
1994-09-01,0.04499999999998181
1994-09-02,-0.07922894184558316
1994-09-05,-0.004065315807775561
1994-09-06,-0.3224999999999795
1994-09-07,-0.2525000000000034
1994-09-08,-0.16999999999998466
1994-09-09,-1.795000000000002
1994-09-12,0.0724999999999966
1994-09-13,0.11749999999997271
1994-09-14,0.040000000000003415
1994-09-15,0.1550000000000068
1994-09-16,-1.9174999999999898
1994-09-19,0.30999999999998806
1994-09-20,-0.38749999999999146
1994-09-21,-0.40531953280579425
1994-09-22,0.167191851681345
1994-09-23,-0.1610287642568673
1994-09-26,-0.012806240600685054
1994-09-27,-0.30500000000000227
1994-09-28,0.2371993151132438
1994-09-29,-0.5277997139786997
1994-09-30,0.16220365821533358
1994-10-03,-0.41903078649809894
1994-10-04,-0.13500000000000512
1994-10-05,-0.45999999999999436
1994-10-06,0.044999999999994884
1994-10-07,0.56595902742923
1994-10-10,0.12
1994-10-11,0.22220627927363024
1994-10-12,-0.2527942143677039
1994-10-13,0.235
1994-10-14,0.04
1994-10-17,0.005
1994-10-18,0.07
1994-10-19,-0.25
1994-10-20,-0.875
1994-10-21,0.09
1994-10-24,-0.31
1994-10-25,-0.02
1994-10-26,-0.05403322739381038
1994-10-27,-0.17277556049250134
1994-10-28,0.5549999999999926
1994-10-31,0.025
1994-11-01,-0.32999999999999546
1994-11-02,-0.13499999999999374
1994-11-03,-0.011953417990425479
1994-11-04,-0.16179906943076205
1994-11-07,-0.11527809175563428
1994-11-08,-0.15427503390000794
1994-11-09,-0.3049999999999795
1994-11-10,-0.08250000000002387
1994-11-11,0.3975000000000068
1994-11-14,0.16499999999998977
1994-11-15,0.24058889944713013
1994-11-16,0.1549999999999881
1994-11-17,-0.21277339541641516
1994-11-18,0.13722661050675364
1994-11-21,-0.06524792339445315
1994-11-22,0.4622506384973097
1994-11-23,0.7774999999999829
1994-11-24,0.0
1994-11-25,-0.3825000000000154
1994-11-28,0.019746280954350572
1994-11-29,0.13298587530889747
1994-11-30,-0.12800496929766025
1994-12-01,-0.05275242819895457
1994-12-02,-0.6530085729175626
1994-12-05,-0.8640248142989289
1994-12-06,0.6049999999999994
1994-12-07,-1.0690734703572908
1994-12-08,-0.025
1994-12-09,-0.0425
1994-12-12,-0.1875
1994-12-13,0.6
1994-12-14,1.1125
1994-12-15,-0.0713064439512654
1994-12-16,-0.6524999999999909
1994-12-19,0.4974999999999937
1994-12-20,-0.5375
1994-12-21,-0.4450000000000131
1994-12-22,-0.17652649186379837
1994-12-23,-0.7450000000000051
1994-12-26,0.0
1994-12-27,0.49499999999999433
1994-12-28,-0.294999999999996
1994-12-29,0.5449999999999949
1994-12-30,0.06000000000000284
1995-01-02,0.0
1995-01-03,0.100000000000004
1995-01-04,0.02999999999999718
1995-01-05,-1.2800000000000036
1995-01-06,-0.4800000000000011
1995-01-09,-0.18499999999999092
1995-01-10,0.4299999999999972
1995-01-11,0.28000000000000114
1995-01-12,-0.644999999999996
1995-01-13,1.3799999999999972
1995-01-16,-0.01999999999999602
1995-01-17,-0.190000000000004
1995-01-18,0.019999999999994886
1995-01-19,-0.12500000000000114
1995-01-20,0.05500000000000683
1995-01-23,-0.6999999999999961
1995-01-24,-0.03321552207245345
1995-01-25,-0.125
1995-01-26,0.015
1995-01-27,0.91
1995-01-30,-0.045
1995-01-31,0.17260694123592907
1995-02-01,-0.6673823833702531
1995-02-02,-0.38
1995-02-03,1.2126256157562163
1995-02-06,-1.665
1995-02-07,0.7417600514051896
1995-02-08,-0.19000000000001024
1995-02-09,-0.36366229806283495
1995-02-10,-0.5700000000000011
1995-02-13,0.12500000000001135
1995-02-14,-0.06500000000000564
1995-02-15,0.6617198644821904
1995-02-16,0.5617620087406953
1995-02-17,0.04750000000001592
1995-02-20,0.0
1995-02-21,0.30999999999998984
1995-02-22,0.4350000000000114
1995-02-23,-0.7932302734227294
1995-02-24,0.7874999999999761
1995-02-27,0.9263629315236609
1995-02-28,0.6267565684089569
1995-03-01,0.029999999999984085
1995-03-02,-0.7832429401007033
1995-03-03,0.3999999999999887
1995-03-06,-1.74999999999996
1995-03-07,-0.8800000000000056
1995-03-08,0.47000000000001135
1995-03-09,1.249999999999946
1995-03-10,0.850000000000037
1995-03-13,-0.3099999999999887
1995-03-14,1.5632232836051172
1995-03-15,-0.6625
1995-03-16,0.6042779613230639
1995-03-17,-1.6199999999999244
1995-03-20,0.20249999999999205
1995-03-21,0.29999999999995625
1995-03-22,-0.7375000000000159
1995-03-23,-0.72
1995-03-24,2.7750000000000674
1995-03-27,0.002499999999944339
1995-03-28,-2.365000000000024
1995-03-29,0.8950000000000636
1995-03-30,-0.7800000000000438
1995-03-31,-1.3799999999999444
1995-04-03,0.46249999999993235
1995-04-04,0.2900000000000438
1995-04-05,0.3099999999999363
1995-04-06,0.9114076708656168
1995-04-07,-0.3900000000000716
1995-04-10,-0.6024999999999363
1995-04-11,0.08940049221438544
1995-04-12,1.5589150422314084
1995-04-13,2.7216349000993167
1995-04-14,0.0
1995-04-17,0.5949999999999682
1995-04-18,0.860000000000041
1995-04-19,-0.5530446231491636
1995-04-20,0.16999999999997445
1995-04-21,-0.05000000000004604
1995-04-24,-0.18629909804874453
1995-04-25,-1.355000000000011
1995-04-26,-0.3749999999999602
1995-04-27,-0.06796560149259515
1995-04-28,-1.0750000000000688
1995-05-01,-2.242499999999956
1995-05-02,1.1175000000000812
1995-05-03,4.0374999999999375
1995-05-04,2.827499999999994
1995-05-05,6.559999999999932
1995-05-08,-1.526958324150145
1995-05-09,2.160000000000031
1995-05-10,-1.8950000000000666
1995-05-11,-0.8849999999999283
1995-05-12,-0.34500000000001024
1995-05-15,3.1449999999999743
1995-05-16,0.10385559019533984
1995-05-17,-0.776332758251671
1995-05-18,-2.4575961169208225
1995-05-19,1.0875
1995-05-22,-2.2586728240381357
1995-05-23,-0.3737285004800466
1995-05-24,3.770084681871593
1995-05-25,1.3213197902499092
1995-05-26,-0.9800000000000436
1995-05-29,-0.005479413468101586
1995-05-30,4.194999999999992
1995-05-31,0.05500000000010914
1995-06-01,2.3799999999999457
1995-06-02,1.831211414055006
1995-06-05,1.1011963858051006
1995-06-06,-0.43630458781709414
1995-06-07,-3.6175000000000073
1995-06-08,-1.8850000000000138
1995-06-09,-5.007499999999926
1995-06-12,0.6659280032569369
1995-06-13,5.948647518194959
1995-06-14,-1.12015120072864
1995-06-15,-0.816373656779391
1995-06-16,-0.17250000000009208
1995-06-19,0.6835553212062212
1995-06-20,-0.46999999999996417
1995-06-21,0.601052299686056
1995-06-22,2.659999999999913
1995-06-23,-0.46749999999996417
1995-06-26,0.4533553972797358
1995-06-27,-0.45089829511167767
1995-06-28,0.4625000000000626
1995-06-29,-3.54100833185085
1995-06-30,1.003225320183802
1995-07-03,-0.1774999999999886
1995-07-04,0.0
1995-07-05,0.23249999999990906
1995-07-06,3.7325000000000967
1995-07-07,0.6099999999999204
1995-07-10,0.1525
1995-07-11,-1.5874999999999715
1995-07-12,-0.3300000000000511
1995-07-13,-0.30249999999986926
1995-07-14,-1.6308931635901702
1995-07-17,-2.9800000000000817
1995-07-18,-1.2550000000000252
1995-07-19,-3.332500000000019
1995-07-20,0.14402923018190375
1995-07-21,-2.565000000000034
1995-07-24,1.4525000000000627
1995-07-25,0.4335089521834334
1995-07-26,-0.8750000000001023
1995-07-27,1.6800000000000666
1995-07-28,-0.7749999999999744
1995-07-31,1.8149999999998927
1995-08-01,-1.1999999999999746
1995-08-02,1.8199999999999847
1995-08-03,-1.824999999999949
1995-08-04,1.04150825447106
1995-08-07,0.6099999999999682
1995-08-08,-0.425
1995-08-09,-0.7249999999999773
1995-08-10,-0.5450000000000501
1995-08-11,-2.287018894704199
1995-08-14,-0.01000000000007276
1995-08-15,0.11000000000003184
1995-08-16,1.0986227402612232
1995-08-17,-0.6433770691344739
1995-08-18,0.13999999999993631
1995-08-21,0.3600000000000517
1995-08-22,-0.6699999999999801
1995-08-23,-0.11000000000003582
1995-08-24,1.4900000000000237
1995-08-25,1.8299999999999323
1995-08-28,0.08000000000004374
1995-08-29,-0.4599999999999801
1995-08-30,0.6800000000000159
1995-08-31,0.4299999999999801
1995-09-01,1.0479347330866111
1995-09-04,0.0
1995-09-05,0.9049999999999444
1995-09-06,0.35792794478433326
1995-09-07,-0.8599999999999444
1995-09-08,-0.5554617180839035
1995-09-11,0.0914823123279259
1995-09-12,1.1350000000000182
1995-09-13,-0.5183900588639728
1995-09-14,2.3479024167285116
1995-09-15,-0.9321096772528812
1995-09-18,-1.4150000000001022
1995-09-19,0.7825000000000103
1995-09-20,0.6966063560008383
1995-09-21,-2.262499999999983
1995-09-22,-0.5572235864209468
1995-09-25,-0.002236357724929671
1995-09-26,-0.6175000000000114
1995-09-27,-0.13750000000005116
1995-09-28,0.1565941621503126
1995-09-29,2.5227594054238125
1995-10-02,0.300260571470342
1995-10-03,0.8824999999999686
1995-10-04,0.9727554653398837
1995-10-05,0.6350000000001126
1995-10-06,0.02912665293807191
1995-10-09,-0.16224821394011585
1995-10-10,0.5075000000000615
1995-10-11,0.37163006257673636
1995-10-12,0.7552137180547774
1995-10-13,3.152500000000111
1995-10-16,-0.08229850037328328
1995-10-17,-5.1750248530879616e-14
1995-10-18,-0.8658155340027726
1995-10-19,0.32931481060741774
1995-10-20,-1.6006805238246373
1995-10-23,-1.3473066751203862
1995-10-24,2.1953898586000116
1995-10-25,0.40769514073317614
1995-10-26,-3.512304638309891
1995-10-27,0.6997475552360957
1995-10-30,0.3726931112389069
1995-10-31,0.4503894547747396
1995-11-01,2.374443961376664
1995-11-02,2.3053894547746254
1995-11-03,-1.1423066688890435
1995-11-06,0.012691871327537236
1995-11-07,-0.8523074640086094
1995-11-08,1.707691551075545
1995-11-09,-1.4573088826759608
1995-11-10,-1.0623017202288942
1995-11-13,0.7604018898137714
1995-11-14,-1.6323070928878618
1995-11-15,-1.3278414906740867
1995-11-16,2.8249999999998976
1995-11-17,1.227692046891723
1995-11-20,-0.22961155760224872
1995-11-21,-0.9023055718859168
1995-11-22,-0.6323052013515611
1995-11-23,-0.004609994707751938
1995-11-24,0.7500000000001535
1995-11-27,-0.045000000000119326
1995-11-28,-0.5252409189673265
1995-11-29,3.943541298617069
1995-11-30,3.1449999999999894
1995-12-01,1.6626979265160156
1995-12-04,3.890396928897305
1995-12-05,0.47269556841049987
1995-12-06,-0.600000000000016
1995-12-07,-1.4796011102279822
1995-12-08,1.1253942316798038
1995-12-11,2.644999999999937
1995-12-12,0.0700000000000654
1995-12-13,0.3277017295338832
1995-12-14,0.30500000000000177
1995-12-15,-0.07729815461060673
1995-12-18,-0.19730763486423045
1995-12-19,5.808625397507045
1995-12-20,-2.9064768271253434
1995-12-21,-1.381919258847417
1995-12-22,5.934999999999911
1995-12-25,-0.006951789055002848
1995-12-26,1.4900000000001326
1995-12-27,-1.5675000000001034
1995-12-28,-0.34965040038839035
1995-12-29,3.2824999999999624
1996-01-01,0.0
1996-01-02,2.192500000000119
1996-01-03,1.4125000000000145
1996-01-04,-0.13500000000006637
1996-01-05,-1.8753245502463283
1996-01-08,-3.334999999999999
1996-01-09,1.9778228515329521
1996-01-10,-6.34499999999994
1996-01-11,-2.5479132688202872
1996-01-12,3.9678884696161654
1996-01-15,1.9576304097066213
1996-01-16,-3.585000000000048
1996-01-17,1.8478269739786781
1996-01-18,4.815000000000091
1996-01-19,2.727500000000046
1996-01-22,-4.3170800899585435
1996-01-23,-1.189940290243707
1996-01-24,0.6275000000000139
1996-01-25,-2.9099999999999944
1996-01-26,2.9493913617252114
1996-01-29,2.361726008088191
1996-01-30,2.9250000000000242
1996-01-31,1.2549999999998716
1996-02-01,-0.12500000000000344
1996-02-02,0.740000000000044
1996-02-05,-1.6315698370548877
1996-02-06,0.5950000000000535
1996-02-07,0.17260846337459637
1996-02-08,0.3900000000000586
1996-02-09,1.6876259409525212
1996-02-12,1.8018089679790124
1996-02-13,0.6151367592268566
1996-02-14,1.347499999999989
1996-02-15,-1.5081250620081224
1996-02-16,0.864000000000031
1996-02-19,0.0
1996-02-20,-5.758999999999899
1996-02-21,1.0693621112175038
1996-02-22,2.1176702156437046
1996-02-23,1.0462170588261144
1996-02-26,0.29999999999993743
1996-02-27,-2.4752391871077077
1996-02-28,-2.4552629277307867
1996-02-29,-1.8960732979741892
1996-03-01,0.2649999999999662
1996-03-04,0.009490170556121447
1996-03-05,0.29948518364361143
1996-03-06,-0.07750000000001729
1996-03-07,3.156890704634881
1996-03-08,-3.6004374462601314
1996-03-11,2.404898730249799
1996-03-12,-1.544999999999993
1996-03-13,0.017500000000002503
1996-03-14,1.650000000000011
1996-03-15,-3.59081171846241
1996-03-18,2.1549999999999883
1996-03-19,-1.0975000000000075
1996-03-20,1.7324999999999935
1996-03-21,-0.27410847225501206
1996-03-22,0.3705000000000047
1996-03-25,1.2225000000000048
1996-03-26,2.6094999999999957
1996-03-27,-0.2719627980542814
1996-03-28,-0.4399999999999822
1996-03-29,5.628000000000006
1996-04-01,2.179979125286861
1996-04-02,0.8149999999999902
1996-04-03,3.0150000000000223
1996-04-04,3.629999999999996
1996-04-05,-1.1745327216725279
1996-04-08,3.869851014204096
1996-04-09,0.14099999999998664
1996-04-10,6.295895046979138
1996-04-11,-4.390386716475655
1996-04-12,0.551532768516909
1996-04-15,-0.8559999999999934
1996-04-16,-3.998025957431922
1996-04-17,1.8655203263255258
1996-04-18,4.38
1996-04-19,-1.2123166559309446
1996-04-22,1.8850000000000038
1996-04-23,-0.0800000000000023
1996-04-24,0.2879999999999997
1996-04-25,1.9820000000000118
1996-04-26,-3.0893299722160013
1996-04-29,-3.145000000000007
1996-04-30,2.7650000000000055
1996-05-01,4.341488607463386
1996-05-02,-6.557537887609228
1996-05-03,2.9674367561904
1996-05-06,0.7424237663504805
1996-05-07,-0.3060000000000051
1996-05-08,3.366
1996-05-09,0.3600000000000004
1996-05-10,3.5100000000000042
1996-05-13,3.2940000000000023
1996-05-14,0.12599999999999595
1996-05-15,2.3039999999999945
1996-05-16,3.0931099713320194
1996-05-17,-1.1700000000000095
1996-05-20,-4.139999999999995
1996-05-21,-1.4428528862070835
1996-05-22,0.6950000000000077
1996-05-23,4.215999999999993
1996-05-24,1.3620661335950643
1996-05-27,0.0
1996-05-28,1.7439999999999942
1996-05-29,-4.883999999999995
1996-05-30,-0.3829815164610781
1996-05-31,0.5249999999999987
1996-06-03,-3.330000000000005
1996-06-04,1.6200000000000079
1996-06-05,-2.1359999999999992
1996-06-06,2.2859999999999987
1996-06-07,0.269999999999994
1996-06-10,2.2499999999999987
1996-06-11,-2.5709999999999966
1996-06-12,-1.0739999999999987
1996-06-13,-0.7050000000000047
1996-06-14,-0.018300885830861903
1996-06-17,0.06499999999999921
1996-06-18,4.644999999999995
1996-06-19,-0.7349999999999931
1996-06-20,-0.48000000000000254
1996-06-21,0.7099999999999935
1996-06-24,-1.3449999999999998
1996-06-25,1.9049999999999994
1996-06-26,-1.2049999999999954
1996-06-27,-0.8049999999999901
1996-06-28,3.7149999999999936
1996-07-01,2.2767317061045627
1996-07-02,-1.7899999999999978
1996-07-03,0.3100000000000025
1996-07-04,0.0
1996-07-05,-5.560000000000008
1996-07-08,-0.2900000000000032
1996-07-09,3.5750000000000104
1996-07-10,0.42999999999998445
1996-07-11,3.5300000000000145
1996-07-12,4.184999999999997
1996-07-15,-2.155000000000002
1996-07-16,-3.8799999999999906
1996-07-17,-2.5035419345835437
1996-07-18,-1.269984567373722
1996-07-19,-0.5139999999999917
1996-07-22,-2.6839036984609903
1996-07-23,1.5459999999999996
1996-07-24,-1.8559999999999928
1996-07-25,-0.49000000000000843
1996-07-26,-0.54
1996-07-29,2.246000000000002
1996-07-30,-0.3201298477257509
1996-07-31,-0.5939999999999988
1996-08-01,3.8459861142888516
1996-08-02,0.23999999999999475
1996-08-05,0.08104408666165297
1996-08-06,0.8649999999999934
1996-08-07,0.47250000000001435
1996-08-08,1.910897866861873
1996-08-09,0.8635645582950712
1996-08-12,3.752500000000025
1996-08-13,1.5970000000000095
1996-08-14,0.1124999999999932
1996-08-15,0.3785048161104807
1996-08-16,0.06398178263320135
1996-08-19,0.5525000000000017
1996-08-20,0.11596802322341988
1996-08-21,-0.5229999999999976
1996-08-22,0.9279999999999909
1996-08-23,-1.5282741803347921
1996-08-26,0.37699999999998873
1996-08-27,1.3650000000000027
1996-08-28,-0.9769999999999852
1996-08-29,-1.614999999999991
1996-08-30,-3.0973539215588755
1996-09-02,-0.003922355499750878
1996-09-03,0.833000000000003
1996-09-04,-2.534035923112432
1996-09-05,-0.5505000000000088
1996-09-06,2.2524999999999964
1996-09-09,0.6875000000000037
1996-09-10,0.9000000000000117
1996-09-11,-1.7620000000000096
1996-09-12,2.2524999999999915
1996-09-13,1.2670000000000257
1996-09-16,-2.957500000000025
1996-09-17,-0.4347183378619007
1996-09-18,0.4504999999999943
1996-09-19,-1.4154999999999858
1996-09-20,-0.5675000000000071
1996-09-23,0.38300000000001566
1996-09-24,0.979499999999988
1996-09-25,0.5254999999999939
1996-09-26,-0.819999999999987
1996-09-27,-0.7424248040484451
1996-09-30,-1.7669999999999992
1996-10-01,1.7625644944064154
1996-10-02,-0.22700000000000914
1996-10-03,-0.3849999999999883
1996-10-04,0.7805710439738689
1996-10-07,0.9410401721467027
1996-10-08,-0.2149999999999718
1996-10-09,-2.104440336181852
1996-10-10,-1.8765477974156957
1996-10-11,-2.6949999999999745
1996-10-14,-2.755000000000003
1996-10-15,-0.006506983511151826
1996-10-16,-3.689999999999978
1996-10-17,4.476999999999943
1996-10-18,-0.37534338015986235
1996-10-21,-1.3099999999999832
1996-10-22,-2.264999999999989
1996-10-23,-0.6434201428258062
1996-10-24,-1.2750000000000152
1996-10-25,-0.8999999999999952
1996-10-28,1.9950000000000014
1996-10-29,-0.4450000000000218
1996-10-30,-1.960000000000002
1996-10-31,1.8300000000000345
1996-11-01,1.0676899991329882
1996-11-04,1.0161557506451793
1996-11-05,-0.1150000000000222
1996-11-06,0.1540000000000066
1996-11-07,0.07228867528320543
1996-11-08,1.1124999999999987
1996-11-11,-0.26899999999999674
1996-11-12,0.8302568973827186
1996-11-13,0.006000000000003274
1996-11-14,1.9091571600835684
1996-11-15,-0.4959521930357655
1996-11-18,0.2625000000000362
1996-11-19,0.8702054588578745
1996-11-20,1.0905579642675856
1996-11-21,0.9799999999999071
1996-11-22,-0.579999999999909
1996-11-25,0.467214923446967
1996-11-26,0.9066096561803939
1996-11-27,0.05000000000000316
1996-11-28,0.0
1996-11-29,1.3100000000000356
1996-12-02,0.4426243149827496
1996-12-03,0.3005428388337989
1996-12-04,-1.5172535766952113
1996-12-05,-2.6275000000000546
1996-12-06,-2.259797260624218
1996-12-09,2.6600000000000263
1996-12-10,0.9930000000000414
1996-12-11,-4.228000000000067
1996-12-12,-1.2197495624219423
1996-12-13,2.6304999999999823
1996-12-16,-0.013248565446711514
1996-12-17,1.5000000000000226
1996-12-18,-1.1175000000000144
1996-12-19,2.1819999999999875
1996-12-20,0.6398525716035693
1996-12-23,0.4631701223372262
1996-12-24,0.19499999999999512
1996-12-25,-0.0026786682810452664
1996-12-26,-0.1269999999999979
1996-12-27,0.4100000000000133
1996-12-30,0.05749999999999841
1996-12-31,-3.035500000000004
1997-01-01,-0.010673252409037543
1997-01-02,-0.8899999999999674
1997-01-03,2.757999999999971
1997-01-06,0.5750000000000366
1997-01-07,0.5799999999999923
1997-01-08,0.4650000000000244
1997-01-09,0.8269342125011745
1997-01-10,-0.2399999999999729
1997-01-13,-0.07310233240513703
1997-01-14,2.5050000000000234
1997-01-15,-0.13056919351944973
1997-01-16,-0.8009999999999687
1997-01-17,0.8709999999999625
1997-01-20,-0.11
1997-01-21,2.0499777433378754
1997-01-22,0.15100000000001196
1997-01-23,0.5599999999999795
1997-01-24,-1.1859999999999506
1997-01-27,-1.4240000000000304
1997-01-28,1.4401247468841856
1997-01-29,-0.8389999999999807
1997-01-30,0.9449999999999631
1997-01-31,1.5500000000000544
1997-02-03,1.1839999999999862
1997-02-04,0.6474429883099931
1997-02-05,0.5399999999999819
1997-02-06,0.2162904424278703
1997-02-07,1.200000000000009
1997-02-10,1.012482732849242
1997-02-11,0.23400000000002724
1997-02-12,0.7459999999999828
1997-02-13,0.9889999999999792
1997-02-14,1.8249308621635167
1997-02-17,0.0
1997-02-18,-0.5910000000000061
1997-02-19,1.834051322643781
1997-02-20,0.6605335031010403
1997-02-21,1.5580309709481812
1997-02-24,-0.7954860039592477
1997-02-25,0.06357920974674709
1997-02-26,-5.566591342249697
1997-02-27,-9.025951250128326
1997-02-28,3.4187059493626353
1997-03-03,-0.7384052646396815
1997-03-04,-0.2449999999999865
1997-03-05,-1.9199999999999953
1997-03-06,1.549999999999975
1997-03-07,2.050000000000008
1997-03-10,1.5499999999999599
1997-03-11,-1.204999999999958
1997-03-12,-1.7250000000000045
1997-03-13,-0.319999999999984
1997-03-14,2.3921500146753814
1997-03-17,0.2700000000000344
1997-03-18,0.4099999999999736
1997-03-19,1.164999999999997
1997-03-20,1.0344602185870075
1997-03-21,-0.19792374522924142
1997-03-24,1.0934999999999873
1997-03-25,1.265000000000008
1997-03-26,0.38150000000000345
1997-03-27,-0.7143453002868166
1997-03-28,-0.0028097366504697733
1997-03-31,-1.554999999999999
1997-04-01,0.07500000000001074
1997-04-02,-1.0704123347627492
1997-04-03,-2.8194999999999926
1997-04-04,0.06999999999999536
1997-04-07,4.10420002775057
1997-04-08,0.2254999999999966
1997-04-09,0.08700000000000396
1997-04-10,0.4825000000000029
1997-04-11,-1.6325000000000034
1997-04-14,0.239999999999998
1997-04-15,0.29713455295097285
1997-04-16,-1.202500000000002
1997-04-17,1.494378239861478
1997-04-18,1.3579999999999894
1997-04-21,0.10250000000000274
1997-04-22,0.7774999999999994
1997-04-23,0.05931537443004303
1997-04-24,-1.728500000000007
1997-04-25,-0.9874454010171377
1997-04-28,-4.861499999999994
1997-04-29,2.799735676910953
1997-04-30,1.150552259831653
1997-05-01,0.8350000000000051
1997-05-02,1.1647740890450529
1997-05-05,-0.4475000000000016
1997-05-06,-0.698
1997-05-07,-1.6318856693324943
1997-05-08,1.5246181898761302
1997-05-09,0.34749999999999787
1997-05-12,-0.4650876289220508
1997-05-13,0.2980000000000005
1997-05-14,0.24949999999999745
1997-05-15,0.54064765140331
1997-05-16,0.08903972163795648
1997-05-19,0.45315047643313267
1997-05-20,-0.2409014198738351
1997-05-21,1.0423247905691424
1997-05-22,-0.03730729818347303
1997-05-23,-0.8550000000000022
1997-05-26,-0.00222447278017015
1997-05-27,-1.4749999999999854
1997-05-28,0.11275056340484031
1997-05-29,0.3723258471369692
1997-05-30,-0.017249436595142727
1997-06-02,0.9677327228791229
1997-06-03,0.1400000000000082
1997-06-04,-0.34999999999999387
1997-06-05,-2.072681138515577
1997-06-06,0.3473855520192932
1997-06-09,0.2909999999999845
1997-06-10,0.405000000000008
1997-06-11,0.6739999999999893
1997-06-12,1.3150000000000217
1997-06-13,0.5477851854225108
1997-06-16,0.6434281475359801
1997-06-17,0.8914187545873343
1997-06-18,1.5360000000000402
1997-06-19,-2.479770666341268
1997-06-20,0.29931859631355484
1997-06-23,0.6099999999999997
1997-06-24,0.4278189766450053
1997-06-25,-0.7190000000000056
1997-06-26,-0.11604687720891273
1997-06-27,0.6853031366806704
1997-06-30,0.24250000000001584
1997-07-01,2.831274612608941
1997-07-02,-1.8846880334006362
1997-07-03,2.785000000000026
1997-07-04,0.0
1997-07-07,3.1639999999999584
1997-07-08,1.1737932745896376
1997-07-09,0.2825000000000621
1997-07-10,1.938999999999999
1997-07-11,0.49849999999994415
1997-07-14,-2.0485410218394193
1997-07-15,-7.4773643458254
1997-07-16,8.168246838946066
1997-07-17,-0.10959384773348875
1997-07-18,-1.3599999999999803
1997-07-21,0.19499999999999068
1997-07-22,3.7249999999999974
1997-07-23,0.42500000000000737
1997-07-24,1.2350000000000012
1997-07-25,0.21500000000001857
1997-07-28,-0.33500000000002766
1997-07-29,1.4097802852883847
1997-07-30,0.861424517471559
1997-07-31,-0.30000000000002364
1997-08-01,-4.0593037806935355
1997-08-04,0.7720013693408475
1997-08-05,0.514000000000061
1997-08-06,1.2834999999999719
1997-08-07,-1.8924999999999716
1997-08-08,-1.576000000000066
1997-08-11,0.8231753277624091
1997-08-12,0.43799999999996925
1997-08-13,0.7900000000000047
1997-08-14,2.187000000000016
1997-08-15,-0.029242789325149066
1997-08-18,0.5443966463680953
1997-08-19,0.4620000000000008
1997-08-20,0.5299999999999924
1997-08-21,-2.359999999999979
1997-08-22,1.3899999999999864
1997-08-25,-0.4320000000000092
1997-08-26,-0.46499999999996766
1997-08-27,1.0199999999999683
1997-08-28,0.970000000000075
1997-08-29,-1.7100000000000393
1997-09-01,0.0
1997-09-02,2.0749999999999833
1997-09-03,-0.062499999999941706
1997-09-04,-1.310000000000033
1997-09-05,-0.2674999999999777
1997-09-08,1.2573757332756859
1997-09-09,0.25249999999996764
1997-09-10,0.3874999999999946
1997-09-11,-0.5374999999999783
1997-09-12,1.8784999999999683
1997-09-15,0.37236953221200014
1997-09-16,3.5725000000000104
1997-09-17,0.1225
1997-09-18,0.5050000000000471
1997-09-19,-0.33500000000000346
1997-09-22,2.1425000000000094
1997-09-23,-2.9225000000000354
1997-09-24,1.0875000000000328
1997-09-25,-1.5375000000000167
1997-09-26,0.5575000000000048
1997-09-29,1.825000000000025
1997-09-30,1.2499999999999971
1997-10-01,1.9899999999999904
1997-10-02,0.5275000000000047
1997-10-03,-0.3524999999999979
1997-10-06,1.9350000000000092
1997-10-07,0.9649701857020601
1997-10-08,-2.5526179144419703
1997-10-09,0.2834999999999718
1997-10-10,-0.28749999999998493
1997-10-13,0.11
1997-10-14,2.7532345998626933
1997-10-15,0.05000000000001787
1997-10-16,-0.5032767091722624
1997-10-17,-1.5676247020690433
1997-10-20,2.34450000000003
1997-10-21,0.5980000000000021
1997-10-22,0.5411812360249288
1997-10-23,-3.542499999999979
1997-10-24,-5.128038113167432
1997-10-27,-29.312427170623693
1997-10-28,10.918585223477825
1997-10-29,-0.07499999999996161
1997-10-30,-0.08250000000001874
1997-10-31,0.4949999999999469
1997-11-03,1.1130000000000169
1997-11-04,-0.19799999999995252
1997-11-05,-0.29577480583053073
1997-11-06,0.17050000000003718
1997-11-07,-0.2929999999999995
1997-11-10,-0.32249999999997647
1997-11-11,0.0
1997-11-12,-0.7925000000000233
1997-11-13,0.3274999999999753
1997-11-14,0.18588667937797543
1997-11-17,1.3455000000000004
1997-11-18,-0.0950000000000633
1997-11-19,0.49440867324739624
1997-11-20,-0.38199999999996875
1997-11-21,1.1320000000000099
1997-11-24,-0.8620000000000091
1997-11-25,-0.01800000000003238
1997-11-26,0.44012108385492726
1997-11-27,0.0
1997-11-28,-0.05000000000004629
1997-12-01,1.0409999999999993
1997-12-02,0.5740000000000455
1997-12-03,0.36100000000001053
1997-12-04,-0.10741693093115559
1997-12-05,-1.275999999999982
1997-12-08,-0.3694333970714507
1997-12-09,0.18499999999990902
1997-12-10,0.9249999999999723
1997-12-11,0.5899999999999825
1997-12-12,0.9875368211075659
1997-12-15,-0.13500000000001025
1997-12-16,0.1300000000000008
1997-12-17,0.5595583325299099
1997-12-18,0.03000000000005775
1997-12-19,-0.2540903646056182
1997-12-22,0.3159999999999074
1997-12-23,-0.8990889449913652
1997-12-24,0.41500000000008314
1997-12-25,0.0
1997-12-26,0.5099999999999525
1997-12-29,0.9060000000000374
1997-12-30,-0.6910000000000103
1997-12-31,0.7495164076762539
1998-01-01,-0.003061018229321888
1998-01-02,2.390000000000066
1998-01-05,3.382000000000015
1998-01-06,-0.11694882880855717
1998-01-07,-0.8760053180843219
1998-01-08,0.6169319320749242
1998-01-09,-2.777499999999941
1998-01-12,-1.5506180808470382
1998-01-13,2.329348343521671
1998-01-14,-1.0820000000000103
1998-01-15,-1.1180000000000416
1998-01-16,0.3055709285696607
1998-01-19,0.0
1998-01-20,-0.21999999999996306
1998-01-21,-1.3200000000000371
1998-01-22,0.2320000000000833
1998-01-23,-2.9500000000000877
1998-01-26,1.5648904784425153
1998-01-27,-1.509499999999946
1998-01-28,-1.5679999999999994
1998-01-29,0.23999999999999508
1998-01-30,1.1174806754294466
1998-02-02,0.5304999999999919
1998-02-03,0.7470000000000718
1998-02-04,-0.210000000000062
1998-02-05,-0.8075271823356467
1998-02-06,-0.4654999999999992
1998-02-09,-1.242500000000044
1998-02-10,0.940000000000034
1998-02-11,1.3199999999999814
1998-02-12,-0.2124999999999359
1998-02-13,0.00938026798437356
1998-02-16,0.0
1998-02-17,0.37549999999994443
1998-02-18,-1.9979810457762397
1998-02-19,0.21550000000007397
1998-02-20,-1.8525000000000102
1998-02-23,-0.9180000000000501
1998-02-24,-0.6294999999999933
1998-02-25,0.771999999999976
1998-02-26,0.1830000000000322
1998-02-27,1.1125000000000407
1998-03-02,-0.9205000000000593
1998-03-03,-1.320026311408319
1998-03-04,-0.7599999999999635
1998-03-05,-0.6645000000000364
1998-03-06,1.3025000000000153
1998-03-09,0.09676597501909479
1998-03-10,0.20800000000000046
1998-03-11,1.8500000000000052
1998-03-12,0.9949999999999832
1998-03-13,-1.005000000000031
1998-03-16,0.2450000000000072
1998-03-17,0.1200000000000553
1998-03-18,0.41499999999996834
1998-03-19,-0.030000000000029104
1998-03-20,0.5072626625200813
1998-03-23,1.0999999999999992
1998-03-24,-0.1077981615863787
1998-03-25,-0.5849999999999572
1998-03-26,0.24460779517115272
1998-03-27,-0.7139999999999774
1998-03-30,-0.02274035064136286
1998-03-31,1.0049999999999844
1998-04-01,1.0233968067121688
1998-04-02,0.570000000000013
1998-04-03,-0.11499999999998027
1998-04-06,0.8822759696510741
1998-04-07,0.1000000000000237
1998-04-08,0.20672624619775073
1998-04-09,0.649999999999967
1998-04-10,-0.002662937219143853
1998-04-13,-0.9960000000000414
1998-04-14,1.691000000000035
1998-04-15,-0.08763593473026253
1998-04-16,-0.5155947548741843
1998-04-17,0.5229999999999454
1998-04-20,0.742000000000048
1998-04-21,-0.6205954856414341
1998-04-22,1.32200000000003
1998-04-23,-0.7075923760516785
1998-04-24,-0.9500000000000236
1998-04-27,-1.9440000000000037
1998-04-28,0.8766195120435922
1998-04-29,0.5550000000000477
1998-04-30,2.177339951463218
1998-05-01,0.7802055447109219
1998-05-04,0.30942081697857826
1998-05-05,-1.437499999999966
1998-05-06,-0.07000000000003552
1998-05-07,-0.5705787820681386
1998-05-08,1.4114999999999926
1998-05-11,0.8950000000000264
1998-05-12,-0.2725000000000055
1998-05-13,-0.3500000000000159
1998-05-14,-0.24749999999996816
1998-05-15,0.6356795034937386
1998-05-18,-4.13047907554571
1998-05-19,0.8102097320158351
1998-05-20,-1.666375925149658
1998-05-21,0.40900000000001424
1998-05-22,-0.047300643477570674
1998-05-25,0.0
1998-05-26,-3.3675000000000357
1998-05-27,-0.6805007975565736
1998-05-28,0.4150000000000173
1998-05-29,0.4120055127355883
1998-06-01,-2.6273457589602036
1998-06-02,3.0162613811561934
1998-06-03,1.6293019670861129
1998-06-04,0.7251478070802185
1998-06-05,0.5451411712883933
1998-06-08,0.5140000000000001
1998-06-09,-0.8264999999999987
1998-06-10,-0.9198709440734968
1998-06-11,-3.1148700076565894
1998-06-12,0.8760794257708225
1998-06-15,0.02249999999998445
1998-06-16,-1.067381214705107
1998-06-17,-0.6650000000000608
1998-06-18,-1.5126921577823276
1998-06-19,-2.0700000000000207
1998-06-22,0.5730528159824874
1998-06-23,-1.855000000000047
1998-06-24,-1.3596772046629648
1998-06-25,0.2509999999999944
1998-06-26,-0.3433335454021814
1998-06-29,2.481
1998-06-30,-0.014934218789566262
1998-07-01,1.800000000000007
1998-07-02,0.2003967057231662
1998-07-03,-0.0022122418378945448
1998-07-06,1.1149999999999436
1998-07-07,-0.23999999999997612
1998-07-08,-0.26599999999997476
1998-07-09,0.4800000000000059
1998-07-10,1.8959999999999464
1998-07-13,-0.37315750276202847
1998-07-14,1.5910000000000273
1998-07-15,0.505
1998-07-16,-0.07943480552021472
1998-07-17,-0.43799999999999983
1998-07-20,1.970000000000008
1998-07-21,-0.5684227157642838
1998-07-22,-0.005698674476483756
1998-07-23,-0.029999999999965006
1998-07-24,0.61230431600247
1998-07-27,-0.7299999999999707
1998-07-28,-0.7026852943294165
1998-07-29,0.18799999999999323
1998-07-30,0.06897617081839787
1998-07-31,1.1973130788964481
1998-08-03,0.1809999999999801
1998-08-04,-0.2576888014706867
1998-08-05,-0.3336780083899078
1998-08-06,1.0259999999999634
1998-08-07,-2.0586798398413104
1998-08-10,-1.7326836765160807
1998-08-11,-1.4850000000000005
1998-08-12,-0.0016930646043049598
1998-08-13,2.905553834944627
1998-08-14,-0.6369886830734166
1998-08-17,-1.5820410209499236
1998-08-18,0.5610355368191591
1998-08-19,-0.36768094301372634
1998-08-20,-2.355681397684713
1998-08-21,-2.5682589934145876
1998-08-24,0.2585851086653792
1998-08-25,1.932325478098848
1998-08-26,1.0473188221100689
1998-08-27,0.5186495161971606
1998-08-28,2.7714999999999765
1998-08-31,1.9224999999999794
1998-09-01,-1.4565509439833662
1998-09-02,-0.7600000000000656
1998-09-03,-2.4450000000000145
1998-09-04,-0.07389341013040263
1998-09-07,-0.002123427305048073
1998-09-08,-2.5400000000000182
1998-09-09,2.8128467351248534
1998-09-10,2.2172678713491307
1998-09-11,-0.07714120449143079
1998-09-14,0.08281174876505089
1998-09-15,-0.30499999999997757
1998-09-16,1.8089825574606793
1998-09-17,1.0730000000000095
1998-09-18,2.3699999999999632
1998-09-21,0.16207407712106947
1998-09-22,-1.1669999999999405
1998-09-23,1.6519999999999482
1998-09-24,-0.9819138141646253
1998-09-25,-0.32750986640021906
1998-09-28,-1.642999999999969
1998-09-29,0.9182912762899101
1998-09-30,3.574500000000041
1998-10-01,3.248000000000031
1998-10-02,-0.1025000000000519
1998-10-05,-0.784999999999944
1998-10-06,-1.2802149998896268
1998-10-07,-5.9394999999999785
1998-10-08,-4.346018463296475
1998-10-09,-5.7752550553746085
1998-10-12,0.7746718111637848
1998-10-13,-3.569999999999971
1998-10-14,1.8926420842035088
1998-10-15,0.6388150675284231
1998-10-16,2.995500000000015
1998-10-19,1.3489673654975711
1998-10-20,0.5904999999999736
1998-10-21,0.1599999999999941
1998-10-22,-0.412999999999966
1998-10-23,-0.45125238281290997
1998-10-26,-0.4499999999999471
1998-10-27,0.4349999999999816
1998-10-28,0.0959999999999873
1998-10-29,0.021499999999996272
1998-10-30,1.175678875738924
1998-11-02,0.3996914324692317
1998-11-03,0.776499999999978
1998-11-04,-0.4474999999999929
1998-11-05,-0.10180797793488197
1998-11-06,-0.4343208846586973
1998-11-09,0.1797103063821599
1998-11-10,-2.0203015946242053
1998-11-11,-0.6149999999999771
1998-11-12,1.0324999999999567
1998-11-13,1.3383257877534493
1998-11-16,0.32818291531119703
1998-11-17,0.4049999999999515
1998-11-18,-0.5440000000000168
1998-11-19,0.3550000000000448
1998-11-20,1.3289999999999578
1998-11-23,0.8832001396522038
1998-11-24,-0.28610748320914714
1998-11-25,0.07771836258778625
1998-11-26,0.0
1998-11-27,-0.6979999999999652
1998-11-30,-0.8027709423686611
1998-12-01,1.4612117931288209
1998-12-02,1.7704999999999878
1998-12-03,0.4072349597663086
1998-12-04,-0.45549999999998964
1998-12-07,0.5952622245160853
1998-12-08,2.6274695857400574
1998-12-09,0.838777598387242
1998-12-10,1.158288221132502
1998-12-11,-0.5115622867984695
1998-12-14,0.6680129694438766
1998-12-15,0.46230390240626335
1998-12-16,2.9923050928412684
1998-12-17,0.16731570531069767
1998-12-18,1.6123154748071502
1998-12-21,-0.12766670991703138
1998-12-22,-0.131987928411292
1998-12-23,-1.6391415285962248
1998-12-24,-1.497642756285012
1998-12-25,-0.0043208280181967545
1998-12-28,3.0774999999999433
1998-12-29,0.5424999999999796
1998-12-30,2.930500000000085
1998-12-31,1.0324999999999298
1999-01-01,-0.004328621286609803
1999-01-04,2.235000000000009
1999-01-05,0.0704999999999638
1999-01-06,-3.802499999999936
1999-01-07,0.638997559827985
1999-01-08,-2.822613131779045
1999-01-11,-2.499999999999908
1999-01-12,-3.635500000000021
1999-01-13,-10.127240159480069
1999-01-14,-1.7971558659363414
1999-01-15,7.027064633159184
1999-01-18,-0.005435288859803968
1999-01-19,1.6814999999999658
1999-01-20,-1.189019854050576
1999-01-21,0.01500000000001428
1999-01-22,0.20649999999995589
1999-01-25,-0.6025201311009225
1999-01-26,0.5134812511945652
1999-01-27,0.2900000000000042
1999-01-28,0.25648251244032105
1999-01-29,1.3749830282651803
1999-02-01,-1.1425000000000127
1999-02-02,-1.0665000000000138
1999-02-03,0.39252825726533264
1999-02-04,-0.5609999999999874
1999-02-05,-0.8257065996208577
1999-02-08,-0.46109982688790563
1999-02-09,0.5525313055435308
1999-02-10,-1.4150000000000005
1999-02-11,1.9049999999999703
1999-02-12,0.8071252969585105
1999-02-15,-0.05176910461246464
1999-02-16,1.5000000000000009
1999-02-17,0.5790000000000068
1999-02-18,-1.6499999999999897
1999-02-19,0.17713803645304396
1999-02-22,1.019761876151811
1999-02-23,-0.6879999999999947
1999-02-24,3.245000000000013
1999-02-25,0.34630787285271586
1999-02-26,2.266930340667866
1999-03-01,-0.8174999999999987
1999-03-02,-3.6009437839287832
1999-03-03,0.7954784627519659
1999-03-04,-0.10994551143438029
1999-03-05,0.5298476917091092
1999-03-08,-1.916499999999996
1999-03-09,0.24580798293754508
1999-03-10,-0.009999999999999818
1999-03-11,0.004999999999999795
1999-03-12,2.4514999999999927
1999-03-15,0.7333466776309738
1999-03-16,-2.6224999999999956
1999-03-17,-0.40395862515378045
1999-03-18,0.22749999999999881
1999-03-19,-2.137499999999997
1999-03-22,-1.51189118216394
1999-03-23,2.9448712464843427
1999-03-24,0.19731206567384815
1999-03-25,0.5424999999999915
1999-03-26,0.5490000000000009
1999-03-29,2.408500000000003
1999-03-30,-0.42499999999999366
1999-03-31,4.697499999999996
1999-04-01,1.5343393082449859
1999-04-02,-0.3525000000000034
1999-04-05,2.946000000000004
1999-04-06,-0.17250000000000265
1999-04-07,0.5575
1999-04-08,-0.39849999999999425
1999-04-09,-1.9726565180588935
1999-04-12,3.145200531377086
1999-04-13,-0.8920000000000031
1999-04-14,-0.8604999999999897
1999-04-15,-1.2475000000000078
1999-04-16,2.5230000000000024
1999-04-19,1.8044999999997582
1999-04-20,-2.5494999999999957
1999-04-21,1.9644999999999955
1999-04-22,3.5600000000000076
1999-04-23,0.18861263960264557
1999-04-26,2.70500000000001
1999-04-27,1.2131485646256552
1999-04-28,0.8880000000000012
1999-04-29,0.9270257957133907
1999-04-30,0.404999999999996
1999-05-03,0.3151494132812949
1999-05-04,-2.1519999999999944
1999-05-05,0.837000000000004
1999-05-06,-0.8569999999999971
1999-05-07,1.7481887489939412
1999-05-10,-0.006814241521052261
1999-05-11,-0.250000000000007
1999-05-12,-0.9649999999999903
1999-05-13,0.25
1999-05-14,-0.490000000000011
1999-05-17,-0.5065211579025565
1999-05-18,2.0420000000000016
1999-05-19,0.4803598823378177
1999-05-20,0.5682419144256181
1999-05-21,-2.124122835029021
1999-05-24,3.324232292768858
1999-05-25,-8.331769086325078
1999-05-26,-0.23791965065838858
1999-05-27,-3.149999999999991
1999-05-28,-0.06399999999998786
1999-05-31,-0.003133042451733524
1999-06-01,1.2974999999999883
1999-06-02,1.3999999999999877
1999-06-03,-2.815646503617644
1999-06-04,3.9845740036657924
1999-06-07,1.9814999999999956
1999-06-08,-1.5846743502158291
1999-06-09,0.7393879674949213
1999-06-10,0.7574999999999918
1999-06-11,2.7761432599147082
1999-06-14,-0.29499999999997706
1999-06-15,3.2699999999999743
1999-06-16,1.3600000000000454
1999-06-17,0.0499999999999598
1999-06-18,-1.4549999999999947
1999-06-21,1.5950000000000342
1999-06-22,2.7749999999999635
1999-06-23,-0.8799999999999855
1999-06-24,1.3500000000000085
1999-06-25,-1.6049999999999802
1999-06-28,2.142500000000009
1999-06-29,-1.019169536896876
1999-06-30,-0.6200000000000316
1999-07-01,4.8197717554662995
1999-07-02,4.439114319166008
1999-07-05,0.0
1999-07-06,4.4599999999999635
1999-07-07,0.8821485056027276
1999-07-08,2.5637499999999713
1999-07-09,0.8807221637011076
1999-07-12,-2.910249999999958
1999-07-13,1.3924999999999996
1999-07-14,-0.4612500000000129
1999-07-15,-2.223749999999982
1999-07-16,3.7789999999999546
1999-07-19,-1.3689085561558119
1999-07-20,-3.45875
1999-07-21,-3.871018024892868
1999-07-22,0.3822179355215403
1999-07-23,-4.21035884689157
1999-07-26,3.726599178066194
1999-07-27,3.89154018338307
1999-07-28,0.8440473680694923
1999-07-29,-2.4917500000000152
1999-07-30,-0.3295000000000097
1999-08-02,-4.526249999999996
1999-08-03,-1.5472452127268608
1999-08-04,-2.0117499999999957
1999-08-05,-0.9763177580295415
1999-08-06,0.8775696582578998
1999-08-09,1.4537499999999786
1999-08-10,-1.9962500000000092
1999-08-11,6.513310427634156
1999-08-12,2.5193706297990874
1999-08-13,-0.005625554794830894
1999-08-16,-0.6084074900897233
1999-08-17,-0.9087500000000011
1999-08-18,-0.30249999999997934
1999-08-19,1.3157500000000075
1999-08-20,0.6312500000000076
1999-08-23,0.8567499999999812
1999-08-24,1.6007500000000197
1999-08-25,-1.395144880760546
1999-08-26,0.38938792141916456
1999-08-27,0.11587495948138717
1999-08-30,0.006152945486028955
1999-08-31,0.6536462657851027
1999-09-01,-0.1749999999999899
1999-09-02,-0.33262157033032114
1999-09-03,0.26461529822487007
1999-09-06,0.0
1999-09-07,-1.109249999999987
1999-09-08,1.3967499999999877
1999-09-09,0.9451617948361316
1999-09-10,1.8161153930414562
1999-09-13,0.44500000000000567
1999-09-14,0.391114074358248
1999-09-15,1.8626154634300656
1999-09-16,-2.707936235601559
1999-09-17,2.1773947752207685
1999-09-20,2.2724999999999884
1999-09-21,-0.37509371297428556
1999-09-22,1.1224070938870427
1999-09-23,0.857405069422783
1999-09-24,-1.1650950110270692
1999-09-27,-1.0708617044394901
1999-09-28,-2.4725000000000095
1999-09-29,0.247500000000001
1999-09-30,3.309876924374765
1999-10-01,-0.41499999999999665
1999-10-04,-2.1024999999999974
1999-10-05,1.6050000000000044
1999-10-06,-0.6926316240453803
1999-10-07,1.5599999999999936
1999-10-08,2.954852538237776
1999-10-11,-0.135
1999-10-12,-1.5200000000000047
1999-10-13,-3.1575000000000037
1999-10-14,-2.74287447950204
1999-10-15,-1.354407263041702
1999-10-18,-1.4101575063856748
1999-10-19,3.1400000000000023
1999-10-20,0.7250000000000056
1999-10-21,0.188000000000005
1999-10-22,1.3848536926130202
1999-10-25,-1.8476508219455112
1999-10-26,-0.20337443721581475
1999-10-27,0.9774999999999864
1999-10-28,0.9025000000000019
1999-10-29,2.5423514939412146
1999-11-01,-0.39014829930008993
1999-11-02,1.2244999999999995
1999-11-03,2.0453626509624763
1999-11-04,0.9500000000000044
1999-11-05,-0.8756360406737993
1999-11-08,2.5646390389164897
1999-11-09,0.03250000000000216
1999-11-10,3.5018696143038177
1999-11-11,0.525
1999-11-12,1.4330000000000052
1999-11-15,-0.8447694693182531
1999-11-16,-0.38526584319193324
1999-11-17,2.404500000000001
1999-11-18,-0.12210941697024183
1999-11-19,0.56575
1999-11-22,-2.120110952603953
1999-11-23,-0.05075000000000319
1999-11-24,1.742086399958672
1999-11-25,0.0
1999-11-26,-1.3827499999999975
1999-11-29,-0.7612500000000013
1999-11-30,1.225
1999-12-01,-3.51725
1999-12-02,-1.4493750000000012
1999-12-03,4.939919292853737
1999-12-06,-2.7048453673722612
1999-12-07,1.924375
1999-12-08,1.5832500000000005
1999-12-09,3.588
1999-12-10,0.7526249999999969
1999-12-13,1.54125
1999-12-14,-2.5362499999999963
1999-12-15,1.4226249999999994
1999-12-16,-1.1925000000000008
1999-12-17,-0.5224263202602563
1999-12-20,-1.7587499999999978
1999-12-21,1.0331249999999983
1999-12-22,-1.7595931889478273
1999-12-23,-1.8246249999997195
1999-12-24,0.0
1999-12-27,-4.618500000000286
1999-12-28,2.006250000000001
1999-12-29,0.1609250181865538
1999-12-30,-0.5865000000000117
1999-12-31,0.6250000000002952
2000-01-03,4.048999999999716
2000-01-04,-5.248749999999985
2000-01-05,0.42361196260989886
2000-01-06,-1.4854999999999856
2000-01-07,-0.47951164469735574
2000-01-10,0.5462499999999945
2000-01-11,-0.933357758251776
2000-01-12,-7.585500000000205
2000-01-13,-0.7611960900294701
2000-01-14,1.0668888765550175
2000-01-17,-0.00254923426245621
2000-01-18,0.4375000000000087
2000-01-19,-0.9808009679293594
2000-01-20,-0.2449999999999713
2000-01-21,-2.101897149405553
2000-01-24,-2.923305616628642
2000-01-25,-0.5238037719409511
2000-01-26,3.145124999999966
2000-01-27,-2.0022106119063983
2000-01-28,0.3218749999997652
2000-01-31,1.6856924334963577
2000-02-01,-0.9204877097498371
2000-02-02,1.5751249999999708
2000-02-03,3.4859713121117517
2000-02-04,0.5837500000000281
2000-02-07,-0.26812499999996814
2000-02-08,0.6611333699731938
2000-02-09,-0.23937499999999318
2000-02-10,-1.1181250000000504
2000-02-11,1.59625000000005
2000-02-14,-0.1975000000000501
2000-02-15,1.3093946347247236
2000-02-16,-0.22250000000002046
2000-02-17,0.6485000000002548
2000-02-18,0.4143750000000168
2000-02-21,-0.002764433988932915
2000-02-22,-2.4525000000002755
2000-02-23,4.33485852373596
2000-02-24,-0.906249999999964
2000-02-25,1.7250000000000458
2000-02-28,0.12999999999996162
2000-02-29,-1.3707084289764921
2000-03-01,1.1724999999999988
2000-03-02,1.3235419032982811
2000-03-03,-0.7537499999999829
2000-03-06,-0.8602499999999699
2000-03-07,3.968749999999974
2000-03-08,-0.33099999999970336
2000-03-09,-1.3340000000003276
2000-03-10,-0.8712499999999618
2000-03-13,-4.0209999999999795
2000-03-14,-2.1825000000000254
2000-03-15,1.3003433782356928
2000-03-16,0.6965909226409976
2000-03-17,-1.2066250000003285
2000-03-20,1.7341588351928154
2000-03-21,2.1319023103798216
2000-03-22,1.1449999999996758
2000-03-23,2.6283750000003185
2000-03-24,-0.48465391063485075
2000-03-27,0.8024999999999869
2000-03-28,1.3314999999999897
2000-03-29,-1.8263806911057408
2000-03-30,-1.9984999999999593
2000-03-31,1.3754451544936983
2000-04-03,-1.0399999999999674
2000-04-04,-1.99909072379501
2000-04-05,-0.34973068189475653
2000-04-06,1.7099999999999898
2000-04-07,2.2300000000000066
2000-04-10,1.0599999999999845
2000-04-11,-1.7130622654454015
2000-04-12,-2.422500000000292
2000-04-13,-1.255000000000009
2000-04-14,-2.559999999999693
2000-04-17,1.2372972814921381
2000-04-18,2.581500000000001
2000-04-19,-1.1275000000002775
2000-04-20,1.0900000000000034
2000-04-21,-0.0018908013753459365
2000-04-24,-1.4539999999997224
2000-04-25,-1.0550000000000017
2000-04-26,1.146499999999992
2000-04-27,-0.18499999999999092
2000-04-28,1.9774999999999978
2000-05-01,-1.4125000000002752
2000-05-02,-1.723993385986684
2000-05-03,-3.7565
2000-05-04,-0.6469909093894975
2000-05-05,-2.39669515980085
2000-05-08,1.5904445367081248
2000-05-09,0.16220240942824501
2000-05-10,-3.8500000000002617
2000-05-11,1.2295000000002596
2000-05-12,-1.465392188506122
2000-05-15,4.284500000000275
2000-05-16,1.275658177084348
2000-05-17,-1.2001249999997543
2000-05-18,-1.1761250000002292
2000-05-19,-0.6032499999997658
2000-05-22,1.4157499999999879
2000-05-23,0.5967500000000141
2000-05-24,1.4070000000000014
2000-05-25,1.589999999999973
2000-05-26,-0.6939599483792313
2000-05-29,0.0
2000-05-30,3.1476250000002546
2000-05-31,0.3512500000000018
2000-06-01,0.26030028611234046
2000-06-02,-1.8612807526848079
2000-06-05,0.17787499999999595
2000-06-06,-5.359091722270375
2000-06-07,-1.0622121490448693
2000-06-08,-0.9708750000002118
2000-06-09,0.32245458870449534
2000-06-12,6.154552756093032
2000-06-13,0.21734761903623914
2000-06-14,2.15822841618016
2000-06-15,-2.39849999999999
2000-06-16,-0.317500000000183
2000-06-19,1.0261689256601212
2000-06-20,0.7988667480812902
2000-06-21,-0.9563326591141963
2000-06-22,-1.1309999999999976
2000-06-23,0.5061569001950187
2000-06-26,0.6776489038034789
2000-06-27,-0.9559999999999996
2000-06-28,3.8134999999999986
2000-06-29,0.9711412496239268
2000-06-30,5.546459094288253
2000-07-03,7.9449999999999985
2000-07-04,-0.006339015907108899
2000-07-05,0.03250000000000373
2000-07-06,0.8561680299204297
2000-07-07,0.014999999999987449
2000-07-10,2.074999999999998
2000-07-11,0.5968288931063785
2000-07-12,-0.6081027917752818
2000-07-13,1.1756250000000035
2000-07-14,1.218861394654039
2000-07-17,1.6081249999998422
2000-07-18,-1.1411138804043808
2000-07-19,-2.020000000000005
2000-07-20,1.8952500000000012
2000-07-21,-0.9796968666260177
2000-07-24,0.9514999999998299
2000-07-25,1.293500000000164
2000-07-26,1.2683436014017522
2000-07-27,0.3025000000001961
2000-07-28,-0.37251354726208
2000-07-31,0.5225000000002027
2000-08-01,0.6668333556274629
2000-08-02,-0.44900000000020746
2000-08-03,-0.09600000000000036
2000-08-04,2.96179064325417
2000-08-07,-0.2916338304057003
2000-08-08,-0.31187499999999657
2000-08-09,1.1118691924787742
2000-08-10,1.094368034755778
2000-08-11,2.0737499999999827
2000-08-14,-0.3662545198918925
2000-08-15,1.0153906735782119
2000-08-16,-0.7628774437308123
2000-08-17,1.2406250000000199
2000-08-18,-2.517043027821499
2000-08-21,1.4967067420214801
2000-08-22,1.0249999999999764
2000-08-23,0.9867580518496233
2000-08-24,1.5312499999999847
2000-08-25,-1.07549020500379
2000-08-28,-2.2784463539700885
2000-08-29,-3.8924999999998082
2000-08-30,2.7098750000000336
2000-08-31,-0.2656250000000036
2000-09-01,2.2593749999999755
2000-09-04,-0.0031102863378145574
2000-09-05,-4.008124999999982
2000-09-06,-0.1562500000000273
2000-09-07,-0.21009529921219644
2000-09-08,0.5598749999999874
2000-09-11,0.7924999999997562
2000-09-12,1.3700000000002563
2000-09-13,0.6462499999997312
2000-09-14,1.1512500000002523
2000-09-15,-2.9231249999999975
2000-09-18,-1.6704562449822307
2000-09-19,2.3224999999999767
2000-09-20,-2.3381249999999634
2000-09-21,-0.12249999999999636
2000-09-22,-1.5355000000000312
2000-09-25,1.1380000000000337
2000-09-26,-0.22574339756590195
2000-09-27,-0.026999999999976376
2000-09-28,-1.3510466984295666
2000-09-29,-0.5757602421652528
2000-10-02,0.04750000000006071
2000-10-03,-2.5513750000000597
2000-10-04,-3.1423749999999275
2000-10-05,1.1787499999999405
2000-10-06,0.7211250000000547
2000-10-09,1.1173011834152993
2000-10-10,-0.8555000000000342
2000-10-11,-0.06937025441509315
2000-10-12,-4.283807985065168
2000-10-13,1.011947959711152
2000-10-16,0.8912499999999981
2000-10-17,-0.3443750000000131
2000-10-18,1.3619999999999985
2000-10-19,1.0823750000000107
2000-10-20,0.85201625239935
2000-10-23,1.1670000000000529
2000-10-24,-1.817167462461411
2000-10-25,-2.10374999999994
2000-10-26,-0.6180000000000841
2000-10-27,1.4555145866914148
2000-10-30,0.23074999999998963
2000-10-31,-2.4620050628722105
2000-11-01,-0.08048715100703019
2000-11-02,-2.30950000000004
2000-11-03,-4.950525452567906
2000-11-06,-1.4464137995601216
2000-11-07,0.8622681008636667
2000-11-08,-1.9724999999999995
2000-11-09,2.34608059126881
2000-11-10,4.6125051537927995
2000-11-13,2.06887407073919
2000-11-14,1.4712990305668707
2000-11-15,2.280000000000007
2000-11-16,-0.5474999999999849
2000-11-17,-1.3330000000000115
2000-11-20,1.970499999999963
2000-11-21,0.8868843460154618
2000-11-22,1.843000000000008
2000-11-23,-0.003115999136010183
2000-11-24,-1.2350000000000028
2000-11-27,1.30249999999993
2000-11-28,0.3624142310352258
2000-11-29,3.281000000000057
2000-11-30,-0.5060000000000531
2000-12-01,-0.3040000000000556
2000-12-04,0.6950000000000067
2000-12-05,1.9425000000000814
2000-12-06,2.286499999999924
2000-12-07,2.6028856350515306
2000-12-08,-2.932500000000021
2000-12-11,-0.6949999999999195
2000-12-12,-0.7400000000000014
2000-12-13,4.602499999999898
2000-12-14,-0.007499999999968986
2000-12-15,1.3223489362277636
2000-12-18,-0.4474999999998901
2000-12-19,-2.697499367476651
2000-12-20,-2.7248366583834986
2000-12-21,-2.1863884339855457
2000-12-22,0.9693342896274627
2000-12-25,0.0
2000-12-26,0.2574999999999318
2000-12-27,-2.6429999999999763
2000-12-28,-0.9844999999999748
2000-12-29,-1.362999999999998
2001-01-01,0.0
2001-01-02,2.457999999999907
2001-01-03,-2.7573256264066415
2001-01-04,1.0266510473019723
2001-01-05,4.031922646185348
2001-01-08,1.2815496091200895
2001-01-09,-2.5974999999999935
2001-01-10,-3.863749999999973
2001-01-11,1.43939603351495
2001-01-12,-2.1866190930045426
2001-01-15,0.0
2001-01-16,-0.12749999999997655
2001-01-17,2.824999999999937
2001-01-18,2.5461135340132426
2001-01-19,0.4616250000000342
2001-01-22,-0.8118750000000148
2001-01-23,-0.21585352165181446
2001-01-24,1.7991449023999102
2001-01-25,1.1856250000000121
2001-01-26,1.3322778605653858
2001-01-29,1.5693749999999715
2001-01-30,-0.4787179905644464
2001-01-31,1.9622928837084048
2001-02-01,-1.6166993778308636
2001-02-02,-1.9391250000000229
2001-02-05,0.44999999999999574
2001-02-06,-0.1383750000000435
2001-02-07,1.1826293614088308
2001-02-08,1.639124999999967
2001-02-09,-0.03622744593923974
2001-02-12,1.3255428719582907
2001-02-13,-0.7338306183546961
2001-02-14,-2.4350596286402637
2001-02-15,0.05478241962485097
2001-02-16,0.9175000000000006
2001-02-19,-0.0018090290910802874
2001-02-20,0.3387499999999431
2001-02-21,-0.33999999999992375
2001-02-22,0.7968749999999774
2001-02-23,1.9786685471674659
2001-02-26,1.0557257686893873
2001-02-27,-0.09177032438771497
2001-02-28,-1.5769556397094624
2001-03-01,-0.517624999999961
2001-03-02,0.5707274268051553
2001-03-05,0.8156249999999649
2001-03-06,-1.2192821364433164
2001-03-07,3.1962499999999836
2001-03-08,0.0012499999999996817
2001-03-09,-0.1579597128593564
2001-03-12,-0.689374999999967
2001-03-13,2.7359371193950426
2001-03-14,2.6043749999999948
2001-03-15,4.608749999999992
2001-03-16,4.229159109585549
2001-03-19,-0.726874999999984
2001-03-20,0.21625000000000819
2001-03-21,0.8830517760305697
2001-03-22,0.6481250000000199
2001-03-23,-0.7890810763567
2001-03-26,-0.4674999999999389
2001-03-27,-3.172500000000014
2001-03-28,1.7388392157220312
2001-03-29,1.7493749999999781
2001-03-30,5.1706250000000065
2001-04-02,-1.904374999999972
2001-04-03,-0.2637499999999999
2001-04-04,-0.9256250000000477
2001-04-05,-1.2131249999999532
2001-04-06,3.7306249999999963
2001-04-09,1.8674999999999333
2001-04-10,0.7125
2001-04-11,-1.617499999999976
2001-04-12,-1.7718749999999592
2001-04-13,0.0
2001-04-16,-2.043750000000042
2001-04-17,5.793848928025978
2001-04-18,1.961564732056385
2001-04-19,-0.8725000000000471
2001-04-20,-1.1984698418910056
2001-04-23,3.8012500000000284
2001-04-24,4.730000000000011
2001-04-25,-2.192861668359575
2001-04-26,-0.49600000000003747
2001-04-27,0.40250000000003816
2001-04-30,-0.7050000000000033
2001-05-01,-0.10025000000003638
2001-05-02,-1.2497499999999961
2001-05-03,2.143750000000027
2001-05-04,-1.0462499999999955
2001-05-07,3.2187499999999765
2001-05-08,2.0697500000000386
2001-05-09,0.49124999999996816
2001-05-10,2.740249999999996
2001-05-11,-1.5140296901273402
2001-05-14,-0.06209723933163659
2001-05-15,-0.4674999999999972
2001-05-16,0.4524999999999778
2001-05-17,6.702964453958431
2001-05-18,-0.33765759922426986
2001-05-21,5.669874999999991
2001-05-22,1.185000000000012
2001-05-23,-2.9762500000000105
2001-05-24,-1.4110316591739072
2001-05-25,1.2475000000000116
2001-05-28,0.0
2001-05-29,0.640625000000013
2001-05-30,-2.9776206006861425
2001-05-31,-0.25237499999999635
2001-06-01,-3.122500000000027
2001-06-04,1.8231247085341387
2001-06-05,1.2604999999999815
2001-06-06,-0.4379999999999958
2001-06-07,-0.29262499999999675
2001-06-08,2.5258679742381673
2001-06-11,-0.25562499999997396
2001-06-12,-0.7938750000000274
2001-06-13,2.7018750000000074
2001-06-14,-0.8187386634823837
2001-06-15,4.621374999999997
2001-06-18,-0.31418616289056395
2001-06-19,-2.32925000000001
2001-06-20,1.365000000000022
2001-06-21,1.8092499999999871
2001-06-22,1.068750000000018
2001-06-25,1.8031206920307123
2001-06-26,-0.11435364667271954
2001-06-27,-2.7645000000000106
2001-06-28,-1.7704999999999986
2001-06-29,0.8650000000000271
2001-07-02,-0.9362163611321459
2001-07-03,-2.159138437328122
2001-07-04,0.0
2001-07-05,-3.3349999999999986
2001-07-06,-2.7950000000000026
2001-07-09,-1.048750000000005
2001-07-10,-4.790999999999998
2001-07-11,-8.170765904916646
2001-07-12,-8.785873392355105
2001-07-13,5.589144567315854
2001-07-16,5.561905885432115
2001-07-17,0.9957311801263433
2001-07-18,2.023388462527855
2001-07-19,-0.5563198845183605
2001-07-20,4.4562499999999945
2001-07-23,1.527718120097043
2001-07-24,-1.9262500000000156
2001-07-25,-2.686624999999971
2001-07-26,0.8078749999999657
2001-07-27,-0.029529414710151716
2001-07-30,1.6143750000000179
2001-07-31,0.167499999999975
2001-08-01,-1.3090613062076806
2001-08-02,1.6873113880706228
2001-08-03,0.6951249999999616
2001-08-06,0.25362500000002697
2001-08-07,-0.44862500000004585
2001-08-08,2.0880489567671563
2001-08-09,-1.527374999999991
2001-08-10,0.5793749999999677
2001-08-13,-0.43312499999997056
2001-08-14,-0.2655661743978313
2001-08-15,1.501875000000018
2001-08-16,1.567502892234319
2001-08-17,1.0500000000000393
2001-08-20,-0.2914187494660833
2001-08-21,-1.4174677030454341
2001-08-22,0.6749611684520435
2001-08-23,-0.5500000000000164
2001-08-24,1.3934999999999644
2001-08-27,-1.647394277924682
2001-08-28,1.4700000000000233
2001-08-29,0.5925000000000239
2001-08-30,-1.9869102536001235
2001-08-31,-0.4500000000000595
2001-09-03,0.0
2001-09-04,-2.8800000000000194
2001-09-05,-0.08499999999997444
2001-09-06,1.4749999999999897
2001-09-07,-0.844999999999936
2001-09-10,-2.032487472425256
2001-09-11,-5.612499999999981
2001-09-12,-0.01496869001779525
2001-09-13,4.292499999999962
2001-09-14,2.5987815184131904
2001-09-17,1.8274999999999373
2001-09-18,0.15942137968484454
2001-09-19,1.0359970515067214
2001-09-20,-1.3074900689408409
2001-09-21,2.09749999999999
2001-09-24,0.0575098694863005
2001-09-25,-0.5949850070648214
2001-09-26,0.5165140422910436
2001-09-27,1.9623549689267143
2001-09-28,0.6900000000000275
2001-10-01,2.5990092230634745
2001-10-02,0.6773851054960001
2001-10-03,-0.21093377154266513
2001-10-04,-1.8324999999998692
2001-10-05,-1.5314794338785787
2001-10-08,-0.675
2001-10-09,1.6337500000000704
2001-10-10,1.6232098552039556
2001-10-11,-1.341250000000101
2001-10-12,3.8268705252024757
2001-10-15,3.929999999999921
2001-10-16,2.4625000000000834
2001-10-17,-0.1300079924437674
2001-10-18,1.2913503650534048
2001-10-19,-2.1762568997162868
2001-10-22,1.0480002162717224
2001-10-23,-1.0823189077543038
2001-10-24,-0.3637477013034892
2001-10-25,0.8536249999999167
2001-10-26,0.6920016925479754
2001-10-29,2.012829320224174
2001-10-30,0.7087499999999728
2001-10-31,3.6699463894798035
2001-11-01,0.3464875356937761
2001-11-02,-2.9779756022193453
2001-11-05,4.616820401451383
2001-11-06,1.134363649642404
2001-11-07,3.06375086573116
2001-11-08,-2.781249999999978
2001-11-09,-1.6399991934273768
2001-11-12,-0.002984440627318786
2001-11-13,-3.2106249999998915
2001-11-14,-1.5181203408215598
2001-11-15,-6.4185294639703265
2001-11-16,-2.720533956976685
2001-11-19,2.899376173322985
2001-11-20,-1.9818750000000154
2001-11-21,-1.2446195714991621
2001-11-22,-0.00245731601558386
2001-11-23,-0.7921250000000378
2001-11-26,2.5139999999999927
2001-11-27,-1.8012003069960867
2001-11-28,1.964602119935866
2001-11-29,0.16468463592312926
2001-11-30,-1.080967301098572
2001-12-03,2.521453052787175
2001-12-04,1.2635000000000254
2001-12-05,-2.556250000000059
2001-12-06,-0.4662499999999528
2001-12-07,-0.27625000000003896
2001-12-10,0.1435194716318555
2001-12-11,2.465000000000004
2001-12-12,2.8675646128672456
2001-12-13,0.3085000000000011
2001-12-14,-0.4546827390072561
2001-12-17,1.0423146648627888
2001-12-18,0.7002499999999887
2001-12-19,1.0898190519454802
2001-12-20,-2.2385000000000157
2001-12-21,3.46821979250145
2001-12-24,0.8887499999999786
2001-12-25,0.0
2001-12-26,-0.9564999999999987
2001-12-27,0.42125
2001-12-28,-1.5511524676614936
2001-12-31,1.6724999999999877
2002-01-01,-0.0023783116239099594
2002-01-02,1.7375000000000096
2002-01-03,-0.051249999999986355
2002-01-04,-2.8433484512455163
2002-01-07,0.09224999999998336
2002-01-08,-1.9509999999999912
2002-01-09,-0.6290000000000328
2002-01-10,-1.0149999999999582
2002-01-11,1.794157484515594
2002-01-14,0.035776985461829613
2002-01-15,-0.7325000000000135
2002-01-16,-0.6862499999999887
2002-01-17,3.9531955964765397
2002-01-18,0.5375000000000112
2002-01-21,0.0
2002-01-22,1.1362500000000233
2002-01-23,-0.43625000000003084
2002-01-24,-0.03874999999996321
2002-01-25,-0.3785314990790954
2002-01-28,-0.05499999999998417
2002-01-29,0.4040041401047062
2002-01-30,2.59625000000003
2002-01-31,-0.4659921181392986
2002-02-01,1.555000000000007
2002-02-04,-0.11011888885622274
2002-02-05,1.604999999999974
2002-02-06,2.550625000000013
2002-02-07,-2.004375000000007
2002-02-08,2.613750000000029
2002-02-11,0.10937499999997272
2002-02-12,-0.06449679214605678
2002-02-13,-3.035625000000004
2002-02-14,0.3675000000000072
2002-02-15,3.4098678614517643
2002-02-18,-0.0028183727730959124
2002-02-19,-1.4053750000000054
2002-02-20,-0.764374999999988
2002-02-21,0.12562500000000226
2002-02-22,1.419589577925778
2002-02-25,4.558500000000028
2002-02-26,-0.2701272061937059
2002-02-27,0.47131574656517006
2002-02-28,-1.7446792840310466
2002-03-01,-1.2149999999999832
2002-03-04,1.0039999999999965
2002-03-05,-0.8200000000000455
2002-03-06,0.5635000000000032
2002-03-07,-2.101252430072378
2002-03-08,-2.196730448006021
2002-03-11,-0.4499999999999638
2002-03-12,-1.4543775701795338
2002-03-13,2.991875000000009
2002-03-14,-2.1906250000000274
2002-03-15,4.196874999999993
2002-03-18,-0.02950000000003174
2002-03-19,0.27375000000007005
2002-03-20,-0.20612499999995007
2002-03-21,1.4381545701992142
2002-03-22,0.5000801872692514
2002-03-25,2.976658929887402
2002-03-26,-0.8694643496904522
2002-03-27,0.4064999999999938
2002-03-28,1.790000000000019
2002-03-29,0.0
2002-04-01,-0.2302500000000147
2002-04-02,0.04250000000003729
2002-04-03,2.418749999999968
2002-04-04,0.0037500000000136426
2002-04-05,2.1102499999999997
2002-04-08,-1.561250000000008
2002-04-09,0.17225000000002944
2002-04-10,0.7012499999999854
2002-04-11,-1.1760000000000121
2002-04-12,-0.16198941923008772
2002-04-15,0.2981250000000081
2002-04-16,-1.4651975018983776
2002-04-17,-5.642500000000028
2002-04-18,2.8384068616688167
2002-04-19,0.4256250000000008
2002-04-22,-0.34624999999995726
2002-04-23,-1.1311635798501845
2002-04-24,1.8781249999999747
2002-04-25,-1.916249999999984
2002-04-26,-0.15537205379163932
2002-04-29,-0.011790358353171633
2002-04-30,-0.7220000000000149
2002-05-01,-3.06799999999996
2002-05-02,-0.7192880444455524
2002-05-03,1.2386462645261758
2002-05-06,-1.6875000000000409
2002-05-07,-3.2074921165568084
2002-05-08,0.309127374723884
2002-05-09,-0.8486774533303577
2002-05-10,-0.5199999999999741
2002-05-13,-8.51749999999999
2002-05-14,-0.16012192531920366
2002-05-15,1.062500000000024
2002-05-16,2.6350000000000473
2002-05-17,1.9509550179275048
2002-05-20,-0.5089857414268145
2002-05-21,0.9825000000000437
2002-05-22,1.044999999999975
2002-05-23,-0.38549999999997997
2002-05-24,0.912499999999992
2002-05-27,0.0
2002-05-28,-1.2750000000000279
2002-05-29,-3.804499999999978
2002-05-30,0.13121396597403703
2002-05-31,0.3449999999999929
2002-06-03,2.190833557372208
2002-06-04,-2.197499999999915
2002-06-05,-0.05720685790368521
2002-06-06,1.7367164724215132
2002-06-07,0.17312499999993353
2002-06-10,1.1921250000000536
2002-06-11,2.9687499999999387
2002-06-12,-0.8277499999999939
2002-06-13,-0.2209999999999436
2002-06-14,3.3758144310090414
2002-06-17,0.09787499999993106
2002-06-18,-0.15474999999994907
2002-06-19,1.5712500000000562
2002-06-20,-6.456500000000095
2002-06-21,0.11940838878076468
2002-06-24,-5.337258261965705
2002-06-25,-1.9910973900244495
2002-06-26,0.4262500000000438
2002-06-27,-4.0755000000000425
2002-06-28,0.3171059692475369
2002-07-01,-2.240000000000068
2002-07-02,3.8006770060993964
2002-07-03,1.228287334427017
2002-07-04,0.0
2002-07-05,-3.135000000000045
2002-07-08,2.9857115197671136
2002-07-09,2.16820714496264
2002-07-10,3.620000000000084
2002-07-11,2.736499999999966
2002-07-12,1.1800000000000004
2002-07-15,-2.312500000000057
2002-07-16,-3.214293773723075
2002-07-17,1.9891249999999738
2002-07-18,1.8512500000000296
2002-07-19,0.9609823803233116
2002-07-22,-0.702375000000087
2002-07-23,2.0708672296786834
2002-07-24,-1.8693697975109216
2002-07-25,-0.33039703410053267
2002-07-26,2.4028672426385804
2002-07-29,-1.1167500000000317
2002-07-30,-3.170227459556127
2002-07-31,-0.8993750000000731
2002-08-01,1.7415066062727724
2002-08-02,2.140499999999969
2002-08-05,1.3849999999999778
2002-08-06,-1.537499999999965
2002-08-07,2.5570000000000395
2002-08-08,-0.9895000000000146
2002-08-09,1.3124999999999565
2002-08-12,-2.904999999999927
2002-08-13,0.11197702003493877
2002-08-14,-1.637000000000031
2002-08-15,-1.2850000000000015
2002-08-16,-0.22167437426636194
2002-08-19,2.077382079757656
2002-08-20,2.972500000000054
2002-08-21,-0.2624999999999832
2002-08-22,-2.124500000000035
2002-08-23,1.429499999999996
2002-08-26,0.6729999999999781
2002-08-27,-1.7799999999999456
2002-08-28,1.2619999999999036
2002-08-29,1.8975000000000273
2002-08-30,0.048000000000058295
2002-09-02,-0.003813303987769438
2002-09-03,1.3625000000000065
2002-09-04,0.6224999999999316
2002-09-05,0.7475000000000196
2002-09-06,-2.8779999999999677
2002-09-09,-0.4200000000000915
2002-09-10,0.5203185464121427
2002-09-11,-1.6399999999999781
2002-09-12,3.557000000000044
2002-09-13,2.4729999999999035
2002-09-16,0.7145000000001075
2002-09-17,0.8355000000000022
2002-09-18,-0.1930000000000864
2002-09-19,-0.7208242893950308
2002-09-20,-1.4149999999999636
2002-09-23,3.6574999999999434
2002-09-24,-0.5402328688337417
2002-09-25,-1.1269039106115046
2002-09-26,0.7550000000000838
2002-09-27,1.0414999999999315
2002-09-30,2.6445588021576083
2002-10-01,-1.1599999999999355
2002-10-02,-0.14795065364552995
2002-10-03,0.27849999999991915
2002-10-04,-1.0860000000000127
2002-10-07,0.591214494640141
2002-10-08,0.997033512758178
2002-10-09,0.6125000000000222
2002-10-10,0.3159999999999845
2002-10-11,-0.6304965740042658
2002-10-14,0.275
2002-10-15,-6.333042987523432
2002-10-16,-0.3925000000000325
2002-10-17,-2.172500000000049
2002-10-18,0.8415000000000528
2002-10-21,-1.4815000000000393
2002-10-22,-0.5324999999999083
2002-10-23,1.0411532395378216
2002-10-24,1.8444599198048408
2002-10-25,1.9269999999999994
2002-10-28,-0.4563216393392558
2002-10-29,1.049462523884253
2002-10-30,-0.11949999999998843
2002-10-31,1.4269999999999838
2002-11-01,-1.413037309582472
2002-11-04,-1.3824999999999064
2002-11-05,-0.14156130375420817
2002-11-06,0.6924999999999883
2002-11-07,2.7449999999999846
2002-11-08,-0.16249999999999473
2002-11-11,0.075
2002-11-12,0.36197978012789606
2002-11-13,0.9950000000000103
2002-11-14,-3.0325000000000317
2002-11-15,-0.8072077844512742
2002-11-18,2.2954999999999868
2002-11-19,-0.11750000000003448
2002-11-20,-1.6474999999999949
2002-11-21,-1.438000000000033
2002-11-22,-1.0369999999999417
2002-11-25,0.6319999999999305
2002-11-26,1.4705000000000576
2002-11-27,-2.980000000000013
2002-11-28,-0.00410765067650507
2002-11-29,0.7725000000000051
2002-12-02,0.14449999999999175
2002-12-03,-0.6825151844668632
2002-12-04,-1.550499999999974
2002-12-05,2.4705000000000146
2002-12-06,2.479999999999996
2002-12-09,1.3174999999999482
2002-12-10,0.7570000000000434
2002-12-11,0.6929999999999472
2002-12-12,-0.48799999999999744
2002-12-13,-0.9165835578457254
2002-12-16,-1.0020000000000235
2002-12-17,-0.013000000000065301
2002-12-18,2.2725000000000284
2002-12-19,2.002499999999963
2002-12-20,0.015500000000073988
2002-12-23,-0.36351843469161466
2002-12-24,0.13500000000003928
2002-12-25,-0.004119885342524454
2002-12-26,-0.3784999999999964
2002-12-27,1.470999999999954
2002-12-30,-1.1034999999999366
2002-12-31,0.9009999999999075
2003-01-01,-0.007187821277900228
2003-01-02,-5.386999999999959
2003-01-03,0.01199999999994834
2003-01-06,-1.3444999999999283
2003-01-07,1.5199999999999427
2003-01-08,-1.457499999999952
2003-01-09,-4.18997554906551
2003-01-10,-0.7780883784816927
2003-01-13,1.8049834102180944
2003-01-14,2.267499999999992
2003-01-15,-0.32107469682160844
2003-01-16,-0.19249999999997042
2003-01-17,0.6599999999999536
2003-01-20,0.0
2003-01-21,-2.3729999999999842
2003-01-22,1.4304999999999901
2003-01-23,0.21199999999998925
2003-01-24,-0.7795387200527321
2003-01-27,-1.3765000000000644
2003-01-28,-1.4934999999999339
2003-01-29,-0.5572206704015413
2003-01-30,0.6449999999999779
2003-01-31,-0.3074999999999989
2003-02-03,-0.20687229457760353
2003-02-04,0.8524999999999835
2003-02-05,-0.9768749999999502
2003-02-06,0.9587499999999447
2003-02-07,-0.38355158395973415
2003-02-10,-1.2024698529704678
2003-02-11,0.4613976185537513
2003-02-12,2.423750000000031
2003-02-13,2.156456204149497
2003-02-14,-1.5018833703329442
2003-02-17,0.0
2003-02-18,0.918375000000051
2003-02-19,2.1509999999998994
2003-02-20,0.7546250000000664
2003-02-21,-0.38999999999996626
2003-02-24,1.2449999999999706
2003-02-25,-0.1539807871662639
2003-02-26,1.0793750000000673
2003-02-27,0.6940748008348563
2003-02-28,1.8093749999999258
2003-03-03,0.3629635381427216
2003-03-04,0.5131249999999066
2003-03-05,0.0893750000000181
2003-03-06,-1.266250000000027
2003-03-07,1.7156249999999658
2003-03-10,2.6631250000000275
2003-03-11,0.7513755996072086
2003-03-12,-0.699375000000023
2003-03-13,-5.071874999999971
2003-03-14,1.0960498904355591
2003-03-17,-0.8674999999999938
2003-03-18,-3.2284999999999053
2003-03-19,-1.5975206637512573
2003-03-20,-1.2100000000000155
2003-03-21,-1.3637499999999607
2003-03-24,3.6230860311410984
2003-03-25,0.7600013099448115
2003-03-26,0.7216624635033806
2003-03-27,0.16000000000000453
2003-03-28,1.6323618608072752
2003-03-31,-1.3346908415474805
2003-04-01,-0.17217293513229967
2003-04-02,-1.2580370268416552
2003-04-03,0.7579999999999383
2003-04-04,-0.9154999999999665
2003-04-07,-1.8219999999999927
2003-04-08,0.5494476412275848
2003-04-09,1.6129999999999836
2003-04-10,0.6477106113661316
2003-04-11,0.8999999999999457
2003-04-14,-1.095499999999981
2003-04-15,1.385500000000027
2003-04-16,0.7349999999999359
2003-04-17,0.7778286745213729
2003-04-18,0.0
2003-04-21,-0.3932499999999737
2003-04-22,-0.32001064277499935
2003-04-23,1.754125
2003-04-24,3.28709432916455
2003-04-25,1.1371250000000044
2003-04-28,0.905046049235304
2003-04-29,0.26187499999993424
2003-04-30,3.4550426502458476
2003-05-01,0.47249999999995324
2003-05-02,-1.2583300714753634
2003-05-05,0.722541946963258
2003-05-06,1.140625000000016
2003-05-07,4.0301249999999404
2003-05-08,3.334375000000119
2003-05-09,-1.2124999999999988
2003-05-12,-0.03166128162269477
2003-05-13,2.506249999999966
2003-05-14,-1.272033351930618
2003-05-15,-6.069613164558102
2003-05-16,5.610285355918105
2003-05-19,-0.04087500000008454
2003-05-20,3.9371250000000257
2003-05-21,-0.34039073548009113
2003-05-22,1.1224522691550516
2003-05-23,-0.10000000000004838
2003-05-26,0.0
2003-05-27,-3.405625000000004
2003-05-28,0.6437500000000408
2003-05-29,3.227156254646445
2003-05-30,-0.009999999999893702
2003-06-02,-0.4350000000000857
2003-06-03,2.1293184803901313
2003-06-04,-4.578375000000064
2003-06-05,0.13369394394225442
2003-06-06,-3.819250000000074
2003-06-09,3.167088345716884
2003-06-10,2.793125000000006
2003-06-11,0.16062499999988414
2003-06-12,-0.6019999999999797
2003-06-13,3.966374999999972
2003-06-16,-2.50812499999999
2003-06-17,-3.435000000000009
2003-06-18,-3.8081249999999445
2003-06-19,2.2819905259467643
2003-06-20,-1.0900000000000285
2003-06-23,2.677499999999951
2003-06-24,0.9550000000000695
2003-06-25,-1.7570000000000898
2003-06-26,-3.0899999999999204
2003-06-27,0.049499999999931786
2003-06-30,0.820500000000023
2003-07-01,-0.3821776311733885
2003-07-02,-0.06174540862580323
2003-07-03,-0.8811797518468358
2003-07-04,0.0
2003-07-07,-3.1179999999999457
2003-07-08,-0.888703480852236
2003-07-09,1.149499999999971
2003-07-10,2.1640491601245544
2003-07-11,2.613270011464008
2003-07-14,-1.9247293126284453
2003-07-15,-5.608735406829243
2003-07-16,0.45731227807213437
2003-07-17,-0.3497346726623895
2003-07-18,-0.23873467266246182
2003-07-21,-6.062724846938175
2003-07-22,0.4926900833261501
2003-07-23,-1.1931249999999811
2003-07-24,0.09030331363570893
2003-07-25,0.5701299602195288
2003-07-28,-2.6890057386843336
2003-07-29,-3.5096249999999927
2003-07-30,2.2865610405570274
2003-07-31,-3.983999999999942
2003-08-01,-1.0349805942282864
2003-08-04,-1.642500000000002
2003-08-05,-0.733807113365493
2003-08-06,1.7337500000000006
2003-08-07,0.5260215003507356
2003-08-08,-0.036250000000014465
2003-08-11,-1.0992499999999878
2003-08-12,-3.4324999999999934
2003-08-13,-2.119033155064996
2003-08-14,0.08425000000001073
2003-08-15,0.04552210636066778
2003-08-18,-2.6242499999999898
2003-08-19,2.06220738020198
2003-08-20,-1.1540345785556734
2003-08-21,-0.9629999999999873
2003-08-22,0.4634478543466346
2003-08-25,-1.1775000000000129
2003-08-26,-0.388749999999982
2003-08-27,-0.5850000000000242
2003-08-28,-0.4252964998338973
2003-08-29,-1.1062500000000144
2003-09-01,0.0
2003-09-02,-0.8567499999999683
2003-09-03,0.7479214871895182
2003-09-04,1.5551762295425444
2003-09-05,2.1631504176890943
2003-09-08,-1.3575000000000184
2003-09-09,0.6412500000000032
2003-09-10,1.6287499999999797
2003-09-11,-0.09525000000008622
2003-09-12,1.7527500000001202
2003-09-15,0.754749999999979
2003-09-16,0.6247499999998946
2003-09-17,0.6552499999999851
2003-09-18,-0.0625
2003-09-19,0.3360000000001229
2003-09-22,0.5751205002281434
2003-09-23,-0.10474999999986022
2003-09-24,1.466287471055702
2003-09-25,-1.0997499999998979
2003-09-26,-0.28947480963831906
2003-09-29,-0.24275000000002847
2003-09-30,2.7678292935738242
2003-10-01,-0.5109999999999818
2003-10-02,-2.300250000000008
2003-10-03,-4.524123798413962
2003-10-06,0.7746250000001781
2003-10-07,-1.3074999999999937
2003-10-08,0.23400047910008248
2003-10-09,-0.29537475424894444
2003-10-10,2.453125000000137
2003-10-13,-0.25
2003-10-14,-1.908124999999995
2003-10-15,-0.2991498360001202
2003-10-16,-1.678750000000101
2003-10-17,1.9777247533222775
2003-10-20,1.1883508618707992
2003-10-21,0.5174999999999521
2003-10-22,-0.33602951063800884
2003-10-23,-2.97249999999996
2003-10-24,2.742107710222966
2003-10-27,-0.4467587405091855
2003-10-28,1.5506250000000181
2003-10-29,-1.7599999999999971
2003-10-30,-1.349375000000145
2003-10-31,0.9162500000001484
2003-11-03,-0.11749999999998927
2003-11-04,1.9987499999998442
2003-11-05,-1.4936561051406747
2003-11-06,-0.5531249999999936
2003-11-07,-0.9081250000000324
2003-11-10,0.3952642767089144
2003-11-11,0.0
2003-11-12,-1.214374999999985
2003-11-13,1.6146249999998468
2003-11-14,1.0708182535191457
2003-11-17,0.8093749999999659
2003-11-18,0.048375000000124534
2003-11-19,-0.43687499999999363
2003-11-20,0.9347500000000433
2003-11-21,-0.2635000000000496
2003-11-24,-1.469624999999949
2003-11-25,0.08249999999981579
2003-11-26,-1.624374999999844
2003-11-27,0.0
2003-11-28,-1.7581250000000181
2003-12-01,-1.3209999999999746
2003-12-02,1.0512499999999827
2003-12-03,-0.22649999999995826
2003-12-04,1.261874999999943
2003-12-05,3.195249999999992
2003-12-08,-0.8924999999999854
2003-12-09,-1.057750000000119
2003-12-10,0.2100000000001106
2003-12-11,2.7308750000000255
2003-12-12,-1.5318749999999985
2003-12-15,-0.6846249999999883
2003-12-16,1.3641978337508298
2003-12-17,0.7112499999999812
2003-12-18,0.43986383916474203
2003-12-19,0.20474999999982493
2003-12-22,-1.0559999999998304
2003-12-23,-1.630875000000061
2003-12-24,2.3100000000000214
2003-12-25,0.0
2003-12-26,0.86999999999992
2003-12-29,-1.419749999999924
2003-12-30,-0.37499999999998296
2003-12-31,0.26249999999997975
2004-01-01,0.0
2004-01-02,-0.9506249999999984
2004-01-05,0.25682237091778914
2004-01-06,2.887809101748043
2004-01-07,1.3542500000001492
2004-01-08,0.05744501120248564
2004-01-09,3.7253838814879567
2004-01-12,-0.15272123511776453
2004-01-13,-0.6622318962842799
2004-01-14,1.1171475222170468
2004-01-15,-0.24499270757894734
2004-01-16,-0.49942164577939746
2004-01-19,-0.0023174747968031937
2004-01-20,-1.3075000000001968
2004-01-21,-1.7264472177580557
2004-01-22,-0.4087705169792026
2004-01-23,1.544000000000033
2004-01-26,-1.5836648200095038
2004-01-27,0.5924999999999865
2004-01-28,-4.397499999999939
2004-01-29,-2.3387442687134157
2004-01-30,2.657691441285671
2004-02-02,-0.05499999999999509
2004-02-03,0.3067500000000183
2004-02-04,-1.3937500000002008
2004-02-05,-0.6611249999997996
2004-02-06,2.8998749999999687
2004-02-09,1.0657499999999742
2004-02-10,-1.1195000000001007
2004-02-11,3.651875000000186
2004-02-12,0.06562499999983507
2004-02-13,1.0336754290468284
2004-02-16,-0.007517135901573437
2004-02-17,0.3424999999999918
2004-02-18,-1.0850000000000302
2004-02-19,0.972856737235368
2004-02-20,-0.7329026388834066
2004-02-23,0.022499999999770627
2004-02-24,1.0680798670684402
2004-02-25,0.32998931511354745
2004-02-26,0.059500000000148476
2004-02-27,1.4825811321948854
2004-03-01,1.5000903813206998
2004-03-02,-2.564571800090416
2004-03-03,-1.3486250000000737
2004-03-04,2.167375000000182
2004-03-05,6.288366225033766
2004-03-08,0.2178534203009911
2004-03-09,3.652500000000026
2004-03-10,-1.0705000000000766
2004-03-11,0.23000000000007761
2004-03-12,0.20049999999994786
2004-03-15,1.1345000000000367
2004-03-16,1.1195356140232973
2004-03-17,1.696000000000046
2004-03-18,-0.09099999999997635
2004-03-19,-0.28900000000002163
2004-03-22,3.581499999999974
2004-03-23,0.19099999999996908
2004-03-24,-2.5313146541793965
2004-03-25,-1.5599999999998015
2004-03-26,-3.9850407793332696
2004-03-29,-3.6900000000000217
2004-03-30,2.0346478195627333
2004-03-31,5.428499999999939
2004-04-01,-0.3086920253887312
2004-04-02,-4.571729749600846
2004-04-05,-1.745134045345415
2004-04-06,0.22713011865196078
2004-04-07,0.18249999999999325
2004-04-08,0.16312499999999902
2004-04-09,-0.0027363743108831926
2004-04-12,-3.2777499999998305
2004-04-13,-5.147875000000089
2004-04-14,-0.49356563483899024
2004-04-15,-2.4681250000000414
2004-04-16,2.2987697290471525
2004-04-19,-0.5868943454235851
2004-04-20,-1.894750000000196
2004-04-21,-0.9346249999999479
2004-04-22,0.5468750000001454
2004-04-23,-1.1424999999999679
2004-04-26,0.6827499999998141
2004-04-27,1.9575000000000138
2004-04-28,-3.064000000000049
2004-04-29,-1.1334934730362698
2004-04-30,1.3311250000000345
2004-05-03,-0.23000000000020923
2004-05-04,0.24262500000015336
2004-05-05,-1.2120000000001037
2004-05-06,-2.4248749999998944
2004-05-07,-4.196875000000135
2004-05-10,-3.3852195358384436
2004-05-11,1.4830042544099622
2004-05-12,-0.5522203490146743
2004-05-13,-0.9462500000000146
2004-05-14,1.179266291915976
2004-05-17,1.6737499999998828
2004-05-18,-1.1239999999998862
2004-05-19,0.2894743287629756
2004-05-20,-0.403750000000016
2004-05-21,-0.43024999999997754
2004-05-24,1.69775
2004-05-25,0.9801970698231154
2004-05-26,0.4962500000000102
2004-05-27,1.117499999999854
2004-05-28,-0.18224999999986222
2004-05-31,0.0
2004-06-01,0.39100000000001
2004-06-02,-0.2150000000000051
2004-06-03,-0.10850000000011732
2004-06-04,-0.11499999999988658
2004-06-07,0.2997499999998866
2004-06-08,0.006438405965389176
2004-06-09,-0.6930000000001578
2004-06-10,-0.15324999999984007
2004-06-11,-0.00250223239947349
2004-06-14,-1.302499999999983
2004-06-15,2.0349999999999837
2004-06-16,0.26949999999998575
2004-06-17,0.5392500000000203
2004-06-18,-0.3062467434894407
2004-06-21,0.90000000000002
2004-06-22,-0.5127476449200586
2004-06-23,0.2124656826597403
2004-06-24,0.7474999999999727
2004-06-25,-0.16122557216786532
2004-06-28,-3.73699673968579
2004-06-29,-0.07350863096152212
2004-06-30,1.3711330949789646
2004-07-01,0.07321581534866864
2004-07-02,2.5437500000000424
2004-07-05,-0.003815298980036522
2004-07-06,-0.6137500000000508
2004-07-07,-0.2550000000001573
2004-07-08,-0.26222361900595287
2004-07-09,0.5980379976007535
2004-07-12,0.16999999999998008
2004-07-13,-0.03675487834223504
2004-07-14,0.10749999999999527
2004-07-15,-0.43695337387874067
2004-07-16,3.583749999999809
2004-07-19,0.8367904872789139
2004-07-20,-1.9500000000000033
2004-07-21,-0.7444894119363653
2004-07-22,1.7868749999999114
2004-07-23,-0.08812499999996588
2004-07-26,-1.4999999999999536
2004-07-27,-1.6182662569426507
2004-07-28,1.976249999999746
2004-07-29,0.7598518046781982
2004-07-30,1.5799999999999723
2004-08-02,0.40116974766057534
2004-08-03,-0.11624999999997535
2004-08-04,-1.034903069575789
2004-08-05,0.3931250000000105
2004-08-06,3.6023728996222273
2004-08-09,-1.0032833786496629
2004-08-10,-0.8157892574824318
2004-08-11,1.155000000000007
2004-08-12,1.280670362997648
2004-08-13,1.7323438578103825
2004-08-16,-1.4200371120097295
2004-08-17,0.10095354514044771
2004-08-18,0.42100000000007676
2004-08-19,-0.5125000000000874
2004-08-20,-0.05983406514991213
2004-08-23,-2.686607818242239
2004-08-24,0.8450000000000019
2004-08-25,1.5149999999999637
2004-08-26,1.7476672938905295
2004-08-27,0.8558955081399695
2004-08-30,-1.0460000000000833
2004-08-31,1.310981062890281
2004-09-01,-1.77170174428363
2004-09-02,-2.1190781937388916
2004-09-03,-1.7421833166370577
2004-09-06,-0.0041136902425277415
2004-09-07,0.2343749999999919
2004-09-08,2.543282841420294
2004-09-09,-0.41712500000002584
2004-09-10,0.3621249999999573
2004-09-13,2.6062499999999766
2004-09-14,1.26617382951695
2004-09-15,-0.06781350467341302
2004-09-16,3.6834354625555807
2004-09-17,0.2515601991837174
2004-09-20,2.488461824788414
2004-09-21,1.5668749999999563
2004-09-22,2.2184763534431937
2004-09-23,-0.3137500000000614
2004-09-24,0.4141009671345523
2004-09-27,-0.48125000000001744
2004-09-28,-0.7699999999999283
2004-09-29,-1.1781250000000847
2004-09-30,0.5419141139826869
2004-10-01,-0.45252306115440394
2004-10-04,2.198750000000019
2004-10-05,0.023892357309147048
2004-10-06,-2.6662500000000255
2004-10-07,1.1948537462772257
2004-10-08,4.112363369422649
2004-10-11,-0.11397237421185957
2004-10-12,1.8949999999999283
2004-10-13,-1.1413321963427132
2004-10-14,-0.9800000000000262
2004-10-15,-4.806385123143198
2004-10-18,1.6426050715462108
2004-10-19,0.25875000000001974
2004-10-20,-0.23987500000037287
2004-10-21,1.8633279169462047
2004-10-22,0.5839388517724162
2004-10-25,-1.664469692699288
2004-10-26,0.11374999999991083
2004-10-27,-3.61143708714688
2004-10-28,0.8781249999997087
2004-10-29,2.3904431110197497
2004-11-01,-0.1693750000000113
2004-11-02,2.4592103753136993
2004-11-03,0.30233537531369753
2004-11-04,1.2218750000000431
2004-11-05,-3.7570380821980707
2004-11-08,-0.3718750000000546
2004-11-09,-0.7882793178243283
2004-11-10,0.7004722224235832
2004-11-11,1.98
2004-11-12,0.8453824972100014
2004-11-15,-0.5950000000000023
2004-11-16,-2.0762500000000528
2004-11-17,2.849999999999987
2004-11-18,-0.06765359605352118
2004-11-19,-0.22625000000003584
2004-11-22,1.2387500000000073
2004-11-23,0.23122394945140834
2004-11-24,1.1797500000000583
2004-11-25,-0.003836497170853833
2004-11-26,0.6177499999999593
2004-11-29,-1.3109100465441788
2004-11-30,0.4715803950549747
2004-12-01,2.855730281650812
2004-12-02,-0.14449999999970978
2004-12-03,2.8762427355484563
2004-12-06,-0.6814012868573665
2004-12-07,0.795161216051878
2004-12-08,0.6995000000000012
2004-12-09,-0.5099999999999684
2004-12-10,0.19500000000002854
2004-12-13,-1.6994999999999962
2004-12-14,-0.4025000000000676
2004-12-15,4.117999999999986
2004-12-16,-3.8329999999999185
2004-12-17,1.1556275401989589
2004-12-20,0.8376189424723501
2004-12-21,0.3900000000000317
2004-12-22,-0.08749999999995897
2004-12-23,-0.4560000000000883
2004-12-24,0.0
2004-12-27,-2.679781368309053
2004-12-28,-1.3449999999999789
2004-12-29,1.0957329684209485
2004-12-30,2.5134999999999046
2004-12-31,1.4615000000000438
2005-01-03,-0.13899999999995377
2005-01-04,-4.0099999999999945
2005-01-05,0.3611658637129073
2005-01-06,-3.81650000000001
2005-01-07,2.2632996497641384
2005-01-10,1.04656538918933
2005-01-11,1.0224999999999294
2005-01-12,4.7474999999999925
2005-01-13,1.2812583976362222
2005-01-14,1.502999999999953
2005-01-17,0.0
2005-01-18,0.6070000000000154
2005-01-19,0.26250000000007045
2005-01-20,-1.1375000000000317
2005-01-21,1.5806808471831881
2005-01-24,-0.2084999999999773
2005-01-25,-3.533016680975009
2005-01-26,0.5193750000000404
2005-01-27,0.33624999999994437
2005-01-28,3.038750000000064
2005-01-31,0.7052499999999615
2005-02-01,0.12562500000007848
2005-02-02,1.4052833971707304
2005-02-03,-0.7749434341392588
2005-02-04,2.892815173990249
2005-02-07,-1.308073617823956
2005-02-08,0.92650567978826
2005-02-09,2.8137500000000593
2005-02-10,-3.946191350543432
2005-02-11,-0.4561869177298675
2005-02-14,-0.7793749999999591
2005-02-15,-0.8137565451624486
2005-02-16,0.6193750000000767
2005-02-17,0.2062499999999818
2005-02-18,-1.419874999999951
2005-02-21,-0.003287662355264777
2005-02-22,-4.674375000000078
2005-02-23,1.0155845652440003
2005-02-24,-1.9587500000000253
2005-02-25,-0.75062500000002
2005-02-28,-5.18899999999991
2005-03-01,0.865369447443479
2005-03-02,0.9828469070388606
2005-03-03,0.10679844000144514
2005-03-04,3.9775000000000493
2005-03-07,3.4300000000000175
2005-03-08,-0.17211555321420302
2005-03-09,-5.397499999999942
2005-03-10,-2.1327896129501474
2005-03-11,-4.556957980654012
2005-03-14,-0.9257954160965615
2005-03-15,-5.709303164702643
2005-03-16,1.2055947449935949
2005-03-17,2.8849999999999976
2005-03-18,1.3403650004593577
2005-03-21,0.11250000000002648
2005-03-22,0.06789608759551537
2005-03-23,0.37437499999997476
2005-03-24,0.4781249999999898
2005-03-25,-0.006120345237432275
2005-03-28,-1.7389999999999812
2005-03-29,2.1202500000000013
2005-03-30,1.5325000000000015
2005-03-31,2.294649955872988
2005-04-01,-1.3664988671200224
2005-04-04,0.735000000000013
2005-04-05,1.3912500000000008
2005-04-06,0.8175000000000014
2005-04-07,0.9125000000000087
2005-04-08,2.193831423076227
2005-04-11,0.5573354430008729
2005-04-12,1.0799999999999892
2005-04-13,1.049344079929712
2005-04-14,-1.6786400663879484
2005-04-15,1.3650000000000035
2005-04-18,1.3543606200198492
2005-04-19,-1.471959395949881
2005-04-20,-0.9586129896172569
2005-04-21,-0.5823739293055575
2005-04-22,1.3834999999999888
2005-04-25,-2.6641250000000185
2005-04-26,-1.1274563209120942
2005-04-27,2.771250000000007
2005-04-28,2.0255455392324815
2005-04-29,2.438175878410231
2005-05-02,3.091125000000005
2005-05-03,3.276947818970014
2005-05-04,1.4987499999999898
2005-05-05,0.7750000000000165
2005-05-06,-2.5049999999999906
2005-05-09,-0.6468750000000006
2005-05-10,-1.5068750000000153
2005-05-11,1.9999999999999585
2005-05-12,1.9978389272600683
2005-05-13,0.3630000000000171
2005-05-16,-1.7986249999999941
2005-05-17,0.9915901618289826
2005-05-18,0.5512500000000229
2005-05-19,-0.6179835164603823
2005-05-20,-1.9967499999999971
2005-05-23,-5.058124999999983
2005-05-24,2.124689221090583
2005-05-25,-0.1212433338769418
2005-05-26,-1.4742500000000027
2005-05-27,3.8467500000000467
2005-05-30,-0.0028998298814948567
2005-05-31,1.6449999999999847
2005-06-01,1.7363788215244935
2005-06-02,4.546875000000007
2005-06-03,-3.608046803063937
2005-06-06,-1.2574999999999577
2005-06-07,1.3554999999999278
2005-06-08,0.9100000000000203
2005-06-09,-0.5554999999999757
2005-06-10,0.9074999999999374
2005-06-13,-2.336999999999953
2005-06-14,-1.0467388363439516
2005-06-15,-1.4670000000000578
2005-06-16,1.1812751015082958
2005-06-17,-2.678000000000008
2005-06-20,-2.9675000000000034
2005-06-21,4.169145702079396
2005-06-22,3.997000000000053
2005-06-23,-0.09715995010645018
2005-06-24,-0.7982500000000547
2005-06-27,2.4095514515086522
2005-06-28,-0.5102636429687754
2005-06-29,2.133750000000049
2005-06-30,2.8987499999999495
2005-07-01,-1.9075442242688674
2005-07-04,-0.029999999999972715
2005-07-05,-6.423500000000015
2005-07-06,0.5399999999999523
2005-07-07,-0.49149999999995025
2005-07-08,2.508749999999971
2005-07-11,2.3502500000000373
2005-07-12,-1.7689999999999877
2005-07-13,-0.43625000000003544
2005-07-14,-0.9387500000000433
2005-07-15,0.05627227886625899
2005-07-18,-0.674999999999942
2005-07-19,3.089745584607653
2005-07-20,1.8667645308554042
2005-07-21,0.10474999999999726
2005-07-22,-0.9142436825936682
2005-07-25,-2.308749999999996
2005-07-26,0.5358172056857241
2005-07-27,0.39987499999998655
2005-07-28,1.7138749999999534
2005-07-29,1.082500000000051
2005-08-01,0.293124999999975
2005-08-02,-1.067609994609291
2005-08-03,2.4867500000000096
2005-08-04,0.2910311910834649
2005-08-05,-0.8037500000000181
2005-08-08,-1.9089735357986808
2005-08-09,2.0457499999999986
2005-08-10,0.47429895027976154
2005-08-11,0.7550000000000356
2005-08-12,-0.2537500000000176
2005-08-15,4.218000000000011
2005-08-16,0.6326862784637559
2005-08-17,-3.0660720564010124
2005-08-18,-0.3037499999999971
2005-08-19,-2.8108224306229905
2005-08-22,0.14257679422757952
2005-08-23,-2.266569549313582
2005-08-24,-1.8007020907093072
2005-08-25,4.67295819911479
2005-08-26,-1.3695479835372506
2005-08-29,-0.4312500000000159
2005-08-30,1.8516714924870574
2005-08-31,3.577169015576457
2005-09-01,-1.325749999999987
2005-09-02,3.915749999999992
2005-09-05,-0.0029298901227103004
2005-09-06,-1.9650000000000032
2005-09-07,-0.4247656279438058
2005-09-08,0.7100000000000206
2005-09-09,1.8999999999999864
2005-09-12,0.9278567608833279
2005-09-13,-1.6866440045803106
2005-09-14,-0.24552195005778119
2005-09-15,0.01625000000002219
2005-09-16,-1.6410061018351545
2005-09-19,1.1294999999999842
2005-09-20,-0.374131389760616
2005-09-21,1.6617499999999985
2005-09-22,-1.742243861432719
2005-09-23,-0.18800000000003703
2005-09-26,-0.4176249999999747
2005-09-27,-0.04750000000001717
2005-09-28,1.9283820899746584
2005-09-29,1.1549999999999638
2005-09-30,-0.12399480727745821
2005-10-03,-1.6332499999999754
2005-10-04,2.3128226936047356
2005-10-05,0.9157500000000329
2005-10-06,-2.883668998625263
2005-10-07,1.5983385379000903
2005-10-10,0.2621198041776297
2005-10-11,-0.7372298688024534
2005-10-12,-6.0766367581503
2005-10-13,0.8033363478754321
2005-10-14,1.3212499999999856
2005-10-17,1.0090000000000072
2005-10-18,1.1720301477462902
2005-10-19,0.48836010802571594
2005-10-20,-0.5342225160596624
2005-10-21,0.36399111039288967
2005-10-24,0.9577500000000003
2005-10-25,-0.1518827577263842
2005-10-26,-1.0209999999999892
2005-10-27,0.7739975258304788
2005-10-28,2.1633115543822368
2005-10-31,1.497499999999983
2005-11-01,0.9227698893666596
2005-11-02,0.8662500000000053
2005-11-03,-1.1745777198896956
2005-11-04,-0.06670443526440566
2005-11-07,0.8585613104613519
2005-11-08,0.18949999999998335
2005-11-09,0.8466890800555164
2005-11-10,2.5912500000000223
2005-11-11,-1.17
2005-11-14,-0.8581250000000124
2005-11-15,2.072545297740241
2005-11-16,1.3201549282067533
2005-11-17,0.9231249999999811
2005-11-18,-0.2837500000000155
2005-11-21,0.47062500000002
2005-11-22,0.38812499999999034
2005-11-23,1.3592728848249063
2005-11-24,-0.04779472580083105
2005-11-25,1.294124999999977
2005-11-28,2.13125
2005-11-29,0.04625000000001391
2005-11-30,1.0147261640796525
2005-12-01,0.38722344930647135
2005-12-02,1.9790000000000136
2005-12-05,-3.293750000000003
2005-12-06,4.2957104013375975
2005-12-07,-0.0327925022961288
2005-12-08,-2.7147499999999747
2005-12-09,-5.669000000000018
2005-12-12,-2.4787488701878857
2005-12-13,-0.7715356589673936
2005-12-14,-1.7499999999999967
2005-12-15,0.09599999999999202
2005-12-16,-1.2172499999999873
2005-12-19,-1.1550000000000162
2005-12-20,1.951000000000007
2005-12-21,1.4924999999999864
2005-12-22,-1.7259999999999742
2005-12-23,-1.6128120693932655
2005-12-26,0.0
2005-12-27,-1.7402499999999936
2005-12-28,-0.9360000000000187
2005-12-29,5.755000000000024
2005-12-30,0.07762724566370674
2006-01-02,0.0
2006-01-03,-3.4550000000000054
2006-01-04,2.4799999999999875
2006-01-05,0.030000000000003274
2006-01-06,2.2753279672547158
2006-01-09,1.9700000000000102
2006-01-10,-2.7887499999999794
2006-01-11,-0.3217500000000309
2006-01-12,1.2205
2006-01-13,-0.06424999999997498
2006-01-16,0.0
2006-01-17,2.797499999999987
2006-01-18,2.032499999999991
2006-01-19,1.8093030517976727
2006-01-20,-0.29374999999999385
2006-01-23,-2.2792499999999927
2006-01-24,-2.058802297622319
2006-01-25,-2.861027418097024
2006-01-26,-0.03525885059047576
2006-01-27,1.281941717099648
2006-01-30,-0.6587499999999941
2006-01-31,-0.8287500000000014
2006-02-01,0.6923147222390859
2006-02-02,-3.0626880773897236
2006-02-03,-1.737690590723558
2006-02-06,1.798558060298579
2006-02-07,-0.01020244591378358
2006-02-08,-1.5956548378841418
2006-02-09,-0.443750000000008
2006-02-10,0.830870472889658
2006-02-13,-0.7401855818385629
2006-02-14,1.4537163403975735
2006-02-15,-1.7014271835744357
2006-02-16,1.199999999999996
2006-02-17,0.5199999999999813
2006-02-20,0.0
2006-02-21,-1.4799999999999813
2006-02-22,1.7999999999999896
2006-02-23,-1.1600000000000041
2006-02-24,-1.2399999999999958
2006-02-27,-0.12518598961743843
2006-02-28,0.1081616009484226
2006-03-01,1.5040000000000027
2006-03-02,-3.7239999999999984
2006-03-03,-1.8185609791549329
2006-03-06,-1.4724355169082148
2006-03-07,-0.5268719948433837
2006-03-08,-0.7168932299337841
2006-03-09,-0.5090000000000028
2006-03-10,0.029241688575033856
2006-03-13,1.1097499999999878
2006-03-14,0.4552499999999953
2006-03-15,1.5255928001692618
2006-03-16,1.4162499999999825
2006-03-17,-0.7437499999999901
2006-03-20,-1.2212499999999697
2006-03-21,-3.055683259433036
2006-03-22,-0.9764286617613245
2006-03-23,0.1662500000000101
2006-03-24,0.7453172617951734
2006-03-27,-3.2412499999999893
2006-03-28,0.11054321168942328
2006-03-29,-0.6982613744697663
2006-03-30,-0.223210313498841
2006-03-31,-2.693249999999999
2006-04-03,0.9787254986660695
2006-04-04,-0.32950000000001606
2006-04-05,-2.5042500000000025
2006-04-06,-3.4864813287089342
2006-04-07,-1.4564786330570185
2006-04-10,0.9617693900057808
2006-04-11,0.662749999999997
2006-04-12,1.9830041248467305
2006-04-13,-0.6869647949446749
2006-04-14,0.0
2006-04-17,0.770000000000011
2006-04-18,0.534999999999987
2006-04-19,-0.36829619943911557
2006-04-20,0.3450000000000118
2006-04-21,-0.9372499999999807
2006-04-24,0.5672499999999924
2006-04-25,0.01625000000000068
2006-04-26,-0.26625000000001453
2006-04-27,0.40750000000000874
2006-04-28,-0.8787500000000055
2006-05-01,0.1649999999999991
2006-05-02,2.486250000000012
2006-05-03,0.6377499999999907
2006-05-04,1.294750000000002
2006-05-05,-0.42103409478390247
2006-05-08,1.232500000000018
2006-05-09,0.25249999999997885
2006-05-10,0.22750000000002005
2006-05-11,-2.4958266412854573
2006-05-12,-6.119999999999983
2006-05-15,-2.0185243319437793
2006-05-16,1.3995000000000357
2006-05-17,-2.5269986800622046
2006-05-18,0.06500000000001764
2006-05-19,1.7149999999999876
2006-05-22,-1.391499627985405
2006-05-23,0.7499999999999998
2006-05-24,-0.10250000000000205
2006-05-25,1.1952745195939602
2006-05-26,-0.34650000000000736
2006-05-29,0.13499999999996248
2006-05-30,-1.4509999999999648
2006-05-31,0.5825000000000014
2006-06-01,-0.09500000000002987
2006-06-02,-2.7275000000000023
2006-06-05,1.8990737417671135
2006-06-06,1.0503939417968011
2006-06-07,-0.5825000000000069
2006-06-08,0.4437499999999976
2006-06-09,0.926250000000001
2006-06-12,-1.5525000000000015
2006-06-13,0.5000000000000082
2006-06-14,1.8899999999999795
2006-06-15,1.790000000000004
2006-06-16,-0.8923033694947768
2006-06-19,1.0700000000000103
2006-06-20,0.12023283609186712
2006-06-21,-0.3399999999999906
2006-06-22,0.5324851196679103
2006-06-23,0.69624999999999
2006-06-26,1.4529484573110516
2006-06-27,-0.5973916721268493
2006-06-28,0.20519642400340732
2006-06-29,-0.541250000000003
2006-06-30,-2.1089199737769406
2006-07-03,-1.2487499999999998
2006-07-04,0.057610319577306716
2006-07-05,1.0784999999999796
2006-07-06,-1.0859999999999785
2006-07-07,1.5272499999999956
2006-07-10,-2.042249999999999
2006-07-11,-2.168764088837084
2006-07-12,-1.7989719419000127
2006-07-13,1.8237500000000095
2006-07-14,0.27991820564861025
2006-07-17,2.3050000000000126
2006-07-18,2.171132127835384
2006-07-19,0.24625000000001765
2006-07-20,0.2675000000000068
2006-07-21,0.6365313569700085
2006-07-24,0.3246569498268213
2006-07-25,-0.15700000000000228
2006-07-26,0.24305843028458873
2006-07-27,-0.1599999999999849
2006-07-28,0.48908122698781503
2006-07-31,-2.0944999999999854
2006-08-01,-1.3156996056595196
2006-08-02,-1.202316303677331
2006-08-03,1.0067500000000023
2006-08-04,0.18499999999999983
2006-08-07,1.891543193761581
2006-08-08,1.0926842524807632
2006-08-09,-0.6980000000000033
2006-08-10,0.167999999999999
2006-08-11,4.87748680286439
2006-08-14,0.43999999999999695
2006-08-15,0.7399999999999981
2006-08-16,0.3922123426227342
2006-08-17,0.2934996897238457
2006-08-18,-0.3329012470664434
2006-08-21,-0.06289715206539408
2006-08-22,-0.41731029400500885
2006-08-23,-2.302907917948989
2006-08-24,-1.7650000000000052
2006-08-25,-0.15000000000000316
2006-08-28,1.6627206938237258
2006-08-29,1.2599656287315233
2006-08-30,-2.192499999999999
2006-08-31,-1.5312500000000013
2006-09-01,1.5714929087810494
2006-09-04,0.0
2006-09-05,0.595000000000004
2006-09-06,-0.8962500000000022
2006-09-07,-2.063734750368303
2006-09-08,-0.00125000000001819
2006-09-11,0.13249329402280008
2006-09-12,2.8287500000000088
2006-09-13,0.43900000000000194
2006-09-14,0.04975000000001815
2006-09-15,-1.1330034445187596
2006-09-18,-2.1027499999999746
2006-09-19,0.3337500000000189
2006-09-20,-0.6487500000000275
2006-09-21,-4.271000000000005
2006-09-22,1.3931815606103453
2006-09-25,0.36499999999999283
2006-09-26,-1.4729999999999412
2006-09-27,1.8962499999999773
2006-09-28,-3.503156365477486
2006-09-29,0.6388954687280062
2006-10-02,-1.1887499999999895
2006-10-03,0.15971414683631371
2006-10-04,-1.6919999999999509
2006-10-05,-0.11373306949244967
2006-10-06,-1.3227323129615882
2006-10-09,-4.64999999999998
2006-10-10,2.9874145824689937
2006-10-11,-1.9680794403545678
2006-10-12,-0.47868309073456405
2006-10-13,-2.308050388797187
2006-10-16,0.0962117127768101
2006-10-17,-0.5194999999999899
2006-10-18,0.326938922910068
2006-10-19,-0.46700000000002156
2006-10-20,0.015749999999999136
2006-10-23,-1.5213563564584447
2006-10-24,0.4137499999999785
2006-10-25,0.6082499999999909
2006-10-26,1.8792499999999623
2006-10-27,-0.16803550606538314
2006-10-30,-0.21600000000002684
2006-10-31,1.2596233482486885
2006-11-01,-0.5500000000000322
2006-11-02,-2.740051749433543
2006-11-03,0.22750000000003817
2006-11-06,-0.5962500000000175
2006-11-07,0.0824999999999874
2006-11-08,-0.27500000000000285
2006-11-09,-0.2278035621961312
2006-11-10,0.5474999999999858
2006-11-13,0.6050000000000249
2006-11-14,0.7187499999999754
2006-11-15,-0.2433673100291222
2006-11-16,-0.8774999999999735
2006-11-17,-0.011250000000014734
2006-11-20,-0.8062499999999483
2006-11-21,0.2409600935356845
2006-11-22,-0.07375000000004264
2006-11-23,-0.0999999999999801
2006-11-24,-1.1187499999999924
2006-11-27,-1.0941162751565803
2006-11-28,1.1416347219363268
2006-11-29,0.23348261097505052
2006-11-30,0.9855000000000654
2006-12-01,-0.29410411102377865
2006-12-04,1.2751414224934186
2006-12-05,1.1045000000000293
2006-12-06,-0.33999999999997726
2006-12-07,-0.9461611643065513
2006-12-08,0.024999999999982536
2006-12-11,0.49249999999994826
2006-12-12,0.41500000000007553
2006-12-13,-0.9796548292006074
2006-12-14,0.9555000000000211
2006-12-15,0.11
2006-12-18,-0.6005000000000651
2006-12-19,-0.11449999999997312
2006-12-20,0.010835608473903
2006-12-21,0.4975000000000202
2006-12-22,-0.9724999999999671
2006-12-25,-0.004169418025925128
2006-12-26,-0.14799999999998487
2006-12-27,-0.5675000000000477
2006-12-28,0.29098767876254256
2006-12-29,0.7400000000000367
2007-01-01,0.0
2007-01-02,0.6979999999999712
2007-01-03,-1.8049582563310373
2007-01-04,-0.7989999999999641
2007-01-05,-0.4160000000000598
2007-01-08,-0.16500000000000178
2007-01-09,-1.484999999999998
2007-01-10,0.21000000000001576
2007-01-11,0.7900000000000517
2007-01-12,1.8364938097776764
2007-01-15,-0.008957566485363002
2007-01-16,0.15899999999999506
2007-01-17,-0.07399999999996196
2007-01-18,0.6189999999999952
2007-01-19,0.7377011866969366
2007-01-22,-0.18900000000000472
2007-01-23,-0.11549476267089558
2007-01-24,-0.3340000000000012
2007-01-25,-1.4845026873383647
2007-01-26,-0.643259606046245
2007-01-29,-0.8799999999999661
2007-01-30,1.096107646984226
2007-01-31,0.1672524670264972
2007-02-01,0.11500000000001422
2007-02-02,1.1480126333973637
2007-02-05,-0.1779999999999778
2007-02-06,-0.5225000000000105
2007-02-07,-0.5750000000000163
2007-02-08,1.052500000000037
2007-02-09,-0.3595000000000239
2007-02-12,-0.3994762495868931
2007-02-13,1.5119999999999945
2007-02-14,0.2724999999999869
2007-02-15,0.0872990295360776
2007-02-16,1.161999999999987
2007-02-19,0.0
2007-02-20,0.13249999999997672
2007-02-21,1.7175000000000253
2007-02-22,0.6400000000000042
2007-02-23,-1.7244999999999904
2007-02-26,-0.808000000000021
2007-02-27,-2.896639194368434
2007-02-28,1.942883353483436
2007-03-01,-0.9539999999999987
2007-03-02,-1.5900000000000227
2007-03-05,0.7650000000000173
2007-03-06,-0.15212657531295312
2007-03-07,0.49275076707882953
2007-03-08,0.11999999999998277
2007-03-09,-0.649999999999974
2007-03-12,-0.5900000000000345
2007-03-13,-0.5899999999999914
2007-03-14,0.3200000000000161
2007-03-15,-0.5771394381078424
2007-03-16,0.5287499999999629
2007-03-19,0.8112500000000522
2007-03-20,0.8675000000000247
2007-03-21,1.1549999999999474
2007-03-22,-0.3074999999999676
2007-03-23,-0.15750000000002584
2007-03-26,-1.4419811022402667
2007-03-27,-0.2700000000000389
2007-03-28,-0.4447178801968663
2007-03-29,0.8299999999999956
2007-03-30,-4.224999999999981
2007-04-02,-2.601658164451212
2007-04-03,-0.04722219997199593
2007-04-04,1.4002206455992001
2007-04-05,0.5377082019480112
2007-04-06,-0.45691385286177655
2007-04-09,-0.06649999999995242
2007-04-10,0.6614999999999834
2007-04-11,-0.8214999999999826
2007-04-12,0.053139784240002985
2007-04-13,0.4378738080259499
2007-04-16,-0.10700000000001618
2007-04-17,-0.4929999999999469
2007-04-18,0.4501234513889506
2007-04-19,-0.30685310617993106
2007-04-20,-0.07499999999999313
2007-04-23,-0.2999999999999972
2007-04-24,0.20200000000005747
2007-04-25,1.122999999999987
2007-04-26,-0.5429999999999877
2007-04-27,-0.2068377872775548
2007-04-30,-0.1250000000000191
2007-05-01,0.7990572739040063
2007-05-02,0.2591834194615637
2007-05-03,0.3399999999999423
2007-05-04,0.6700000000000382
2007-05-07,0.5832110622840572
2007-05-08,-0.6200000000000455
2007-05-09,0.5150000000000463
2007-05-10,-0.7057881315397565
2007-05-11,0.9780000000000026
2007-05-14,-0.2250171702631185
2007-05-15,0.20200000000001592
2007-05-16,0.16326620435662137
2007-05-17,-0.5116851305676806
2007-05-18,-0.5157326511845048
2007-05-21,1.3250000000000104
2007-05-22,-0.706726090295708
2007-05-23,-0.41225518934059313
2007-05-24,-1.7949999999999902
2007-05-25,1.7289999999999808
2007-05-28,-0.004397756636142046
2007-05-29,-0.8924999999999741
2007-05-30,1.7299999999999833
2007-05-31,0.6533044573242024
2007-06-01,0.8727781174684827
2007-06-04,-1.5799999999999852
2007-06-05,-1.0722147091082959
2007-06-06,-1.316725071920066
2007-06-07,-0.9220110107520275
2007-06-08,0.12926962537835646
2007-06-11,0.817999999999999
2007-06-12,-0.31800000000001016
2007-06-13,0.03454732097674175
2007-06-14,1.2150000000000118
2007-06-15,2.5388139123908195
2007-06-18,-0.2238740145736135
2007-06-19,-1.0949999999999949
2007-06-20,-0.7050000000000167
2007-06-21,0.1850000000000072
2007-06-22,-2.0599999999999996
2007-06-25,-0.9600000000000051
2007-06-26,0.030000000000003888
2007-06-27,-0.5149999999999901
2007-06-28,0.7145390832607934
2007-06-29,-0.9049999999999989
2007-07-02,0.5295567777007268
2007-07-03,-0.2705156280262772
2007-07-04,0.0
2007-07-05,0.18499999999999053
2007-07-06,1.0600000000000072
2007-07-09,-0.13053748840224919
2007-07-10,-1.7367135993898164
2007-07-11,0.00499999999998231
2007-07-12,1.665999999999998
2007-07-13,-0.011000000000002928
2007-07-16,-0.9799999999999931
2007-07-17,1.0837652963926694
2007-07-18,-0.4260000000000053
2007-07-19,0.3378534583908854
2007-07-20,-1.2609999999999897
2007-07-23,1.0699999999999903
2007-07-24,-1.59649999999999
2007-07-25,-1.120658640976534
2007-07-26,-2.919999999999996
2007-07-27,0.845470008151229
2007-07-30,0.3940000000000036
2007-07-31,-0.7048289908529624
2007-08-01,-0.2600000000000161
2007-08-02,0.28931817906852353
2007-08-03,-0.5383573501977593
2007-08-06,0.0800000000000023
2007-08-07,-0.3800000000000065
2007-08-08,0.16800000000000628
2007-08-09,-0.4050000000000053
2007-08-10,-0.31562716926263246
2007-08-13,0.1249999999999966
2007-08-14,-0.5450000000000003
2007-08-15,-1.0249999999999955
2007-08-16,-0.7051227857508886
2007-08-17,1.2881946743837944
2007-08-20,-0.40922499590125216
2007-08-21,-0.24262559258188338
2007-08-22,-0.14499999999999014
2007-08-23,0.09250000000000469
2007-08-24,0.5524999999999793
2007-08-27,0.40738063795819524
2007-08-28,0.33250000000001073
2007-08-29,0.25499999999997724
2007-08-30,0.4150000000000222
2007-08-31,0.3199999999999714
2007-09-03,-0.002623425448078273
2007-09-04,-0.6749999999999654
2007-09-05,0.5924999999999776
2007-09-06,0.38250000000001855
2007-09-07,-0.03837945204636623
2007-09-10,0.6749999999999929
2007-09-11,0.3349999999999716
2007-09-12,-1.714999999999989
2007-09-13,-0.009999999999969441
2007-09-14,-0.3599999999999843
2007-09-17,-0.5500000000000065
2007-09-18,1.152224903780859
2007-09-19,-0.5099999999999877
2007-09-20,-2.850000000000022
2007-09-21,0.21204483421792344
2007-09-24,0.3249999999999754
2007-09-25,0.5142680467027022
2007-09-26,-0.16499999999999776
2007-09-27,-0.08499999999998799
2007-09-28,0.6681455799816007
2007-10-01,0.7751619155052416
2007-10-02,1.0764999999999727
2007-10-03,-0.08835687463330279
2007-10-04,0.5229999999999972
2007-10-05,-0.8054999999999786
2007-10-08,0.09816493570158655
2007-10-09,0.1269999999999763
2007-10-10,-0.21699999999999872
2007-10-11,0.28250000000004327
2007-10-12,-0.3357876533126089
2007-10-15,-0.7449999999999931
2007-10-16,0.22567818967804382
2007-10-17,1.1224999999999787
2007-10-18,0.7406781800414991
2007-10-19,0.5035000000000287
2007-10-22,-0.531000000000032
2007-10-23,0.6085000000000227
2007-10-24,0.666499999999994
2007-10-25,-0.6825000000000135
2007-10-26,0.9709999999999952
2007-10-29,0.4215000000000169
2007-10-30,-0.004000000000022692
2007-10-31,-0.2005315298598733
2007-11-01,0.7771723962899791
2007-11-02,0.599500000000032
2007-11-05,-1.1848551980414397
2007-11-06,-0.20499999999993979
2007-11-07,-0.8425000000000609
2007-11-08,-0.9294999999999735
2007-11-09,-0.40549999999996555
2007-11-12,0.27115139543061406
2007-11-13,-0.15875000000006462
2007-11-14,-0.6419999999999826
2007-11-15,0.7337124516769546
2007-11-16,0.12494764347780286
2007-11-19,-0.06200000000003719
2007-11-20,0.16395064912345617
2007-11-21,0.45719500428448745
2007-11-22,0.0
2007-11-23,0.3200000000000409
2007-11-26,2.2987499999999685
2007-11-27,-0.5587500000000014
2007-11-28,-0.42374999999997953
2007-11-29,1.6194871022848845
2007-11-30,0.17000000000001078
2007-12-03,1.604999999999998
2007-12-04,0.24624999999999417
2007-12-05,0.3949999999999402
2007-12-06,-0.544493934174581
2007-12-07,-2.378749999999962
2007-12-10,-0.33916337280444675
2007-12-11,1.9994988443186152
2007-12-12,-0.7774999999999732
2007-12-13,-1.2790000000000186
2007-12-14,-0.9757659505141879
2007-12-17,-0.15393455398721897
2007-12-18,1.174747454210908
2007-12-19,0.8720000000000422
2007-12-20,0.9562491867518647
2007-12-21,-1.3702443983671952
2007-12-24,-0.25800000000003076
2007-12-25,-0.0017517491882639129
2007-12-26,-0.3249999999999431
2007-12-27,-0.5067174652368632
2007-12-28,0.6759999999999584
2007-12-31,0.3708068477401603
2008-01-01,0.0
2008-01-02,2.586000000000012
2008-01-03,1.0074999999999956
2008-01-04,0.14583152617248332
2008-01-07,0.8924999999999836
2008-01-08,1.6293655474177176
2008-01-09,-1.1274831623599795
2008-01-10,-0.5729506136566777
2008-01-11,3.5479999999999987
2008-01-14,3.4183472080737114
2008-01-15,0.5527203176171844
2008-01-16,-1.1537112453720928
2008-01-17,1.0337499999999848
2008-01-18,0.08700000000000307
2008-01-21,-0.0037165737407935605
2008-01-22,1.575500000000026
2008-01-23,-1.357999999999987
2008-01-24,-1.3971283575012388
2008-01-25,1.6504555426700778
2008-01-28,0.28874999999997963
2008-01-29,-0.09750000000000618
2008-01-30,-0.9225000000000882
2008-01-31,1.957500000000096
2008-02-01,1.2487499999999931
2008-02-04,0.5811306926637824
2008-02-05,0.07799999999996782
2008-02-06,-0.419999999999983
2008-02-07,-1.0575000000000405
2008-02-08,1.9964895660875086
2008-02-11,0.2440000000000438
2008-02-12,-1.4407409543325578
2008-02-13,0.4807669300137573
2008-02-14,-1.427560671899565
2008-02-15,0.7223330012784028
2008-02-18,0.0
2008-02-19,-1.4349999999999572
2008-02-20,-0.7734682342396297
2008-02-21,2.9149999999999805
2008-02-22,0.009656691485534268
2008-02-25,-0.9516668559847179
2008-02-26,2.12475
2008-02-27,0.6283585655290241
2008-02-28,5.070840948617071
2008-02-29,1.6587500000000834
2008-03-03,1.542921608888739
2008-03-04,-1.7699999999999987
2008-03-05,0.049999999999909776
2008-03-06,-3.380000000000002
2008-03-07,-1.650090455847523
2008-03-10,2.8778166254858495
2008-03-11,0.6597492993927303
2008-03-12,1.4990444550908508
2008-03-13,0.656499999999986
2008-03-14,0.892499999999991
2008-03-17,-0.1387499999999818
2008-03-18,1.813500000000012
2008-03-19,-1.9379826259978803
2008-03-20,-2.3424204173695578
2008-03-21,-0.006168289948107675
2008-03-24,-0.6412499999999844
2008-03-25,1.9150000000000245
2008-03-26,0.24499999999997363
2008-03-27,-0.3562500000000028
2008-03-28,1.0375000000000252
2008-03-31,2.3786514816351834
2008-04-01,-0.0002500000000016371
2008-04-02,0.6327500000000038
2008-04-03,0.46836638121328916
2008-04-04,1.9341240113873737
2008-04-07,-0.9387500000000413
2008-04-08,-0.6166338290761482
2008-04-09,2.3258814832085464
2008-04-10,-0.263750000000025
2008-04-11,0.75249999999995
2008-04-14,2.0308717893958703
2008-04-15,0.5222499999999822
2008-04-16,-1.7016246061312958
2008-04-17,-0.8662160944535504
2008-04-18,0.08549999999999446
2008-04-21,-3.6549999999999883
2008-04-22,3.096249999999943
2008-04-23,-0.19124999999998946
2008-04-24,-1.1717500000000218
2008-04-25,-0.895
2008-04-28,2.8455000000000603
2008-04-29,-3.435464147887395
2008-04-30,3.8362500000000206
2008-05-01,-1.0137499999999944
2008-05-02,0.16125000000001619
2008-05-05,-1.3637500000000038
2008-05-06,-0.666250000000054
2008-05-07,-1.5262499999999803
2008-05-08,1.9684908216312529
2008-05-09,0.6617500000000441
2008-05-12,3.049499999999953
2008-05-13,-2.5093316833043304
2008-05-14,-2.1511594806430887
2008-05-15,3.3224999999999794
2008-05-16,1.241371728024196
2008-05-19,1.204999999999963
2008-05-20,0.33499999999997526
2008-05-21,1.7462500000000098
2008-05-22,-2.347499999999981
2008-05-23,0.41749999999996285
2008-05-26,0.0
2008-05-27,-1.1037499999999705
2008-05-28,-0.024999999999998454
2008-05-29,-0.8261307815423325
2008-05-30,1.703519522013583
2008-06-02,1.711722716528812
2008-06-03,2.597628043285187
2008-06-04,-0.10600000000000245
2008-06-05,1.2175000000000111
2008-06-06,-1.1955108478904872
2008-06-09,-0.016999999999992632
2008-06-10,-3.270505868620511
2008-06-11,1.8989676678215075
2008-06-12,1.832499999999993
2008-06-13,1.6234999999999953
2008-06-16,0.8764999999999854
2008-06-17,1.8325000000000362
2008-06-18,1.089865735102822
2008-06-19,-1.602500000000007
2008-06-20,1.3189999999999993
2008-06-23,-1.5915000000000123
2008-06-24,1.0540000000000005
2008-06-25,1.6559999999999928
2008-06-26,1.1300000000000077
2008-06-27,0.2925000000000015
2008-06-30,-2.000999999999984
2008-07-01,-2.9594541234952283
2008-07-02,2.52800000000001
2008-07-03,0.014499999999983335
2008-07-04,0.0
2008-07-07,-0.20950000000001617
2008-07-08,-0.2504999999999926
2008-07-09,0.7355000000000222
2008-07-10,-0.3525436895522358
2008-07-11,-0.5379999999999974
2008-07-14,-1.4052722591416782
2008-07-15,-0.06508762933888285
2008-07-16,1.8257499999999975
2008-07-17,-1.2084832974027042
2008-07-18,0.3853599320049195
2008-07-21,1.5405000000000122
2008-07-22,2.5857499999999813
2008-07-23,2.2592499999999918
2008-07-24,1.2114940151173446
2008-07-25,-4.1445000000000345
2008-07-28,2.6006543047721795
2008-07-29,0.37732523429242754
2008-07-30,0.7339999999999672
2008-07-31,1.0810000000000313
2008-08-01,4.022499999999976
2008-08-04,2.6303620209799194
2008-08-05,-1.7485000000000195
2008-08-06,-0.4016093634105723
2008-08-07,-1.2526529650324247
2008-08-08,-6.332499999999983
2008-08-11,-1.4469199320440358
2008-08-12,1.1025000000000051
2008-08-13,-1.4410000000000014
2008-08-14,-0.32650000000000545
2008-08-15,1.2203577007048063
2008-08-18,-0.13774999999999563
2008-08-19,-1.4142642612569034e-14
2008-08-20,0.3787500000000205
2008-08-21,0.11973927082100227
2008-08-22,-1.3862500000000053
2008-08-25,1.4962500000000187
2008-08-26,-0.4955000000000102
2008-08-27,0.9717499999999952
2008-08-28,-2.546365009147965
2008-08-29,-1.7030172030297681
2008-09-01,0.0
2008-09-02,-0.7000000000000124
2008-09-03,0.21999999999997708
2008-09-04,-3.0049999999999635
2008-09-05,1.6311069265103326
2008-09-08,-0.8309323040218132
2008-09-09,0.09000000000001573
2008-09-10,-1.8100000000000014
2008-09-11,-0.5000093353193706
2008-09-12,-1.3608127757435782
2008-09-15,0.4729988797489653
2008-09-16,1.6207342525889463
2008-09-17,-2.0357681334598774
2008-09-18,0.5212499999999811
2008-09-19,-1.562499999999963
2008-09-22,-1.0322727894437762
2008-09-23,-2.402000000000017
2008-09-24,-0.8280000000000082
2008-09-25,0.8725000000000185
2008-09-26,0.21299999999997699
2008-09-29,0.8625000000000127
2008-09-30,1.0545207726237138
2008-10-01,0.2805057606947882
2008-10-02,0.35099999999999276
2008-10-03,-0.20600000000000218
2008-10-06,-1.8889999999999592
2008-10-07,-3.0752191827193127
2008-10-08,-2.782499999999993
2008-10-09,-4.053474601179985
2008-10-10,0.18049999999999936
2008-10-13,-0.195
2008-10-14,0.33000000000001095
2008-10-15,-0.12251062967218682
2008-10-16,-0.3025627243253582
2008-10-17,-0.5699999999999906
2008-10-20,-1.3704999999999896
2008-10-21,1.7317499999999781
2008-10-22,1.0319999999999954
2008-10-23,0.035500000000015235
2008-10-24,0.8779820061791226
2008-10-27,-1.2700000000000162
2008-10-28,-0.876249999999992
2008-10-29,-2.46275
2008-10-30,1.2102500000000005
2008-10-31,0.43999999999999273
2008-11-03,0.023500000000009597
2008-11-04,0.33125000000000693
2008-11-05,1.7212499999999775
2008-11-06,0.5040000000000062
2008-11-07,0.22769337533705394
2008-11-10,-0.2749999999999958
2008-11-11,0.88
2008-11-12,1.4059999999999955
2008-11-13,-0.8383464967856846
2008-11-14,0.4070331665383637
2008-11-17,-0.3749999999999949
2008-11-18,1.726499999999993
2008-11-19,1.3350000000000402
2008-11-20,2.5309999999999526
2008-11-21,1.8975000000000493
2008-11-24,-2.551000000000043
2008-11-25,2.506000000000041
2008-11-26,1.0490000000000046
2008-11-27,0.0
2008-11-28,0.9359999999999958
2008-12-01,3.309000000000014
2008-12-02,0.42499999999994714
2008-12-03,0.5636832146659884
2008-12-04,2.239173249023643
2008-12-05,1.6350000000000084
2008-12-08,-3.277499999999995
2008-12-09,1.0237499999999915
2008-12-10,-2.3272486434707527
2008-12-11,0.7362499999999976
2008-12-12,-2.050000000000007
2008-12-15,0.23000000000009777
2008-12-16,1.3074999999998977
2008-12-17,2.2438155911183526
2008-12-18,0.9537500000000706
2008-12-19,-0.669842862438529
2008-12-22,-0.724999999999946
2008-12-23,-0.837499999999946
2008-12-24,-1.0562500000000141
2008-12-25,0.0
2008-12-26,-0.6937499999999971
2008-12-29,2.606249999999892
2008-12-30,-0.8437499999998835
2008-12-31,-3.106250000000054
2009-01-01,0.0
2009-01-02,-3.518749999999955
2009-01-05,-0.17500000000009946
2009-01-06,-0.9311095992698789
2009-01-07,1.7049999999999899
2009-01-08,2.5287499999999627
2009-01-09,0.0912500000000648
2009-01-12,4.357499999999873
2009-01-13,1.701241083531284
2009-01-14,1.1638824155560508
2009-01-15,0.06125000000013131
2009-01-16,-3.306249999999992
2009-01-19,0.0
2009-01-20,0.011249999999992042
2009-01-21,-3.538750000000048
2009-01-22,-1.1812499999999244
2009-01-23,-0.9012500000000161
2009-01-26,-0.88999999999998
2009-01-27,3.219999999999992
2009-01-28,-2.450000000000032
2009-01-29,-2.398750000000119
2009-01-30,-0.013619351518754551
2009-02-02,2.6837265350420307
2009-02-03,-1.2468826678787466
2009-02-04,-0.5949999999999178
2009-02-05,-1.1352499999999524
2009-02-06,-1.9562500000000105
2009-02-09,-0.7448639789756845
2009-02-10,3.2015000000000997
2009-02-11,2.217292589752005
2009-02-12,1.2202500000000338
2009-02-13,-2.6337006191553836
2009-02-16,-0.006118969989570013
2009-02-17,4.9472499999999915
2009-02-18,-0.9047500000000277
2009-02-19,-2.400842990639021
2009-02-20,1.9134999999999935
2009-02-23,-0.353750000000023
2009-02-24,-1.0279433788572432
2009-02-25,-2.9640000000000177
2009-02-26,-0.3584999999999998
2009-02-27,1.8837500000000753
2009-03-02,4.139750000000019
2009-03-03,-0.5925000000000751
2009-03-04,-3.4999999999999374
2009-03-05,3.940742030426687
2009-03-06,-0.789391684342193
2009-03-09,-0.8679999999999108
2009-03-10,-2.910000000000089
2009-03-11,2.1750000000000727
2009-03-12,-3.0070000000000054
2009-03-13,-0.9546387829059806
2009-03-16,-1.24950000000008
2009-03-17,-0.930883508638933
2009-03-18,4.926500000000011
2009-03-19,-1.5314999999999979
2009-03-20,-0.053500000000038496
2009-03-23,0.00755360657320368
2009-03-24,0.2650000000000023
2009-03-25,-0.027499999999954526
2009-03-26,-0.06750000000002729
2009-03-27,0.2275
2009-03-30,0.7900000000000114
2009-03-31,-2.1399999999999975
2009-04-01,1.3263153884820782
2009-04-02,-2.0099999999999434
2009-04-03,-2.2700000000001053
2009-04-06,-0.5309964377634294
2009-04-07,1.7389999999999264
2009-04-08,0.8750000000001084
2009-04-09,0.3834999999999851
2009-04-10,-0.006022499444614088
2009-04-13,1.4879999999999707
2009-04-14,-0.035500000000006006
2009-04-15,2.0255000000000596
2009-04-16,-0.9585179546375379
2009-04-17,-0.3300000000001015
2009-04-20,1.143000000000011
2009-04-21,-0.7450000000000115
2009-04-22,-0.5654999999999337
2009-04-23,-0.9499999999999722
2009-04-24,-0.4980393049264234
2009-04-27,-0.9249999999998878
2009-04-28,-0.7602620622192596
2009-04-29,-3.3174999999999777
2009-04-30,-1.0970000000000988
2009-05-01,-1.9780000000000102
2009-05-04,2.849987165536759
2009-05-05,0.4274999999998884
2009-05-06,0.7650000000000067
2009-05-07,-2.3395000000000157
2009-05-08,-0.6217528897528586
2009-05-11,1.0550000000000512
2009-05-12,-1.2019999999999553
2009-05-13,0.49699999999995936
2009-05-14,-0.14199999999996984
2009-05-15,1.0552440437342627
2009-05-18,-0.6399999999999939
2009-05-19,-0.4255000000000964
2009-05-20,0.3425000000000479
2009-05-21,-1.9320000000000153
2009-05-22,-2.1200000000000467
2009-05-25,0.0
2009-05-26,-0.46500000000001457
2009-05-27,-2.0249999999999413
2009-05-28,-0.7756652638503966
2009-05-29,1.0049999999999495
2009-06-01,-4.0792086582915195
2009-06-02,0.08750000000000031
2009-06-03,1.8984999999999623
2009-06-04,-2.5004112293163754
2009-06-05,-1.793419570930283
2009-06-08,-0.37633983618318023
2009-06-09,-0.7800000000000106
2009-06-10,0.3489999999999315
2009-06-11,1.083500000000071
2009-06-12,1.3240000000000116
2009-06-15,1.5424999999999864
2009-06-16,0.24625000000000435
2009-06-17,0.1172500000000166
2009-06-18,-0.4472500000000391
2009-06-19,0.6697500000000371
2009-06-22,1.5002499999999757
2009-06-23,-0.06149999999999382
2009-06-24,0.31524999999999365
2009-06-25,1.543720792636498
2009-06-26,-0.18474999999998343
2009-06-29,0.9147499999999802
2009-06-30,2.9554489216099413
2009-07-01,-0.023999999999995362
2009-07-02,1.3112593205147733
2009-07-03,0.0
2009-07-06,1.448999999999998
2009-07-07,0.7359999999999973
2009-07-08,-0.07850000000000128
2009-07-09,-0.9383373195301438
2009-07-10,0.246499999999998
2009-07-13,-0.8239356109884527
2009-07-14,-1.738499999999976
2009-07-15,1.3884999999999956
2009-07-16,1.9440000000000186
2009-07-17,-0.35900000000002164
2009-07-20,0.4265000000000241
2009-07-21,2.328054974163804
2009-07-22,0.6175000000000033
2009-07-23,-4.4934999999999885
2009-07-24,2.2109999999999874
2009-07-27,-1.6575000000000057
2009-07-28,0.924999999999981
2009-07-29,0.07649999999999607
2009-07-30,-2.14899999999998
2009-07-31,-0.034999999999978174
2009-08-03,-4.2410000000000165
2009-08-04,0.39456894685962496
2009-08-05,1.3760000000000032
2009-08-06,2.836499999999977
2009-08-07,1.823603742359368
2009-08-10,0.3025000000000184
2009-08-11,-0.10749999999999454
2009-08-12,-0.3625000000000233
2009-08-13,1.9306762699179307
2009-08-14,0.8906637612302046
2009-08-17,0.741500000000016
2009-08-18,-0.19913303161966964
2009-08-19,-0.08869267440028436
2009-08-20,0.8425000000000815
2009-08-21,-0.9705000000000349
2009-08-24,-1.5691907786389996
2009-08-25,0.9100000000000117
2009-08-26,-1.3900000000000006
2009-08-27,-1.1625000000000414
2009-08-28,0.01718024261589461
2009-08-31,-0.5149999999999589
2009-09-01,-0.17199999999999618
2009-09-02,0.6883502505448744
2009-09-03,0.5574999999999815
2009-09-04,2.2317493860196476
2009-09-07,-0.004196659734552441
2009-09-08,0.06250000000007272
2009-09-09,-1.2874999999999996
2009-09-10,0.5299999999999404
2009-09-11,-0.7824999999999432
2009-09-14,-0.2050000000000127
2009-09-15,-5.8074999999999894
2009-09-16,2.3943086762123733
2009-09-17,1.593750000000018
2009-09-18,0.424999999999988
2009-09-21,-0.5175000000000499
2009-09-22,-0.5524999999998761
2009-09-23,0.09249999999992882
2009-09-24,-1.4712499999999138
2009-09-25,0.5467807850818482
2009-09-28,-0.021250000000029922
2009-09-29,-0.0637499999999086
2009-09-30,-0.21249999999999653
2009-10-01,0.9849999999999024
2009-10-02,1.2487499999999963
2009-10-05,-1.0081927946381568
2009-10-06,-1.9449999999999141
2009-10-07,1.6025000000001168
2009-10-08,-0.7511148655171801
2009-10-09,-2.1550000000000997
2009-10-12,-2.66
2009-10-13,2.1480732862589234
2009-10-14,-1.320000000000111
2009-10-15,0.21391458118296786
2009-10-16,0.6243668529353799
2009-10-19,-0.2987500000000938
2009-10-20,0.7175000000002107
2009-10-21,-1.2550000000002077
2009-10-22,-0.41019460624058834
2009-10-23,-1.6140000000000068
2009-10-26,-0.6887499999999251
2009-10-27,2.0075000000001317
2009-10-28,0.3927499999998792
2009-10-29,-0.32649999999999546
2009-10-30,1.5877500000000238
2009-11-02,-2.4611300092207604
2009-11-03,-1.199750000000102
2009-11-04,0.1472500000000149
2009-11-05,0.6339999999999878
2009-11-06,0.47749999999999126
2009-11-09,-0.033749999999882214
2009-11-10,-0.1599575390731287
2009-11-11,1.0987500000000072
2009-11-12,0.3777500000001048
2009-11-13,0.7089016391352121
2009-11-16,1.9912500000001474
2009-11-17,-0.1890000000001409
2009-11-18,-0.23099999999998222
2009-11-19,0.39792516845838866
2009-11-20,-0.5303961323426911
2009-11-23,1.0349999999999673
2009-11-24,2.550000000000026
2009-11-25,0.3649999999999737
2009-11-26,-0.00898678010847673
2009-11-27,0.7000000000000344
2009-11-30,-0.16199999999999237
2009-12-01,0.16499999999998327
2009-12-02,0.32472791152714414
2009-12-03,0.37700000000001016
2009-12-04,-3.1019999999997934
2009-12-07,1.4697007770924224
2009-12-08,-0.9288059350088804
2009-12-09,0.21620970830127392
2009-12-10,-1.8230000000000162
2009-12-11,-1.5720000000001377
2009-12-14,-0.40800000000006337
2009-12-15,-0.15499999999994907
2009-12-16,1.546140993013978e-13
2009-12-17,1.4829999999998513
2009-12-18,-1.198300972714647
2009-12-21,-3.2049999999999805
2009-12-22,-0.8197193895551708
2009-12-23,-0.8465705200432349
2009-12-24,-0.6195000000001271
2009-12-25,0.0
2009-12-28,-2.4917499999998762
2009-12-29,0.7467499999998738
2009-12-30,0.30200000000003974
2009-12-31,-0.6637500000000103
2010-01-01,0.0
2010-01-04,1.7117500000000054
2010-01-05,1.338249999999998
2010-01-06,0.8367499999999919
2010-01-07,-0.31500000000001627
2010-01-08,0.4950000000000091
2010-01-11,-0.5712203743323331
2010-01-12,3.4625000000001207
2010-01-13,-0.20425000000023397
2010-01-14,1.2542500000001378
2010-01-15,1.6263321368338668
2010-01-18,0.0
2010-01-19,0.1402499999998692
2010-01-20,-0.3652499999998439
2010-01-21,-1.0575000000000423
2010-01-22,0.6014999999998888
2010-01-25,0.39375000000013716
2010-01-26,0.667499999999968
2010-01-27,-1.7935015035812392
2010-01-28,-0.743750000000003
2010-01-29,0.9202743631589575
2010-02-01,1.0779364874337918
2010-02-02,-0.11914637691880926
2010-02-03,-0.6600148014819266
2010-02-04,0.7870000000000041
2010-02-05,1.0100000000000606
2010-02-08,-1.32000000000005
2010-02-09,0.0779999999998341
2010-02-10,-1.498143049565004
2010-02-11,0.4560959429619086
2010-02-12,1.4000000000002049
2010-02-15,-0.0441941638439635
2010-02-16,0.664999999999935
2010-02-17,-1.1329999999999534
2010-02-18,-0.5299999999999853
2010-02-19,-0.6270000000000485
2010-02-22,-0.8579999999999495
2010-02-23,0.5349999999999955
2010-02-24,1.3199999999998133
2010-02-25,2.122999999999988
2010-02-26,0.5669519285789149
2010-03-01,1.0699999999998007
2010-03-02,0.13300000000000814
2010-03-03,-0.062225227149953544
2010-03-04,1.1400000000000154
2010-03-05,-0.043110354167678465
2010-03-08,-0.8190404545307433
2010-03-09,1.494999999999577
2010-03-10,0.31695870421036837
2010-03-11,-0.24000000000019264
2010-03-12,0.7578755067462899
2010-03-15,0.11500000000001603
2010-03-16,1.5039767457627469
2010-03-17,0.5537028106966758
2010-03-18,-1.7339632670208893
2010-03-19,-1.6050000000002431
2010-03-22,1.8732335310732413
2010-03-23,2.5579999999996783
2010-03-24,-4.997999999999705
2010-03-25,0.007474707586462215
2010-03-26,1.3630000000002407
2010-03-29,0.754147917585286
2010-03-30,1.409000000000012
2010-03-31,2.4860000000000055
2010-04-01,-0.9039314922188684
2010-04-02,-0.26283345092373134
2010-04-05,-2.9099999999999904
2010-04-06,2.491166924288535
2010-04-07,-0.01763364209028921
2010-04-08,2.3825849245260384
2010-04-09,0.6925000000000257
2010-04-12,2.162500000000233
2010-04-13,-0.0790874038778979
2010-04-14,-1.6662500000001856
2010-04-15,-0.518749999999801
2010-04-16,-0.5978330925315499
2010-04-19,2.8374999999999724
2010-04-20,-0.6283032882005384
2010-04-21,1.8262499999999746
2010-04-22,-2.0512499999999694
2010-04-23,1.669999999999984
2010-04-26,1.5800000000000065
2010-04-27,-1.2062499999999714
2010-04-28,-3.1553616434151186
2010-04-29,3.4499999999997533
2010-04-30,-1.895410899972184
2010-05-03,0.5149935671199781
2010-05-04,-3.427500000000192
2010-05-05,-1.8646424029982571
2010-05-06,-0.669000000000013
2010-05-07,2.197913124244504
2010-05-10,0.9050000000000026
2010-05-11,-1.1106096828410992
2010-05-12,0.5024999999999993
2010-05-13,0.6949999999998349
2010-05-14,2.1524999999999626
2010-05-17,0.25451457524337096
2010-05-18,0.16000000000024267
2010-05-19,-0.2887500000002456
2010-05-20,1.040112206906212
2010-05-21,0.6399999999997846
2010-05-24,-0.6799999999998114
2010-05-25,0.780000000000009
2010-05-26,-2.3000000000000824
2010-05-27,-1.6584912248001722
2010-05-28,2.608999999999801
2010-05-31,0.0
2010-06-01,0.6309999999999605
2010-06-02,0.37500000000023975
2010-06-03,-0.6410000000000146
2010-06-04,4.490999999999771
2010-06-07,1.4300000000001856
2010-06-08,0.03899999999982347
2010-06-09,-0.0649999999998257
2010-06-10,-2.8700000000000014
2010-06-11,1.2609999999998613
2010-06-14,-0.9750000000000462
2010-06-15,-0.20399999999979893
2010-06-16,0.21400000000001085
2010-06-17,2.0959999999998304
2010-06-18,-0.6204190367334114
2010-06-21,1.010526681635432
2010-06-22,1.7549999999999863
2010-06-23,1.5850000000000044
2010-06-24,-0.2036269149542872
2010-06-25,1.420000000000004
2010-06-28,3.209999999999995
2010-06-29,1.6015142831319755
2010-06-30,-4.960999999999953
2010-07-01,-2.2351766693386783
2010-07-02,-1.5569815400331424
2010-07-05,0.0
2010-07-06,2.8150000000000626
2010-07-07,-0.5104858802008784
2010-07-08,-0.9835252621863895
2010-07-09,-0.8549999999999811
2010-07-12,-2.1141204342711716e-13
2010-07-13,0.12400000000018735
2010-07-14,0.9060000000000368
2010-07-15,1.035000000000009
2010-07-16,0.8689999999999938
2010-07-19,1.0409999999999917
2010-07-20,1.8090000000000168
2010-07-21,0.05999999999996953
2010-07-22,0.6259999999997908
2010-07-23,-0.9459999999998319
2010-07-26,0.8700000000000034
2010-07-27,-0.9250000000001801
2010-07-28,0.6800000000002547
2010-07-29,0.9000000000001875
2010-07-30,1.330999999999787
2010-08-02,0.12062768446036974
2010-08-03,2.046999999999941
2010-08-04,-2.159999999999981
2010-08-05,0.11474139159944982
2010-08-06,0.29461694995445636
2010-08-09,1.148
2010-08-10,2.1620000000001802
2010-08-11,0.32799999999982066
2010-08-12,-1.8399999999998142
2010-08-13,-0.09299999999996407
2010-08-16,2.8639347491386924
2010-08-17,-1.179999999999968
2010-08-18,-0.9849999999999584
2010-08-19,0.8950000000000305
2010-08-20,-2.6182640127180847
2010-08-23,-0.3849999999999879
2010-08-24,2.6979999999998006
2010-08-25,-1.7199999999995526
2010-08-26,-0.7750000000002523
2010-08-27,-3.16999999999996
2010-08-30,1.4500000000001987
2010-08-31,0.6531903521107358
2010-09-01,-1.2569999999996497
2010-09-02,-0.3782876380747752
2010-09-03,-1.600000000000013
2010-09-06,-0.005425197005140126
2010-09-07,1.7350000000001835
2010-09-08,-0.4100000000000015
2010-09-09,-3.0540000000000216
2010-09-10,-0.37500000000015293
2010-09-13,1.883550033101486
2010-09-14,1.8240000000002314
2010-09-15,-0.6589999999998277
2010-09-16,-0.9110000000003884
2010-09-17,0.5000000000002341
2010-09-20,0.884999999999729
2010-09-21,3.404749934095933
2010-09-22,1.1567674046081322
2010-09-23,-0.032999999999773516
2010-09-24,-0.05700000000024665
2010-09-27,2.533758468409879
2010-09-28,1.0150000000000068
2010-09-29,-0.2332296105099908
2010-09-30,-1.2490000000000112
2010-10-01,0.49400000000027305
2010-10-04,0.8977942554825792
2010-10-05,1.431318753237477
2010-10-06,1.5150000000002715
2010-10-07,-0.20500000000028393
2010-10-08,2.7000000000000357
2010-10-11,0.23999999999999838
2010-10-12,-0.44000000000001155
2010-10-13,1.201827829290606
2010-10-14,-3.1850000000000795
2010-10-15,-0.4909999999999607
2010-10-18,2.875999999999999
2010-10-19,-1.0949999999999704
2010-10-20,1.9389999999997312
2010-10-21,-0.9690000000000106
2010-10-22,-0.34999999999981196
2010-10-25,-0.010999999999970077
2010-10-26,-3.427909833386585
2010-10-27,-2.8218048006386867
2010-10-28,3.7662500000001917
2010-10-29,2.1327500000000423
2010-11-01,0.6985000000000617
2010-11-02,0.9124999999999942
2010-11-03,1.0619582648955583
2010-11-04,4.784575189406863
2010-11-05,-0.45318783465467133
2010-11-08,-1.3431762816639823
2010-11-09,-3.5229999999998243
2010-11-10,1.3541877572794716
2010-11-11,-2.042974113052338
2010-11-12,-5.511000000000217
2010-11-15,-1.930625860449697
2010-11-16,-4.143943161264231
2010-11-17,1.805269358251145
2010-11-18,0.6930000000000315
2010-11-19,-0.6680000000002144
2010-11-22,1.4280000000001782
2010-11-23,-1.023000000000024
2010-11-24,-1.2232622922983896
2010-11-25,-0.007419844382663614
2010-11-26,-1.1799999999999897
2010-11-29,0.8137499999999738
2010-11-30,0.8199999999999682
2010-12-01,-1.7074999999999947
2010-12-02,-0.5578765666966615
2010-12-03,0.5249999999998239
2010-12-06,1.7937500000001958
2010-12-07,-5.905000000000037
2010-12-08,-0.7012082016490334
2010-12-09,-1.1993169479733397
2010-12-10,-0.9275000000000304
2010-12-13,2.010000000000039
2010-12-14,-2.150000000000123
2010-12-15,-2.7699999999999108
2010-12-16,1.2900000000000265
2010-12-17,2.434999999999989
2010-12-20,0.24045934164475
2010-12-21,0.7800000000000005
2010-12-22,0.7025000000000139
2010-12-23,-1.3099999999999856
2010-12-24,-0.007678571600418905
2010-12-27,0.3599999999998806
2010-12-28,-1.2450000000000039
2010-12-29,1.8000000000001053
2010-12-30,-0.9396715192557257
2010-12-31,2.066250000000133
2011-01-03,0.16874999999999282
2011-01-04,-0.5187499999999885
2011-01-05,0.41874999999998364
2011-01-06,-0.30697025288099544
2011-01-07,0.13975000000009805
2011-01-10,0.8412500000000288
2011-01-11,0.8596508578464843
2011-01-12,2.4782500000000067
2011-01-13,0.8537499999998901
2011-01-14,1.6000000000000894
2011-01-17,-0.007732076490930312
2011-01-18,0.3867499999998917
2011-01-19,-2.0479999999998704
2011-01-20,0.49674999999999564
2011-01-21,1.8732499999998977
2011-01-24,0.19925000000000148
2011-01-25,-1.2133032155196577
2011-01-26,2.148250000000121
2011-01-27,-0.5682500000000077
2011-01-28,-3.1392500000001164
2011-01-31,2.548724318533665
2011-02-01,2.4400000000001043
2011-02-02,-0.8080175242426488
2011-02-03,-1.6541262637325895
2011-02-04,1.371249999999991
2011-02-07,-0.25849999999997325
2011-02-08,-1.0000000000000233
2011-02-09,1.383499999999984
2011-02-10,-0.48724999999996765
2011-02-11,1.913185126509731
2011-02-14,-1.7973674544060843
2011-02-15,-4.465964121611807
2011-02-16,1.1932499999999842
2011-02-17,6.078749999999879
2011-02-18,-0.9892815504101029
2011-02-21,0.0
2011-02-22,-5.074499999999966
2011-02-23,0.08449999999995698
2011-02-24,-0.46124999999996763
2011-02-25,3.642499999999978
2011-02-28,1.2573478729208725
2011-03-01,-0.4004999999998821
2011-03-02,0.14499999999987268
2011-03-03,1.712500000000006
2011-03-04,0.19250000000009312
2011-03-07,-0.6728560791789381
2011-03-08,0.5344999999999933
2011-03-09,2.3005000000001137
2011-03-10,-3.722500000000101
2011-03-11,-0.5499999999999291
2011-03-14,0.6726490830895742
2011-03-15,-6.72699999999988
2011-03-16,-0.6569913441087004
2011-03-17,4.277683622462324
2011-03-18,2.8822496992933266
2011-03-21,1.648101443478547
2011-03-22,0.24900000000001343
2011-03-23,-0.5375000000000398
2011-03-24,0.5850000000000094
2011-03-25,-2.215000000000029
2011-03-28,-1.6124999999999696
2011-03-29,-0.2099999999999801
2011-03-30,0.6924999999999845
2011-03-31,3.9637503894452895
2011-04-01,2.27499999999999
2011-04-04,1.1850000000001535
2011-04-05,-0.2645000000001606
2011-04-06,-0.2847555221939088
2011-04-07,0.1460855569676231
2011-04-08,1.892742688334165
2011-04-11,0.06025486256073635
2011-04-12,-2.7025000000000388
2011-04-13,2.8075000000000188
2011-04-14,2.2750000000001376
2011-04-15,2.4835262766257737
2011-04-18,1.6999999999998705
2011-04-19,2.635575997421394
2011-04-20,-2.682499999999851
2011-04-21,1.7287499999998623
2011-04-22,-0.002203977600427369
2011-04-25,3.328500000000096
2011-04-26,0.8175000000000207
2011-04-27,-1.2231951533428607
2011-04-28,-3.491823371346081
2011-04-29,7.245282884966549
2011-05-02,-1.152047633869013
2011-05-03,-1.462783830801869
2011-05-04,-0.14927935880241516
2011-05-05,-2.8299999999998278
2011-05-06,0.8006101816331745
2011-05-09,3.086599681869914
2011-05-10,0.03600000000003584
2011-05-11,-4.681000000000038
2011-05-12,0.2693668974497471
2011-05-13,-1.3337500000002347
2011-05-16,1.977820821796018
2011-05-17,3.2338191509405885
2011-05-18,0.4492859559258573
2011-05-19,1.0862500000000632
2011-05-20,1.650249999999725
2011-05-23,-1.1489999999999818
2011-05-24,0.31805005306316575
2011-05-25,1.5270000000000115
2011-05-26,3.3985597498707842
2011-05-27,2.3224999999997014
2011-05-30,0.0
2011-05-31,0.22750000000025603
2011-06-01,2.324499999999996
2011-06-02,1.3579999999997958
2011-06-03,-0.11550000000003602
2011-06-06,-4.269499999999759
2011-06-07,1.9224999999997783
2011-06-08,3.1645000000003027
2011-06-09,1.9402544629038414
2011-06-10,-1.0229999999999853
2011-06-13,-1.514500000000023
2011-06-14,-5.300000000000005
2011-06-15,-0.8433938240638222
2011-06-16,-1.238750677680788
2011-06-17,1.8549999999997877
2011-06-20,0.34999999999994247
2011-06-21,3.470000000000036
2011-06-22,-3.9050000000002485
2011-06-23,0.4102245986618408
2011-06-24,-0.4823039201645815
2011-06-27,-1.5390000000000166
2011-06-28,0.3799999999999785
2011-06-29,-1.2592521105542385
2011-06-30,-4.800999999999949
2011-07-01,-3.0202427099911793
2011-07-04,0.0
2011-07-05,3.8159999999999963
2011-07-06,0.8189999999997907
2011-07-07,-0.04499999999980755
2011-07-08,5.395999999999996
2011-07-11,-0.004353123983056511
2011-07-12,2.748999999999794
2011-07-13,4.025000000000182
2011-07-14,-1.6990000000000098
2011-07-15,1.640000000000056
2011-07-18,-0.3850000000000307
2011-07-19,2.0600000000000036
2011-07-20,-1.7810000000001927
2011-07-21,-1.155000000000022
2011-07-22,2.081000000000251
2011-07-25,-1.292331883378776
2011-07-26,3.1558454974765215
2011-07-27,-1.4501701027235845
2011-07-28,-0.6150000000002211
2011-07-29,1.8500000000000312
2011-08-01,3.6149999999999856
2011-08-02,5.160000000000001
2011-08-03,-0.5899999999999993
2011-08-04,-0.9049999999997607
2011-08-05,-3.695000000000214
2011-08-08,-2.2442780170365935
2011-08-09,2.7132583247844186
2011-08-10,2.5462499999997816
2011-08-11,2.658062695033591
2011-08-12,0.8984999999999634
2011-08-15,0.7740000000000029
2011-08-16,1.4923085529258429
2011-08-17,1.3100594175112474
2011-08-18,-1.6537499999998158
2011-08-19,1.4087500000000277
2011-08-22,0.006249999999943247
2011-08-23,0.5912499999999928
2011-08-24,-2.7999999999999985
2011-08-25,0.40210896741857094
2011-08-26,4.7237717406136195
2011-08-29,-0.5710000000000185
2011-08-30,1.8112499999998117
2011-08-31,-0.5437499999998275
2011-09-01,-2.1340000000001744
2011-09-02,3.663750000000189
2011-09-05,-0.010735674896854888
2011-09-06,-1.6050000000000175
2011-09-07,-1.0775000000001327
2011-09-08,-1.0238499694883927
2011-09-09,0.6983530849940772
2011-09-12,-0.9649999999997743
2011-09-13,-3.4320000000000657
2011-09-14,-0.22299999999994702
2011-09-15,-4.260709765211882
2011-09-16,-1.1639045016464715
2011-09-19,2.3779999999999486
2011-09-20,-0.3929999999999987
2011-09-21,-0.4127982601480891
2011-09-22,-1.1547808533603012
2011-09-23,-3.340127061153479
2011-09-26,-1.441000000000044
2011-09-27,-1.3988482021457058
2011-09-28,-1.6790000000000447
2011-09-29,0.4639999999998126
2011-09-30,-3.1649999999997616
2011-10-03,2.266290777560106
2011-10-04,-0.6849999999999659
2011-10-05,-1.3849999999998523
2011-10-06,-1.4500000000003979
2011-10-07,-2.1799999999997954
2011-10-10,-2.83750000000004
2011-10-11,3.4332799566507473
2011-10-12,-0.7917004283599277
2011-10-13,1.6187499999998525
2011-10-14,-0.8049999999998294
2011-10-17,1.4325000000002162
2011-10-18,0.6212499999998238
2011-10-19,-0.14125000000004545
2011-10-20,-0.09874999999996022
2011-10-21,0.06375
2011-10-24,-0.43873349121206373
2011-10-25,2.6483297825401397
2011-10-26,-1.9766027927212118
2011-10-27,-2.745000000000056
2011-10-28,2.620706802040975
2011-10-31,2.2436490812919168
2011-11-01,2.5950000000001876
2011-11-02,0.4350000000000171
2011-11-03,-0.17374999999996021
2011-11-04,0.6337500000001536
2011-11-07,0.5612499999997727
2011-11-08,-1.1149999999999771
2011-11-09,-0.05761561224096356
2011-11-10,-2.482499999999841
2011-11-11,-2.014375000000404
2011-11-14,1.1856250000001594
2011-11-15,0.704119650294579
2011-11-16,0.4262499999997783
2011-11-17,-1.0362499999999433
2011-11-18,-0.8875000000000056
2011-11-21,-0.38623593564090686
2011-11-22,0.4024999999999562
2011-11-23,0.17500863705403158
2011-11-24,0.0
2011-11-25,-1.5199999999997562
2011-11-28,0.6199999999997373
2011-11-29,-0.23680605526520235
2011-11-30,-0.5086613279958487
2011-12-01,-0.9099999999996863
2011-12-02,1.0299999999999523
2011-12-05,0.15500000000023875
2011-12-06,-0.12000000000027967
2011-12-07,2.1650000000000547
2011-12-08,1.9700000000000273
2011-12-09,-2.065000000000082
2011-12-12,0.5899999999997817
2011-12-13,0.7950000000002252
2011-12-14,-0.1499999999999932
2011-12-15,-0.2850000000002388
2011-12-16,1.726379193391166
2011-12-19,0.7149999999999926
2011-12-20,-1.6350000000000295
2011-12-21,-0.2800000000000148
2011-12-22,-0.26999999999994084
2011-12-23,-1.904999999999734
2011-12-26,0.0
2011-12-27,0.9049999999999483
2011-12-28,2.679999999999734
2011-12-29,0.6443235274035379
2011-12-30,1.306086998901512
2012-01-02,0.0
2012-01-03,-1.3110000000000153
2012-01-04,-0.17499999999968877
2012-01-05,0.060528957058595644
2012-01-06,0.5889999999999632
2012-01-09,1.1300000000002512
2012-01-10,-0.3440000000002583
2012-01-11,1.2399999999999711
2012-01-12,-2.4749999999999344
2012-01-13,1.1900000000002147
2012-01-16,0.0
2012-01-17,0.16499999999975595
2012-01-18,-1.8849999999997045
2012-01-19,-0.9935240052857071
2012-01-20,-1.9249999999999599
2012-01-23,-0.563959722967887
2012-01-24,1.240000000000015
2012-01-25,3.7649999999996986
2012-01-26,2.673811891888077
2012-01-27,1.1700000000000614
2012-01-30,-0.18894738204774472
2012-01-31,1.1849999999996785
2012-02-01,0.9000000000000066
2012-02-02,1.0790349947803999
2012-02-03,-2.0039999999999445
2012-02-06,0.8450237962704799
2012-02-07,-2.465000000000324
2012-02-08,-0.41889637887166026
2012-02-09,-1.4960000000000162
2012-02-10,-0.22297540921085346
2012-02-13,0.9650000000000372
2012-02-14,0.007999999999968713
2012-02-15,-0.5660595486025426
2012-02-16,-0.4899999999997501
2012-02-17,-0.20999999999996077
2012-02-20,0.0
2012-02-21,-1.5200000000003049
2012-02-22,0.6400000000003063
2012-02-23,-0.3480000000002785
2012-02-24,-0.937000000000019
2012-02-27,1.7700000000002598
2012-02-28,1.2150000000000138
2012-02-29,-0.1500000000000161
2012-03-01,-0.6049999999999585
2012-03-02,1.8428117510451687
2012-03-05,-0.994999999999721
2012-03-06,-1.0600000000002652
2012-03-07,-0.4104496721093368
2012-03-08,0.6950000000002917
2012-03-09,0.3160308706706537
2012-03-12,-0.30999999999999367
2012-03-13,-0.7540000000002827
2012-03-14,-5.195999999999645
2012-03-15,1.771188986948216
2012-03-16,-0.4212499999997785
2012-03-19,-2.451500000000004
2012-03-20,-2.457499999999961
2012-03-21,1.0338026315256093
2012-03-22,-0.160110532299161
2012-03-23,1.4400000000001731
2012-03-26,0.6087499999999031
2012-03-27,1.052499999999991
2012-03-28,-2.9007500000000626
2012-03-29,-0.8662500000000753
2012-03-30,0.9237500000000209
2012-04-02,1.9641478142561053
2012-04-03,-2.965500000000104
2012-04-04,1.2853409988816733
2012-04-05,1.3605000000000211
2012-04-06,1.7957500000002025
2012-04-09,0.8927940927238238
2012-04-10,-1.910500000000031
2012-04-11,0.043492556023574346
2012-04-12,0.420000000000212
2012-04-13,-1.2649782868304056
2012-04-16,-1.222499999999954
2012-04-17,0.601249999999944
2012-04-18,-0.08431503902344811
2012-04-19,1.423749999999953
2012-04-20,0.00750000000010441
2012-04-23,1.3530163072751982
2012-04-24,-1.043750000000018
2012-04-25,-0.6364999999999494
2012-04-26,0.22524999999984266
2012-04-27,1.927251635685293
2012-04-30,0.6599999999997836
2012-05-01,-0.5870448528518929
2012-05-02,-0.5360000000002361
2012-05-03,-0.4599999999999969
2012-05-04,-0.03900000000003838
2012-05-07,0.31900000000000484
2012-05-08,-0.007981573375676388
2012-05-09,-1.6789999999999985
2012-05-10,-1.647258258418605
2012-05-11,0.4258266996534105
2012-05-14,0.742500000000013
2012-05-15,0.12330833112493714
2012-05-16,1.5406567158373612
2012-05-17,1.2435768782777707
2012-05-18,0.7937500000000681
2012-05-21,0.12000000000028213
2012-05-22,-2.9338308410435383
2012-05-23,1.367749999999949
2012-05-24,-1.8679226065170718
2012-05-25,1.3475000000000095
2012-05-28,-0.0038357984266411864
2012-05-29,-0.19500000000007275
2012-05-30,3.378750000000355
2012-05-31,1.3387500000000272
2012-06-01,1.5137499999996635
2012-06-04,-0.8766004586683345
2012-06-05,-1.272499999999609
2012-06-06,-1.4572500000000357
2012-06-07,1.8071851839886235
2012-06-08,0.9360000000000084
2012-06-11,0.2687500000002985
2012-06-12,-2.8310000000003837
2012-06-13,0.9300000000000339
2012-06-14,-0.04524999999993161
2012-06-15,0.5272500000002471
2012-06-18,2.1652499999997197
2012-06-19,1.5536095181918115
2012-06-20,-0.8914999999999494
2012-06-21,-0.5174999999999996
2012-06-22,-1.0697500000003761
2012-06-25,4.4660000000003155
2012-06-26,1.3399999999999996
2012-06-27,0.7187499999996505
2012-06-28,1.7806877964553893
2012-06-29,-1.4159857564136589
2012-07-02,3.3629263403351985
2012-07-03,0.14260172206698116
2012-07-04,0.0
2012-07-05,3.571000000000367
2012-07-06,0.07249999999988067
2012-07-09,3.9948500000000466
2012-07-10,-0.537719844730744
2012-07-11,-1.1529549466799816
2012-07-12,2.332999999999629
2012-07-13,0.27324999999998073
2012-07-16,3.991250000000026
2012-07-17,-1.0312499999997162
2012-07-18,2.0631975430693705
2012-07-19,-1.4605000000000115
2012-07-20,2.446527338984589
2012-07-23,-1.1045000000003649
2012-07-24,-0.36874999999968205
2012-07-25,1.4599268726309416
2012-07-26,-1.0790800000000353
2012-07-27,-1.0174999999998948
2012-07-30,3.9229999999999623
2012-07-31,-0.4675000000000669
2012-08-01,-2.603170000000334
2012-08-02,0.5882112472945153
2012-08-03,-0.8690882569082139
2012-08-06,1.0462500000003383
2012-08-07,-3.027001213983745
2012-08-08,1.7775000000000678
2012-08-09,1.062499999999933
2012-08-10,-0.7184911245910612
2012-08-13,-2.2688999999999697
2012-08-14,-2.068600000000335
2012-08-15,-0.5431069255066365
2012-08-16,-0.690622798215905
2012-08-17,0.6450000000000171
2012-08-20,2.397936793633617
2012-08-21,1.8051499999999814
2012-08-22,2.5200000000000546
2012-08-23,-1.3800000000000396
2012-08-24,-1.2250000000002874
2012-08-27,0.0950000000003015
2012-08-28,-0.03000000000034106
2012-08-29,0.9120826940237339
2012-08-30,0.2889999999996646
2012-08-31,2.4248500000000046
2012-09-03,0.0
2012-09-04,0.06099999999998927
2012-09-05,-1.289850000000017
2012-09-06,-0.9459999999999751
2012-09-07,2.010000000000033
2012-09-10,-2.7731039789327645
2012-09-11,-0.48999999999972155
2012-09-12,-2.6561499999999976
2012-09-13,3.730149999999658
2012-09-14,-0.47899999999968457
2012-09-17,-5.098999999999998
2012-09-18,-0.5603759557373991
2012-09-19,2.360000000000005
2012-09-20,-1.333343312884725
2012-09-21,0.9110769157719929
2012-09-24,0.04199999999994316
2012-09-25,0.5699999999997027
2012-09-26,-0.7469999999996929
2012-09-27,-0.7299999999999391
2012-09-28,3.5521167777565177
2012-10-01,1.1252867596082203
2012-10-02,-0.5076043754345241
2012-10-03,0.8781599999999933
2012-10-04,0.07984000000000468
2012-10-05,-2.719840000000359
2012-10-08,0.2619919999999708
2012-10-09,-1.0219919999995826
2012-10-10,-0.995884216482192
2012-10-11,3.2649999999999952
2012-10-12,-1.277295364161468
2012-10-15,-0.8210000000004014
2012-10-16,-1.2871263236632913
2012-10-17,-1.9887500000000693
2012-10-18,-0.04083300174418092
2012-10-19,1.0301700000003122
2012-10-22,-1.7360000000003466
2012-10-23,0.2100000000003426
2012-10-24,0.8810000000000952
2012-10-25,-2.399999999999981
2012-10-26,1.9177141040212302
2012-10-29,0.11171211330810821
2012-10-30,-0.6490000000000238
2012-10-31,1.4840000000001088
2012-11-01,0.4809278828407718
2012-11-02,-0.3900000000000708
2012-11-05,0.5098499999996855
2012-11-06,-0.16984999999998926
2012-11-07,2.3550000000003415
2012-11-08,-0.39962807624210267
2012-11-09,-1.3100000000000105
2012-11-12,-1.9100080000000452
2012-11-13,0.44400800000005447
2012-11-14,-0.9129485916910561
2012-11-15,-0.0872960948928754
2012-11-16,1.5800000000000751
2012-11-19,1.246247934347052
2012-11-20,-0.015278524916041113
2012-11-21,-0.7319999999996576
2012-11-22,0.0
2012-11-23,0.7219999999996368
2012-11-26,0.49300000000000943
2012-11-27,1.4898765740898587
2012-11-28,1.3100000000000922
2012-11-29,0.4720000000000011
2012-11-30,0.19590699625577143
2012-12-03,0.024289011883442815
2012-12-04,0.538884466184754
2012-12-05,1.595846324069841
2012-12-06,0.19042000000037665
2012-12-07,-0.972873862688825
2012-12-10,0.5451655762996275
2012-12-11,-1.2523206257013375
2012-12-12,-1.5733199999995424
2012-12-13,-2.5929467034684506
2012-12-14,1.2850000000000075
2012-12-17,-2.0605000000003693
2012-12-18,-1.0882499999999504
2012-12-19,-1.6224999999996397
2012-12-20,-1.2000000000000064
2012-12-21,-1.2937500000004085
2012-12-24,-1.8351579120816477
2012-12-25,-0.0026410863485961393
2012-12-26,-0.6062499999995645
2012-12-27,1.403749999999856
2012-12-28,0.349713126567197
2012-12-31,0.8249999999999897
2013-01-01,0.0
2013-01-02,-1.1151799999999903
2013-01-03,-2.5048199999999903
2013-01-04,-2.546856860476884
2013-01-07,0.31495605662747367
2013-01-08,1.1150000000000106
2013-01-09,2.029973424869456
2013-01-10,0.3250000000003061
2013-01-11,-0.6800000000000013
2013-01-14,2.2500000000000258
2013-01-15,1.115000000000008
2013-01-16,0.5323511474301774
2013-01-17,-1.608999999999643
2013-01-18,-0.38517278470650645
2013-01-21,0.03463875999999955
2013-01-22,0.8844726306381833
2013-01-23,-0.16434367999963667
2013-01-24,-0.5401102253786186
2013-01-25,-3.135031360000058
2013-01-28,-1.2554330809698173
2013-01-29,0.09007868189557708
2013-01-30,0.4792663999999938
2013-01-31,0.13851170000005683
2013-02-01,1.4632031999999504
2013-02-04,-0.19837499999998115
2013-02-05,-0.3676604280230343
2013-02-06,-1.419407200000347
2013-02-07,-2.1306649599999963
2013-02-08,0.04364048000031148
2013-02-11,-0.9578004000003169
2013-02-12,0.5074036800002998
2013-02-13,-0.6629725854661055
2013-02-14,1.5719849600000222
2013-02-15,-0.703820617914319
2013-02-18,-0.0030656610635600456
2013-02-19,-0.23990000000030945
2013-02-20,-0.32510840000000724
2013-02-21,-0.5712471999999792
2013-02-22,1.284970600000284
2013-02-25,0.4783360000000539
2013-02-26,-0.7704893000000472
2013-02-27,1.309168078211497
2013-02-28,0.8559776000908441
2013-03-01,0.1436820000000113
2013-03-04,-0.7427704000003156
2013-03-05,0.666440240000019
2013-03-06,-2.534458240000028
2013-03-07,-1.541564159999726
2013-03-08,0.7101043200000297
2013-03-11,2.0246916504937804
2013-03-12,2.3812231199999476
2013-03-13,-0.05377485100584824
2013-03-14,0.10815869999974029
2013-03-15,1.8888235807750686
2013-03-18,1.0846640000000234
2013-03-19,0.17633716833890462
2013-03-20,1.5834939999998952
2013-03-21,-0.5177790000001599
2013-03-22,0.15748639999995614
2013-03-25,1.1689221513372312
2013-03-26,0.12299719756232799
2013-03-27,1.666299900000333
2013-03-28,-4.6321242992432845
2013-03-29,-0.0074957775793644535
2013-04-01,0.18086445063544018
2013-04-02,0.9849547599997291
2013-04-03,0.4087935600000427
2013-04-04,2.038012800000274
2013-04-05,2.4645878399996626
2013-04-08,-0.731165159999684
2013-04-09,1.6391785599999575
2013-04-10,-0.3478729956190807
2013-04-11,2.1127383999999605
2013-04-12,0.7209030456167488
2013-04-15,-4.266307919999677
2013-04-16,2.405296655537803
2013-04-17,-1.0570950600917868
2013-04-18,-1.6543651264797767
2013-04-19,0.7034143644444901
2013-04-22,-0.4075000000004175
2013-04-23,-0.32090080000003257
2013-04-24,1.4805599276446892
2013-04-25,0.9644538600000216
2013-04-26,0.9426138012085993
2013-04-29,2.887199520000024
2013-04-30,-0.0974800000000551
2013-05-01,-0.2411106861055769
2013-05-02,1.0955947918998752
2013-05-03,-1.592382719999956
2013-05-06,-3.1148417225797793
2013-05-07,1.523803681323366
2013-05-08,-0.3753673600002729
2013-05-09,0.9793658275147228
2013-05-10,-5.526283200000054
2013-05-13,0.006319453880674433
2013-05-14,-1.825117545945531
2013-05-15,-0.6821097999999826
2013-05-16,1.3013782912313394
2013-05-17,-3.8394025568695986
2013-05-20,0.7594450373873117
2013-05-21,-0.32543971999998206
2013-05-22,-2.722624800000023
2013-05-23,-0.24883501462700827
2013-05-24,-1.6735101599999478
2013-05-27,0.1994853660278954
2013-05-28,-3.377754840000289
2013-05-29,-0.35686198070737973
2013-05-30,-1.1425997290976517
2013-05-31,-1.4780921817003332
2013-06-03,0.49748800521947767
2013-06-04,-0.4860761706170775
2013-06-05,-1.7171169999997469
2013-06-06,0.9982394399997729
2013-06-07,0.1550154478069065
2013-06-10,-2.7318827222193467
2013-06-11,0.9069199919855527
2013-06-12,-2.3215131999999725
2013-06-13,1.711419893658562
2013-06-14,1.5348674827862014
2013-06-17,-0.6801112000000112
2013-06-18,0.2922739200001347
2013-06-19,-3.1654855999999976
2013-06-20,-6.114212909208064
2013-06-21,-0.9884879394681589
2013-06-24,-1.6599001617929423
2013-06-25,0.00823264692317776
2013-06-26,1.0012736000000855
2013-06-27,1.1594352091831757
2013-06-28,-2.2306221378607667
2013-07-01,-0.5066643200000499
2013-07-02,-0.351564324642595
2013-07-03,-0.2296371999999358
2013-07-04,0.561526560000008
2013-07-05,-3.1915966400000717
2013-07-08,2.6660649600001207
2013-07-09,2.0635857999998746
2013-07-10,-0.37750000000000195
2013-07-11,2.254561040000063
2013-07-12,-1.7524047599999946
2013-07-15,0.5209261323422812
2013-07-16,0.8299681000000021
2013-07-17,0.10519968000000011
2013-07-18,0.23807840000000077
2013-07-19,0.17212613956597242
2013-07-22,-0.021164968414332696
2013-07-23,-0.9662002178838547
2013-07-24,-1.5504918000000056
2013-07-25,-0.6764202774403892
2013-07-26,0.17452864000000237
2013-07-29,-0.6879464434201699
2013-07-30,0.10980402000001366
2013-07-31,0.19633282896981616
2013-08-01,-1.5864071999999771
2013-08-02,2.0382496000000003
2013-08-05,-0.3805091571089227
2013-08-06,-0.34122403280819896
2013-08-07,-0.45489760000001184
2013-08-08,1.2215024000000039
2013-08-09,-0.40158519999932324
2013-08-12,0.35040491334742796
2013-08-13,-1.8026271012289183
2013-08-14,0.31053683427278844
2013-08-15,-0.5639962731577814
2013-08-16,-0.9478444615426085
2013-08-19,-0.18558141999993297
2013-08-20,0.0382893999999289
2013-08-21,-1.6613789000000212
2013-08-22,-0.5063161399999097
2013-08-23,1.8041068620289478
2013-08-26,0.7562567999999346
2013-08-27,-1.574128000000022
2013-08-28,-1.1229631822208175
2013-08-29,0.30923161368520513
2013-08-30,-0.6889627199999478
2013-09-02,0.4661888000000037
2013-09-03,-1.1738791999999387
2013-09-04,-0.38190064000006485
2013-09-05,-1.0463113600000096
2013-09-06,1.724762079999951
2013-09-09,0.8524214400000101
2013-09-10,0.20904000000005196
2013-09-11,0.9927523200000155
2013-09-12,-0.2725737600000054
2013-09-13,-0.2674399485529302
2013-09-16,1.0765351999999258
2013-09-17,0.11874800000004464
2013-09-18,2.687476213572701
2013-09-19,0.2504737387832398
2013-09-20,-0.6969670799999486
2013-09-23,0.2837742106737309
2013-09-24,0.31336272000006266
2013-09-25,0.22988183182228974
2013-09-26,-0.3525410163920906
2013-09-27,-0.26791550490852334
2013-09-30,-0.841060495707052
2013-10-01,-0.3246427999999105
2013-10-02,0.42770416000000416
2013-10-03,-0.5298284548790146
2013-10-04,0.15479128357480756
2013-10-07,0.35749999999997806
2013-10-08,-1.2965992399999697
2013-10-09,-0.5347340000001165
2013-10-10,1.1569404005644908
2013-10-11,0.8285238808149242
2013-10-14,-0.6448207999999724
2013-10-15,1.089208799999888
2013-10-16,1.2816928000000973
2013-10-17,2.2334143999999867
2013-10-18,0.406152800000018
2013-10-21,-0.5571792716336034
2013-10-22,2.1713768000000164
2013-10-23,-0.7755812000001379
2013-10-24,-0.11249039999986167
2013-10-25,1.0514035271903817
2013-10-28,-0.31390568136283875
2013-10-29,0.5251891984214421
2013-10-30,-0.9627229746020556
2013-10-31,-0.5351520200000089
2013-11-01,-1.8684785915342452
2013-11-04,1.0579882695534881
2013-11-05,-1.7241505872133676
2013-11-06,1.2537069999998376
2013-11-07,0.5889871247089343
2013-11-08,-2.063875639999817
2013-11-11,-0.2612304896921487
2013-11-12,-0.61321424675372
2013-11-13,2.159507048233566
2013-11-14,1.981480319999827
2013-11-15,-0.12046965236720492
2013-11-18,1.2827728000000032
2013-11-19,-1.3240033675868752
2013-11-20,-0.4490679999998137
2013-11-21,0.8812101999999848
2013-11-22,0.48134707999982007
2013-11-25,0.46512968543399047
2013-11-26,1.0262359999999624
2013-11-27,-0.7626536000001721
2013-11-28,0.06687499999999794
2013-11-29,-0.6925715637902382
2013-12-02,-1.7236599999997888
2013-12-03,0.40192140000012716
2013-12-04,-1.3135776000001365
2013-12-05,-0.6542550000002051
2013-12-06,0.5766841599999969
2013-12-09,1.3282155200001482
2013-12-10,0.9674637600000513
2013-12-11,-2.0289417800861815
2013-12-12,-0.564617142037734
2013-12-13,0.7079623200002275
2013-12-16,0.46417483999996234
2013-12-17,0.2733995599998166
2013-12-18,0.9328582200002148
2013-12-19,-1.5493038800000365
2013-12-20,0.059763325538859574
2013-12-23,-0.3423900999998261
2013-12-24,-1.238750000000173
2013-12-25,0.0
2013-12-26,0.015000000000187447
2013-12-27,0.1360384190702758
2013-12-30,0.7974999999999408
2013-12-31,-0.5113506302818721
2014-01-01,-0.006739554319456558
2014-01-02,-0.3503987200000204
2014-01-03,0.3533363200000034
2014-01-06,0.25843096000003335
2014-01-07,1.3458827999999716
2014-01-08,-1.6544394859753582
2014-01-09,0.29568743999995417
2014-01-10,2.060087600000031
2014-01-13,0.181668161052668
2014-01-14,-0.714797799999995
2014-01-15,-0.9648860433901338
2014-01-16,0.20511129815125578
2014-01-17,0.6001939199999613
2014-01-20,0.6427375446336516
2014-01-21,-0.5619365999999602
2014-01-22,-0.7601877999999898
2014-01-23,0.5408117999999802
2014-01-24,-1.1718420000000136
2014-01-27,-0.4745693049026345
2014-01-28,1.3036150400000421
2014-01-29,0.09497340295140863
2014-01-30,-0.4977239200001018
2014-01-31,-0.04713256000000046
2014-02-03,-1.312885989315154
2014-02-04,-0.5388406555144251
2014-02-05,-0.43691789932455094
2014-02-06,0.6167956000001272
2014-02-07,2.318289809049713
2014-02-10,0.13756672535910644
2014-02-11,0.44621095999986105
2014-02-12,-1.500812719999895
2014-02-13,1.6858700800000477
2014-02-14,0.01699626488368143
2014-02-17,0.0
2014-02-18,0.852292959999861
2014-02-19,-0.8290990399999897
2014-02-20,-0.8061614478860938
2014-02-21,1.250504715623335
2014-02-24,-0.15140800000001314
2014-02-25,1.0023320000001785
2014-02-26,0.10447353374347203
2014-02-27,0.8041769999999469
2014-02-28,-1.1750491199999504
2014-03-03,-1.567730941143103
2014-03-04,0.2453856829930412
2014-03-05,0.2198862518752773
2014-03-06,-0.5942150399999325
2014-03-07,-2.1158391544806365
2014-03-10,0.38999741999991083
2014-03-11,0.03125000000005348
2014-03-12,0.6447377999999743
2014-03-13,0.8409268000002114
2014-03-14,-0.322830400000228
2014-03-17,0.1343690673132716
2014-03-18,0.8745493000001799
2014-03-19,-3.259818529189099
2014-03-20,0.01737668041634355
2014-03-21,0.31625000000006775
2014-03-24,-1.172111360000072
2014-03-25,0.8614320999999463
2014-03-26,1.1747589945872954
2014-03-27,-0.01679728000002724
2014-03-28,-0.4988392400000393
2014-03-31,-0.04403738000001702
2014-04-01,0.3938739369577422
2014-04-02,-1.202254399999847
2014-04-03,0.1974455257927708
2014-04-04,0.9086067059218796
2014-04-07,1.6114085999999948
2014-04-08,0.19676255999986547
2014-04-09,0.6637147677742424
2014-04-10,1.0231255600001168
2014-04-11,-0.3959407015750256
2014-04-14,-0.39249999999984314
2014-04-15,-1.241309200000079
2014-04-16,0.5316953657013928
2014-04-17,-1.3310150400000211
2014-04-18,0.0
2014-04-21,0.19250000000000186
2014-04-22,0.3367689600000329
2014-04-23,0.5399389252292924
2014-04-24,-0.1361899199999701
2014-04-25,-0.42068936000004337
2014-04-28,0.19889155999998906
2014-04-29,0.5796744000000242
2014-04-30,1.5820800399998813
2014-05-01,0.5512500000000816
2014-05-02,-0.2832850399999477
2014-05-05,-0.16932304000006432
2014-05-06,0.1691557599999929
2014-05-07,1.36931664000005
2014-05-08,1.4629498399998941
2014-05-09,-0.538754133171924
2014-05-12,-0.6222431999999096
2014-05-13,1.7902544000000395
2014-05-14,1.419873621355774
2014-05-15,-0.30270032378699463
2014-05-16,0.5817201575002049
2014-05-19,0.43757796000000265
2014-05-20,0.5645104646140174
2014-05-21,-0.6937738460009039
2014-05-22,0.666213134974882
2014-05-23,0.7910540400000514
2014-05-26,0.3781398052877102
2014-05-27,-0.17183750000005182
2014-05-28,1.8545483111732062
2014-05-29,0.033792601146580656
2014-05-30,-1.2851983402886713
2014-06-02,-2.2583024366236475
2014-06-03,-1.9460420000000709
2014-06-04,-0.0052596527181078545
2014-06-05,2.7257728098041523
2014-06-06,-0.23864624000001203
2014-06-09,-1.4123875107434551
2014-06-10,-0.3745496360898145
2014-06-11,0.015917452488710664
2014-06-12,1.2951126778213506
2014-06-13,-1.4125961097777824
2014-06-16,-0.6233536000000173
2014-06-17,-1.37315199999993
2014-06-18,3.244457819045859
2014-06-19,0.4044755128337894
2014-06-20,-0.22610848000001346
2014-06-23,-0.47147919999999316
2014-06-24,0.7629973600000839
2014-06-25,0.5778515199999222
2014-06-26,0.6691100000000239
2014-06-27,0.4482099199999624
2014-06-30,1.429081920000037
2014-07-01,0.393178740663783
2014-07-02,-1.3583261869394303
2014-07-03,0.2647326000000097
2014-07-04,0.2595588800000295
2014-07-07,-0.6056876400000799
2014-07-08,0.14764932797679267
2014-07-09,2.049576879999986
2014-07-10,-0.7704697400000134
2014-07-11,1.0255189382267038
2014-07-14,0.06239899999998288
2014-07-15,-0.010383554935235767
2014-07-16,0.4431357400000236
2014-07-17,-0.4467463599999933
2014-07-18,0.459832994323899
2014-07-21,-0.19598311999995788
2014-07-22,1.798391584773379
2014-07-23,-0.06380720000009912
2014-07-24,-1.140535959999916
2014-07-25,-0.17298794000002485
2014-07-28,-1.4600288599999771
2014-07-29,0.8546081200000436
2014-07-30,-3.2998255669264087
2014-07-31,-1.5556463700169858
2014-08-01,0.2324329200000253
2014-08-04,0.13771341528110617
2014-08-05,0.13944560000005174
2014-08-06,0.017950499999913883
2014-08-07,0.9226806069902163
2014-08-08,1.0184703745505475
2014-08-11,0.2681439599999225
2014-08-12,0.25031636000000823
2014-08-13,1.7121300800000412
2014-08-14,0.36718277675468775
2014-08-15,-0.044121939812470395
2014-08-18,1.5035433999999912
2014-08-19,-0.1816073750684406
2014-08-20,-1.3183624000001082
2014-08-21,0.4657345600000943
2014-08-22,-1.3004544000000566
2014-08-25,1.1560339015569683
2014-08-26,1.1285646399999683
2014-08-27,0.37597759999999963
2014-08-28,-0.7315660799999801
2014-08-29,0.1611071999999656
2014-09-01,0.1026679655836233
2014-09-02,-1.1246232533146021
2014-09-03,2.806529999999953
2014-09-04,-0.1260017662692026
2014-09-05,-0.36799999999990796
2014-09-08,-0.28958923160480476
2014-09-09,-1.3598555502111238
2014-09-10,-0.8837334116567498
2014-09-11,0.024089340000040704
2014-09-12,-0.30708033051543043
2014-09-15,-0.4531283600000699
2014-09-16,0.4263349688365411
2014-09-17,-0.7379110400000217
2014-09-18,-0.08032335341202806
2014-09-19,2.608747292792516
2014-09-22,0.41915584000002837
2014-09-23,0.05174527999993861
2014-09-24,-0.8109178399999373
2014-09-25,0.17743379999991876
2014-09-26,-0.4817171819510541
2014-09-29,-0.4324025600000321
2014-09-30,1.2619302400000287
2014-10-01,0.7158972952363247
2014-10-02,-1.0068042499578738
2014-10-03,-0.3182794800000079
2014-10-06,-0.1845412188373009
2014-10-07,-1.5635280399999967
2014-10-08,1.3880756271522066
2014-10-09,-0.26583051474757297
2014-10-10,0.6806857468709344
2014-10-13,-1.0785016471142073
2014-10-14,-1.8819145822031822
2014-10-15,1.4066143675816432
2014-10-16,-0.7845169407569295
2014-10-17,0.473184675792271
2014-10-20,0.24853119690535244
2014-10-21,-0.819233900000005
2014-10-22,0.15573767185639542
2014-10-23,-2.037613199999976
2014-10-24,0.7624179999999634
2014-10-27,-0.8910028000000493
2014-10-28,0.12984165453193391
2014-10-29,-2.4369999999999963
2014-10-30,0.9337863999999072
2014-10-31,-0.7894658167676644
2014-11-03,-0.4948687248876334
2014-11-04,0.7718943999999678
2014-11-05,-0.5186926339207121
2014-11-06,-1.0003666200000343
2014-11-07,2.4576297851814157
2014-11-10,-1.2279676799999493
2014-11-11,-0.5044423999999993
2014-11-12,-0.1986134101558222
2014-11-13,-0.2577078000000658
2014-11-14,1.048946679941137
2014-11-17,-0.26299487999997573
2014-11-18,1.2785553953177495
2014-11-19,-0.30948776000001094
2014-11-20,-0.7584237440473548
2014-11-21,0.924775200000003
2014-11-24,0.4320000000000039
2014-11-25,0.11409484681981805
2014-11-26,0.34242894643085436
2014-11-27,-0.15547369344628345
2014-11-28,1.0360957599999683
2014-12-01,-1.1070449499561024
2014-12-02,-1.0430900000000525
2014-12-03,-0.031073766040663968
2014-12-04,-0.32842611999998333
2014-12-05,-2.0094052438270826
2014-12-08,0.6119562400000871
2014-12-09,-0.4966324000000283
2014-12-10,1.2624862614612364
2014-12-11,-1.3384855999999514
2014-12-12,-0.7215661902959188
2014-12-15,-2.257713643459257
2014-12-16,2.056122438949186
2014-12-17,-1.9473069402617589
2014-12-18,-0.3556834418361594
2014-12-19,0.14844251999999483
2014-12-22,0.6604084000000041
2014-12-23,-1.4486479599999833
2014-12-24,0.2587499999999999
2014-12-25,0.0
2014-12-26,0.07749999999996363
2014-12-29,0.28792479999998044
2014-12-30,0.3217777600000468
2014-12-31,1.023143874477977
2015-01-01,-0.006139657892155069
2015-01-02,1.0395283999997824
2015-01-05,0.08988216000002704
2015-01-06,1.2615808926577503
2015-01-07,0.7749589707592127
2015-01-08,0.09210268434578137
2015-01-09,0.022149460000092838
2015-01-12,1.2474228460411638
2015-01-13,1.55418471999985
2015-01-14,0.5327517200001717
2015-01-15,2.534764914235981
2015-01-16,-1.7732708274727242
2015-01-19,0.5300035357973576
2015-01-20,-0.3627430399998223
2015-01-21,-0.5410660806450107
2015-01-22,-0.5158712399997952
2015-01-23,1.138256000000007
2015-01-26,-0.22018830000009088
2015-01-27,0.34566113999989295
2015-01-28,2.4678518399999954
2015-01-29,-0.21251705775046156
2015-01-30,2.347938860000034
2015-02-02,0.10038725999987753
2015-02-03,-3.67704232000009
2015-02-04,0.20214809927951044
2015-02-05,-0.323003639999999
2015-02-06,-3.2636081999999886
2015-02-09,-0.9248536606600049
2015-02-10,0.15589717987061744
2015-02-11,0.3652348800001438
2015-02-12,0.7998163867578202
2015-02-13,-0.7544800100288455
2015-02-16,-0.17143700000000062
2015-02-17,-2.042535639999981
2015-02-18,2.3323250378737184
2015-02-19,-0.9418500916737221
2015-02-20,0.29308287999987664
2015-02-23,1.3454547999999897
2015-02-24,1.4239907599999957
2015-02-25,0.11825912000014316
2015-02-26,-0.8126433745306706
2015-02-27,0.12080223999994166
2015-03-02,-0.3166650600000673
2015-03-03,-1.2042510196680618
2015-03-04,0.7067086399999457
2015-03-05,0.9875520745367015
2015-03-06,-1.2933852799998642
2015-03-09,0.6572350402976347
2015-03-10,0.17439300944157432
2015-03-11,1.075832840000111
2015-03-12,0.3438888599998781
2015-03-13,0.912753400000126
2015-03-16,0.9218150799999141
2015-03-17,0.42713955500120376
2015-03-18,0.8793017054098742
2015-03-19,-0.587610350322175
2015-03-20,0.32495379999996993
2015-03-23,-0.7232260000000214
2015-03-24,0.6939320000000148
2015-03-25,-1.4966238000000136
2015-03-26,-0.3119914399999859
2015-03-27,0.6886289814262792
2015-03-30,0.812594319999962
2015-03-31,1.3576695999999575
2015-04-01,0.7140229311163008
2015-04-02,-0.9447031086051135
2015-04-03,0.0
2015-04-06,0.7712499999999903
2015-04-07,0.5906905599999962
2015-04-08,0.10556020000002758
2015-04-09,0.3396954716161048
2015-04-10,0.8159672800000471
2015-04-13,0.6691185057886031
2015-04-14,0.05196147999998941
2015-04-15,0.011114611317579563
2015-04-16,-0.8356960263290264
2015-04-17,-2.183468594347935
2015-04-20,1.0669123349104037
2015-04-21,0.41080567999999656
2015-04-22,-1.12730812000009
2015-04-23,0.3073530400000788
2015-04-24,1.6309808799999814
2015-04-27,1.2792397199999395
2015-04-28,-1.870603479999962
2015-04-29,-3.2987041307607914
2015-04-30,-0.11578008000005768
2015-05-01,-0.8540022827581499
2015-05-04,0.6834627682222059
2015-05-05,-2.021368235582525
2015-05-06,-1.2360597999999812
2015-05-07,1.2815047847420133
2015-05-08,2.133348639999972
2015-05-11,-1.3089867386963097
2015-05-12,-0.23024346962807055
2015-05-13,-0.851247200000028
2015-05-14,0.2876336599999631
2015-05-15,1.1501613101818189
2015-05-18,-1.0380268799999257
2015-05-19,0.868130159999918
2015-05-20,1.2819994200000113
2015-05-21,0.10045550000001127
2015-05-22,0.09412609999999248
2015-05-25,0.10200000000000005
2015-05-26,0.7782390200000534
2015-05-27,1.4790879599999507
2015-05-28,-0.47654959999997015
2015-05-29,-0.39612439999997406
2015-06-01,-0.8722268000000131
2015-06-02,-2.204838280000015
2015-06-03,-1.02168980000002
2015-06-04,-0.3709615999999647
2015-06-05,-0.8601378600000437
2015-06-08,-1.1516048787531927
2015-06-09,-0.34440554773153625
2015-06-10,1.6871386400000323
2015-06-11,0.9805008132179149
2015-06-12,0.07956729999999594
2015-06-15,0.7742739532643976
2015-06-16,-0.6319149359603758
2015-06-17,-1.2636536814509092
2015-06-18,0.7932291268336892
2015-06-19,1.303844399999993
2015-06-22,-1.0664682043207454
2015-06-23,-1.2273620999999675
2015-06-24,0.3194504599999467
2015-06-25,-2.223710599999966
2015-06-26,-1.7009416697266868
2015-06-29,0.3852930022725306
2015-06-30,-3.600898400000004
2015-07-01,-0.46232097651418425
2015-07-02,-0.10263299100790259
2015-07-03,0.046413860128231225
2015-07-06,0.3120121200000329
2015-07-07,0.49658050188373515
2015-07-08,0.19552152937269618
2015-07-09,-0.4683621000000124
2015-07-10,-0.6391640857993289
2015-07-13,-0.7021777599999885
2015-07-14,1.2035276799999302
2015-07-15,0.44633164025963223
2015-07-16,0.18725855999999794
2015-07-17,0.32162332000001576
2015-07-20,0.5604883399999775
2015-07-21,0.03355648000004337
2015-07-22,0.31868597999996306
2015-07-23,0.39270582000002585
2015-07-24,0.58097050759769
2015-07-27,1.001661199999993
2015-07-28,-0.22420736231147143
2015-07-29,0.1857400399999546
2015-07-30,-0.22862847999994165
2015-07-31,0.31984952173867714
2015-08-03,0.6553695359796604
2015-08-04,-0.5653096126293018
2015-08-05,-0.12057704000002947
2015-08-06,0.2915000000000313
2015-08-07,-0.46059620000001417
2015-08-10,-1.1656313704694796
2015-08-11,1.6853340599999969
2015-08-12,0.799725359999979
2015-08-13,-0.5124512958083773
2015-08-14,-0.29267712070960106
2015-08-17,0.5865000000000297
2015-08-18,-0.4889106400000229
2015-08-19,1.2773577599999943
2015-08-20,0.008897939999982084
2015-08-21,1.2880009200000586
2015-08-24,0.02288811440380238
2015-08-25,-0.5803031727947253
2015-08-26,-0.16070504644092018
2015-08-27,-0.5518763999999715
2015-08-28,-0.29173708777088697
2015-08-31,0.3566257342488427
2015-09-01,0.785820400000015
2015-09-02,0.035764399999918955
2015-09-03,1.033928222092817
2015-09-04,1.066015893173049
2015-09-07,0.0548485124748824
2015-09-08,-1.7940198159778926
2015-09-09,0.3246279999999746
2015-09-10,-1.2673760346762455
2015-09-11,-0.9101900779456971
2015-09-14,-0.5594999999999981
2015-09-15,-1.6658190931782473
2015-09-16,-0.7029663999998613
2015-09-17,1.8043167999999314
2015-09-18,2.28007840000005
2015-09-21,-1.314340955538294
2015-09-22,2.3552399200001237
2015-09-23,-0.2615307200001116
2015-09-24,-0.31595743999992454
2015-09-25,-0.3796737249723469
2015-09-28,1.7402687999999922
2015-09-29,0.48407919999999044
2015-09-30,-0.4343592882528241
2015-10-01,-0.027829760000007628
2015-10-02,-0.20580854144466207
2015-10-05,-1.2622488000000176
2015-10-06,-0.450126400000002
2015-10-07,-0.5333135999999747
2015-10-08,-0.6662685999999769
2015-10-09,0.8900449455298703
2015-10-12,0.6614816113735394
2015-10-13,0.941686311408941
2015-10-14,1.6590000000000187
2015-10-15,-1.3586072520011365
2015-10-16,-0.6344379999999741
2015-10-19,0.24854759999992296
2015-10-20,-0.30465607999999883
2015-10-21,0.5230393200000708
2015-10-22,-0.547369200000001
2015-10-23,-0.2932398196384241
2015-10-26,-0.2249229400000016
2015-10-27,0.6253101999999998
2015-10-28,-0.48549220000000076
2015-10-29,0.19433392000000277
2015-10-30,0.024150279999998622
2015-11-02,-2.220105219999991
2015-11-03,-0.545085479999981
2015-11-04,-0.046467280000104715
2015-11-05,0.27104440318317763
2015-11-06,-1.6740000000000648
2015-11-09,0.6601714174955564
2015-11-10,0.9616141374161516
2015-11-11,-0.4242107292186599
2015-11-12,0.3646745926293051
2015-11-13,1.177984559263848
2015-11-16,-0.04915333067303843
2015-11-17,0.3923985828625298
2015-11-18,-0.34205700000000605
2015-11-19,0.2536900400000465
2015-11-20,-0.34948327999999373
2015-11-23,-0.5038288105798252
2015-11-24,0.6205424800000542
2015-11-25,-0.23952687999997452
2015-11-26,0.28923712000000046
2015-11-27,0.8876578399999477
2015-11-30,-0.6532047599999655
2015-12-01,0.3822751400000146
2015-12-02,-0.2997329413226261
2015-12-03,-2.6398236799999766
2015-12-04,-0.47782026953738965
2015-12-07,1.8351284819617726
2015-12-08,0.06461003203175135
2015-12-09,0.04227580000002988
2015-12-10,-0.8488856400000612
2015-12-11,1.7570043569715639
2015-12-14,-1.211315920000009
2015-12-15,-0.4766380000000072
2015-12-16,0.23454666056356147
2015-12-17,-0.15715740581694373
2015-12-18,0.5109383000000053
2015-12-21,0.24167850000002072
2015-12-22,0.20021200000003073
2015-12-23,-0.17089200000000518
2015-12-24,0.3147499999999764
2015-12-25,0.0
2015-12-28,0.41337839999996967
2015-12-29,-0.8659999999999706
2015-12-30,0.7784317765597355
2015-12-31,0.20875000000003394
2016-01-01,-0.004551276814754834
2016-01-04,1.5646724999999855
2016-01-05,0.08097040000000558
2016-01-06,1.062610399999992
2016-01-07,1.0394880000000535
2016-01-08,0.29698081480087796
2016-01-11,0.23428449999995163
2016-01-12,-0.15700600000001416
2016-01-13,0.6114048448219139
2016-01-14,-0.10977208000005342
2016-01-15,1.1596147182478513
2016-01-18,-0.15927379999994137
2016-01-19,-0.7338010780016344
2016-01-20,1.1216406589866952
2016-01-21,0.3858197212993304
2016-01-22,-2.2815327274624195
2016-01-25,0.7328894800000745
2016-01-26,-0.13704884000003062
2016-01-27,0.6204481999999129
2016-01-28,0.4485143957976396
2016-01-29,-0.6320614200000111
2016-02-01,-0.29642623999997203
2016-02-02,2.2328761599999907
2016-02-03,-0.19640456000006526
2016-02-04,0.8655714600000798
2016-02-05,0.9241940000000024
2016-02-08,2.5911422463813314
2016-02-09,1.233262680000058
2016-02-10,1.1802823999999834
2016-02-11,1.8832365642265074
2016-02-12,-2.3109697937619096
2016-02-15,-1.3237444484253444
2016-02-16,-0.7656160999999417
2016-02-17,-2.810329999999918
2016-02-18,1.9267512599999603
2016-02-19,-0.7569912000000972
2016-02-22,-1.611259999999964
2016-02-23,2.185084860000025
2016-02-24,0.3803246399999468
2016-02-25,1.4392247199999868
2016-02-26,-1.0125163199999414
2016-02-29,0.5513294399999562
2016-03-01,-3.1850725929251484
2016-03-02,-1.0110158249677648
2016-03-03,-0.27586688000000176
2016-03-04,-1.3012326045472644
2016-03-07,-0.6119246711802151
2016-03-08,1.5135539999999543
2016-03-09,-0.7545780000000504
2016-03-10,-1.182178030321175
2016-03-11,-1.6705950545745936
2016-03-14,-0.9712426011371706
2016-03-15,-0.08452240657791693
2016-03-16,1.3915483575948702
2016-03-17,-0.11910668102708631
2016-03-18,0.3885254223338722
2016-03-21,-1.0084679985046567
2016-03-22,-0.6539325828551799
2016-03-23,1.356325176703065
2016-03-24,-0.33369304847716075
2016-03-25,0.0
2016-03-28,-0.01875
2016-03-29,0.614564087930236
2016-03-30,1.1942011976244231
2016-03-31,3.982205177849051
2016-04-01,-0.5419221841825832
2016-04-04,0.4007810001374364
2016-04-05,0.34157048988329186
2016-04-06,-0.45616448949326777
2016-04-07,0.5693226543460812
2016-04-08,-0.5858926305767109
2016-04-11,0.8747851943969585
2016-04-12,-1.2401240005492715
2016-04-13,-1.3437831954957418
2016-04-14,-0.6946029107068751
2016-04-15,0.3068176514000096
2016-04-18,-0.6315951995849626
2016-04-19,-1.132815163080148
2016-04-20,-2.0637785747459025
2016-04-21,1.1531243368010637
2016-04-22,1.2812004098754992
2016-04-25,-1.3627144432628997
2016-04-26,-0.6978835992811404
2016-04-27,1.6874991989132377
2016-04-28,-0.1557991943359617
2016-04-29,-0.08328799724559995
2016-05-02,-0.6681356806298329
2016-05-03,1.6802445076548251
2016-05-04,0.3521894949663945
2016-05-05,0.7034581765720667
2016-05-06,-0.5987748817626894
2016-05-09,0.8375145738324005
2016-05-10,-0.627471398115229
2016-05-11,0.09477839851369106
2016-05-12,-1.356081431530253
2016-05-13,0.1276224527248827
2016-05-16,-1.0079588752016155
2016-05-17,-0.5560536031723602
2016-05-18,-1.6146777942213988
2016-05-19,0.7300380001068201
2016-05-20,-0.1451413029865812
2016-05-23,-0.33765099787723146
2016-05-24,-0.6368801222445363
2016-05-25,-0.7607799994944364
2016-05-26,0.6834674978254841
2016-05-27,-0.9391535007952827
2016-05-30,0.030996932969162977
2016-05-31,0.7738199949260102
2016-06-01,-0.6227560043336351
2016-06-02,0.6031674305186818
2016-06-03,1.4641339998244844
2016-06-06,-0.8835169524773651
2016-06-07,-0.203335199356032
2016-06-08,-0.2034719110204113
2016-06-09,0.38352399635273715
2016-06-10,0.9980867700565347
2016-06-13,0.46333239078638405
2016-06-14,-0.3509608674488898
2016-06-15,1.0245893285047454
2016-06-16,-0.15076959610045432
2016-06-17,-0.7970831985474999
2016-06-20,-0.8746260673439842
2016-06-21,-0.0993544976712789
2016-06-22,0.2951649975774962
2016-06-23,-1.3618199872955583
2016-06-24,4.145452814825268
2016-06-27,1.3140668984760897
2016-06-28,-0.4501569013591828
2016-06-29,-0.512349894370456
2016-06-30,0.40810567343100995
2016-07-01,0.4909428670864977
2016-07-04,0.09145738053343944
2016-07-05,0.8737335525365713
2016-07-06,0.29495560598366327
2016-07-07,-0.0282778345992092
2016-07-08,-0.6745134949684913
2016-07-11,-0.7072102507463817
2016-07-12,-1.2729614934917628
2016-07-13,-0.09335701560983128
2016-07-14,-0.36429828749845533
2016-07-15,-0.13438741803160342
2016-07-18,-0.31926636815061815
2016-07-19,1.0349999999999728
2016-07-20,-0.13808083634389018
2016-07-21,0.5957362680435513
2016-07-22,-0.5251626300693534
2016-07-25,-0.10060101175302784
2016-07-26,0.4150000000000062
2016-07-27,0.4757728676794881
2016-07-28,0.3019321331977997
2016-07-29,0.6202530576408684
2016-08-01,0.36026586246495096
2016-08-02,-0.3630669965743571
2016-08-03,-0.0806145429610497
2016-08-04,1.0610952806472904
2016-08-05,-1.75241130876556
2016-08-08,-0.2696173407608966
2016-08-09,0.6515211653563577
2016-08-10,0.6724999999999557
2016-08-11,-0.8248338429663971
2016-08-12,0.22344240420386466
2016-08-15,-0.8382529578989539
2016-08-16,-0.14316977024060892
2016-08-17,-0.05316178230578355
2016-08-18,-0.22273506028884926
2016-08-19,-0.961950426816861
2016-08-22,0.5249402649402511
2016-08-23,0.7196633588340964
2016-08-24,0.21656795215611893
2016-08-25,0.14412044954296208
2016-08-26,0.03759235177622006
2016-08-29,1.5154543461802765
2016-08-30,0.6339513469890996
2016-08-31,-0.17637079941334408
2016-09-01,-1.2345649499896443
2016-09-02,-0.635468056429816
2016-09-05,0.23837281036354113
2016-09-06,1.3181654146816655
2016-09-07,-1.1056033776851877
2016-09-08,-1.6633996972700684
2016-09-09,-1.6830911941535376
2016-09-12,0.41436557598419693
2016-09-13,0.23694127255170072
2016-09-14,-0.12744870758010726
2016-09-15,1.1245495147707603
2016-09-16,-1.6914285516734415
2016-09-19,-0.2259901018140599
2016-09-20,-0.1486086456747975
2016-09-21,1.088452609760393
2016-09-22,1.3218400926607912
2016-09-23,0.29358559036242504
2016-09-26,0.8767261958094532
2016-09-27,-0.26606084301611
2016-09-28,0.5960197505961803
2016-09-29,-0.2998190361541442
2016-09-30,-1.0787600550650107
2016-10-03,-1.97744728088387
2016-10-04,-0.9050902868358153
2016-10-05,0.0052837669363175795
2016-10-06,0.5216416611843917
2016-10-07,-0.0357649135593715
2016-10-10,-0.7234965438835159
2016-10-11,-0.3115795524116182
2016-10-12,0.8969603206760433
2016-10-13,-1.5285035529139372
2016-10-14,-0.4818897228795101
2016-10-17,-0.01734451055557715
2016-10-18,0.9332187463778299
2016-10-19,-0.05080052323222499
2016-10-20,0.8086565380090018
2016-10-21,0.31405112120442286
2016-10-24,0.18674024977675618
2016-10-25,-0.2088233400720682
2016-10-26,-1.0974424570847316
2016-10-27,-0.9374755895137495
2016-10-28,0.10007169970686955
2016-10-31,0.17259465217650363
2016-11-01,-0.19256687492147992
2016-11-02,0.034616727114008386
2016-11-03,-0.6311944580096551
2016-11-04,0.6263996472352552
2016-11-07,1.1027700948744443
2016-11-08,-0.7049691701896305
2016-11-09,-1.8453297214503945
2016-11-10,-1.6231346192366274
2016-11-11,-0.3449867646159174
2016-11-14,-0.24903634264898747
2016-11-15,0.21817072129059
2016-11-16,-0.005391859770881274
2016-11-17,-0.15329540740359626
2016-11-18,-0.9928650381471967
2016-11-21,0.07216023892653245
2016-11-22,0.22782427597018162
2016-11-23,-0.5306212898740127
2016-11-24,0.0972453341995993
2016-11-25,-0.1599123021838328
2016-11-28,-0.9359542698881625
2016-11-29,0.9697988482225034
2016-11-30,0.327139814853085
2016-12-01,-0.03086383509460243
2016-12-02,-0.20609326553384508
2016-12-05,-0.016145542142934937
2016-12-06,0.3704897427605827
2016-12-07,0.5574099431047673
2016-12-08,0.8939336681375926
2016-12-09,-0.5495096151446505
2016-12-12,-0.6004559822075127
2016-12-13,0.30959735679590905
2016-12-14,-0.05288847430395682
2016-12-15,0.735481081008906
2016-12-16,0.25895550177830007
2016-12-19,0.8668108959215176
2016-12-20,0.6820097599044812
2016-12-21,0.3053730857529422
2016-12-22,-0.005749893009099135
2016-12-23,-0.18534453582751834
2016-12-26,0.0
2016-12-27,-0.7124568834304315
2016-12-28,0.2208040413870698
2016-12-29,-0.38462340424852
2016-12-30,-0.07912378597259997
2017-01-02,0.9724043103348656
2017-01-03,0.11559362411602306
2017-01-04,0.41162915587574544
2017-01-05,0.008010121090570144
2017-01-06,0.9755907478318618
2017-01-09,-0.48381259953284345
2017-01-10,0.5299666523747409
2017-01-11,0.6375327563286801
2017-01-12,-0.6498248953616976
2017-01-13,0.2528209753036892
2017-01-16,0.16047006330207836
2017-01-17,-1.4252785205835072
2017-01-18,1.3856666717536288
2017-01-19,-0.09823728393779212
2017-01-20,0.05239280541225892
2017-01-23,-0.8699170930304128
2017-01-24,1.6026695394484085
2017-01-25,0.14501293301346946
2017-01-26,0.24477003740423728
2017-01-27,-0.768521365165399
2017-01-30,-0.5188867831246692
2017-01-31,-0.7057901487374414
2017-02-01,-0.7612939779782302
2017-02-02,-0.6505733608404575
2017-02-03,0.7596389236431824
2017-02-06,-1.38968830871198
2017-02-07,-0.9285483398438393
2017-02-08,-0.40071610879981023
2017-02-09,1.625208515166075
2017-02-10,-0.1610059420155697
2017-02-13,0.28857279539100117
2017-02-14,0.22761534500032057
2017-02-15,-0.3177566559049872
2017-02-16,-0.1409808731102513
2017-02-17,-0.04030318260303211
2017-02-20,-0.5327347941407701
2017-02-21,0.2677958922398377
2017-02-22,-0.8151751069346311
2017-02-23,-0.07131077177820892
2017-02-24,-1.1550675430314286
2017-02-27,0.8770779800415751
2017-02-28,-0.8173620326998552
2017-03-01,1.8526600122358752
2017-03-02,0.1176132668373326
2017-03-03,1.1566896786719283
2017-03-06,-0.34426993751480184
2017-03-07,0.27713756561276287
2017-03-08,0.3194611864099995
2017-03-09,1.1080700446339276
2017-03-10,0.5348326864235633
2017-03-13,0.5157525830887928
2017-03-14,-0.8480598581197767
2017-03-15,1.3344288711584809
2017-03-16,0.6991032333396842
2017-03-17,0.44940747871992637
2017-03-20,0.5368379619215217
2017-03-21,-0.3060187362305838
2017-03-22,0.6502315139763243
2017-03-23,1.2341925736314479
2017-03-24,0.5250789098736692
2017-03-27,-0.08222898201223104
2017-03-28,0.7409984385352919
2017-03-29,1.1823003392061764
2017-03-30,0.5781972112655054
2017-03-31,-0.13034589024661092
2017-04-03,-0.5707400490293062
2017-04-04,0.5813409394654826
2017-04-05,-1.0953835734625876
2017-04-06,1.291220787528559
2017-04-07,0.6403688559546402
2017-04-10,-1.5862138586021208
2017-04-11,-0.7677881832115995
2017-04-12,0.2386064386619006
2017-04-13,-0.6685184526442475
2017-04-14,-0.045819167140898405
2017-04-17,0.9327500000001452
2017-04-18,-0.11720275783333055
2017-04-19,-1.21141931915295
2017-04-20,1.9100695164210675
2017-04-21,0.28315926933187646
2017-04-24,6.4680158262226515
2017-04-25,-0.33307379567425016
2017-04-26,-0.5856640038501095
2017-04-27,0.22745742511648137
2017-04-28,1.0826015911104196
2017-05-01,-1.2472499999998332
2017-05-02,1.2817468257493012
2017-05-03,-0.5216508350372098
2017-05-04,0.8344527065765119
2017-05-05,1.2923338558679394
2017-05-08,-0.9806121900084692
2017-05-09,0.08854887485502516
2017-05-10,0.07030574638065812
2017-05-11,0.818922504425879
2017-05-12,0.541020804719496
2017-05-15,1.180655681530895
2017-05-16,0.9588426641781306
2017-05-17,-4.184913376764948
2017-05-18,1.0496145453959453
2017-05-19,0.2235749473566434
2017-05-22,0.038699905394543106
2017-05-23,1.1913226814274998
2017-05-24,0.8974434442519033
2017-05-25,0.0768625335694293
2017-05-26,-0.5623799956773007
2017-05-29,0.01959155464174615
2017-05-30,-0.030865714344258884
2017-05-31,-0.07871104577116493
2017-06-01,0.8003923702525558
2017-06-02,0.6922285690326591
2017-06-05,0.7906313638685759
2017-06-06,-0.8300386718360228
2017-06-07,-0.8349916615931057
2017-06-08,1.0353665499653746
2017-06-09,-0.16001024794665913
2017-06-12,0.7903457294013362
2017-06-13,0.6963548390158185
2017-06-14,1.5940527343741773
2017-06-15,-2.2205659113325176
2017-06-16,1.3340255908955283
2017-06-19,1.7211265339554134
2017-06-20,-1.538741416018005
2017-06-21,-0.35352401252724613
2017-06-22,1.2918579850192593
2017-06-23,1.402930786132678
2017-06-26,1.424234283445352
2017-06-27,-2.469521786215199
2017-06-28,1.4259919013997262
2017-06-29,-3.975748445025335
2017-06-30,-2.96665330839648
2017-07-03,-0.6293898763315418
2017-07-04,0.06902888298020012
2017-07-05,-1.1323563861857928
2017-07-06,-1.1604349060106423
2017-07-07,1.5368048400853347
2017-07-10,0.8736914062511176
2017-07-11,0.045261718749834916
2017-07-12,4.2763145561257625
2017-07-13,2.7079401548858306
2017-07-14,0.5124826786338945
2017-07-17,0.16143422698904888
2017-07-18,0.5363173504195071
2017-07-19,-0.6735153236402363
2017-07-20,-0.028663484573070195
2017-07-21,-0.6525675261083242
2017-07-24,-0.13831963157656527
2017-07-25,-0.29040028572057297
2017-07-26,2.07678444212131
2017-07-27,-1.3172872312065478
2017-07-28,-0.67812022280617
2017-07-31,-0.49953140187283557
2017-08-01,1.6505098152146236
2017-08-02,-0.3480370101932178
2017-08-03,0.23541976356576877
2017-08-04,-0.6433001341812716
2017-08-07,-0.38504948243597603
2017-08-08,0.5530471992872761
2017-08-09,-1.0439190770960285
2017-08-10,-1.1592534096280167
2017-08-11,0.7100605632900442
2017-08-14,1.5692872577585026
2017-08-15,0.8205552985145204
2017-08-16,2.17743242460995
2017-08-17,-2.69736674261917
2017-08-18,1.4180419084735312
2017-08-21,0.9033225674626706
2017-08-22,0.8305297732323954
2017-08-23,0.5066114684496433
2017-08-24,-0.5659041267372603
2017-08-25,1.307536290645598
2017-08-28,-1.4691601285942326
2017-08-29,0.30178985375797474
2017-08-30,1.740665542602229
2017-08-31,-2.543415544914895
2017-09-01,0.8271092932339602
2017-09-04,-0.811205663442307
2017-09-05,-0.06681182861119142
2017-09-06,0.305635973590071
2017-09-07,2.7899558250625227
2017-09-08,-0.8349440002432249
2017-09-11,0.1574549255373001
2017-09-12,0.5677694206237787
2017-09-13,-0.25474790551313947
2017-09-14,0.2094433020651537
2017-09-15,-0.29950494662527527
2017-09-18,0.16330301952158544
2017-09-19,0.22668630034062126
2017-09-20,-0.12075020313207638
2017-09-21,-0.6454889056011835
2017-09-22,0.3401408791540406
2017-09-25,-1.1110347735893635
2017-09-26,-0.02596402669006875
2017-09-27,-2.1176611263483434
2017-09-28,0.6725643913707632
2017-09-29,-1.14868735698807
2017-10-02,1.157519392013825
2017-10-03,0.9237480136858186
2017-10-04,-0.5893344381567927
2017-10-05,-1.3485221099865805
2017-10-06,-0.6582048866120876
2017-10-09,-1.1938138670729235
2017-10-10,-0.12027509473753882
2017-10-11,1.456783918909948
2017-10-12,-0.9792621174142567
2017-10-13,-0.5790669326397372
2017-10-16,0.022181409974556865
2017-10-17,1.1268171206003936
2017-10-18,0.8495837745666698
2017-10-19,-0.2830727157602501
2017-10-20,-0.9034191901674953
2017-10-23,-0.2999925559822303
2017-10-24,-1.3493537046909352
2017-10-25,-0.23175417733144305
2017-10-26,0.7373625796527087
2017-10-27,1.2330250759105017
2017-10-30,-0.07902543919598158
2017-10-31,1.520376003263695
2017-11-01,0.9294817247393148
2017-11-02,-0.7385362663279327
2017-11-03,-0.6032361459739999
2017-11-06,1.000716669559395
2017-11-07,-1.0221153809139232
2017-11-08,0.2422265830044484
2017-11-09,-1.884223876989393
2017-11-10,-0.17027386495489683
2017-11-13,0.09399653816139641
2017-11-14,-0.1415299868576125
2017-11-15,-0.815601488765956
2017-11-16,1.9330958786046704
2017-11-17,-0.5255598273748942
2017-11-20,0.43115791320656394
2017-11-21,1.5905880775488066
2017-11-22,-0.11957253568530682
2017-11-23,0.49582348060610937
2017-11-24,0.7597833824158928
2017-11-27,-0.46246410656119047
2017-11-28,2.3495081424822617
2017-11-29,0.03721552085844244
2017-11-30,-2.0379659589092234
2017-12-01,-2.3342852783233616
2017-12-04,0.6848527751428373
2017-12-05,0.6433283419614204
2017-12-06,-0.7423558089990562
2017-12-07,0.8059879646281767
2017-12-08,0.6116211624130521
2017-12-11,-0.12473622115377757
2017-12-12,0.4609816362662297
2017-12-13,-0.5454880664299424
2017-12-14,-0.9085126805321194
2017-12-15,1.07890792751215
2017-12-18,1.3745592951224521
2017-12-19,-1.286364510535742
2017-12-20,-1.611873409272186
2017-12-21,-0.4303182797414451
2017-12-22,-0.9759999999998212
2017-12-25,-0.0017356611437907934
2017-12-26,-0.8805000000000194
2017-12-27,0.7226536373820065
2017-12-28,-1.0011341572100285
2017-12-29,0.6734718015301946
2018-01-01,-0.0018440467078570265
2018-01-02,0.44992139195219705
2018-01-03,1.5852886417030385
2018-01-04,1.019854876994405
2018-01-05,1.2179474508772934
2018-01-08,0.785952209949486
2018-01-09,-0.44258361434933224
2018-01-10,-0.7054940586088418
2018-01-11,0.2783876332019764
2018-01-12,1.160921487088501
2018-01-15,0.9328149604792867
2018-01-16,-0.16032023080002009
2018-01-17,0.7032912848820094
2018-01-18,-0.9348961286545168
2018-01-19,-0.38247876813261805
2018-01-22,0.4530433879909759
2018-01-23,0.3202868049734093
2018-01-24,0.926359924813841
2018-01-25,-2.6595509321585524
2018-01-26,0.4533748294503337
2018-01-29,-1.2557972991010207
2018-01-30,-2.5858344082882683
2018-01-31,0.6883664842257289
2018-02-01,1.2835903840245555
2018-02-02,-3.0133740902064017
2018-02-05,-6.878023734463995
2018-02-06,0.7401039415542435
2018-02-07,-0.9179172297625852
2018-02-08,-1.303202429562344
2018-02-09,-0.3003300054084594
2018-02-12,0.7223852708336841
2018-02-13,-0.7538916711821498
2018-02-14,2.2588045160740338
2018-02-15,0.1300505296990474
2018-02-16,0.304691138764908
2018-02-19,-0.13911901855487782
2018-02-20,-1.0931110835272082
2018-02-21,0.473353242874017
2018-02-22,0.8200212826720717
2018-02-23,0.196280057432169
2018-02-26,-0.195929826734995
2018-02-27,-1.2448114700302528
2018-02-28,-0.7714340934562818
2018-03-01,-1.6849952526283618
2018-03-02,-1.4861341314317555
2018-03-05,1.4386984017423132
2018-03-06,0.4101078715324164
2018-03-07,-0.32711297225953245
2018-03-08,-0.3413203649331311
2018-03-09,1.6986903066532515
2018-03-12,0.3353870277404587
2018-03-13,-1.551005856990827
2018-03-14,-0.24139888850124558
2018-03-15,0.2354975065996189
2018-03-16,2.353897972139015
2018-03-19,-0.8112940826037751
2018-03-20,0.7611202774047816
2018-03-21,1.611786429166793
2018-03-22,-2.27238362976123
2018-03-23,-1.3373156175613543
2018-03-26,1.802873929977437
2018-03-27,-0.639363353457806
2018-03-28,1.3568884733644813
2018-03-29,1.1045073051451146
2018-03-30,-3.33
2018-04-02,-0.4712469308925057
2018-04-03,0.7030611124947856
2018-04-04,0.7801497810044059
2018-04-05,0.6485798000001946
2018-04-06,-1.9763166000001904
2018-04-09,0.23849350000000075
2018-04-10,0.6978089200000073
2018-04-11,-0.12617248000001183
2018-04-12,0.9582723763016201
2018-04-13,1.4967456000000023
2018-04-16,0.5660636567230649
2018-04-17,0.541845459285978
2018-04-18,0.31460315000024497
2018-04-19,-2.8341655316494587
2018-04-20,0.22944576040842876
2018-04-23,-2.2677994378511177
2018-04-24,0.00920546074293865
2018-04-25,-0.15688303999982653
2018-04-26,0.43557755702029277
2018-04-27,0.3602952799999807
2018-04-30,-0.2835344629840586
2018-05-01,-1.0040000000001899
2018-05-02,-0.6903054642582405
2018-05-03,0.17029324000002494
2018-05-04,-0.8405944000001571
2018-05-07,-0.5958112573234537
2018-05-08,0.02108317194936005
2018-05-09,-0.04702704000002458
2018-05-10,1.3008417618466548
2018-05-11,0.49708636907711534
2018-05-14,-0.32639719999999833
2018-05-15,-0.5260980105685883
2018-05-16,0.20476188019877858
2018-05-17,0.1448961383284662
2018-05-18,-2.220274740700003
2018-05-21,0.6800643200000988
2018-05-22,0.8925939999999007
2018-05-23,-1.644181793100526
2018-05-24,-0.7384605999999669
2018-05-25,-0.19727091999988763
2018-05-28,-2.4743706876636247
2018-05-29,-3.33972635070524
2018-05-30,3.011749808639469
2018-05-31,-0.88265635896112
2018-06-01,2.3555986430042135
2018-06-04,0.3695762119121758
2018-06-05,-0.9093203999999816
2018-06-06,0.023350539107807048
2018-06-07,0.7345889999999828
2018-06-08,-0.10891889000008123
2018-06-11,0.2105483938616311
2018-06-12,0.8593699999999291
2018-06-13,-0.41359465282729696
2018-06-14,1.0705677999999184
2018-06-15,2.2196015210487063
2018-06-18,-1.1102515999999991
2018-06-19,0.8608765999999946
2018-06-20,-0.5746605599999891
2018-06-21,-0.1811329600000136
2018-06-22,0.767337520000002
2018-06-25,-1.4341657999999933
2018-06-26,0.7846974966541123
2018-06-27,-1.5766274292355011
2018-06-28,1.214045179999987
2018-06-29,0.3627731199999953
2018-07-02,-0.7355903213005285
2018-07-03,3.029361763818921
2018-07-04,0.5643282799999809
2018-07-05,0.1121070400000071
2018-07-06,-0.28537680000000265
2018-07-09,0.10508690875793161
2018-07-10,1.7034831999999944
2018-07-11,0.3511479999999997
2018-07-12,1.0449261599999966
2018-07-13,0.7474868299620098
2018-07-16,0.4889061580273452
2018-07-17,-1.2100545579251698
2018-07-18,-0.13625335662207022
2018-07-19,-0.49609635000001323
2018-07-20,-1.9929477520385352
2018-07-23,0.09502591999999734
2018-07-24,1.0433673171779154
2018-07-25,0.8789464200000107
2018-07-26,-2.0289240744088706
2018-07-27,0.1712715877982179
2018-07-30,0.16511807999998643
2018-07-31,-0.8037859200798155
2018-08-01,-0.8224172116002277
2018-08-02,0.3383697530120131
2018-08-03,0.001000000000005275
2018-08-06,0.6164680115741655
2018-08-07,0.45579671647647535
2018-08-08,-0.20827924000001963
2018-08-09,-0.5464272399999976
2018-08-10,-0.011484402752995155
2018-08-13,-2.289079298123985
2018-08-14,0.8195880940547049
2018-08-15,-2.63050532054652
2018-08-16,0.1631630890370949
2018-08-17,0.3899640000000086
2018-08-20,0.8849698399999917
2018-08-21,0.8320998278859404
2018-08-22,1.9550108400000048
2018-08-23,-0.5609500799999904
2018-08-24,1.7594228852019755
2018-08-27,1.1424895999999964
2018-08-28,-1.931309599999994
2018-08-29,1.4275383399999912
2018-08-30,-2.1718019268128717
2018-08-31,-0.279929299999994
2018-09-03,-1.3614073000000007
2018-09-04,-0.04750000000000966
2018-09-05,-2.6367844399999845
2018-09-06,0.865580545952113
2018-09-07,-0.8235750000000053
2018-09-10,0.4006021600000081
2018-09-11,-0.3310838399999955
2018-09-12,0.7615324000000046
2018-09-13,4.821158229215815
2018-09-14,0.6176742415294391
2018-09-17,0.14129231999999567
2018-09-18,0.33193271999999446
2018-09-19,1.3286403399999946
2018-09-20,0.07400241832735208
2018-09-21,-2.2071985599999966
2018-09-24,-0.22891526173372354
2018-09-25,-0.6974331648444394
2018-09-26,-0.39717850920784586
2018-09-27,0.6975797627292969
2018-09-28,1.031054600000022
2018-10-01,0.4696486178939253
2018-10-02,-1.6795899278927857
2018-10-03,-2.312283669999989
2018-10-04,-0.5784488135240717
2018-10-05,0.9161448600000149
2018-10-08,-0.34369040000000217
2018-10-09,0.29105669999998507
2018-10-10,-0.815934399999987
2018-10-11,-1.9783943546155103
2018-10-12,-0.3983239224314341
2018-10-15,-0.9385504337937794
2018-10-16,0.24654693785853085
2018-10-17,-0.10928712999999866
2018-10-18,-0.8264689584790154
2018-10-19,-0.4627217685439112
2018-10-22,-0.5811060955018006
2018-10-23,-0.5073397500000338
2018-10-24,0.2100000000000119
2018-10-25,0.37237589999999293
2018-10-26,-0.8136994499999687
2018-10-29,-3.3856302251891357
2018-10-30,0.44884754293514645
2018-10-31,0.3331061754507396
2018-11-01,-0.11685735999999387
2018-11-02,-0.25226042000002535
2018-11-05,-0.12136407999998466
2018-11-06,0.20941857999998512
2018-11-07,0.8400509200000095
2018-11-08,-0.42427311999991685
2018-11-09,0.3980217999999041
2018-11-12,-0.6008032169800842
2018-11-13,0.5764603199999996
2018-11-14,-0.9378017199999927
2018-11-15,0.2936288177205885
2018-11-16,0.6218639999999737
2018-11-19,-0.12761388397393916
2018-11-20,-0.42328043999999926
2018-11-21,0.2983212907483568
2018-11-22,-0.19748703999995096
2018-11-23,0.28673995999993823
2018-11-26,0.30356036001537295
2018-11-27,0.26790639999999827
2018-11-28,0.35100000000000203
2018-11-29,-0.9396615038451157
2018-11-30,-1.1408886799999958
2018-12-03,0.48331653999999963
2018-12-04,-0.37720684000000654
2018-12-05,-0.28610962613893987
2018-12-06,0.07347030000000232
2018-12-07,0.17622359999999745
2018-12-10,-0.4266872999999992
2018-12-11,-0.292982864306888
2018-12-12,-0.1739360204440721
2018-12-13,0.03234300000000333
2018-12-14,0.21942383999999615
2018-12-17,0.29189510925756235
2018-12-18,0.1950753799999954
2018-12-19,-0.03131657942861598
2018-12-20,0.37087390042217605
2018-12-21,0.8062194844646886
2018-12-24,-0.08641066488351619
2018-12-25,0.3359999999999878
2018-12-26,0.4590000000000076
2018-12-27,-0.10243572752163191
2018-12-28,0.2419844536017738
2018-12-31,0.009935539267008412
2019-01-01,0.3175000000000032
2019-01-02,1.1130723512132037
2019-01-03,0.46863321858324253
2019-01-04,-1.0541136469235857
2019-01-07,-0.40813227488716475
2019-01-08,-0.5612954610948359
2019-01-09,0.6219369600000322
2019-01-10,0.5236574368802024
2019-01-11,0.7991844999999983
2019-01-14,0.6354378531824195
2019-01-15,-0.5857363600000631
2019-01-16,1.7335062908757357
2019-01-17,-0.8142085680784833
2019-01-18,-1.9849823599999914
2019-01-21,-0.10463551787342933
2019-01-22,0.004851840000019547
2019-01-23,0.9271708499999869
2019-01-24,0.3491048000000273
2019-01-25,-0.07298171018309763
2019-01-28,-0.297705517027998
2019-01-29,0.10308639999996684
2019-01-30,0.5623670399999976
2019-01-31,0.15912516563906676
2019-02-01,-0.10585871999998558
2019-02-04,-0.09634415323536177
2019-02-05,0.8397540487622006
2019-02-06,-0.3818074544507571
2019-02-07,0.17529277529480083
2019-02-08,0.5069848399999664
2019-02-11,-1.3543962000000076
2019-02-12,0.02715070000005259
2019-02-13,-1.5346319200000207
2019-02-14,1.167278454443556
2019-02-15,0.6786430420006143
2019-02-18,-0.06561436999999426
2019-02-19,0.9983106799999497
2019-02-20,-0.07524562565927347
2019-02-21,-0.9727026799999721
2019-02-22,0.47258237625707966
2019-02-25,0.474884637414413
2019-02-26,0.6938006975337531
2019-02-27,0.4225459099999969
2019-02-28,-0.5653303327939219
2019-03-01,-0.9045109356338392
2019-03-04,0.04701868572959097
2019-03-05,0.5856516818566379
2019-03-06,-0.8414439748478315
2019-03-07,-0.9363819895171586
2019-03-08,1.3264604600000358
2019-03-11,0.7765836799999659
2019-03-12,1.8469773599999788
2019-03-13,-0.34984904000000167
2019-03-14,0.5671522200000088
2019-03-15,1.2684599505861032
2019-03-18,0.8213079599999817
2019-03-19,1.3233737016938116
2019-03-20,0.9103470678917993
2019-03-21,-1.352344719999992
2019-03-22,-3.16641680000001
2019-03-25,0.964117958711123
2019-03-26,-0.1880652799997609
2019-03-27,-0.505589864159239
2019-03-28,0.9283275365549778
2019-03-29,2.5458093966675035
2019-04-01,1.4290330523697148
2019-04-02,-0.8199416000000285
2019-04-03,0.031188000000000875
2019-04-04,0.45885560000002334
2019-04-05,0.659913199999989
2019-04-08,0.5933643999999927
2019-04-09,-0.42448460891598633
2019-04-10,1.3725407999999806
2019-04-11,1.0009132000000251
2019-04-12,-0.05951224165558715
2019-04-15,-0.2858479999999948
2019-04-16,0.3387486574898769
2019-04-17,1.1559289999999725
2019-04-18,0.62243440206548
2019-04-19,0.8441072366591147
2019-04-22,-0.5061692370574035
2019-04-23,0.8062608000000528
2019-04-24,-1.2654947692075684
2019-04-25,1.278340799999998
2019-04-26,0.00342283435002498
2019-04-29,-1.0198904512179627
2019-04-30,1.3095408572688192
2019-05-01,-0.9445000000000408
2019-05-02,-2.2244271999997327
2019-05-03,3.572238799999719
2019-05-06,-0.1499929693128669
2019-05-07,-1.0783752000000062
2019-05-08,-3.2735608351787375
2019-05-09,-0.4728273875876216
2019-05-10,3.869977798023149
2019-05-13,-1.5379100000000248
2019-05-14,-1.4138924986751953
2019-05-15,-0.5615681586799603
2019-05-16,1.1221366817830838
2019-05-17,-2.728772008934826
2019-05-20,0.22715899999999456
2019-05-21,-0.5692679999999726
2019-05-22,0.07348582427232042
2019-05-23,-1.881515364020679
2019-05-24,1.6931115999999165
2019-05-27,-2.506106600000003
2019-05-28,-1.2774611312696775
2019-05-29,-2.2522438000000555
2019-05-30,1.4468466310239327
2019-05-31,-3.4773226563105077
2019-06-03,-0.505911206060766
2019-06-04,1.3920690696046745
2019-06-05,0.28130400000002553
2019-06-06,0.6339368000000369
2019-06-07,2.57040985645982
2019-06-10,0.5256730385326533
2019-06-11,0.2908451077940441
2019-06-12,-0.8882948000000602
2019-06-13,0.4526500676087614
2019-06-14,-0.7337730789229319
2019-06-17,0.03270463969340281
2019-06-18,2.0295561068808636
2019-06-19,0.99427123586086
2019-06-20,1.6699332513509448
2019-06-21,-2.007117940886098
2019-06-24,-0.10850000000015839
2019-06-25,-0.06325139999997495
2019-06-26,-0.4685939999999771
2019-06-27,0.27833399999994973
2019-06-28,1.4618780000000795
2019-07-01,1.3976471587037438
2019-07-02,2.162888342011924
2019-07-03,1.0771546574919604
2019-07-04,0.11932700000004179
2019-07-05,-2.776166210201525
2019-07-08,0.7771500000001965
2019-07-09,-1.7834039999999585
2019-07-10,0.11499200000001565
2019-07-11,-0.09499732746901864
2019-07-12,-1.122626000000136
2019-07-15,0.06978008463497364
2019-07-16,0.7960656000000288
2019-07-17,-0.43581680000019896
2019-07-18,1.0380259180938713
2019-07-19,-0.30388400000000093
2019-07-22,0.31112400000003765
2019-07-23,0.4650656953120018
2019-07-24,0.9687457999999586
2019-07-25,-0.0925859999999585
2019-07-26,0.9689365437433318
2019-07-29,-0.039848000000230345
2019-07-30,-1.818127999999775
2019-07-31,-0.2246061802178053
2019-08-01,0.8939620000002404
2019-08-02,-1.9247001093289373
2019-08-05,-4.516460162803715
2019-08-06,-0.08225840347927207
2019-08-07,-0.08824940906779055
2019-08-08,2.7324356849590052
2019-08-09,-2.336672605882611
2019-08-12,-0.8619878869990754
2019-08-13,3.642230374998297
2019-08-14,-2.7201216306053744
2019-08-15,1.6286051382851665
2019-08-16,0.9571437524110422
2019-08-19,0.0014819465070705536
2019-08-20,0.0943150507991664
2019-08-21,1.1422781713588326
2019-08-22,-1.007130599999804
2019-08-23,0.282151837936139
2019-08-26,0.45669079999987655
2019-08-27,-1.1759251999999318
2019-08-28,0.1523220703458255
2019-08-29,0.442929264987929
2019-08-30,0.23041000000003642
2019-09-02,-0.008265200000148559
2019-09-03,0.09302360000014201
2019-09-04,3.028852999999919
2019-09-05,0.0009381293968081343
2019-09-06,0.6264155999998459
2019-09-09,-0.6525555999998506
2019-09-10,0.06050183064721409
2019-09-11,-1.3809570286353632
2019-09-12,0.6734136292934529
2019-09-13,-2.659661933297187
2019-09-16,-0.2587220325379454
2019-09-17,-0.16809173678842304
2019-09-18,1.34180154361376
2019-09-19,-0.10495263920144172
2019-09-20,-0.10430671897501156
2019-09-23,0.0457475999998667
2019-09-24,0.0642588863317205
2019-09-25,-0.7187380000000348
2019-09-26,0.08929320000019411
2019-09-27,-0.1328962472124142
2019-09-30,0.2759200000000218
2019-10-01,-3.892734829581462
2019-10-02,-2.2512575999998568
2019-10-03,1.438259017792752
2019-10-04,2.6185688000000122
2019-10-07,0.04475660371132725
2019-10-08,-1.1114323999999913
2019-10-09,-0.45188274037467324
2019-10-10,0.47665035955589546
2019-10-11,0.1789917186898583
2019-10-14,0.38286212990714846
2019-10-15,1.5123343999998218
2019-10-16,0.11999680000015424
2019-10-17,0.44423065772449005
2019-10-18,0.5319971999999537
2019-10-21,0.0032804000000172437
2019-10-22,-0.20224286771269412
2019-10-23,0.11919921918031429
2019-10-24,0.6404459382515693
2019-10-25,0.4538454874745147
2019-10-28,-0.10116469830313274
2019-10-29,-1.0143368588703676
2019-10-30,0.145304841801064
2019-10-31,0.9125782004417664
2019-11-01,0.4407146712407893
2019-11-04,1.188436919999746
2019-11-05,-0.5522085744953438
2019-11-06,-0.5327956235725211
2019-11-07,1.602423859872495
2019-11-08,-0.4839227169286967
2019-11-11,-0.19400962998324817
2019-11-12,0.730616984676377
2019-11-13,-2.1271604369299335
2019-11-14,0.07284452147910264
2019-11-15,3.0366790171975824
2019-11-18,0.017454613757355443
2019-11-19,-1.1730527253348704
2019-11-20,-0.3216857699997273
2019-11-21,-0.891379940000302
2019-11-22,0.6623528054691246
2019-11-25,0.9389538985978624
2019-11-26,-0.2269174384412873
2019-11-27,0.08255055999999455
2019-11-28,-0.934394246310045
2019-11-29,-0.12497089999973597
2019-12-02,-2.2933197171514057
2019-12-03,-1.6943309543359832
2019-12-04,2.046541840000229
2019-12-05,1.1776632035308172
2019-12-06,2.3970212316025163
2019-12-09,-0.6707397005114928
2019-12-10,0.11910028446579482
2019-12-11,0.8918704999999922
2019-12-12,1.269378619610053
2019-12-13,0.9209039999999885
2019-12-16,0.024891560000019946
2019-12-17,-0.5053018137020127
2019-12-18,0.06518858999998858
2019-12-19,-0.4540000000002592
2019-12-20,0.7445028400002552
2019-12-23,-0.10630440586202372
2019-12-24,-0.015549969744546706
2019-12-25,0.07343384766323308
2019-12-26,0.10499999999996612
2019-12-27,1.3348223957157228
2019-12-30,-1.167940799999654
2019-12-31,-1.2060000000000466
2020-01-01,0.3030000000000284
2020-01-02,1.7053603199996759
2020-01-03,-0.9052630199999894
2020-01-06,0.026575399999997674
2020-01-07,1.788525722089943
2020-01-08,-0.790555129999655
2020-01-09,1.5731519299996417
2020-01-10,-0.14204599999963524
2020-01-13,0.1376198834552318
2020-01-14,-0.329219293677851
2020-01-15,0.6931648622670122
2020-01-16,1.7591271369664887
2020-01-17,1.4250213015391724
2020-01-20,-0.41124070999999585
2020-01-21,-0.6840715249465176
2020-01-22,-0.6929379999995918
2020-01-23,-0.9679417600000233
2020-01-24,0.2658233956902316
2020-01-27,-3.105420240000034
2020-01-28,1.7082719032337992
2020-01-29,2.237812367840627
2020-01-30,-0.575736840000015
2020-01-31,-4.009533733678569
2020-02-03,1.7298248800256015
2020-02-04,2.757076995743902
2020-02-05,1.5528638374372283
2020-02-06,1.8525782314792585
2020-02-07,-2.934022480000015
2020-02-10,0.7285132569853565
2020-02-11,1.3165972400000177
2020-02-12,0.561965520000009
2020-02-13,-0.2789117160761551
2020-02-14,1.5633219055577934
2020-02-17,0.5006798541755975
2020-02-18,-0.8853865930715681
2020-02-19,0.34132149000002265
2020-02-20,-0.37236764000037126
2020-02-21,-3.031944999999947
2020-02-24,-3.726968778043648
2020-02-25,-0.3100429618576325
2020-02-26,-3.12141471201588
2020-02-27,-2.8710209984733956
2020-02-28,-2.368292466822089
2020-03-02,-0.7323820466532818
2020-03-03,0.8474637963466988
2020-03-04,0.49166015743332897
2020-03-05,-1.3098978400001673
2020-03-06,-7.636207294598408
2020-03-09,-2.726741383715676
2020-03-10,-0.33960070830768413
2020-03-11,-1.1698368421067826
2020-03-12,-2.549278237095745
2020-03-13,-0.6607135211144917
2020-03-16,-1.4698623603133434
2020-03-17,-0.14650592005076155
2020-03-18,-1.5270288171706514
2020-03-19,-2.709272602634161
2020-03-20,2.7453815000000215
2020-03-23,0.1484343283192606
2020-03-24,-0.912992650000021
2020-03-25,-0.2653182718339675
2020-03-26,0.5485923999999764
2020-03-27,0.7259947199999977
2020-03-30,1.0531930700000245
2020-03-31,0.3207015499999938
2020-04-01,2.0001900096795344
2020-04-02,-0.3233780799999801
2020-04-03,-0.5354234339883355
2020-04-06,-0.43174999999998853
2020-04-07,-0.6687500000000071
2020-04-08,0.516749999999998
2020-04-09,-0.14149999999999635
2020-04-10,0.41224999999996453
2020-04-13,-0.1789495417516745
2020-04-14,0.7534047425832946
2020-04-15,1.7629393964817153
2020-04-16,0.471877186266231
2020-04-17,-0.3312500000000142
2020-04-20,1.5600000000000256
2020-04-21,1.0974999999999573
2020-04-22,-1.1737499999999574
2020-04-23,-0.5037500000000228
2020-04-24,0.5750000000000256
2020-04-27,1.5143006309226663
2020-04-28,0.03749999999997954
2020-04-29,-0.7237499999999728
2020-04-30,-0.4849999999999932
2020-05-01,0.17625000000003072
2020-05-04,0.38433047944712995
2020-05-05,-0.43624999999997216
2020-05-06,0.9149280059746623
2020-05-07,-0.2962499999999483
2020-05-08,-0.37125000000007163
2020-05-11,0.34375000000003186
2020-05-12,-0.3899999999999602
2020-05-13,1.1325
2020-05-14,0.3796742816502419
2020-05-15,-0.37306501324420227
2020-05-18,-0.11763823999996341
2020-05-19,-1.2478167600000092
2020-05-20,0.17439191999995918
2020-05-21,0.3804364000000409
2020-05-22,0.05259579093636909
2020-05-25,0.024736080000077557
2020-05-26,-0.564548440000077
2020-05-27,-0.16026251025284952
2020-05-28,-1.7678364600000465
2020-05-29,1.1091093433807475
2020-06-01,0.8429686099999588
2020-06-02,-0.7017773600000257
2020-06-03,-1.1665604599999329
2020-06-04,-1.990944100000077
2020-06-05,-2.255311646229752
2020-06-08,0.1648055183820245
2020-06-09,1.4091412499999771
2020-06-10,1.586951417012293
2020-06-11,-0.9350433199999059
2020-06-12,0.26784783829388853
2020-06-15,0.5040194600000723
2020-06-16,-0.5251541000000047
2020-06-17,0.29052080999992835
2020-06-18,-0.022771749999878736
2020-06-19,-0.5950462200000003
2020-06-22,0.9540214499999198
2020-06-23,1.517550250000041
2020-06-24,0.4564253299999272
2020-06-25,1.7913199000000017
2020-06-26,0.7316822500000444
2020-06-29,-2.0866507700000696
2020-06-30,-4.137040416841254
2020-07-01,-2.362870511812895
2020-07-02,1.6799715894187808
2020-07-03,-0.008991640000000127
2020-07-06,-0.14014430000000133
2020-07-07,0.2871629200000059
2020-07-08,-0.1398530619094848
2020-07-09,-0.12174877999995393
2020-07-10,1.5052454200000702
2020-07-13,1.2937839005246823
2020-07-14,0.5830841719199717
2020-07-15,0.15428064000000039
2020-07-16,-0.4081198000001197
2020-07-17,-0.6092394978998916
2020-07-20,0.8244018408075308
2020-07-21,0.7957702599999565
2020-07-22,-0.6690574799999555
2020-07-23,-0.2391311200000916
2020-07-24,-0.302786143048424
2020-07-27,0.21897975733411457
2020-07-28,0.9503514379998682
2020-07-29,0.7955198140826464
2020-07-30,-0.23523965999982982
2020-07-31,-0.3171732000000938
2020-08-03,-0.42020137929958995
2020-08-04,2.109660800000023
2020-08-05,-0.8014236799999628
2020-08-06,-0.18198772000010677
2020-08-07,0.05700527999998392
2020-08-10,-0.6122356000000556
2020-08-11,-0.5821010399999033
2020-08-12,-0.56756804101006
2020-08-13,-2.4358255891789726
2020-08-14,0.4455285208370817
2020-08-17,-0.9714461699999924
2020-08-18,0.6085553443899449
2020-08-19,0.47452043999999766
2020-08-20,0.237839600000059
2020-08-21,-0.15555347999994126
2020-08-24,-0.5545958177966315
2020-08-25,-1.560273920000082
2020-08-26,0.10660170000010738
2020-08-27,-1.9185617320072368
2020-08-28,1.1005193599998544
2020-08-31,-0.4611101999998126
2020-09-01,0.7064500649002758
2020-09-02,0.813431119999896
2020-09-03,-0.06596750999981586
2020-09-04,-1.3003154132136268
2020-09-07,0.1902646493216058
2020-09-08,-0.8384072399999921
2020-09-09,1.7329027799998435
2020-09-10,-1.0373627662856237
2020-09-11,0.304565799553731
2020-09-14,0.32925714748007634
2020-09-15,0.21594303999999273
2020-09-16,-0.32656854654023987
2020-09-17,-0.0723763000001193
2020-09-18,-1.616661638102498
2020-09-21,0.033337499999868216
2020-09-22,-0.7904677747998712
2020-09-23,-2.2371555400001917
2020-09-24,1.1668015974060844
2020-09-25,-0.37300312000005287
2020-09-28,-0.016196639999995387
2020-09-29,0.21383879999999672
2020-09-30,-1.1793589104242423
2020-10-01,0.1031434032070507
2020-10-02,0.4314676794349163
2020-10-05,-0.5584936799999135
2020-10-06,-0.622379400000099
2020-10-07,-0.41290969821431484
2020-10-08,0.4542082799999423
2020-10-09,0.18101840000005787
2020-10-12,0.5905098424274017
2020-10-13,-0.1257228030176087
2020-10-14,-0.2638528748506377
2020-10-15,-0.7377866199999565
2020-10-16,0.29158328000000133
2020-10-19,-0.8905386124092246
2020-10-20,0.043534299999997535
2020-10-21,-0.47839793547912796
2020-10-22,0.16854842999994493
2020-10-23,0.559001919999901
2020-10-26,-0.3335437954542333
2020-10-27,-0.13563137000005085
2020-10-28,-1.1210588299998978
2020-10-29,-0.8244274531862632
2020-10-30,0.11844340007542617
2020-11-02,-0.2261730906269105
2020-11-03,0.43536220999988656
2020-11-04,1.644300450000076
2020-11-05,0.4558798277505889
2020-11-06,-0.12385389950542594
2020-11-09,-0.4404839200000728
2020-11-10,-0.5284547699968943
2020-11-11,-0.25328046433969426
2020-11-12,0.21166531868202618
2020-11-13,0.4962766550004066
2020-11-16,0.3425567828937647
2020-11-17,0.3407345793460028
2020-11-18,-0.3931102200000051
2020-11-19,0.7762892165542653
2020-11-20,0.35135877207720173
2020-11-23,-0.16813392000000066
2020-11-24,0.5974021038352727
2020-11-25,0.3865267678674025
2020-11-26,-0.07383735000000081
2020-11-27,0.13954415154572192
2020-11-30,-0.9966252450359291
2020-12-01,-0.45394452000005114
2020-12-02,-0.11064664845464675
2020-12-03,0.13499234000000246
2020-12-04,-0.2170987100000546
2020-12-07,0.29279585877821324
2020-12-08,2.319121300000094
2020-12-09,-0.6749115600000941
2020-12-10,-0.5746012799999874
2020-12-11,-0.7288312883143564
2020-12-14,-0.4475994217591528
2020-12-15,1.9772071999999563
2020-12-16,0.34546240000003126
2020-12-17,0.5710905099999263
2020-12-18,-0.9380008800000017
2020-12-21,-1.2382173173973001
2020-12-22,-0.38543930067578386
2020-12-23,1.3689386710585025
2020-12-24,1.0587500000000043
2020-12-25,-0.005376780905363909
2020-12-28,-0.20957150000003977
2020-12-29,0.9328075735032902
2020-12-30,0.33160396000005776
2020-12-31,0.26927552998839477
2021-01-01,-0.0011905525329452239
2021-01-04,-0.4372970400001129
2021-01-05,0.7678402000000559
2021-01-06,0.9804583259902135
2021-01-07,-2.164576832077247
2021-01-08,-0.06412726939566678
2021-01-11,-1.411536941483103
2021-01-12,4.162654810000085
2021-01-13,-0.6967080444024493
2021-01-14,1.4303061671502917
2021-01-15,-0.24144459187952635
2021-01-18,0.46626677000000444
2021-01-19,0.06268640000005174
2021-01-20,0.029357099999901555
2021-01-21,-0.7424723199999554
2021-01-22,-2.985416419999949
2021-01-25,-0.42185503724459744
2021-01-26,1.6717625799999398
2021-01-27,-3.4271574499998976
2021-01-28,0.419041891254618
2021-01-29,-2.2848125290012815
2021-02-01,1.9380253920937027
2021-02-02,1.783125832701874
2021-02-03,-0.20857489316762917
2021-02-04,-0.2489725800001065
2021-02-05,1.118373900000045
2021-02-08,0.5416453395553543
2021-02-09,-0.16903772418248003
2021-02-10,-0.49001523999999164
2021-02-11,0.5799030399999986
2021-02-12,-0.4226171199998996
2021-02-15,0.329460822009519
2021-02-16,-1.6633258400001028
2021-02-17,0.4801448000001365
2021-02-18,-0.5268258140955022
2021-02-19,-0.5309419999999618
2021-02-22,-0.38158927000001686
2021-02-23,1.146571907272559
2021-02-24,1.285527269526531
2021-02-25,-6.332818372692939
2021-02-26,-0.029004948780179868
2021-03-01,2.1499169999999777
2021-03-02,1.4826351898936292
2021-03-03,-2.168252429811851
2021-03-04,-0.8938589999999657
2021-03-05,1.2947066999999548
2021-03-08,-0.44275784846332744
2021-03-09,2.50171868072264
2021-03-10,0.4453602986396853
2021-03-11,1.50047199999997
2021-03-12,-1.4552681633300515
2021-03-15,-0.039739370139229846
2021-03-16,0.1612938152789028
2021-03-17,0.8553764818704017
2021-03-18,-2.920781739999991
2021-03-19,0.10475796620045334
2021-03-22,0.22611756000000846
2021-03-23,-0.6435205999999913
2021-03-24,-0.19888592000000144
2021-03-25,0.7933262969429878
2021-03-26,1.1909933400000408
2021-03-29,-1.7642312586418294
2021-03-30,-0.9751174799999831
2021-03-31,5.938873373449948
2021-04-01,2.897415195917672
2021-04-02,-0.007080066086206986
2021-04-05,0.31124999999997394
2021-04-06,0.7336766600000317
2021-04-07,0.6291436259546068
2021-04-08,2.230427674056055
2021-04-09,-0.15513276000000883
2021-04-12,-0.5251105015464417
2021-04-13,2.2524807129333593
2021-04-14,0.3145387800000215
2021-04-15,2.2697117199999637
2021-04-16,1.4067647280067368
2021-04-19,-0.012233427501110743
2021-04-20,-1.3867000965781346
2021-04-21,3.071864680369044
2021-04-22,2.546083367275892
2021-04-23,0.791371699999971
2021-04-26,3.0189557499999986
2021-04-27,-2.5538593999999875
2021-04-28,-2.133660166608176
2021-04-29,-0.896884050000003
2021-04-30,0.57111309999999
2021-05-03,1.927220249999947
2021-05-04,0.5238016500000575
2021-05-05,5.4270680958815865
2021-05-06,4.605016331883848
2021-05-07,3.4727777030934552
2021-05-10,-4.308722599999968
2021-05-11,-2.086797250000004
2021-05-12,-6.4083864193367885
2021-05-13,-0.5906725797109937
2021-05-14,1.1757974007646201
2021-05-17,-1.037568853745748
2021-05-18,-0.3598555199999905
2021-05-19,-1.8967279099999317
2021-05-20,2.8274966399999815
2021-05-21,-0.2451597600000258
2021-05-24,0.8127852300000308
2021-05-25,-1.8830605672019083
2021-05-26,0.5892143999999996
2021-05-27,2.334410739999994
2021-05-28,-0.11174487133607289
2021-05-31,-0.45609299999999803
2021-06-01,2.7896083199999917
2021-06-02,0.5921702368892205
2021-06-03,-2.5386479355335942
2021-06-04,4.483845200000017
2021-06-07,1.7256415999999575
2021-06-08,1.692255845041398
2021-06-09,-0.20797959217240752
2021-06-10,1.9451392647589403
2021-06-11,-0.6535244999999771
2021-06-14,-3.2476742525270845
2021-06-15,-1.2630155325268253
2021-06-16,-3.8432491000000133
2021-06-17,-2.6956243218540905
2021-06-18,-0.8989413381548017
2021-06-21,1.701077980996068
2021-06-22,0.11734930297344713
2021-06-23,-1.2396279999999784
2021-06-24,2.391403549999995
2021-06-25,-0.9499578605202812
2021-06-28,1.3069027599999061
2021-06-29,0.21084298251976002
2021-06-30,1.4880264399999947
2021-07-01,0.131101099999968
2021-07-02,0.8611141943105486
2021-07-05,-0.01268076775670212
2021-07-06,-3.181001039999914
2021-07-07,0.8570577599999701
2021-07-08,-2.413102542617945
2021-07-09,1.1927295999999816
2021-07-12,1.8057568017179026
2021-07-13,-1.1545809699999565
2021-07-14,2.676971380000047
2021-07-15,-0.8314339017153274
2021-07-16,-0.7166548300000106
2021-07-19,-1.2740839999999616
2021-07-20,1.5244767383118456
2021-07-21,0.7540233274731581
2021-07-22,0.528516779999999
2021-07-23,-0.05947806999996431
2021-07-26,-0.19724832000000606
2021-07-27,0.20250591799017476
2021-07-28,0.7780692499999444
2021-07-29,0.6867150568662028
2021-07-30,-0.5594039100000195
2021-08-02,1.74632251999995
2021-08-03,0.41337779460221924
2021-08-04,-0.9805453243559245
2021-08-05,-0.03838559999998611
2021-08-06,-0.6169533200000517
2021-08-09,-0.6228810300000454
2021-08-10,-0.4825333943657357
2021-08-11,1.8676453799999415
2021-08-12,0.9389993825512453
2021-08-13,1.6004321677406275
2021-08-16,-0.35746376333185786
2021-08-17,-1.8320729714406148
2021-08-18,-1.3577059800000724
2021-08-19,-2.4298387599999307
2021-08-20,-1.1967724999999985
2021-08-23,1.3377509404400367
2021-08-24,0.1836945999999262
2021-08-25,-0.00497653999994136
2021-08-26,-1.5916196000000007
2021-08-27,3.1092843199999414
2021-08-30,-0.045220799999948574
2021-08-31,-0.679564480000042
2021-09-01,0.1947356199999978
2021-09-02,0.8072192800000766
2021-09-03,-0.9680557800000417
2021-09-06,0.938800513199995
2021-09-07,-2.972676959999977
2021-09-08,-0.6567642800000834
2021-09-09,0.3235378139971909
2021-09-10,-0.4014530400000962
2021-09-13,0.897860915791632
2021-09-14,0.6040945200000094
2021-09-15,0.6242258499999906
2021-09-16,-1.136734848016006
2021-09-17,-3.0575455799999625
2021-09-20,-3.3200967299999724
2021-09-21,1.675492758453466
2021-09-22,1.7033370651861564
2021-09-23,-0.49543404999994994
2021-09-24,-0.68368546112894
2021-09-27,0.03613962000006286
2021-09-28,-4.1737935729050815
2021-09-29,0.043862396236519385
2021-09-30,-0.5793980617719561
2021-10-01,1.9809944799999528
2021-10-04,-1.1568779933623825
2021-10-05,-0.144562199999941
2021-10-06,-0.4590781200000345
2021-10-07,-0.4600744800000548
2021-10-08,-1.1536935399999728
2021-10-11,-1.117967682310078
2021-10-12,0.1605777228839445
2021-10-13,0.8271613211059621
2021-10-14,1.6089465242685228
2021-10-15,0.5940193600000414
2021-10-18,-0.8660137131121118
2021-10-19,0.6876998038294545
2021-10-20,0.8551627800000484
2021-10-21,-1.576928716878359
2021-10-22,1.5812811199999868
2021-10-25,0.4326836805851825
2021-10-26,0.40506402533968494
2021-10-27,0.9248301099999698
2021-10-28,0.27061050000000864
2021-10-29,-0.3990024479122221
2021-11-01,-0.34786782345091194
2021-11-02,0.536012750000028
2021-11-03,0.6513252579728006
2021-11-04,0.6599959999999947
2021-11-05,1.1550060399999986
2021-11-08,-0.8696350977455786
2021-11-09,0.4459445148208372
2021-11-10,-2.1338777635202693
2021-11-11,0.21274143999999293
2021-11-12,1.5809451257498388
2021-11-15,-0.4347360346308467
2021-11-16,-0.6413247128494571
2021-11-17,0.9936910798267203
2021-11-18,-0.800823999999979
2021-11-19,-1.3157873400000089
2021-11-22,-1.615396000000007
2021-11-23,-1.3518380218238335
2021-11-24,-0.8339897199999871
2021-11-25,0.14615675748730245
2021-11-26,-7.002710970000023
2021-11-29,2.9882324775669256
2021-11-30,-1.527273597942187
2021-12-01,0.4400175999999868
2021-12-02,0.5860489200000183
2021-12-03,0.07397371999997931
2021-12-06,0.6854378079423635
2021-12-07,1.9080295000000036
2021-12-08,-0.28656232934695663
2021-12-09,-0.3999185789731532
2021-12-10,0.318365803138614
2021-12-13,-1.1885156600000055
2021-12-14,-0.5551256000000179
2021-12-15,0.4969445500000184
2021-12-16,1.9092509299999962
2021-12-17,-0.837652720000014
2021-12-20,-0.24189380000000366
2021-12-21,0.6763238299999522
2021-12-22,0.979726710000059
2021-12-23,0.553397539999944
2021-12-24,-0.007083100373790068
2021-12-27,0.6843059200000552
2021-12-28,-1.080036995286244
2021-12-29,0.635591599999955
2021-12-30,-0.6000151173961566
2021-12-31,0.031328674660209124
2022-01-03,-0.38339279999999465
2022-01-04,1.334263833199703
2022-01-05,-1.5417429999999737
2022-01-06,-0.06311225047962245
2022-01-07,0.9068696705657967
2022-01-10,-0.6806514869424987
2022-01-11,0.7476249133597784
2022-01-12,0.8946905031549421
2022-01-13,-0.8417407422526898
2022-01-14,0.3571235515640693
2022-01-17,0.21666449741952248
2022-01-18,-2.0185690900000024
2022-01-19,0.636388510000014
2022-01-20,-0.6224350000000125
2022-01-21,0.11190190000000648
2022-01-24,-0.8014468800000116
2022-01-25,-0.022985849999999083
2022-01-26,-0.3090552624339142
2022-01-27,-1.361776640000005
2022-01-28,0.6100488000000028
2022-01-31,3.2394524999999934
2022-02-01,1.7972273800000116
2022-02-02,-0.8987739200000109
2022-02-03,-2.5335969665525155
2022-02-04,0.5194293957629988
2022-02-07,2.4115627199999983
2022-02-08,0.34620143999999337
2022-02-09,3.164951200000008
2022-02-10,-2.2617309199999958
2022-02-11,0.8545481399999915
2022-02-14,1.5810923999999955
2022-02-15,-0.6871749126668926
2022-02-16,1.7875146288198294
2022-02-17,-0.9143458000000101
2022-02-18,0.6573370313287623
2022-02-21,-2.4638594999999976
2022-02-22,3.210913962611349
2022-02-23,0.6008326697607402
2022-02-24,-2.845723404149172
2022-02-25,-3.500295463373548
2022-02-28,3.7721890798189546
2022-03-01,0.4136840549053676
2022-03-02,-0.5646472000000041
2022-03-03,-0.42943152999998907
2022-03-04,-2.0166321199999993
2022-03-07,-1.6017494422221754
2022-03-08,0.7482715895001945
2022-03-09,1.3535232395800088
2022-03-10,1.0216146971837965
2022-03-11,0.8722593599999892
2022-03-14,-0.7466795080669331
2022-03-15,0.4971743200000054
2022-03-16,-1.7685732900000024
2022-03-17,2.3546677136611
2022-03-18,0.909985299999995
2022-03-21,2.4898796500000104
2022-03-22,0.8310181727809983
2022-03-23,0.377491428773346
2022-03-24,0.19980684000000723
2022-03-25,0.4859847279312685
2022-03-28,-1.2296791365742965
2022-03-29,-0.1996665887049055
2022-03-30,0.6800913799999964
2022-03-31,3.19835818392171
2022-04-01,0.5506730799999767
2022-04-04,1.861171414422251
2022-04-05,-0.10274755999999322
2022-04-06,-1.3402495200000029
2022-04-07,0.854957936030603
2022-04-08,1.5650010500000002
2022-04-11,0.9787941000000002
2022-04-12,1.9680992772781831
2022-04-13,0.6552636557867121
2022-04-14,-0.891839040000044
2022-04-15,-0.011193266147892584
2022-04-18,2.930500000000039
2022-04-19,-1.062383119999961
2022-04-20,0.2606518799999223
2022-04-21,-1.867130699414534
2022-04-22,-2.948692500000045
2022-04-25,1.1155121000000492
2022-04-26,-0.4403320000000101
2022-04-27,1.999555799999991
2022-04-28,-0.2541130999999415
2022-04-29,0.6184104396732041
2022-05-02,-1.215995599999976
2022-05-03,0.3677368972300146
2022-05-04,1.2402012500000115
2022-05-05,-0.6361720567570491
2022-05-06,-1.0627487278334418
2022-05-09,-3.919460950000071
2022-05-10,1.0334368500000082
2022-05-11,2.48772875000001
2022-05-12,2.250640849999984
2022-05-13,0.7349645000000135
2022-05-16,2.454419307788896
2022-05-17,0.6473699019792433
2022-05-18,-3.8041455999999916
2022-05-19,0.026143100000071275
2022-05-20,-0.25419080000005356
2022-05-23,1.073941243968436
2022-05-24,-2.1533667500000373
2022-05-25,-0.31526633472658677
2022-05-26,-0.03868489999999329
2022-05-27,2.986596250000005
2022-05-30,0.11470774999999578
2022-05-31,-2.3827063649753137
2022-06-01,-2.1466102499999415
2022-06-02,1.64702003808488
2022-06-03,-0.5912484999999991
2022-06-06,2.3123659999999475
2022-06-07,0.7546843218497185
2022-06-08,0.5737525312863277
2022-06-09,-0.6581509000000226
2022-06-10,-1.3578782999999814
2022-06-13,-3.0623343722965064
2022-06-14,0.07476635057887542
2022-06-15,0.8345024597506591
2022-06-16,-0.19372456390248458
2022-06-17,0.16192705000000665
2022-06-20,0.4555050000000095
2022-06-21,-2.467140500000008
2022-06-22,-1.1725368000000016
2022-06-23,-4.686926749999995
2022-06-24,3.277821578419482
2022-06-27,-1.5183642500000005
2022-06-28,-0.9831885761912083
2022-06-29,-0.6310597500000176
2022-06-30,-2.2538363999999818
2022-07-01,-2.424246134184121
2022-07-04,-0.15400000000000136
2022-07-05,-3.517563049999993
2022-07-06,0.5577133128797188
2022-07-07,1.565401250000037
2022-07-08,1.8683610999999969
2022-07-11,-1.7936646000000007
2022-07-12,-2.4908517500000125
2022-07-13,0.9300644099514069
2022-07-14,-0.011008982394115253
2022-07-15,-1.3455351832211817
2022-07-18,3.2783110000000035
2022-07-19,-0.23613819076418324
2022-07-20,-0.16923649999999496
2022-07-21,-1.2534720000000066
2022-07-22,-0.3724217500000135
2022-07-25,0.9107812395591323
2022-07-26,0.34907389999999366
2022-07-27,0.35618319999999126
2022-07-28,0.781077300000023
2022-07-29,-0.3007639000000097
2022-08-01,-0.35654299999999334
2022-08-02,-1.6022321347865125
2022-08-03,1.3818952500000072
2022-08-04,0.7562992499999958
2022-08-05,-0.29814714999999814
2022-08-08,0.7674325999999912
2022-08-09,0.021585991731114012
2022-08-10,1.0627231999999989
2022-08-11,0.5168020000000016
2022-08-12,0.8434879529856304
2022-08-15,-0.3844201125887732
2022-08-16,-0.5143519771886507
2022-08-17,-0.6356237499999982
2022-08-18,-0.46916681868652615
2022-08-19,-0.5422065999999985
2022-08-22,-0.13124400000000622
2022-08-23,1.3211368000000012
2022-08-24,0.7235810999999986
2022-08-25,-0.1249999999999939
2022-08-26,-0.5202200076739878
2022-08-29,0.09964119999997156
2022-08-30,-0.9044318546460982
2022-08-31,-0.23088119999998943
2022-09-01,-1.1144085556816195
2022-09-02,2.0276591108506707
2022-09-05,-0.12990390986818343
2022-09-06,0.23917699999998737
2022-09-07,0.18621575000000443
2022-09-08,0.5653077499999914
2022-09-09,1.1351797500000047
2022-09-12,0.6788359528029982
2022-09-13,-1.0467781786637036
2022-09-14,0.23591124999999838
2022-09-15,-0.5787333774861765
2022-09-16,-0.06882652225103972
2022-09-19,1.1246070000000177
2022-09-20,1.0742214999999735
2022-09-21,0.11323880733351133
2022-09-22,1.065253007273884
2022-09-23,-2.6494897499999803
2022-09-26,0.5278659999999517
2022-09-27,0.5645686313159115
2022-09-28,-0.06606191440931741
2022-09-29,0.09005419228401289
2022-09-30,1.2020912065634948
2022-10-03,-0.5912459500000278
2022-10-04,-0.18678844999996555
2022-10-05,0.5871554999999625
2022-10-06,-0.5512400499999748
2022-10-07,1.637437499999978
2022-10-10,1.4580029000000079
2022-10-11,-0.9545735500000017
2022-10-12,0.3013272202142194
2022-10-13,0.4544224998370776
2022-10-14,-0.9444877000000128
2022-10-17,-0.410747799999977
2022-10-18,-0.5302763570947153
2022-10-19,0.09456170000000924
2022-10-20,1.5865069999999706
2022-10-21,0.4309615000000158
2022-10-24,-0.3167741000000006
2022-10-25,-0.14898186813047118
2022-10-26,-1.1666614999999978
2022-10-27,-0.07661209999996933
2022-10-28,1.1481222515149994
2022-10-31,1.069799367201716
2022-11-01,1.4302408352400608
2022-11-02,0.19596286027205823
2022-11-03,-0.4665718871619003
2022-11-04,1.2110098600056114
2022-11-07,0.7420370286133977
2022-11-08,-2.3669841064137622
2022-11-09,-1.3339717248115748
2022-11-10,-1.1136109999999821
2022-11-11,-0.8868575748514588
2022-11-14,1.5932899679985317
2022-11-15,0.1456475907119858
2022-11-16,-0.29404788090913425
2022-11-17,-0.7669745499999875
2022-11-18,0.5453123047846097
2022-11-21,-1.076937999999976
2022-11-22,0.9687622820205272
2022-11-23,0.9804250181102977
2022-11-24,0.1450566804403587
2022-11-25,0.5149308747848488
2022-11-28,-0.3936639999999854
2022-11-29,1.1888836240570397
2022-11-30,-1.9120877000000012
2022-12-01,1.0352330486744925
2022-12-02,-2.6499704999999896
2022-12-05,-2.624979293131232
2022-12-06,-1.1862349538133836
2022-12-07,0.6718801999999935
2022-12-08,0.6864383671669081
2022-12-09,-0.41646655000000143
2022-12-12,-0.7102803808733449
2022-12-13,3.151582899999988
2022-12-14,-0.8992765371013397
2022-12-15,-2.950433200000013
2022-12-16,-1.290581735387651
2022-12-19,1.2134198000000087
2022-12-20,0.3843027618583008
2022-12-21,2.788201999999996
2022-12-22,-0.31987430534028405
2022-12-23,1.5805232000000056
2022-12-26,0.0
2022-12-27,0.3940043999999985
2022-12-28,0.799570199999993
2022-12-29,0.9753452000000078
2022-12-30,-1.861600000000004
2023-01-02,1.1543227291416163
2023-01-03,0.11447069104096563
2023-01-04,-0.6824767999999984
2023-01-05,0.39128511623851464
2023-01-06,1.4958317999999977
2023-01-09,0.5739939999999967
2023-01-10,0.36782201218978816
2023-01-11,1.0604225999999823
2023-01-12,2.0451222250961854
2023-01-13,1.6294288896228388
2023-01-16,-0.1465173222536278
2023-01-17,1.1357225292655595
2023-01-18,-2.7028712000000086
2023-01-19,-2.807319999999994
2023-01-20,2.0577883471003826
2023-01-23,0.3362124000000132
2023-01-24,0.8412939999999918
2023-01-25,-0.30531039999999177
2023-01-26,0.9990355999999861
2023-01-27,0.5441218700044516
2023-01-30,-0.20019200000001808
2023-01-31,-0.17165499999999045
2023-02-01,2.0962771969303806
2023-02-02,1.204316465082021
2023-02-03,-2.2091236000000025
2023-02-06,-2.408200177440577
2023-02-07,1.8255002000000222
2023-02-08,-0.14366192998981397
2023-02-09,2.1119874999999944
2023-02-10,-0.1725770000000013
2023-02-13,1.4452816000000086
2023-02-14,1.6162300999999946
2023-02-15,-0.25626158013508826
2023-02-16,1.1559371999999992
2023-02-17,0.49285759853483974
2023-02-20,-0.19678799999999932
2023-02-21,-1.140314200000016
2023-02-22,-0.07230610000000788
2023-02-23,0.03862830000000536
2023-02-24,-2.3706646999999945
2023-02-27,1.0336104000000053
2023-02-28,0.2932944691858064
2023-03-01,1.3348459999999802
2023-03-02,1.3679347426172266
2023-03-03,2.661517800000003
2023-03-06,-0.3156231999999993
2023-03-07,-2.065747000000004
2023-03-08,1.1868978000000072
2023-03-09,-2.462354587935193
2023-03-10,-7.52451899999999
2023-03-13,-8.277027244186366
2023-03-14,5.309251398071069
2023-03-15,-7.513278558662755
2023-03-16,3.8266606391216933
2023-03-17,-2.1027913250935257
2023-03-20,1.3590747000000112
2023-03-21,2.359892500000005
2023-03-22,-0.3431245000000204
2023-03-23,-1.1223154145535599
2023-03-24,0.09669000000000115
2023-03-27,2.433200566458036
2023-03-28,1.0819713662249486
2023-03-29,1.4091389999999993
2023-03-30,0.7668695999999973
2023-03-31,0.24170062877157222
2023-04-03,-0.6040555999999911
2023-04-04,-0.7904996000000007
2023-04-05,-1.6025325714057201
2023-04-06,0.6522299999999986
2023-04-07,0.0
2023-04-10,1.154499999999999
2023-04-11,0.19025360000000735
2023-04-12,0.3861760000000018
2023-04-13,0.9827879999999933
2023-04-14,0.5209420269812155
2023-04-17,0.7274197900014994
2023-04-18,0.24290709999999852
2023-04-19,-0.5273227267005633
2023-04-20,-0.3111844000000098
2023-04-21,-0.12910772694318268
2023-04-24,-0.08595920759152062
2023-04-25,-1.2349509369357101
2023-04-26,-1.3458300000000027
2023-04-27,0.9320558000000126
2023-04-28,-0.04934635877968186
2023-05-01,0.7907780891340744
2023-05-02,-2.194626999999999
2023-05-03,1.1012960000000034
2023-05-04,-0.18291524473510748
2023-05-05,3.4377769344358176
2023-05-08,-0.12608360000000732
2023-05-09,-0.6977892261444152
2023-05-10,1.9660199999999965
2023-05-11,-0.3447428741808698
2023-05-12,0.36938053964642115
2023-05-15,2.0208076999999847
2023-05-16,-0.452354231015887
2023-05-17,-0.958750885343394
2023-05-18,0.09709746524706879
2023-05-19,-0.279562399999999
2023-05-22,-0.8312273845617002
2023-05-23,-1.7918649492119267
2023-05-24,0.027773000000012506
2023-05-25,0.14084212869674337
2023-05-26,3.920118699999989
2023-05-29,0.43216253307007063
2023-05-30,-1.2010476000000032
2023-05-31,-1.9542779999999866
2023-06-01,2.6376847943214727
2023-06-02,1.5671877450345961
2023-06-05,0.6576206021816998
2023-06-06,1.4169839999999898
2023-06-07,0.6341460000000028
2023-06-08,-0.03685440000000817
2023-06-09,0.8496928000000062
2023-06-12,0.4675504068819577
2023-06-13,1.6778897999999811
2023-06-14,1.778047600000016
2023-06-15,-0.364598218287298
2023-06-16,1.3762686000000024
2023-06-19,-0.46599229849519347
2023-06-20,-2.0653216000000088
2023-06-21,1.877899600000005
2023-06-22,-0.921790000000002
2023-06-23,-1.411905999999994
2023-06-26,0.9013047999999804
2023-06-27,0.8282864000000183
2023-06-28,0.007105076172722632
2023-06-29,0.2713432000000077
2023-06-30,0.32839600994873686
2023-07-03,0.9951600411408754
2023-07-04,-0.2833622408655526
2023-07-05,0.1406248000000022
2023-07-06,-4.710201616059944
2023-07-07,1.9602342061127185
2023-07-10,0.7686232000000222
2023-07-11,0.5024535999999863
2023-07-12,1.3661222999999947
2023-07-13,0.5297410000000127
2023-07-14,1.592120465945942
2023-07-17,-0.18305669166063906
2023-07-18,-0.25342599999998944
2023-07-19,0.20299439999999394
2023-07-20,-1.1145799999999977
2023-07-21,-1.0137280000000113
2023-07-24,2.177258000000014
2023-07-25,-1.1257824735990116
2023-07-26,0.36840970776213783
2023-07-27,1.6148385999999875
2023-07-28,1.9438463999999978
2023-07-31,-0.7042961999999793
2023-08-01,-2.0206116000000134
2023-08-02,-2.1367422000000036
2023-08-03,-3.329750154117237
2023-08-04,2.388706681511956
2023-08-07,0.3564140673619996
2023-08-08,-1.6728730000000003
2023-08-09,1.259677999999993
2023-08-10,0.831329599999995
2023-08-11,0.8235714000000178
2023-08-14,-0.04181485603114539
2023-08-15,-1.062441599999997
2023-08-16,0.3367723196580204
2023-08-17,-0.254602399999994
2023-08-18,0.1468319999999956
2023-08-21,1.3393364059685127
2023-08-22,1.2808763693197955
2023-08-23,0.4192674
2023-08-24,-0.37708478232500137
2023-08-25,0.9418575000000041
2023-08-28,-0.11532391821680865
2023-08-29,-0.07291199999998516
2023-08-30,0.4563291999999842
2023-08-31,-2.79270372460212
2023-09-01,-0.030797634688368866
2023-09-04,-1.0335807999999982
2023-09-05,-1.4795376000000084
2023-09-06,-1.5346806620283353
2023-09-07,-0.7853412000000024
2023-09-08,1.1354728218976877
2023-09-11,3.0071561999999994
2023-09-12,0.5996887001008276
2023-09-13,0.2330498052407554
2023-09-14,1.2999604000000164
2023-09-15,0.7664095999999885
2023-09-18,-0.857774800000026
2023-09-19,1.059642597155675
2023-09-20,1.1837509375774677
2023-09-21,-1.1453363925648128
2023-09-22,-0.4959039999999918
2023-09-25,-1.9797163999997487
2023-09-26,-1.1031975432146677
2023-09-27,-1.3770232000000173
2023-09-28,0.6964658453489189
2023-09-29,2.2871026675216077
2023-10-02,-2.069072509890054
2023-10-03,-1.0677149549280285
2023-10-04,-1.0773982097003036
2023-10-05,-1.7299511879312282
2023-10-06,1.4633340000000163
2023-10-09,-2.3444964000002027
2023-10-10,2.0709810000000166
2023-10-11,0.3198670807520309
2023-10-12,0.20205759999979622
2023-10-13,-1.4650396688016847
2023-10-16,1.7402463304575886
2023-10-17,0.9101640000000027
2023-10-18,-1.1983519999999883
2023-10-19,-0.06996228932548128
2023-10-20,-0.6430282000000038
2023-10-23,0.3608482110960488
2023-10-24,-0.17355882520497204
2023-10-25,0.6910077000000009
2023-10-26,-0.10420190000002905
2023-10-27,0.05380000000002419
2023-10-30,0.6506679999999758
2023-10-31,0.748535999999875
2023-11-01,-0.8770770775014536
2023-11-02,1.3602512385539984
2023-11-03,-0.283144800000018
2023-11-06,0.22458800000000945
2023-11-07,0.18215820000000651
2023-11-08,-0.8979256000000062
2023-11-09,-0.16368320000000022
2023-11-10,1.2964054217310816
2023-11-13,-0.3170521017505118
2023-11-14,-0.4075984999999983
2023-11-15,1.0193251761975657
2023-11-16,-0.4682598858002991
2023-11-17,0.2913413960816149
2023-11-20,0.914150399999997
2023-11-21,-0.84080637232956
2023-11-22,0.39641799999999966
2023-11-23,-0.08045731358241182
2023-11-24,0.9303727848492215
2023-11-27,-0.23998516000001313
2023-11-28,-0.4680167144725634
2023-11-29,-1.2245962548822966
2023-11-30,-1.0505920200000047
2023-12-01,1.1850947668561558
2023-12-04,-2.1614474278719813
2023-12-05,0.4927201373639722
2023-12-06,1.0353453345119914
2023-12-07,-1.6974640998343544
2023-12-08,1.6480610599997816
2023-12-11,0.0935869433912446
2023-12-12,0.6939307361960668
2023-12-13,0.4138492023451562
2023-12-14,0.18023422454852298
2023-12-15,-0.39988464907441634
2023-12-18,0.1816723471762741
2023-12-19,1.1925081600000014
2023-12-20,-0.637289789819536
2023-12-21,0.1153651424646965
2023-12-22,0.22090850905252182
2023-12-25,0.0
2023-12-26,0.05474999999999427
2023-12-27,1.0373170800002447
2023-12-28,-0.09302671850548778
2023-12-29,-0.16595773361756816
2024-01-01,0.0
2024-01-02,-0.067344359999987
2024-01-03,-1.0723436400000033
2024-01-04,0.6169693627366081
2024-01-05,2.0272245809503997
2024-01-08,1.857341200000014
2024-01-09,-1.8443833999999961
2024-01-10,0.202245980000303
2024-01-11,0.5933326904280517
2024-01-12,1.8747018131557371
2024-01-15,-0.36001443999999827
2024-01-16,-2.7699859140791028
2024-01-17,-0.5370356127564088
2024-01-18,1.0238702336070713
2024-01-19,0.8821808156509501
2024-01-22,-0.11972404364612407
2024-01-23,-1.1784236500002327
2024-01-24,1.4371744999999752
2024-01-25,0.11366112000000957
2024-01-26,1.7340805600000178
2024-01-29,-0.4162629200000078
2024-01-30,-0.1312255298433241
2024-01-31,-0.47407658698679606
2024-02-01,0.6641310600002641
2024-02-02,0.14250599999998756
2024-02-05,0.13704697495787044
2024-02-06,1.0649791600002623
2024-02-07,0.2918130851795497
2024-02-08,-0.017125520000291362
2024-02-09,1.5738638797379492
2024-02-12,-0.014333139999995251
2024-02-13,-2.3876919837630775
2024-02-14,2.5198739200002858
2024-02-15,2.4113416754588393
2024-02-16,0.45289144981407065
2024-02-19,0.10763549999999716
2024-02-20,-1.5151485242826987
2024-02-21,1.9515843600000011
2024-02-22,1.403672230990071
2024-02-23,0.7405589599997
2024-02-26,-0.8293573121023962
2024-02-27,0.385318780000306
2024-02-28,-1.534093060000319
2024-02-29,0.7717616071899988
2024-03-01,1.4449147000003393
2024-03-04,0.18676892999999975
2024-03-05,0.14438592287051574
2024-03-06,0.5116471899999946
2024-03-07,0.044898419989280895
2024-03-08,-0.45931056766342715
2024-03-11,-1.2891875200000007
2024-03-12,2.0523934099999956
2024-03-13,2.25834669
2024-03-14,0.22230648000000516
2024-03-15,-0.4627426792108015
2024-03-18,-1.655777741756655
2024-03-19,0.4536524000000012
2024-03-20,1.8040641400000081
2024-03-21,-0.05389912535340347
2024-03-22,-0.36368153999998126
2024-03-25,1.9738690599999869
2024-03-26,2.3156514799999948
2024-03-27,2.641551849999995
2024-03-28,-3.4735285843999777
