,carry_seasonal
1972-10-18,0.0
1972-10-19,0.0
1972-10-20,0.0
1972-10-23,0.0
1972-10-24,0.0
1972-10-25,0.0
1972-10-26,0.0
1972-10-27,0.0
1972-10-30,0.0
1972-10-31,0.0
1972-11-01,0.0
1972-11-02,0.0
1972-11-03,-0.046799999999998364
1972-11-06,-0.5480000000000018
1972-11-07,0.0
1972-11-08,0.48
1972-11-09,-0.13
1972-11-10,-0.27
1972-11-13,1.5720000000000027
1972-11-14,-0.2368000000000029
1972-11-15,0.96
1972-11-16,-1.155
1972-11-17,0.17
1972-11-20,-1.225
1972-11-21,0.6438000000000034
1972-11-22,-0.185
1972-11-23,0.0
1972-11-24,1.1315999999999962
1972-11-27,1.26
1972-11-28,-1.1
1972-11-29,-1.916999999999996
1972-11-30,2.649599999999996
1972-12-01,2.53
1972-12-04,5.29
1972-12-05,0.46
1972-12-06,-2.58
1972-12-07,1.075
1972-12-08,2.15
1972-12-11,-2.15
1972-12-12,0.86
1972-12-13,-2.15
1972-12-14,-0.44
1972-12-15,-1.1
1972-12-18,-5.4
1972-12-19,0.92
1972-12-20,3.483000000000004
1972-12-21,1.0169999999999961
1972-12-22,-2.15
1972-12-25,0.0
1972-12-26,0.43
1972-12-27,-0.11179999999999608
1972-12-28,0.0
1972-12-29,1.935
1973-01-01,0.0
1973-01-02,-1.935
1973-01-03,0.3267999999999961
1973-01-04,-2.15
1973-01-05,-1.29
1973-01-08,-2.15
1973-01-09,1.72
1973-01-10,1.29
1973-01-11,-4.515
1973-01-12,-0.645
1973-01-15,0.0
1973-01-16,2.038200000000004
1973-01-17,-1.393200000000004
1973-01-18,-0.42
1973-01-19,0.63
1973-01-22,0.63
1973-01-23,1.68
1973-01-24,0.63
1973-01-25,0.0
1973-01-26,-2.73
1973-01-29,-0.63
1973-01-30,-0.42
1973-01-31,0.42
1973-02-01,-1.89
1973-02-02,1.68
1973-02-05,1.26
1973-02-06,-1.47
1973-02-07,-0.42
1973-02-08,0.0
1973-02-09,1.05
1973-02-12,2.73
1973-02-13,1.05
1973-02-14,-2.209199999999996
1973-02-15,0.5291999999999961
1973-02-16,1.05
1973-02-19,0.0
1973-02-20,0.88
1973-02-21,4.4
1973-02-22,1.8
1973-02-23,-2.475
1973-02-26,-0.96
1973-02-27,-0.72
1973-02-28,1.53
1973-03-01,5.2
1973-03-02,-2.16
1973-03-05,2.559600000000005
1973-03-06,0.14039999999999508
1973-03-07,0.55
1973-03-08,-3.48
1973-03-09,0.93
1973-03-12,-3.1
1973-03-13,-0.62
1973-03-14,1.55
1973-03-15,1.24
1973-03-16,0.315
1973-03-19,-2.275
1973-03-20,1.005
1973-03-21,0.335
1973-03-22,4.14
1973-03-23,-2.485
1973-03-26,-1.065
1973-03-27,-2.485
1973-03-28,3.0528000000000066
1973-03-29,0.18719999999999345
1973-03-30,0.72
1973-04-02,8.03
1973-04-03,-3.0
1973-04-04,2.25
1973-04-05,-2.069999999999993
1973-04-06,-1.125
1973-04-09,5.25
1973-04-10,-2.055000000000007
1973-04-11,-0.9449999999999932
1973-04-12,2.25
1973-04-13,0.19499999999999318
1973-04-16,2.625
1973-04-17,-1.14
1973-04-18,4.68
1973-04-19,1.185
1973-04-20,0.0
1973-04-23,4.1
1973-04-24,-3.69
1973-04-25,6.72
1973-04-26,-6.3
1973-04-27,-0.84
1973-04-30,8.3
1973-05-01,7.885
1973-05-02,-5.46
1973-05-03,4.94
1973-05-04,-0.365
1973-05-07,6.205
1973-05-08,1.825
1973-05-09,0.73
1973-05-10,-8.76
1973-05-11,0.77
1973-05-14,2.92
1973-05-15,0.365
1973-05-16,-3.65
1973-05-17,-1.095
1973-05-18,6.205
1973-05-21,11.315
1973-05-22,1.825
1973-05-23,1.05
1973-05-24,1.75
1973-05-25,11.55
1973-05-28,0.0
1973-05-29,11.84
1973-05-30,-11.1
1973-05-31,3.7
1973-06-01,6.6
1973-06-04,13.53
1973-06-05,13.2
1973-06-06,-12.8
1973-06-07,-12.0
1973-06-08,4.16
1973-06-11,9.042800000000003
1973-06-12,2.0021999999999958
1973-06-13,-2.82
1973-06-14,-9.165
1973-06-15,-7.285
1973-06-18,8.97
1973-06-19,3.74
1973-06-20,-5.88
1973-06-21,5.46
1973-06-22,-5.46
1973-06-25,1.89
1973-06-26,-6.3
1973-06-27,-0.63
1973-06-28,-8.299199999999995
1973-06-29,5.779199999999996
1973-07-02,8.2
1973-07-03,0.585
1973-07-04,0.0
1973-07-05,-7.03
1973-07-06,1.85
1973-07-09,0.925
1973-07-10,-3.33
1973-07-11,7.673800000000003
1973-07-12,1.2061999999999968
1973-07-13,4.44
1973-07-16,6.29
1973-07-17,-3.885
1973-07-18,1.11
1973-07-19,7.77
1973-07-20,7.4
1973-07-23,5.92
1973-07-24,-3.7
1973-07-25,6.84
1973-07-26,4.68
1973-07-27,-8.0
1973-07-30,8.61
1973-07-31,8.2
1973-08-01,-2.87
1973-08-02,-1.23
1973-08-03,7.79
1973-08-06,8.2
1973-08-07,8.2
1973-08-08,7.79
1973-08-09,-2.05
1973-08-10,7.79
1973-08-13,8.2
1973-08-14,8.2
1973-08-15,-8.2
1973-08-16,-8.2
1973-08-17,-1.2
1973-08-20,-3.8
1973-08-21,-7.22
1973-08-22,-7.6
1973-08-23,-7.4
1973-08-24,7.2
1973-08-27,-7.38
1973-08-28,-7.0
1973-08-29,0.525
1973-08-30,-8.16
1973-08-31,0.68
1973-09-03,0.0
1973-09-04,-5.78
1973-09-05,-6.8
1973-09-06,3.74
1973-09-07,7.26
1973-09-10,-2.31
1973-09-11,2.79
1973-09-12,-5.735
1973-09-13,1.395
1973-09-14,5.1
1973-09-17,6.15
1973-09-18,-6.0
1973-09-19,-0.435
1973-09-20,0.84
1973-09-21,-1.4
1973-09-24,5.88
1973-09-25,1.4
1973-09-26,-5.04
1973-09-27,-0.84
1973-09-28,1.12
1973-10-01,-2.52
1973-10-02,-3.36
1973-10-03,5.32
1973-10-04,-4.48
1973-10-05,0.84
1973-10-08,0.0
1973-10-09,5.88
1973-10-10,4.2
1973-10-11,0.56
1973-10-12,-5.88
1973-10-15,-5.6
1973-10-16,-1.82
1973-10-17,2.94
1973-10-18,0.28
1973-10-19,-1.96
1973-10-22,-2.24
1973-10-23,0.0
1973-10-24,0.84
1973-10-25,2.8
1973-10-26,-3.64
1973-10-29,-5.6
1973-10-30,0.0
1973-10-31,1.4
1973-11-01,0.84
1973-11-02,-0.28
1973-11-05,1.4
1973-11-06,-1.82
1973-11-07,0.435
1973-11-08,0.725
1973-11-09,0.15
1973-11-12,3.6
1973-11-13,1.085
1973-11-14,-1.24
1973-11-15,0.48
1973-11-16,0.33
1973-11-19,2.1
1973-11-20,7.2
1973-11-21,3.04
1973-11-22,0.0
1973-11-23,-1.52
1973-11-26,-6.84
1973-11-27,0.38
1973-11-28,7.6
1973-11-29,2.66
1973-11-30,-1.9
1973-12-03,-2.09
1973-12-04,3.61
1973-12-05,-5.13
1973-12-06,4.095
1973-12-07,0.975
1973-12-10,0.195
1973-12-11,6.2
1973-12-12,-3.69
1973-12-13,1.23
1973-12-14,0.615
1973-12-17,1.68
1973-12-18,-4.62
1973-12-19,2.76
1973-12-20,0.0
1973-12-21,-1.38
1973-12-24,0.0
1973-12-25,0.0
1973-12-26,-5.28
1973-12-27,3.12
1973-12-28,-0.72
1973-12-31,-1.96
1974-01-01,0.0
1974-01-02,3.825
1974-01-03,-1.02
1974-01-04,3.315
1974-01-07,7.54
1974-01-08,2.12
1974-01-09,-6.89
1974-01-10,10.26
1974-01-11,-1.89
1974-01-14,3.315
1974-01-15,1.53
1974-01-16,1.275
1974-01-17,4.08
1974-01-18,-2.6
1974-01-21,-0.795
1974-01-22,-6.625
1974-01-23,-4.86
1974-01-24,1.89
1974-01-25,10.8
1974-01-28,-0.54
1974-01-29,-3.975
1974-01-30,2.12
1974-01-31,1.59
1974-02-01,0.53
1974-02-04,-1.325
1974-02-05,-1.325
1974-02-06,-1.06
1974-02-07,1.89
1974-02-08,4.675
1974-02-11,4.76
1974-02-12,0.0
1974-02-13,-4.275
1974-02-14,3.99
1974-02-15,3.42
1974-02-18,0.0
1974-02-19,11.6
1974-02-20,8.7
1974-02-21,1.45
1974-02-22,10.44
1974-02-25,11.6
1974-02-26,-0.87
1974-02-27,-11.2
1974-02-28,-11.2
1974-03-01,8.75
1974-03-04,-9.2
1974-03-05,-9.0
1974-03-06,-3.78
1974-03-07,7.995
1974-03-08,-8.2
1974-03-11,-2.4
1974-03-12,4.68
1974-03-13,-1.755
1974-03-14,-1.56
1974-03-15,-7.8
1974-03-18,3.705
1974-03-19,-0.39
1974-03-20,-2.73
1974-03-21,0.0
1974-03-22,1.755
1974-03-25,-7.605
1974-03-26,0.0
1974-03-27,-6.63
1974-03-28,1.17
1974-03-29,-0.76
1974-04-01,-7.6
1974-04-02,-7.6
1974-04-03,7.2
1974-04-04,-4.25
1974-04-05,-1.395
1974-04-08,1.35
1974-04-09,4.05
1974-04-10,0.3
1974-04-11,-4.06
1974-04-12,0.0
1974-04-15,5.8
1974-04-16,-2.175
1974-04-17,-1.595
1974-04-18,0.58
1974-04-19,0.58
1974-04-22,0.725
1974-04-23,-0.435
1974-04-24,2.32
1974-04-25,5.8
1974-04-26,-1.305
1974-04-29,-3.915
1974-04-30,0.58
1974-05-01,-4.35
1974-05-02,0.87
1974-05-03,-3.77
1974-05-06,-5.8
1974-05-07,0.0
1974-05-08,1.74
1974-05-09,-1.16
1974-05-10,3.19
1974-05-13,2.175
1974-05-14,-1.68
1974-05-15,1.12
1974-05-16,2.94
1974-05-17,0.56
1974-05-20,-4.76
1974-05-21,2.38
1974-05-22,-1.96
1974-05-23,-1.68
1974-05-24,0.28
1974-05-27,0.0
1974-05-28,1.54
1974-05-29,4.62
1974-05-30,-1.82
1974-05-31,-4.2
1974-06-03,-2.38
1974-06-04,1.12
1974-06-05,3.64
1974-06-06,-0.98
1974-06-07,2.24
1974-06-10,-0.56
1974-06-11,-1.68
1974-06-12,2.1
1974-06-13,-0.7
1974-06-14,-0.28
1974-06-17,5.46
1974-06-18,-1.96
1974-06-19,4.2
1974-06-20,0.84
1974-06-21,5.6
1974-06-24,5.8
1974-06-25,-4.64
1974-06-26,5.8
1974-06-27,-1.595
1974-06-28,-0.87
1974-07-01,6.0
1974-07-02,0.0
1974-07-03,2.48
1974-07-04,0.0
1974-07-05,-0.7
1974-07-08,7.0
1974-07-09,-4.86
1974-07-10,-5.22
1974-07-11,1.98
1974-07-12,6.3
1974-07-15,6.48
1974-07-16,-2.16
1974-07-17,-0.54
1974-07-18,7.4
1974-07-19,7.6
1974-07-22,-1.14
1974-07-23,6.27
1974-07-24,7.8
1974-07-25,7.8
1974-07-26,7.8
1974-07-29,7.8
1974-07-30,-7.41
1974-07-31,7.605
1974-08-01,-7.8
1974-08-02,-7.8
1974-08-05,-5.55
1974-08-06,6.84
1974-08-07,7.0
1974-08-08,-1.4
1974-08-09,-7.0
1974-08-12,-7.0
1974-08-13,7.0
1974-08-14,6.8
1974-08-15,-3.74
1974-08-16,6.8
1974-08-19,-2.38
1974-08-20,-6.8
1974-08-21,-1.02
1974-08-22,6.8
1974-08-23,4.08
1974-08-26,-6.8
1974-08-27,-6.12
1974-08-28,3.91
1974-08-29,-3.91
1974-08-30,-0.85
1974-09-02,0.0
1974-09-03,-6.8
1974-09-04,-3.91
1974-09-05,5.44
1974-09-06,2.38
1974-09-09,6.8
1974-09-10,-2.21
1974-09-11,3.23
1974-09-12,4.76
1974-09-13,-3.91
1974-09-16,-6.8
1974-09-17,-2.89
1974-09-18,1.87
1974-09-19,2.89
1974-09-20,-1.36
1974-09-23,6.8
1974-09-24,6.8
1974-09-25,-2.72
1974-09-26,6.8
1974-09-27,6.8
1974-09-30,6.8
1974-10-01,-6.8
1974-10-02,5.1
1974-10-03,6.8
1974-10-04,-0.85
1974-10-07,-6.8
1974-10-08,-6.8
1974-10-09,3.57
1974-10-10,4.59
1974-10-11,-4.93
1974-10-14,6.46
1974-10-15,0.17
1974-10-16,-1.36
1974-10-17,-3.91
1974-10-18,-1.36
1974-10-21,3.06
1974-10-22,1.36
1974-10-23,-4.2
1974-10-24,-3.85
1974-10-25,-2.45
1974-10-28,1.925
1974-10-29,5.94
1974-10-30,0.555
1974-10-31,-0.555
1974-11-01,-2.96
1974-11-04,-1.52
1974-11-05,0.0
1974-11-06,-2.34
1974-11-07,-0.39
1974-11-08,0.585
1974-11-11,2.0
1974-11-12,-5.125
1974-11-13,-0.41
1974-11-14,1.23
1974-11-15,-3.99
1974-11-18,-8.6
1974-11-19,-4.73
1974-11-20,8.385
1974-11-21,-8.6
1974-11-22,3.44
1974-11-25,-1.23
1974-11-26,3.28
1974-11-27,1.23
1974-11-28,0.0
1974-11-29,2.665
1974-12-02,-1.23
1974-12-03,2.665
1974-12-04,-6.97
1974-12-05,1.025
1974-12-06,-7.175
1974-12-09,-4.715
1974-12-10,2.255
1974-12-11,0.8
1974-12-12,-0.8
1974-12-13,-3.2
1974-12-16,-4.8
1974-12-17,-4.0
1974-12-18,3.6
1974-12-19,-0.6
1974-12-20,-0.57
1974-12-23,-4.56
1974-12-24,-0.76
1974-12-25,0.0
1974-12-26,-6.08
1974-12-27,4.56
1974-12-30,-2.22
1974-12-31,2.1
1975-01-01,0.0
1975-01-02,4.08
1975-01-03,-1.02
1975-01-06,2.89
1975-01-07,-4.25
1975-01-08,-1.53
1975-01-09,0.17
1975-01-10,1.53
1975-01-13,-2.21
1975-01-14,-0.85
1975-01-15,-0.68
1975-01-16,-0.51
1975-01-17,-6.8
1975-01-20,-5.1
1975-01-21,5.775
1975-01-22,-4.03
1975-01-23,5.46
1975-01-24,2.52
1975-01-27,-3.64
1975-01-28,2.6
1975-01-29,2.73
1975-01-30,-1.43
1975-01-31,-1.04
1975-02-03,-1.17
1975-02-04,2.47
1975-02-05,-1.17
1975-02-06,0.13
1975-02-07,1.3
1975-02-10,-2.21
1975-02-11,0.52
1975-02-12,-0.78
1975-02-13,0.26
1975-02-14,0.13
1975-02-17,0.0
1975-02-18,-1.35
1975-02-19,-5.4
1975-02-20,-2.16
1975-02-21,-2.025
1975-02-24,1.08
1975-02-25,-1.62
1975-02-26,-1.89
1975-02-27,-3.915
1975-02-28,-2.6
1975-03-03,3.75
1975-03-04,-1.68
1975-03-05,2.31
1975-03-06,2.42
1975-03-07,-1.995
1975-03-10,-0.105
1975-03-11,4.2
1975-03-12,1.155
1975-03-13,-3.465
1975-03-14,-1.26
1975-03-17,0.63
1975-03-18,-0.84
1975-03-19,0.315
1975-03-20,0.42
1975-03-21,3.99
1975-03-24,-1.155
1975-03-25,0.63
1975-03-26,3.675
1975-03-27,-2.31
1975-03-28,0.0
1975-03-31,2.625
1975-04-01,-0.21
1975-04-02,-1.05
1975-04-03,-1.365
1975-04-04,1.21
1975-04-07,-0.805
1975-04-08,1.265
1975-04-09,0.96
1975-04-10,-4.68
1975-04-11,-0.875
1975-04-14,-1.625
1975-04-15,-1.375
1975-04-16,0.0
1975-04-17,2.25
1975-04-18,-1.625
1975-04-21,0.25
1975-04-22,-2.125
1975-04-23,1.375
1975-04-24,2.125
1975-04-25,2.5
1975-04-28,-0.125
1975-04-29,-3.5
1975-04-30,-1.0
1975-05-01,-5.0
1975-05-02,0.125
1975-05-05,-1.75
1975-05-06,2.75
1975-05-07,-1.75
1975-05-08,-0.375
1975-05-09,-1.625
1975-05-12,1.875
1975-05-13,1.2
1975-05-14,-0.48
1975-05-15,-0.96
1975-05-16,-0.84
1975-05-19,2.88
1975-05-20,0.72
1975-05-21,1.44
1975-05-22,-1.44
1975-05-23,-0.96
1975-05-26,0.0
1975-05-27,-3.6
1975-05-28,0.48
1975-05-29,-0.96
1975-05-30,0.48
1975-06-02,-1.92
1975-06-03,0.84
1975-06-04,0.24
1975-06-05,-0.84
1975-06-06,-0.12
1975-06-09,1.265
1975-06-10,-0.69
1975-06-11,0.115
1975-06-12,-0.345
1975-06-13,1.84
1975-06-16,2.07
1975-06-17,2.53
1975-06-18,-1.38
1975-06-19,-0.345
1975-06-20,2.875
1975-06-23,-2.3
1975-06-24,0.46
1975-06-25,-1.955
1975-06-26,-1.495
1975-06-27,-2.53
1975-06-30,-0.92
1975-07-01,0.575
1975-07-02,1.38
1975-07-03,1.84
1975-07-04,0.0
1975-07-07,-1.15
1975-07-08,4.6
1975-07-09,1.38
1975-07-10,0.23
1975-07-11,4.485
1975-07-14,-2.28
1975-07-15,2.04
1975-07-16,2.625
1975-07-17,-3.77
1975-07-18,-3.375
1975-07-21,4.455
1975-07-22,-1.62
1975-07-23,-2.16
1975-07-24,4.32
1975-07-25,2.97
1975-07-28,5.4
1975-07-29,5.265
1975-07-30,-5.4
1975-07-31,-1.4
1975-08-01,2.38
1975-08-04,4.48
1975-08-05,-1.12
1975-08-06,3.77
1975-08-07,6.0
1975-08-08,-2.79
1975-08-11,-1.12
1975-08-12,5.76
1975-08-13,3.3
1975-08-14,3.4
1975-08-15,1.225
1975-08-18,-5.55
1975-08-19,5.46
1975-08-20,6.435
1975-08-21,-3.51
1975-08-22,0.2
1975-08-25,-1.6
1975-08-26,-8.2
1975-08-27,3.28
1975-08-28,-4.92
1975-08-29,-4.51
1975-09-01,0.0
1975-09-02,-5.945
1975-09-03,1.845
1975-09-04,-0.205
1975-09-05,2.05
1975-09-08,-2.665
1975-09-09,-6.56
1975-09-10,3.28
1975-09-11,-1.845
1975-09-12,8.2
1975-09-15,0.205
1975-09-16,4.68
1975-09-17,7.02
1975-09-18,-3.51
1975-09-19,-1.56
1975-09-22,-3.12
1975-09-23,-3.12
1975-09-24,1.365
1975-09-25,1.755
1975-09-26,0.975
1975-09-29,-2.73
1975-09-30,0.195
1975-10-01,2.4
1975-10-02,-7.6
1975-10-03,1.64
1975-10-06,-1.025
1975-10-07,1.23
1975-10-08,1.025
1975-10-09,-0.205
1975-10-10,0.205
1975-10-13,-6.15
1975-10-14,2.87
1975-10-15,-2.87
1975-10-16,2.05
1975-10-17,-2.87
1975-10-20,1.23
1975-10-21,-3.69
1975-10-22,2.05
1975-10-23,1.23
1975-10-24,-0.615
1975-10-27,-3.895
1975-10-28,0.41
1975-10-29,1.845
1975-10-30,1.435
1975-10-31,-1.64
1975-11-03,-8.2
1975-11-04,0.41
1975-11-05,2.0
1975-11-06,-2.4
1975-11-07,0.0
1975-11-10,-0.2
1975-11-11,-2.2
1975-11-12,-1.8
1975-11-13,1.0
1975-11-14,2.145
1975-11-17,-1.56
1975-11-18,-2.535
1975-11-19,-2.535
1975-11-20,0.19
1975-11-21,3.7
1975-11-24,6.29
1975-11-25,-2.88
1975-11-26,0.85
1975-11-27,0.0
1975-11-28,-0.85
1975-12-01,0.68
1975-12-02,-0.17
1975-12-03,-0.51
1975-12-04,3.4
1975-12-05,-2.55
1975-12-08,-2.72
1975-12-09,1.87
1975-12-10,-1.36
1975-12-11,0.34
1975-12-12,-4.93
1975-12-15,-0.85
1975-12-16,2.04
1975-12-17,2.38
1975-12-18,-1.02
1975-12-19,1.19
1975-12-22,1.02
1975-12-23,-2.38
1975-12-24,-0.34
1975-12-25,0.0
1975-12-26,0.0
1975-12-29,-1.87
1975-12-30,0.17
1975-12-31,2.89
1976-01-01,0.0
1976-01-02,-1.36
1976-01-05,1.36
1976-01-06,0.0
1976-01-07,3.06
1976-01-08,0.51
1976-01-09,-1.53
1976-01-12,1.87
1976-01-13,0.51
1976-01-14,-0.17
1976-01-15,-0.68
1976-01-16,0.17
1976-01-19,1.19
1976-01-20,0.0
1976-01-21,-1.8
1976-01-22,-1.14
1976-01-23,1.14
1976-01-26,-7.6
1976-01-27,3.12
1976-01-28,1.11
1976-01-29,0.36
1976-01-30,1.08
1976-02-02,1.8
1976-02-03,-0.36
1976-02-04,-0.9
1976-02-05,-0.72
1976-02-06,0.9
1976-02-09,-0.72
1976-02-10,2.16
1976-02-11,1.44
1976-02-12,3.6
1976-02-13,-1.44
1976-02-16,0.0
1976-02-17,0.72
1976-02-18,-1.26
1976-02-19,0.18
1976-02-20,-0.54
1976-02-23,0.72
1976-02-24,-0.74
1976-02-25,1.52
1976-02-26,-0.78
1976-02-27,2.145
1976-03-01,-1.0
1976-03-02,-5.0
1976-03-03,1.435
1976-03-04,1.23
1976-03-05,-0.615
1976-03-08,-1.845
1976-03-09,1.23
1976-03-10,-1.025
1976-03-11,-2.05
1976-03-12,-1.23
1976-03-15,-2.46
1976-03-16,-0.205
1976-03-17,2.255
1976-03-18,1.025
1976-03-19,-1.025
1976-03-22,0.82
1976-03-23,-2.665
1976-03-24,0.82
1976-03-25,-0.615
1976-03-26,-0.41
1976-03-29,-1.845
1976-03-30,1.64
1976-03-31,-1.0
1976-04-01,-0.2
1976-04-02,0.4
1976-04-05,0.8
1976-04-06,1.4
1976-04-07,-0.8
1976-04-08,2.0
1976-04-09,-0.4
1976-04-12,0.2
1976-04-13,-1.8
1976-04-14,1.0
1976-04-15,2.0
1976-04-16,0.0
1976-04-19,-0.6
1976-04-20,0.8
1976-04-21,-0.2
1976-04-22,0.6
1976-04-23,-1.2
1976-04-26,-0.8
1976-04-27,-2.0
1976-04-28,1.8
1976-04-29,-1.4
1976-04-30,-0.2
1976-05-03,1.2
1976-05-04,-0.8
1976-05-05,0.8
1976-05-06,0.2
1976-05-07,0.4
1976-05-10,0.2
1976-05-11,0.2
1976-05-12,2.2
1976-05-13,1.4
1976-05-14,0.0
1976-05-17,-2.2
1976-05-18,-1.2
1976-05-19,-0.8
1976-05-20,-1.0
1976-05-21,0.2
1976-05-24,3.2
1976-05-25,0.6
1976-05-26,3.0
1976-05-27,1.8
1976-05-28,-2.4
1976-05-31,0.0
1976-06-01,2.31
1976-06-02,-2.52
1976-06-03,0.645
1976-06-04,1.505
1976-06-07,8.8
1976-06-08,-0.45
1976-06-09,4.3
1976-06-10,1.075
1976-06-11,-4.515
1976-06-14,-0.645
1976-06-15,-3.87
1976-06-16,1.29
1976-06-17,-2.795
1976-06-18,-0.215
1976-06-21,8.6
1976-06-22,0.43
1976-06-23,-4.51
1976-06-24,2.87
1976-06-25,-1.845
1976-06-28,-0.615
1976-06-29,-3.28
1976-06-30,-3.28
1976-07-01,6.765
1976-07-02,3.075
1976-07-05,0.0
1976-07-06,7.8
1976-07-07,-7.8
1976-07-08,1.56
1976-07-09,-0.54
1976-07-12,-2.34
1976-07-13,0.18
1976-07-14,6.84
1976-07-15,-3.6
1976-07-16,-0.9
1976-07-19,-4.86
1976-07-20,2.7
1976-07-21,-2.16
1976-07-22,-7.2
1976-07-23,2.16
1976-07-26,-3.465
1976-07-27,-0.66
1976-07-28,0.32
1976-07-29,-0.64
1976-07-30,-0.64
1976-08-02,-2.24
1976-08-03,1.92
1976-08-04,2.72
1976-08-05,0.62
1976-08-06,-1.55
1976-08-09,-1.395
1976-08-10,0.31
1976-08-11,-0.93
1976-08-12,1.085
1976-08-13,4.96
1976-08-16,-1.395
1976-08-17,-3.0
1976-08-18,2.55
1976-08-19,3.15
1976-08-20,-0.75
1976-08-23,2.7
1976-08-24,-1.2
1976-08-25,-1.35
1976-08-26,0.75
1976-08-27,2.4
1976-08-30,-2.25
1976-08-31,0.45
1976-09-01,2.85
1976-09-02,2.85
1976-09-03,0.6
1976-09-06,0.0
1976-09-07,6.0
1976-09-08,-2.85
1976-09-09,-0.8
1976-09-10,-0.48
1976-09-13,-1.65
1976-09-14,-2.1
1976-09-15,0.7
1976-09-16,0.175
1976-09-17,-4.32
1976-09-20,-0.185
1976-09-21,-1.665
1976-09-22,-3.33
1976-09-23,-0.37
1976-09-24,-3.33
1976-09-27,-1.11
1976-09-28,1.295
1976-09-29,-2.96
1976-09-30,-0.54
1976-10-01,-1.4
1976-10-04,3.4
1976-10-05,0.34
1976-10-06,1.085
1976-10-07,2.17
1976-10-08,-2.79
1976-10-11,-3.1
1976-10-12,0.31
1976-10-13,4.95
1976-10-14,-5.22
1976-10-15,-1.215
1976-10-18,0.0
1976-10-19,1.0
1976-10-20,0.12
1976-10-21,-0.24
1976-10-22,0.36
1976-10-25,0.72
1976-10-26,-0.84
1976-10-27,-0.12
1976-10-28,-3.0
1976-10-29,-0.36
1976-11-01,-0.72
1976-11-02,0.0
1976-11-03,0.46
1976-11-04,0.0
1976-11-05,-1.15
1976-11-08,-0.55
1976-11-09,-2.31
1976-11-10,0.84
1976-11-11,-3.2
1976-11-12,-0.285
1976-11-15,-0.255
1976-11-16,1.76
1976-11-17,-0.45
1976-11-18,0.35
1976-11-19,0.7
1976-11-22,0.975
1976-11-23,0.39
1976-11-24,0.195
1976-11-25,0.0
1976-11-26,-0.26
1976-11-29,-0.715
1976-11-30,-0.325
1976-12-01,-0.39
1976-12-02,0.065
1976-12-03,0.455
1976-12-06,1.235
1976-12-07,-0.65
1976-12-08,0.65
1976-12-09,-0.26
1976-12-10,-0.13
1976-12-13,0.0
1976-12-14,0.39
1976-12-15,-0.65
1976-12-16,-0.065
1976-12-17,-0.52
1976-12-20,0.26
1976-12-21,0.065
1976-12-22,0.39
1976-12-23,0.26
1976-12-24,0.0
1976-12-27,0.975
1976-12-28,0.325
1976-12-29,0.0
1976-12-30,0.0
1976-12-31,0.0
1977-01-03,-0.325
1977-01-04,1.105
1977-01-05,0.065
1977-01-06,1.12
1977-01-07,-0.075
1977-01-10,1.6
1977-01-11,-1.17
1977-01-12,-0.095
1977-01-13,-0.665
1977-01-14,0.6
1977-01-17,0.42
1977-01-18,-0.66
1977-01-19,0.33
1977-01-20,-0.46
1977-01-21,-0.23
1977-01-24,0.96
1977-01-25,0.0
1977-01-26,-0.6
1977-01-27,-0.625
1977-01-28,-0.625
1977-01-31,0.5
1977-02-01,0.25
1977-02-02,-0.625
1977-02-03,1.375
1977-02-04,0.875
1977-02-07,0.375
1977-02-08,-0.625
1977-02-09,0.375
1977-02-10,0.5
1977-02-11,-0.875
1977-02-14,-0.375
1977-02-15,0.75
1977-02-16,1.625
1977-02-17,0.875
1977-02-18,0.375
1977-02-21,0.0
1977-02-22,-1.875
1977-02-23,0.125
1977-02-24,1.0
1977-02-25,-0.75
1977-02-28,-1.125
1977-03-01,-0.75
1977-03-02,-1.625
1977-03-03,0.5
1977-03-04,0.5
1977-03-07,0.5
1977-03-08,1.125
1977-03-09,-0.25
1977-03-10,-1.125
1977-03-11,0.5
1977-03-14,-1.8
1977-03-15,0.48
1977-03-16,1.155
1977-03-17,-0.3
1977-03-18,0.19
1977-03-21,0.19
1977-03-22,-0.095
1977-03-23,-0.285
1977-03-24,0.0
1977-03-25,0.27
1977-03-28,-0.99
1977-03-29,-0.63
1977-03-30,-1.12
1977-03-31,-0.075
1977-04-01,0.39
1977-04-04,-0.66
1977-04-05,-0.1
1977-04-06,0.2
1977-04-07,0.18
1977-04-08,0.0
1977-04-11,0.2
1977-04-12,0.38
1977-04-13,-0.24
1977-04-14,0.06
1977-04-15,-0.02
1977-04-18,0.06
1977-04-19,-0.22
1977-04-20,-0.18
1977-04-21,-0.08
1977-04-22,-0.18
1977-04-25,-0.345
1977-04-26,0.03
1977-04-27,0.0
1977-04-28,-0.12
1977-04-29,-0.02
1977-05-02,0.0
1977-05-03,0.3
1977-05-04,0.5
1977-05-05,0.0
1977-05-06,-0.4
1977-05-09,0.45
1977-05-10,1.05
1977-05-11,-0.36
1977-05-12,-0.975
1977-05-13,0.84
1977-05-16,0.35
1977-05-17,0.14
1977-05-18,-0.88
1977-05-19,0.0
1977-05-20,1.17
1977-05-23,-1.33
1977-05-24,-1.33
1977-05-25,1.045
1977-05-26,0.38
1977-05-27,0.095
1977-05-30,0.0
1977-05-31,-1.71
1977-06-01,-0.095
1977-06-02,0.0
1977-06-03,-0.665
1977-06-06,0.095
1977-06-07,0.285
1977-06-08,2.28
1977-06-09,0.57
1977-06-10,2.28
1977-06-13,0.665
1977-06-14,-0.095
1977-06-15,-0.38
1977-06-16,0.84
1977-06-17,1.265
1977-06-20,-1.375
1977-06-21,2.6
1977-06-22,0.91
1977-06-23,-0.52
1977-06-24,-0.435
1977-06-27,-2.4
1977-06-28,-0.8
1977-06-29,1.6
1977-06-30,3.36
1977-07-01,2.24
1977-07-04,0.0
1977-07-05,-5.76
1977-07-06,-0.64
1977-07-07,4.8
1977-07-08,-0.64
1977-07-11,5.6
1977-07-12,0.8
1977-07-13,-1.76
1977-07-14,-1.44
1977-07-15,2.4
1977-07-18,3.84
1977-07-19,-1.44
1977-07-20,2.08
1977-07-21,-0.48
1977-07-22,-1.36
1977-07-25,1.575
1977-07-26,2.7
1977-07-27,1.33
1977-07-28,3.2
1977-07-29,2.94
1977-08-01,-1.1
1977-08-02,0.23
1977-08-03,-2.115
1977-08-04,-0.98
1977-08-05,-1.96
1977-08-08,4.59
1977-08-09,0.255
1977-08-10,-0.765
1977-08-11,1.59
1977-08-12,0.55
1977-08-15,6.555
1977-08-16,1.45
1977-08-17,0.87
1977-08-18,1.475
1977-08-19,1.22
1977-08-22,2.205
1977-08-23,0.325
1977-08-24,-3.35
1977-08-25,-1.035
1977-08-26,1.38
1977-08-29,2.45
1977-08-30,-1.8
1977-08-31,1.11
1977-09-01,-1.5
1977-09-02,-1.9
1977-09-05,0.0
1977-09-06,-5.07
1977-09-07,-0.78
1977-09-08,-2.73
1977-09-09,-2.4
1977-09-12,-3.6
1977-09-13,0.81
1977-09-14,4.05
1977-09-15,0.81
1977-09-16,0.405
1977-09-19,-2.835
1977-09-20,-4.51
1977-09-21,-7.79
1977-09-22,6.15
1977-09-23,-0.8
1977-09-26,2.28
1977-09-27,5.7
1977-09-28,-0.38
1977-09-29,-4.875
1977-09-30,1.125
1977-10-03,-4.07
1977-10-04,-6.66
1977-10-05,3.285
1977-10-06,-5.695
1977-10-07,-1.32
1977-10-10,3.41
1977-10-11,3.1
1977-10-12,0.6
1977-10-13,3.835
1977-10-14,-1.475
1977-10-17,-1.18
1977-10-18,-0.885
1977-10-19,-0.885
1977-10-20,2.36
1977-10-21,0.885
1977-10-24,-2.36
1977-10-25,2.36
1977-10-26,-2.655
1977-10-27,2.36
1977-10-28,-2.36
1977-10-31,-3.245
1977-11-01,-3.245
1977-11-02,-2.065
1977-11-03,4.72
1977-11-04,1.77
1977-11-07,-3.575
1977-11-08,1.375
1977-11-09,0.795
1977-11-10,1.325
1977-11-11,2.385
1977-11-14,-2.65
1977-11-15,-1.06
1977-11-16,-4.77
1977-11-17,1.855
1977-11-18,-0.735
1977-11-21,1.2
1977-11-22,3.36
1977-11-23,0.24
1977-11-24,0.0
1977-11-25,-2.115
1977-11-28,3.29
1977-11-29,1.41
1977-11-30,0.46
1977-12-01,0.23
1977-12-02,0.0
1977-12-05,1.38
1977-12-06,0.23
1977-12-07,-0.23
1977-12-08,0.705
1977-12-09,-0.735
1977-12-12,4.5
1977-12-13,-0.52
1977-12-14,1.3
1977-12-15,-0.78
1977-12-16,-1.82
1977-12-19,-0.53
1977-12-20,-2.12
1977-12-21,0.0
1977-12-22,-0.54
1977-12-23,-0.27
1977-12-26,0.0
1977-12-27,-1.62
1977-12-28,0.54
1977-12-29,0.54
1977-12-30,-1.08
1978-01-02,0.0
1978-01-03,-1.89
1978-01-04,-0.81
1978-01-05,0.54
1978-01-06,1.35
1978-01-09,-1.08
1978-01-10,-0.27
1978-01-11,-1.08
1978-01-12,-0.27
1978-01-13,-0.54
1978-01-16,0.54
1978-01-17,2.97
1978-01-18,0.81
1978-01-19,-1.08
1978-01-20,-1.62
1978-01-23,-1.08
1978-01-24,0.81
1978-01-25,0.0
1978-01-26,1.08
1978-01-27,0.27
1978-01-30,1.89
1978-01-31,1.35
1978-02-01,0.54
1978-02-02,-1.08
1978-02-03,0.27
1978-02-06,-0.27
1978-02-07,0.27
1978-02-08,0.0
1978-02-09,-1.08
1978-02-10,-1.89
1978-02-13,1.62
1978-02-14,0.54
1978-02-15,0.0
1978-02-16,0.27
1978-02-17,0.54
1978-02-20,0.0
1978-02-21,0.0
1978-02-22,-1.35
1978-02-23,0.27
1978-02-24,-0.81
1978-02-27,0.54
1978-02-28,0.27
1978-03-01,-1.35
1978-03-02,-1.62
1978-03-03,-3.24
1978-03-06,-2.97
1978-03-07,-3.38
1978-03-08,-1.175
1978-03-09,0.82
1978-03-10,0.95
1978-03-13,-4.9
1978-03-14,-1.155
1978-03-15,-1.56
1978-03-16,0.105
1978-03-17,-2.07
1978-03-20,1.52
1978-03-21,0.36
1978-03-22,-0.8
1978-03-23,-0.54
1978-03-24,0.0
1978-03-27,-0.42
1978-03-28,0.15
1978-03-29,0.52
1978-03-30,-0.12
1978-03-31,-0.17
1978-04-03,0.16
1978-04-04,-0.025
1978-04-05,0.02
1978-04-06,0.02
1978-04-07,0.0
1978-04-10,0.0
1978-04-11,0.0
1978-04-12,-0.055
1978-04-13,-0.21
1978-04-14,0.12
1978-04-17,0.02
1978-04-18,0.08
1978-04-19,0.01
1978-04-20,0.0
1978-04-21,-0.1
1978-04-24,-0.29
1978-04-25,0.06
1978-04-26,-0.2
1978-04-27,0.08
1978-04-28,-0.03
1978-05-01,-0.12
1978-05-02,0.02
1978-05-03,0.03
1978-05-04,0.0
1978-05-05,-0.075
1978-05-08,0.08
1978-05-09,-0.05
1978-05-10,-0.015
1978-05-11,-0.075
1978-05-12,0.025
1978-05-15,-0.08
1978-05-16,0.025
1978-05-17,-0.02
1978-05-18,-0.035
1978-05-19,0.035
1978-05-22,0.005
1978-05-23,-0.175
1978-05-24,0.0
1978-05-25,-0.115
1978-05-26,-0.005
1978-05-29,0.0
1978-05-30,0.05
1978-05-31,-0.015
1978-06-01,-0.19
1978-06-02,-0.38
1978-06-05,0.28
1978-06-06,-0.08
1978-06-07,-0.3
1978-06-08,-0.06
1978-06-09,-0.12
1978-06-12,0.18
1978-06-13,-0.06
1978-06-14,-0.28
1978-06-15,-0.16
1978-06-16,0.0
1978-06-19,0.18
1978-06-20,0.12
1978-06-21,-0.14
1978-06-22,0.34
1978-06-23,-0.06
1978-06-26,-0.18
1978-06-27,-0.14
1978-06-28,-0.38
1978-06-29,0.02
1978-06-30,0.12
1978-07-03,-0.17
1978-07-04,0.0
1978-07-05,0.0
1978-07-06,0.0
1978-07-07,0.04
1978-07-10,0.005
1978-07-11,0.08
1978-07-12,0.27
1978-07-13,0.075
1978-07-14,-0.15
1978-07-17,0.6
1978-07-18,1.2
1978-07-19,-0.48
1978-07-20,-0.28
1978-07-21,-0.08
1978-07-24,1.36
1978-07-25,0.475
1978-07-26,-1.155
1978-07-27,0.805
1978-07-28,0.0
1978-07-31,-0.125
1978-08-01,1.215
1978-08-02,2.9
1978-08-03,0.31
1978-08-04,0.62
1978-08-07,3.06
1978-08-08,-1.295
1978-08-09,-0.95
1978-08-10,-0.195
1978-08-11,5.125
1978-08-14,-3.225
1978-08-15,-5.59
1978-08-16,3.87
1978-08-17,-1.2
1978-08-18,-1.6
1978-08-21,-0.2
1978-08-22,0.8
1978-08-23,1.0
1978-08-24,-1.6
1978-08-25,0.4
1978-08-28,1.8
1978-08-29,3.0
1978-08-30,-1.4
1978-08-31,0.8
1978-09-01,-0.2
1978-09-04,0.0
1978-09-05,1.72
1978-09-06,0.0
1978-09-07,-0.88
1978-09-08,-0.46
1978-09-11,-1.88
1978-09-12,-0.49
1978-09-13,1.96
1978-09-14,1.25
1978-09-15,4.08
1978-09-18,-1.06
1978-09-19,-3.18
1978-09-20,-2.385
1978-09-21,3.445
1978-09-22,1.06
1978-09-25,-1.06
1978-09-26,-0.53
1978-09-27,-2.65
1978-09-28,-2.97
1978-09-29,-0.27
1978-10-02,-3.51
1978-10-03,1.08
1978-10-04,-0.54
1978-10-05,0.0
1978-10-06,3.24
1978-10-09,-4.05
1978-10-10,0.54
1978-10-11,-0.52
1978-10-12,-3.9
1978-10-13,2.34
1978-10-16,-1.5
1978-10-17,2.64
1978-10-18,2.64
1978-10-19,0.705
1978-10-20,0.69
1978-10-23,0.0
1978-10-24,-1.15
1978-10-25,0.0
1978-10-26,-3.68
1978-10-27,-1.38
1978-10-30,1.84
1978-10-31,0.69
1978-11-01,0.23
1978-11-02,-0.69
1978-11-03,0.23
1978-11-06,3.68
1978-11-07,0.0
1978-11-08,0.92
1978-11-09,1.38
1978-11-10,0.69
1978-11-13,1.61
1978-11-14,-0.92
1978-11-15,0.0
1978-11-16,-0.92
1978-11-17,-1.2
1978-11-20,-0.245
1978-11-21,1.47
1978-11-22,-1.5
1978-11-23,0.0
1978-11-24,-1.275
1978-11-27,1.53
1978-11-28,1.02
1978-11-29,0.0
1978-11-30,-1.275
1978-12-01,-1.325
1978-12-04,1.06
1978-12-05,0.795
1978-12-06,0.795
1978-12-07,-1.08
1978-12-08,-1.375
1978-12-11,2.475
1978-12-12,1.375
1978-12-13,-0.55
1978-12-14,2.475
1978-12-15,-1.96
1978-12-18,-3.08
1978-12-19,0.56
1978-12-20,0.0
1978-12-21,0.28
1978-12-22,0.0
1978-12-25,0.0
1978-12-26,-0.28
1978-12-27,0.28
1978-12-28,-0.84
1978-12-29,1.14
1979-01-01,0.0
1979-01-02,0.0
1979-01-03,1.18
1979-01-04,2.95
1979-01-05,1.2
1979-01-08,-1.5
1979-01-09,1.86
1979-01-10,0.62
1979-01-11,-1.26
1979-01-12,-2.31
1979-01-15,-1.675
1979-01-16,1.34
1979-01-17,-0.335
1979-01-18,1.005
1979-01-19,-2.345
1979-01-22,-1.7
1979-01-23,-0.68
1979-01-24,0.0
1979-01-25,0.0
1979-01-26,0.68
1979-01-29,-1.36
1979-01-30,-2.38
1979-01-31,0.68
1979-02-01,3.06
1979-02-02,-2.04
1979-02-05,-1.36
1979-02-06,1.02
1979-02-07,-2.04
1979-02-08,1.02
1979-02-09,-3.06
1979-02-12,0.0
1979-02-13,0.99
1979-02-14,-3.96
1979-02-15,-0.99
1979-02-16,-0.305
1979-02-19,0.0
1979-02-20,-1.8
1979-02-21,-1.2
1979-02-22,-0.87
1979-02-23,1.4
1979-02-26,2.2
1979-02-27,0.265
1979-02-28,-0.765
1979-03-01,0.0
1979-03-02,2.295
1979-03-05,0.0
1979-03-06,-1.275
1979-03-07,0.255
1979-03-08,2.04
1979-03-09,1.02
1979-03-12,1.785
1979-03-13,2.295
1979-03-14,-1.02
1979-03-15,-2.295
1979-03-16,-0.51
1979-03-19,-0.765
1979-03-20,-1.275
1979-03-21,0.0
1979-03-22,-0.255
1979-03-23,1.04
1979-03-26,-2.385
1979-03-27,0.0
1979-03-28,-3.445
1979-03-29,1.59
1979-03-30,-1.59
1979-04-02,-1.06
1979-04-03,2.12
1979-04-04,-1.06
1979-04-05,-0.53
1979-04-06,-0.795
1979-04-09,-1.06
1979-04-10,0.795
1979-04-11,-0.795
1979-04-12,1.59
1979-04-13,0.0
1979-04-16,1.855
1979-04-17,-3.18
1979-04-18,1.59
1979-04-19,1.275
1979-04-20,-0.25
1979-04-23,-1.5
1979-04-24,-4.0
1979-04-25,-0.25
1979-04-26,0.0
1979-04-27,-0.705
1979-04-30,-2.76
1979-05-01,-1.125
1979-05-02,-1.89
1979-05-03,2.255
1979-05-04,-0.76
1979-05-07,3.675
1979-05-08,-2.38
1979-05-09,-1.28
1979-05-10,0.31
1979-05-11,2.015
1979-05-14,-0.15
1979-05-15,0.58
1979-05-16,1.595
1979-05-17,-1.305
1979-05-18,0.145
1979-05-21,-1.595
1979-05-22,0.145
1979-05-23,0.725
1979-05-24,0.58
1979-05-25,0.145
1979-05-28,0.0
1979-05-29,-2.755
1979-05-30,0.725
1979-05-31,-0.435
1979-06-01,0.145
1979-06-04,-2.03
1979-06-05,1.015
1979-06-06,-1.595
1979-06-07,-0.56
1979-06-08,-2.97
1979-06-11,-2.6
1979-06-12,1.38
1979-06-13,-2.415
1979-06-14,-2.5
1979-06-15,-1.89
1979-06-18,1.52
1979-06-19,-0.455
1979-06-20,-2.1
1979-06-21,-1.45
1979-06-22,-1.485
1979-06-25,0.91
1979-06-26,-0.2
1979-06-27,0.9
1979-06-28,0.48
1979-06-29,-0.12
1979-07-02,-0.525
1979-07-03,-0.12
1979-07-04,0.0
1979-07-05,-0.51
1979-07-06,0.27
1979-07-09,-0.3
1979-07-10,0.435
1979-07-11,-0.13
1979-07-12,0.39
1979-07-13,-0.105
1979-07-16,0.04
1979-07-17,-0.065
1979-07-18,-0.08
1979-07-19,0.15
1979-07-20,-0.115
1979-07-23,0.195
1979-07-24,0.105
1979-07-25,0.14
1979-07-26,0.02
1979-07-27,0.2
1979-07-30,0.195
1979-07-31,-0.105
1979-08-01,-0.6
1979-08-02,1.2
1979-08-03,-0.315
1979-08-06,0.52
1979-08-07,0.135
1979-08-08,-0.63
1979-08-09,-0.15
1979-08-10,0.055
1979-08-13,1.485
1979-08-14,-2.4
1979-08-15,0.0
1979-08-16,-0.715
1979-08-17,0.195
1979-08-20,0.26
1979-08-21,-2.08
1979-08-22,1.17
1979-08-23,0.52
1979-08-24,-0.65
1979-08-27,0.13
1979-08-28,0.585
1979-08-29,-0.91
1979-08-30,-0.065
1979-08-31,0.0
1979-09-03,0.0
1979-09-04,2.6
1979-09-05,0.0
1979-09-06,1.3
1979-09-07,-0.195
1979-09-10,-1.4
1979-09-11,1.125
1979-09-12,-0.15
1979-09-13,-2.55
1979-09-14,1.6
1979-09-17,-0.16
1979-09-18,-0.56
1979-09-19,0.48
1979-09-20,-0.96
1979-09-21,0.48
1979-09-24,-0.4
1979-09-25,1.52
1979-09-26,0.0
1979-09-27,-2.88
1979-09-28,0.96
1979-10-01,-2.56
1979-10-02,0.96
1979-10-03,-0.72
1979-10-04,-0.32
1979-10-05,0.72
1979-10-08,0.88
1979-10-09,1.2
1979-10-10,0.16
1979-10-11,0.24
1979-10-12,-0.16
1979-10-15,1.68
1979-10-16,-0.32
1979-10-17,-0.8
1979-10-18,0.0
1979-10-19,-2.08
1979-10-22,-0.48
1979-10-23,0.16
1979-10-24,1.6
1979-10-25,1.84
1979-10-26,3.04
1979-10-29,-0.24
1979-10-30,-0.72
1979-10-31,0.0
1979-11-01,1.28
1979-11-02,-0.56
1979-11-05,-0.51
1979-11-06,0.99
1979-11-07,-0.475
1979-11-08,0.2
1979-11-09,0.0
1979-11-12,-1.43
1979-11-13,-1.955
1979-11-14,-2.76
1979-11-15,0.69
1979-11-16,0.92
1979-11-19,-1.265
1979-11-20,-0.92
1979-11-21,-1.265
1979-11-22,0.0
1979-11-23,1.38
1979-11-26,2.185
1979-11-27,-0.115
1979-11-28,-0.44
1979-11-29,0.99
1979-11-30,-1.54
1979-12-03,0.66
1979-12-04,-0.22
1979-12-05,0.22
1979-12-06,1.21
1979-12-07,-0.33
1979-12-10,-0.33
1979-12-11,-0.99
1979-12-12,0.55
1979-12-13,0.99
1979-12-14,0.0
1979-12-17,0.77
1979-12-18,0.22
1979-12-19,-1.1
1979-12-20,-1.1
1979-12-21,-0.44
1979-12-24,0.0
1979-12-25,0.0
1979-12-26,-2.53
1979-12-27,1.54
1979-12-28,-0.88
1979-12-31,0.66
1980-01-01,0.0
1980-01-02,0.99
1980-01-03,-0.22
1980-01-04,-0.11
1980-01-07,0.0
1980-01-08,0.0
1980-01-09,4.4
1980-01-10,2.2
1980-01-11,-1.98
1980-01-14,0.33
1980-01-15,-0.44
1980-01-16,0.11
1980-01-17,-2.53
1980-01-18,1.25
1980-01-21,-0.375
1980-01-22,0.5
1980-01-23,-2.5
1980-01-24,1.375
1980-01-25,0.875
1980-01-28,-0.375
1980-01-29,-0.5
1980-01-30,-1.0
1980-01-31,-0.125
1980-02-01,-0.375
1980-02-04,-1.0
1980-02-05,0.625
1980-02-06,0.25
1980-02-07,0.375
1980-02-08,0.75
1980-02-11,-0.875
1980-02-12,0.0
1980-02-13,-0.91
1980-02-14,0.675
1980-02-15,0.135
1980-02-18,0.0
1980-02-19,0.87
1980-02-20,-0.435
1980-02-21,-0.58
1980-02-22,0.3
1980-02-25,-1.55
1980-02-26,1.12
1980-02-27,0.8
1980-02-28,2.08
1980-02-29,2.21
1980-03-03,2.72
1980-03-04,-2.45
1980-03-05,-1.44
1980-03-06,2.16
1980-03-07,-1.11
1980-03-10,1.52
1980-03-11,-0.2
1980-03-12,-2.665
1980-03-13,2.2
1980-03-14,-0.88
1980-03-17,1.76
1980-03-18,1.125
1980-03-19,-1.61
1980-03-20,0.96
1980-03-21,0.72
1980-03-24,3.25
1980-03-25,0.26
1980-03-26,2.385
1980-03-27,4.675
1980-03-28,-0.57
1980-03-31,3.42
1980-04-01,-1.2
1980-04-02,-1.55
1980-04-03,-5.44
1980-04-04,0.0
1980-04-07,0.33
1980-04-08,-4.29
1980-04-09,-0.66
1980-04-10,3.3
1980-04-11,-1.65
1980-04-14,1.32
1980-04-15,-0.66
1980-04-16,0.33
1980-04-17,3.63
1980-04-18,1.98
1980-04-21,-2.97
1980-04-22,0.0
1980-04-23,1.98
1980-04-24,-0.99
1980-04-25,-3.3
1980-04-28,6.03
1980-04-29,0.0
1980-04-30,-3.35
1980-05-01,0.67
1980-05-02,-2.01
1980-05-05,-7.705
1980-05-06,2.68
1980-05-07,2.24
1980-05-08,-5.04
1980-05-09,2.52
1980-05-12,8.4
1980-05-13,-3.9
1980-05-14,-0.265
1980-05-15,-2.12
1980-05-16,5.035
1980-05-19,-1.59
1980-05-20,-2.12
1980-05-21,0.795
1980-05-22,-1.59
1980-05-23,0.0
1980-05-26,0.0
1980-05-27,-1.59
1980-05-28,3.975
1980-05-29,3.71
1980-05-30,-1.59
1980-06-02,4.24
1980-06-03,-2.12
1980-06-04,0.0
1980-06-05,1.59
1980-06-06,-0.53
1980-06-09,-0.81
1980-06-10,0.0
1980-06-11,0.57
1980-06-12,0.59
1980-06-13,-2.44
1980-06-16,-3.465
1980-06-17,1.26
1980-06-18,1.89
1980-06-19,0.945
1980-06-20,-1.575
1980-06-23,-2.88
1980-06-24,0.975
1980-06-25,-2.6
1980-06-26,1.625
1980-06-27,1.3
1980-06-30,-4.225
1980-07-01,-5.61
1980-07-02,-7.59
1980-07-03,-3.63
1980-07-04,0.0
1980-07-07,-1.14
1980-07-08,-3.42
1980-07-09,6.6
1980-07-10,-6.36
1980-07-11,-5.75
1980-07-14,-8.4
1980-07-15,0.975
1980-07-16,-2.475
1980-07-17,-1.705
1980-07-18,2.03
1980-07-21,5.265
1980-07-22,-2.08
1980-07-23,-4.08
1980-07-24,1.265
1980-07-25,2.86
1980-07-28,-1.785
1980-07-29,-1.365
1980-07-30,0.7
1980-07-31,-4.0
1980-08-01,-1.7
1980-08-04,2.945
1980-08-05,-1.36
1980-08-06,-0.68
1980-08-07,0.0
1980-08-08,1.35
1980-08-11,1.5
1980-08-12,-3.0
1980-08-13,0.825
1980-08-14,1.61
1980-08-15,0.98
1980-08-18,-1.12
1980-08-19,-0.63
1980-08-20,0.21
1980-08-21,-1.26
1980-08-22,0.63
1980-08-25,-1.43
1980-08-26,-1.495
1980-08-27,0.65
1980-08-28,-0.3
1980-08-29,-1.43
1980-09-01,0.0
1980-09-02,-0.45
1980-09-03,0.225
1980-09-04,0.32
1980-09-05,-0.175
1980-09-08,-0.42
1980-09-09,0.425
1980-09-10,0.12
1980-09-11,-0.09
1980-09-12,0.45
1980-09-15,0.03
1980-09-16,-0.12
1980-09-17,0.0
1980-09-18,-0.02
1980-09-19,-0.21
1980-09-22,0.06
1980-09-23,-0.03
1980-09-24,0.14
1980-09-25,0.08
1980-09-26,0.24
1980-09-29,-0.02
1980-09-30,-0.13
1980-10-01,0.01
1980-10-02,0.21
1980-10-03,-0.11
1980-10-06,-0.22
1980-10-07,0.105
1980-10-08,-0.06
1980-10-09,-0.105
1980-10-10,-0.09
1980-10-13,-0.6
1980-10-14,0.18
1980-10-15,0.03
1980-10-16,0.195
1980-10-17,-0.15
1980-10-20,-0.06
1980-10-21,-0.105
1980-10-22,-0.435
1980-10-23,0.09
1980-10-24,-0.12
1980-10-27,0.165
1980-10-28,0.055
1980-10-29,-0.005
1980-10-30,-0.03
1980-10-31,-0.09
1980-11-03,0.1
1980-11-04,0.0
1980-11-05,0.735
1980-11-06,-0.315
1980-11-07,-0.045
1980-11-10,0.05
1980-11-11,0.26
1980-11-12,0.9
1980-11-13,-0.765
1980-11-14,1.995
1980-11-17,0.945
1980-11-18,1.65
1980-11-19,1.32
1980-11-20,4.32
1980-11-21,1.05
1980-11-24,-3.0
1980-11-25,2.97
1980-11-26,0.0
1980-11-27,0.0
1980-11-28,3.885
1980-12-01,-2.22
1980-12-02,-4.29
1980-12-03,0.0
1980-12-04,-2.8
1980-12-05,-1.845
1980-12-08,-0.41
1980-12-09,-8.2
1980-12-10,-7.31
1980-12-11,-7.8
1980-12-12,1.7
1980-12-15,5.6
1980-12-16,-0.675
1980-12-17,3.105
1980-12-18,-1.84
1980-12-19,1.035
1980-12-22,1.265
1980-12-23,1.15
1980-12-24,-1.265
1980-12-25,0.0
1980-12-26,0.0
1980-12-29,-0.92
1980-12-30,-0.115
1980-12-31,2.875
1981-01-01,0.0
1981-01-02,1.495
1981-01-05,-0.115
1981-01-06,1.15
1981-01-07,0.345
1981-01-08,-0.625
1981-01-09,-2.025
1981-01-12,0.7
1981-01-13,0.28
1981-01-14,1.8
1981-01-15,-1.085
1981-01-16,4.16
1981-01-19,0.165
1981-01-20,1.155
1981-01-21,-1.7
1981-01-22,-3.06
1981-01-23,-7.215
1981-01-26,2.775
1981-01-27,2.55
1981-01-28,-1.53
1981-01-29,-3.74
1981-01-30,2.04
1981-02-02,1.155
1981-02-03,4.125
1981-02-04,0.495
1981-02-05,1.44
1981-02-06,2.88
1981-02-09,-4.32
1981-02-10,2.72
1981-02-11,0.8
1981-02-12,-1.76
1981-02-13,2.88
1981-02-16,0.0
1981-02-17,2.08
1981-02-18,-2.24
1981-02-19,2.88
1981-02-20,-1.28
1981-02-23,-2.72
1981-02-24,-2.4
1981-02-25,0.0
1981-02-26,-1.28
1981-02-27,0.48
1981-03-02,-6.4
1981-03-03,0.8
1981-03-04,-3.565
1981-03-05,-3.565
1981-03-06,1.015
1981-03-09,3.105
1981-03-10,-0.91
1981-03-11,0.96
1981-03-12,2.52
1981-03-13,1.56
1981-03-16,0.23
1981-03-17,0.46
1981-03-18,0.805
1981-03-19,1.265
1981-03-20,-2.415
1981-03-23,4.025
1981-03-24,0.46
1981-03-25,-0.69
1981-03-26,-2.3
1981-03-27,0.69
1981-03-30,1.84
1981-03-31,1.725
1981-04-01,-1.725
1981-04-02,1.725
1981-04-03,-1.15
1981-04-06,1.61
1981-04-07,4.6
1981-04-08,0.345
1981-04-09,0.575
1981-04-10,-2.99
1981-04-13,-1.08
1981-04-14,-1.44
1981-04-15,-0.12
1981-04-16,1.2
1981-04-17,0.0
1981-04-20,0.12
1981-04-21,-0.6
1981-04-22,-1.56
1981-04-23,-0.125
1981-04-24,-1.5
1981-04-27,-0.125
1981-04-28,-3.375
1981-04-29,0.75
1981-04-30,1.0
1981-05-01,0.875
1981-05-04,-2.5
1981-05-05,0.75
1981-05-06,1.5
1981-05-07,0.0
1981-05-08,-0.25
1981-05-11,-1.5
1981-05-12,-3.875
1981-05-13,0.5
1981-05-14,1.05
1981-05-15,0.1
1981-05-18,1.425
1981-05-19,-1.425
1981-05-20,0.09
1981-05-21,-2.635
1981-05-22,-1.275
1981-05-25,0.0
1981-05-26,0.78
1981-05-27,0.26
1981-05-28,-0.275
1981-05-29,0.495
1981-06-01,-0.95
1981-06-02,-0.45
1981-06-03,-0.68
1981-06-04,-0.035
1981-06-05,-0.21
1981-06-08,0.18
1981-06-09,0.13
1981-06-10,0.105
1981-06-11,-0.07
1981-06-12,0.08
1981-06-15,0.095
1981-06-16,-0.04
1981-06-17,-0.065
1981-06-18,-0.005
1981-06-19,0.005
1981-06-22,-0.03
1981-06-23,-0.03
1981-06-24,-0.035
1981-06-25,0.0
1981-06-26,0.075
1981-06-29,0.08
1981-06-30,-0.14
1981-07-01,-0.93
1981-07-02,-0.21
1981-07-03,0.0
1981-07-06,-1.4
1981-07-07,0.245
1981-07-08,-0.525
1981-07-09,0.35
1981-07-10,-0.63
1981-07-13,-1.295
1981-07-14,1.33
1981-07-15,0.7
1981-07-16,0.15
1981-07-17,0.51
1981-07-20,1.2
1981-07-21,-0.3
1981-07-22,-0.42
1981-07-23,0.0
1981-07-24,0.03
1981-07-27,0.51
1981-07-28,-0.15
1981-07-29,0.39
1981-07-30,0.56
1981-07-31,-0.6
1981-08-03,0.675
1981-08-04,0.6
1981-08-05,1.32
1981-08-06,-0.3
1981-08-07,1.04
1981-08-10,2.025
1981-08-11,-0.48
1981-08-12,0.0
1981-08-13,3.8
1981-08-14,1.155
1981-08-17,-1.68
1981-08-18,2.185
1981-08-19,-1.61
1981-08-20,0.25
1981-08-21,4.0
1981-08-24,2.565
1981-08-25,2.16
1981-08-26,-2.38
1981-08-27,2.85
1981-08-28,-2.25
1981-08-31,-3.1
1981-09-01,0.0
1981-09-02,0.155
1981-09-03,-2.08
1981-09-04,3.63
1981-09-07,0.0
1981-09-08,4.59
1981-09-09,0.51
1981-09-10,-0.7
1981-09-11,2.96
1981-09-14,-2.73
1981-09-15,-1.8
1981-09-16,1.435
1981-09-17,0.84
1981-09-18,2.86
1981-09-21,2.76
1981-09-22,-0.705
1981-09-23,1.96
1981-09-24,-0.75
1981-09-25,2.6
1981-09-28,1.59
1981-09-29,-3.3
1981-09-30,0.56
1981-10-01,1.68
1981-10-02,-2.32
1981-10-05,-7.375
1981-10-06,-3.0
1981-10-07,3.3
1981-10-08,3.3
1981-10-09,0.0
1981-10-12,-4.5
1981-10-13,-3.6
1981-10-14,1.8
1981-10-15,4.2
1981-10-16,3.3
1981-10-19,-0.6
1981-10-20,3.0
1981-10-21,-0.9
1981-10-22,2.7
1981-10-23,-3.72
1981-10-26,0.945
1981-10-27,-1.575
1981-10-28,-2.24
1981-10-29,2.31
1981-10-30,0.33
1981-11-02,-1.005
1981-11-03,3.105
1981-11-04,2.84
1981-11-05,0.355
1981-11-06,3.285
1981-11-09,1.5
1981-11-10,6.46
1981-11-11,0.395
1981-11-12,-4.345
1981-11-13,2.8
1981-11-16,2.8
1981-11-17,4.8
1981-11-18,2.46
1981-11-19,-2.49
1981-11-20,0.0
1981-11-23,8.5
1981-11-24,10.44
1981-11-25,2.61
1981-11-26,0.0
1981-11-27,3.48
1981-11-30,4.35
1981-12-01,-5.22
1981-12-02,1.305
1981-12-03,1.305
1981-12-04,-2.61
1981-12-07,11.31
1981-12-08,5.655
1981-12-09,7.14
1981-12-10,11.76
1981-12-11,-5.46
1981-12-14,8.8
1981-12-15,8.19
1981-12-16,-8.855
1981-12-17,-6.46
1981-12-18,4.2
1981-12-21,3.06
1981-12-22,-1.02
1981-12-23,3.06
1981-12-24,-6.46
1981-12-25,0.0
1981-12-28,-11.9
1981-12-29,5.1
1981-12-30,-0.68
1981-12-31,-1.36
1982-01-01,0.0
1982-01-04,-2.38
1982-01-05,3.06
1982-01-06,-4.76
1982-01-07,0.0
1982-01-08,4.76
1982-01-11,3.06
1982-01-12,1.36
1982-01-13,0.0
1982-01-14,0.355
1982-01-15,1.46
1982-01-18,-3.33
1982-01-19,4.56
1982-01-20,-1.52
1982-01-21,-4.94
1982-01-22,-1.54
1982-01-25,4.235
1982-01-26,-3.08
1982-01-27,-8.47
1982-01-28,3.08
1982-01-29,-5.625
1982-02-01,-9.0
1982-02-02,0.73
1982-02-03,0.0
1982-02-04,-0.67
1982-02-05,3.35
1982-02-08,4.69
1982-02-09,1.675
1982-02-10,-4.355
1982-02-11,0.67
1982-02-12,1.675
1982-02-15,0.0
1982-02-16,0.67
1982-02-17,-0.67
1982-02-18,1.34
1982-02-19,8.375
1982-02-22,0.335
1982-02-23,2.345
1982-02-24,-0.67
1982-02-25,0.0
1982-02-26,-2.01
1982-03-01,-1.02
1982-03-02,-2.415
1982-03-03,3.55
1982-03-04,4.26
1982-03-05,5.4
1982-03-08,7.2
1982-03-09,-1.8
1982-03-10,-2.88
1982-03-11,0.0
1982-03-12,6.84
1982-03-15,-5.92
1982-03-16,2.96
1982-03-17,-4.07
1982-03-18,-3.33
1982-03-19,-1.85
1982-03-22,-1.85
1982-03-23,1.85
1982-03-24,-1.48
1982-03-25,1.11
1982-03-26,-1.48
1982-03-29,-4.44
1982-03-30,-0.375
1982-03-31,-1.125
1982-04-01,1.5
1982-04-02,-4.875
1982-04-05,-5.25
1982-04-06,0.375
1982-04-07,4.125
1982-04-08,-2.25
1982-04-09,0.0
1982-04-12,0.75
1982-04-13,-0.375
1982-04-14,1.875
1982-04-15,0.0
1982-04-16,0.0
1982-04-19,0.0
1982-04-20,-2.625
1982-04-21,2.625
1982-04-22,3.0
1982-04-23,-2.625
1982-04-26,0.375
1982-04-27,1.5
1982-04-28,0.375
1982-04-29,0.375
1982-04-30,3.375
1982-05-03,6.84
1982-05-04,2.28
1982-05-05,2.28
1982-05-06,0.38
1982-05-07,-1.925
1982-05-10,4.74
1982-05-11,-0.405
1982-05-12,-0.81
1982-05-13,2.075
1982-05-14,-4.25
1982-05-17,0.87
1982-05-18,0.87
1982-05-19,-1.74
1982-05-20,-1.78
1982-05-21,0.9
1982-05-24,2.275
1982-05-25,7.36
1982-05-26,-1.86
1982-05-27,2.325
1982-05-28,-1.395
1982-05-31,0.0
1982-06-01,6.51
1982-06-02,-1.395
1982-06-03,3.8
1982-06-04,3.88
1982-06-07,-6.37
1982-06-08,0.5
1982-06-09,-2.5
1982-06-10,-1.5
1982-06-11,-7.5
1982-06-14,8.0
1982-06-15,5.445
1982-06-16,4.185
1982-06-17,6.44
1982-06-18,-0.46
1982-06-21,-1.84
1982-06-22,-3.22
1982-06-23,1.38
1982-06-24,-2.3
1982-06-25,0.92
1982-06-28,5.52
1982-06-29,-0.46
1982-06-30,4.6
1982-07-01,-1.38
1982-07-02,3.22
1982-07-05,0.0
1982-07-06,7.125
1982-07-07,4.75
1982-07-08,-4.32
1982-07-09,-2.88
1982-07-12,1.44
1982-07-13,-2.4
1982-07-14,0.0
1982-07-15,1.94
1982-07-16,2.475
1982-07-19,5.5
1982-07-20,1.01
1982-07-21,-2.02
1982-07-22,4.59
1982-07-23,3.06
1982-07-26,5.61
1982-07-27,0.0
1982-07-28,6.18
1982-07-29,-4.16
1982-07-30,4.68
1982-08-02,-4.16
1982-08-03,-1.56
1982-08-04,-2.6
1982-08-05,8.32
1982-08-06,9.88
1982-08-09,2.08
1982-08-10,2.0
1982-08-11,2.5
1982-08-12,20.0
1982-08-13,-4.0
1982-08-16,11.62
1982-08-17,2.46
1982-08-18,-7.02
1982-08-19,5.85
1982-08-20,-0.76
1982-08-23,-4.56
1982-08-24,-4.94
1982-08-25,-5.32
1982-08-26,8.36
1982-08-27,5.625
1982-08-30,2.555
1982-08-31,-4.015
1982-09-01,0.0
1982-09-02,-3.285
1982-09-03,2.19
1982-09-06,0.0
1982-09-07,9.125
1982-09-08,2.19
1982-09-09,1.46
1982-09-10,3.285
1982-09-13,-8.03
1982-09-14,-2.59
1982-09-15,1.11
1982-09-16,2.22
1982-09-17,4.44
1982-09-20,-1.48
1982-09-21,1.11
1982-09-22,2.96
1982-09-23,-3.7
1982-09-24,-5.18
1982-09-27,-1.48
1982-09-28,2.96
1982-09-29,1.11
1982-09-30,2.59
1982-10-01,2.96
1982-10-04,3.7
1982-10-05,-1.11
1982-10-06,-1.48
1982-10-07,-6.75
1982-10-08,3.375
1982-10-11,-6.375
1982-10-12,6.0
1982-10-13,-5.04
1982-10-14,3.8125
1982-10-15,2.105
1982-10-18,0.995
1982-10-19,-0.855
1982-10-20,-1.85
1982-10-21,3.0525
1982-10-22,5.42
1982-10-25,5.8525
1982-10-26,0.04
1982-10-27,0.8675
1982-10-28,-0.3325
1982-10-29,2.9675
1982-11-01,1.9125
1982-11-02,0.0
1982-11-03,-1.1225
1982-11-04,-4.0175
1982-11-05,-7.3275
1982-11-08,-1.4725
1982-11-09,1.395
1982-11-10,-1.295
1982-11-11,-4.54
1982-11-12,2.4475
1982-11-15,1.5
1982-11-16,-2.8525
1982-11-17,-1.6675
1982-11-18,-2.0975
1982-11-19,-2.2725
1982-11-22,0.2175
1982-11-23,-0.63
1982-11-24,-0.735
1982-11-25,0.0
1982-11-26,0.005
1982-11-29,4.81
1982-11-30,0.405
1982-12-01,1.935
1982-12-02,2.11
1982-12-03,1.83
1982-12-06,-4.005
1982-12-07,-4.415
1982-12-08,-0.625
1982-12-09,-4.5
1982-12-10,1.025
1982-12-13,-1.455
1982-12-14,4.11
1982-12-15,0.18
1982-12-16,1.0
1982-12-17,-0.44
1982-12-20,-0.15
1982-12-21,1.12
1982-12-22,0.71
1982-12-23,-1.125
1982-12-24,0.0
1982-12-27,-2.375
1982-12-28,-3.6
1982-12-29,0.7
1982-12-30,0.625
1982-12-31,0.0
1983-01-03,-0.55
1983-01-04,0.95
1983-01-05,-2.375
1983-01-06,-1.0
1983-01-07,-1.45
1983-01-10,-2.05
1983-01-11,2.325
1983-01-12,-6.7875
1983-01-13,1.6125
1983-01-14,-2.3775
1983-01-17,-0.28
1983-01-18,0.275
1983-01-19,1.25
1983-01-20,0.3
1983-01-21,-2.5
1983-01-24,-2.225
1983-01-25,0.25
1983-01-26,-3.625
1983-01-27,-1.775
1983-01-28,2.7625
1983-01-31,-2.6475
1983-02-01,0.6325
1983-02-02,1.02
1983-02-03,0.05
1983-02-04,0.875
1983-02-07,2.0125
1983-02-08,-0.5
1983-02-09,-2.825
1983-02-10,-2.175
1983-02-11,-0.115
1983-02-14,-3.2525
1983-02-15,1.345
1983-02-16,2.31
1983-02-17,-2.19
1983-02-18,0.3875
1983-02-21,0.0
1983-02-22,4.82
1983-02-23,-0.1525
1983-02-24,-0.9575
1983-02-25,3.1975
1983-02-28,3.695
1983-03-01,-1.815
1983-03-02,-2.4375
1983-03-03,-0.23
1983-03-04,-0.085
1983-03-07,-1.095
1983-03-08,0.745
1983-03-09,-1.965
1983-03-10,0.115
1983-03-11,-1.15
1983-03-14,-0.4
1983-03-15,0.75
1983-03-16,-3.8
1983-03-17,-0.95
1983-03-18,0.285
1983-03-21,-0.9
1983-03-22,-0.775
1983-03-23,-2.95
1983-03-24,0.76
1983-03-25,-0.26
1983-03-28,-0.495
1983-03-29,1.02
1983-03-30,0.99
1983-03-31,-0.315
1983-04-01,0.0
1983-04-04,0.1975
1983-04-05,1.1325
1983-04-06,0.4625
1983-04-07,-0.6875
1983-04-08,-1.075
1983-04-11,1.835
1983-04-12,-0.045
1983-04-13,-0.0175
1983-04-14,1.97
1983-04-15,0.075
1983-04-18,0.2
1983-04-19,-1.65
1983-04-20,0.48
1983-04-21,-0.65
1983-04-22,-0.4
1983-04-25,0.675
1983-04-26,0.325
1983-04-27,1.475
1983-04-28,0.175
1983-04-29,0.075
1983-05-02,-0.05
1983-05-03,0.515
1983-05-04,1.235
1983-05-05,-1.0525
1983-05-06,0.4075
1983-05-09,-1.5925
1983-05-10,1.175
1983-05-11,0.1375
1983-05-12,-0.5025
1983-05-13,0.345
1983-05-16,-2.3775
1983-05-17,-0.4725
1983-05-18,-0.155
1983-05-19,-1.2675
1983-05-20,-0.3075
1983-05-23,-0.355
1983-05-24,0.185
1983-05-25,0.025
1983-05-26,-0.825
1983-05-27,-0.03
1983-05-30,0.0
1983-05-31,-2.345
1983-06-01,1.165
1983-06-02,-0.43
1983-06-03,-0.285
1983-06-06,0.72
1983-06-07,-0.815
1983-06-08,-0.825
1983-06-09,0.6125
1983-06-10,0.025
1983-06-13,1.51
1983-06-14,-0.11
1983-06-15,0.39
1983-06-16,0.54
1983-06-17,-0.135
1983-06-20,-0.865
1983-06-21,-0.625
1983-06-22,-0.805
1983-06-23,-0.9
1983-06-24,-1.025
1983-06-27,-0.38
1983-06-28,0.705
1983-06-29,0.45
1983-06-30,0.3975
1983-07-01,0.1125
1983-07-04,0.0
1983-07-05,-1.9125
1983-07-06,0.2625
1983-07-07,-0.545
1983-07-08,-0.5325
1983-07-11,1.2875
1983-07-12,-0.48
1983-07-13,-0.045
1983-07-14,-0.29
1983-07-15,0.77
1983-07-18,1.55
1983-07-19,2.21
1983-07-20,2.625
1983-07-21,0.23
1983-07-22,1.63
1983-07-25,-0.9
1983-07-26,-2.78
1983-07-27,0.605
1983-07-28,2.0
1983-07-29,-1.31
1983-08-01,3.375
1983-08-02,1.1175
1983-08-03,2.7775
1983-08-04,-1.4775
1983-08-05,3.0375
1983-08-08,-1.1375
1983-08-09,-0.9875
1983-08-10,4.3
1983-08-11,0.22
1983-08-12,0.0
1983-08-15,4.4
1983-08-16,-1.38
1983-08-17,-2.3
1983-08-18,-3.68
1983-08-19,2.3
1983-08-22,4.6
1983-08-23,2.4425
1983-08-24,-2.02
1983-08-25,-2.105
1983-08-26,2.4025
1983-08-29,-2.9425
1983-08-30,-4.7
1983-08-31,3.3
1983-09-01,-2.52
1983-09-02,2.3325
1983-09-05,0.0
1983-09-06,2.795
1983-09-07,-0.435
1983-09-08,0.5975
1983-09-09,1.4075
1983-09-12,-0.8875
1983-09-13,-2.2375
1983-09-14,-1.8025
1983-09-15,-3.965
1983-09-16,2.285
1983-09-19,4.06
1983-09-20,-0.58
1983-09-21,4.0
1983-09-22,-3.58
1983-09-23,-1.9
1983-09-26,-1.745
1983-09-27,1.78
1983-09-28,-2.285
1983-09-29,1.08
1983-09-30,1.4325
1983-10-03,-0.87
1983-10-04,-2.16
1983-10-05,2.355
1983-10-06,0.54
1983-10-07,-1.395
1983-10-10,-0.8625
1983-10-11,-0.29
1983-10-12,-0.69
1983-10-13,2.84
1983-10-14,-0.79
1983-10-17,-0.37
1983-10-18,-1.67
1983-10-19,-0.13
1983-10-20,-0.59
1983-10-21,0.9
1983-10-24,-2.7
1983-10-25,0.74
1983-10-26,-2.65
1983-10-27,0.22
1983-10-28,-0.28
1983-10-31,-0.26
1983-11-01,0.81
1983-11-02,1.43
1983-11-03,-0.26
1983-11-04,0.3
1983-11-07,1.65
1983-11-08,1.565
1983-11-09,-1.41
1983-11-10,0.72
1983-11-11,-1.16
1983-11-14,-1.5275
1983-11-15,1.67
1983-11-16,-2.4675
1983-11-17,0.54
1983-11-18,-1.4625
1983-11-21,-0.735
1983-11-22,-0.2
1983-11-23,1.955
1983-11-24,0.0
1983-11-25,1.3125
1983-11-28,-0.375
1983-11-29,-0.075
1983-11-30,-1.695
1983-12-01,0.915
1983-12-02,-1.77
1983-12-05,-2.625
1983-12-06,-1.0425
1983-12-07,1.215
1983-12-08,-0.7425
1983-12-09,1.725
1983-12-12,0.945
1983-12-13,-0.81
1983-12-14,0.59
1983-12-15,1.1375
1983-12-16,-0.525
1983-12-19,3.075
1983-12-20,0.0
1983-12-21,-0.67
1983-12-22,0.8325
1983-12-23,1.8225
1983-12-26,0.0
1983-12-27,1.0125
1983-12-28,-1.575
1983-12-29,-0.0425
1983-12-30,0.32
1984-01-02,0.0
1984-01-03,-3.7625
1984-01-04,0.2
1984-01-05,0.75
1984-01-06,3.0675
1984-01-09,-3.0275
1984-01-10,2.155
1984-01-11,0.545
1984-01-12,-0.415
1984-01-13,-0.04
1984-01-16,-8.1
1984-01-17,3.55
1984-01-18,-0.01
1984-01-19,-0.31
1984-01-20,-0.89
1984-01-23,1.07
1984-01-24,4.55
1984-01-25,-2.99
1984-01-26,-0.7325
1984-01-27,-0.5225
1984-01-30,-0.8775
1984-01-31,-2.53
1984-02-01,1.3375
1984-02-02,1.82
1984-02-03,-0.15
1984-02-06,1.165
1984-02-07,0.31
1984-02-08,-1.915
1984-02-09,-0.53
1984-02-10,-1.515
1984-02-13,-0.975
1984-02-14,-0.705
1984-02-15,0.455
1984-02-16,0.0
1984-02-17,-4.81
1984-02-20,0.0
1984-02-21,1.08
1984-02-22,1.89
1984-02-23,-4.01
1984-02-24,1.295
1984-02-27,0.265
1984-02-28,-1.24
1984-02-29,4.275
1984-03-01,-0.065
1984-03-02,3.1475
1984-03-05,0.3
1984-03-06,-0.72
1984-03-07,-1.94
1984-03-08,0.7525
1984-03-09,1.63
1984-03-12,1.66
1984-03-13,-0.36
1984-03-14,1.12
1984-03-15,-1.48
1984-03-16,-1.08
1984-03-19,0.095
1984-03-20,1.18
1984-03-21,1.425
1984-03-22,1.56
1984-03-23,0.4675
1984-03-26,2.5875
1984-03-27,0.235
1984-03-28,-0.8475
1984-03-29,-2.745
1984-03-30,1.335
1984-04-02,5.3225
1984-04-03,2.975
1984-04-04,0.8925
1984-04-05,-4.8
1984-04-06,-1.335
1984-04-09,3.4
1984-04-10,-1.8
1984-04-11,-2.565
1984-04-12,0.25
1984-04-13,-0.005000000000009641
1984-04-16,-3.144999999999993
1984-04-17,1.5299999999999985
1984-04-18,3.299999999999991
1984-04-19,3.859999999999999
1984-04-20,0.0
1984-04-23,5.8400000000000025
1984-04-24,-8.239999999999995
1984-04-25,-0.0850000000000057
1984-04-26,-3.4249999999999896
1984-04-27,1.5800000000000007
1984-04-30,0.6099999999999796
1984-05-01,1.8650000000000149
1984-05-02,2.014999999999992
1984-05-03,-2.9200000000000044
1984-05-04,1.0950000000000046
1984-05-07,-2.155000000000007
1984-05-08,-0.7049999999999783
1984-05-09,-4.405000000000019
1984-05-10,-2.7000000000000055
1984-05-11,-3.524999999999982
1984-05-14,-1.5625
1984-05-15,2.2349999999999945
1984-05-16,4.400000000000002
1984-05-17,-1.8100000000000045
1984-05-18,1.265000000000009
1984-05-21,5.5024999999999915
1984-05-22,-1.2799999999999898
1984-05-23,-0.18750000000001704
1984-05-24,1.4925000000000226
1984-05-25,0.5899999999999938
1984-05-28,0.0
1984-05-29,-1.3000000000000063
1984-05-30,-1.1399999999999972
1984-05-31,-1.5099999999999985
1984-06-01,0.250000000000008
1984-06-04,-1.0900000000000047
1984-06-05,-1.5100000000000062
1984-06-06,-2.0199999999999956
1984-06-07,1.1800000000000017
1984-06-08,-1.8700000000000039
1984-06-11,1.8299999999999979
1984-06-12,0.4900000000000074
1984-06-13,4.45
1984-06-14,-1.1800000000000017
1984-06-15,1.119999999999993
1984-06-18,3.460000000000009
1984-06-19,4.589999999999994
1984-06-20,-2.207499999999994
1984-06-21,-1.867499999999993
1984-06-22,-0.957500000000001
1984-06-25,-2.904999999999996
1984-06-26,-3.042499999999996
1984-06-27,0.3150000000000091
1984-06-28,0.6424999999999783
1984-06-29,7.602500000000005
1984-07-02,-0.7200000000000056
1984-07-03,-4.97999999999998
1984-07-04,0.0
1984-07-05,-5.872500000000004
1984-07-06,1.0799999999999945
1984-07-09,3.9950000000000156
1984-07-10,-4.050000000000022
1984-07-11,-2.849999999999982
1984-07-12,1.9949999999999877
1984-07-13,-1.2249999999999839
1984-07-16,-0.9175000000000011
1984-07-17,0.259999999999975
1984-07-18,0.8575000000000046
1984-07-19,0.8049999999999965
1984-07-20,-2.182499999999982
1984-07-23,-0.6074999999999977
1984-07-24,-1.6850000000000123
1984-07-25,-1.194999999999993
1984-07-26,1.655000000000007
1984-07-27,-0.9850000000000193
1984-07-30,0.23999999999999888
1984-07-31,2.1550000000000225
1984-08-01,0.4699999999999864
1984-08-02,2.4750000000000223
1984-08-03,1.4149999999999727
1984-08-06,-1.919999999999976
1984-08-07,-0.8075000000000307
1984-08-08,-0.3824999999999608
1984-08-09,1.9649999999999606
1984-08-10,-0.35249999999996245
1984-08-13,-0.2900000000000307
1984-08-14,2.269999999999993
1984-08-15,-0.8574999999999839
1984-08-16,0.46750000000001135
1984-08-17,-2.1025000000000253
1984-08-20,-3.187499999999978
1984-08-21,1.4600000000000204
1984-08-22,2.539999999999989
1984-08-23,-1.1600000000000312
1984-08-24,1.2950000000000512
1984-08-27,-0.5100000000000257
1984-08-28,-0.845
1984-08-29,-2.395000000000006
1984-08-30,0.8400000000000201
1984-08-31,0.2849999999999858
1984-09-03,0.0
1984-09-04,-1.134999999999983
1984-09-05,0.9650000000000198
1984-09-06,2.145
1984-09-07,1.389999999999963
1984-09-10,4.05
1984-09-11,0.29999999999999427
1984-09-12,-0.9649999999999574
1984-09-13,0.12499999999998872
1984-09-14,1.9300000000000028
1984-09-17,-2.010000000000014
1984-09-18,1.7299999999999747
1984-09-19,3.892499999999946
1984-09-20,-1.1124999999999858
1984-09-21,-3.0074999999999803
1984-09-24,-2.2300000000000195
1984-09-25,-1.1399999999999602
1984-09-26,0.3049999999999517
1984-09-27,2.447500000000014
1984-09-28,-4.625000000000022
1984-10-01,-1.1349999999999405
1984-10-02,0.9725
1984-10-03,-0.3125000000000091
1984-10-04,0.8674999999999978
1984-10-05,1.7824999999999613
1984-10-08,-0.18999999999999093
1984-10-09,-0.42250000000000454
1984-10-10,0.5200000000000409
1984-10-11,0.11249999999995225
1984-10-12,2.6450000000000458
1984-10-15,-1.927499999999993
1984-10-16,0.5974999999999744
1984-10-17,-0.007500000000017099
1984-10-18,2.56000000000004
1984-10-19,1.69
1984-10-22,-0.6375000000000398
1984-10-23,1.5950000000000426
1984-10-24,1.352499999999983
1984-10-25,-3.1125000000000242
1984-10-26,-3.3900000000000206
1984-10-29,-0.014999999999993179
1984-10-30,3.65
1984-10-31,-0.525
1984-11-01,2.7775000000000314
1984-11-02,0.09749999999999144
1984-11-05,2.0374999999999943
1984-11-06,0.6324999999999801
1984-11-07,-1.5699999999999574
1984-11-08,-3.0449999999999973
1984-11-09,1.9499999999999515
1984-11-12,0.8850000000000484
1984-11-13,-2.2600000000000198
1984-11-14,-0.3074999999999659
1984-11-15,1.5299999999999727
1984-11-16,0.4425000000000238
1984-11-19,0.7674999999999659
1984-11-20,1.747499999999993
1984-11-21,3.004999999999976
1984-11-22,0.0
1984-11-23,2.56250000000001
1984-11-26,-1.06
1984-11-27,-1.1250000000000069
1984-11-28,-0.014999999999993088
1984-11-29,-0.41999999999997617
1984-11-30,-4.66
1984-12-03,0.9099999999999602
1984-12-04,1.1500000000000516
1984-12-05,-2.11999999999998
1984-12-06,-2.7000000000000477
1984-12-07,-4.399999999999989
1984-12-10,1.995000000000032
1984-12-11,1.9999999999999878
1984-12-12,-0.8200000000000278
1984-12-13,-3.250000000000012
1984-12-14,4.194999999999995
1984-12-17,1.7350000000000438
1984-12-18,2.034999999999976
1984-12-19,-1.1949999999999878
1984-12-20,-0.7374999999999882
1984-12-21,0.4975000000000159
1984-12-24,0.9625000000000039
1984-12-25,0.0
1984-12-26,-2.292500000000012
1984-12-27,-0.7325
1984-12-28,0.3825000000000199
1984-12-31,-1.5274999999999324
1985-01-01,0.0
1985-01-02,-1.3275000000000716
1985-01-03,0.5175000000000438
1985-01-04,-1.035000000000028
1985-01-07,3.6999999999999793
1985-01-08,-0.6574999999999364
1985-01-09,0.9249999999999404
1985-01-10,-0.09250000000000796
1985-01-11,-2.1299999999999484
1985-01-14,-0.03999999999999204
1985-01-15,1.8424999999999243
1985-01-16,-0.502499999999996
1985-01-17,-0.20249999999993631
1985-01-18,2.5299999999999403
1985-01-21,0.1325
1985-01-22,1.8950000000000677
1985-01-23,0.32999999999993634
1985-01-24,3.0125000000000544
1985-01-25,-0.6425000000000409
1985-01-28,-1.005000000000018
1985-01-29,0.4974999999999864
1985-01-30,-0.03749999999996419
1985-01-31,-1.6425000000000407
1985-02-01,-4.684999999999938
1985-02-04,0.18500000000004602
1985-02-05,1.490000000000009
1985-02-06,-2.4850000000000865
1985-02-07,-1.0999999999999637
1985-02-08,1.140000000000041
1985-02-11,-1.240000000000082
1985-02-12,-0.32499999999993634
1985-02-13,0.5600000000000273
1985-02-14,2.719999999999982
1985-02-15,-1.200000000000041
1985-02-18,0.0
1985-02-19,-0.18500000000003183
1985-02-20,-3.304999999999955
1985-02-21,-1.8450000000000182
1985-02-22,-1.9150000000000045
1985-02-25,0.1950000000000273
1985-02-26,1.1850000000000092
1985-02-27,-3.3500000000000725
1985-02-28,-1.3699999999999863
1985-03-01,-0.6499999999999683
1985-03-04,-1.310000000000016
1985-03-05,2.080000000000012
1985-03-06,-1.679999999999968
1985-03-07,-0.7200000000000307
1985-03-08,3.8499999999999757
1985-03-11,1.0700000000000103
1985-03-12,-0.909999999999946
1985-03-13,-1.8200000000000254
1985-03-14,-0.3600000000000313
1985-03-15,0.7475000000000029
1985-03-18,-0.819999999999946
1985-03-19,1.4799999999999487
1985-03-20,1.5000000000000226
1985-03-21,0.6499999999999659
1985-03-22,-0.4350000000000171
1985-03-25,-0.012499999999974443
1985-03-26,1.789999999999989
1985-03-27,-0.1800000000000199
1985-03-28,0.7300000000000313
1985-03-29,1.6625000000000059
1985-04-01,-0.10250000000004265
1985-04-02,-0.1550000000000142
1985-04-03,-0.17749999999997443
1985-04-04,-0.5374999999999659
1985-04-05,0.0
1985-04-08,0.45249999999995455
1985-04-09,0.5375000000000171
1985-04-10,0.3249999999999687
1985-04-11,2.232500000000022
1985-04-12,-0.4599999999999625
1985-04-15,0.2699999999999693
1985-04-16,1.780000000000024
1985-04-17,-2.239999999999986
1985-04-18,3.509999999999976
1985-04-19,-0.8699999999999797
1985-04-22,1.899999999999949
1985-04-23,-2.9824999999999693
1985-04-24,1.6175000000000037
1985-04-25,-2.382500000000004
1985-04-26,-0.4550000000000136
1985-04-29,-2.2449999999999757
1985-04-30,0.9049999999999727
1985-05-01,0.9750000000000227
1985-05-02,-0.6750000000000256
1985-05-03,2.4125000000000374
1985-05-06,1.2499999999999716
1985-05-07,1.2500000000000142
1985-05-08,-1.3499999999999859
1985-05-09,2.8499999999999575
1985-05-10,2.1750000000000256
1985-05-13,-0.9500000000000398
1985-05-14,3.360000000000048
1985-05-15,-1.630000000000007
1985-05-16,2.0349999999999624
1985-05-17,-1.5699999999999763
1985-05-20,4.735000000000014
1985-05-21,-1.42499999999998
1985-05-22,-0.7400000000000518
1985-05-23,-0.5799999999999643
1985-05-24,1.540000000000012
1985-05-27,0.0
1985-05-28,0.144999999999996
1985-05-29,-0.7649999999999721
1985-05-30,2.144999999999908
1985-05-31,1.3600000000000796
1985-06-03,4.24
1985-06-04,0.17499999999995225
1985-06-05,6.865000000000052
1985-06-06,-1.4025000000000774
1985-06-07,-7.080000000000008
1985-06-10,-0.12499999999992724
1985-06-11,1.8324999999999796
1985-06-12,-0.6074999999999828
1985-06-13,-1.4825000000000206
1985-06-14,3.717499999999986
1985-06-17,-1.3224999999999763
1985-06-18,2.639999999999963
1985-06-19,-3.0974999999999384
1985-06-20,-2.1475000000000444
1985-06-21,-2.2900000000000102
1985-06-24,-1.0750000000000681
1985-06-25,-1.2399999999999283
1985-06-26,-1.2775000000000682
1985-06-27,2.777500000000004
1985-06-28,1.7425000000000341
1985-07-01,-0.6100000000000307
1985-07-02,-0.2599999999999625
1985-07-03,-0.6
1985-07-04,0.0
1985-07-05,6.550000000000008
1985-07-08,-2.6575000000000037
1985-07-09,-1.4325000000000205
1985-07-10,-0.8574999999999591
1985-07-11,-3.4825000000000443
1985-07-12,1.735000000000016
1985-07-15,-1.1400000000000121
1985-07-16,0.6399999999999683
1985-07-17,0.10500000000001992
1985-07-18,-5.0000000000000355
1985-07-19,-1.1099999999999364
1985-07-22,-2.1050000000000244
1985-07-23,-0.4824999999999722
1985-07-24,-1.3000000000000438
1985-07-25,0.5225000000000517
1985-07-26,-1.679999999999984
1985-07-29,-1.9175000000000597
1985-07-30,-0.562500000000008
1985-07-31,1.3925000000000516
1985-08-01,1.804999999999996
1985-08-02,-2.822499999999996
1985-08-05,0.40249999999996416
1985-08-06,0.2550000000000238
1985-08-07,2.440000000000012
1985-08-08,2.092500000000004
1985-08-09,1.0049999999999244
1985-08-12,-0.024999999999908505
1985-08-13,-1.872500000000024
1985-08-14,1.3499999999999721
1985-08-15,0.009999999999956254
1985-08-16,1.7600000000000953
1985-08-19,1.2499999999999323
1985-08-20,0.7049999999999881
1985-08-21,1.230000000000016
1985-08-22,-0.5325000000000318
1985-08-23,-0.7999999999999523
1985-08-26,-1.1499999999999522
1985-08-27,1.79499999999996
1985-08-28,-0.8950000000000436
1985-08-29,1.114999999999988
1985-08-30,-3.409999999999982
1985-09-02,0.0
1985-09-03,1.022500000000059
1985-09-04,1.9025000000000272
1985-09-05,-1.8875000000001
1985-09-06,-6.154999999999978
1985-09-09,-0.24999999999996816
1985-09-10,0.9400000000000238
1985-09-11,-0.0975
1985-09-12,-0.2875000000000716
1985-09-13,3.1375000000000437
1985-09-16,0.7175000000000359
1985-09-17,-0.8175000000000717
1985-09-18,-0.857499999999988
1985-09-19,-0.07250000000000796
1985-09-20,2.48
1985-09-23,1.0349999999999484
1985-09-24,0.94
1985-09-25,0.5125
1985-09-26,0.485
1985-09-27,-1.965000000000032
1985-09-30,0.7300000000000437
1985-10-01,1.0800000000000238
1985-10-02,-1.5450000000000237
1985-10-03,0.6250000000000437
1985-10-04,-0.810000000000008
1985-10-07,-1.879999999999988
1985-10-08,1.1249999999999771
1985-10-09,-0.36000000000001814
1985-10-10,0.20500000000004093
1985-10-11,0.3049999999998954
1985-10-14,0.695000000000041
1985-10-15,0.23000000000000909
1985-10-16,1.5024999999999489
1985-10-17,1.8699999999999948
1985-10-18,0.8875000000001022
1985-10-21,-0.49250000000009203
1985-10-22,1.200000000000082
1985-10-23,-0.55
1985-10-24,-1.1600000000000228
1985-10-25,-0.5000000000000796
1985-10-28,-1.155
1985-10-29,5.205000000000094
1985-10-30,2.1050000000000253
1985-10-31,1.662499999999925
1985-11-01,0.35000000000006876
1985-11-04,0.32249999999995227
1985-11-05,2.057499999999966
1985-11-06,-0.1825
1985-11-07,0.3325000000000614
1985-11-08,3.649999999999911
1985-11-11,-0.364999999999867
1985-11-12,3.9899999999999407
1985-11-13,-2.389999999999926
1985-11-14,-1.2450000000000296
1985-11-15,-1.9500000000000144
1985-11-18,6.639999999999933
1985-11-19,-0.4299999999998965
1985-11-20,-1.1075000000001023
1985-11-21,0.8549999999999658
1985-11-22,-0.25499999999992495
1985-11-25,-0.2550000000000614
1985-11-26,0.32500000000010915
1985-11-27,2.0874999999998707
1985-11-28,0.0
1985-11-29,1.5600000000001502
1985-12-02,-3.6050000000000075
1985-12-03,0.7
1985-12-04,2.3349999999999795
1985-12-05,-0.4574999999999659
1985-12-06,-1.2025000000000272
1985-12-09,5.217499999999959
1985-12-10,3.0049999999999457
1985-12-11,5.012499999999972
1985-12-12,-1.5624999999998432
1985-12-13,0.5849999999999687
1985-12-16,1.2099999999999125
1985-12-17,4.132499999999994
1985-12-18,-2.1199999999999126
1985-12-19,1.1774999999999813
1985-12-20,1.3149999999999875
1985-12-23,-1.7925000000001252
1985-12-24,0.23250000000011253
1985-12-25,0.0
1985-12-26,1.1149999999999125
1985-12-27,1.6275000000000688
1985-12-30,-1.0525000000000686
1985-12-31,0.06750000000010914
1986-01-01,0.0
1986-01-02,-2.0525000000000886
1986-01-03,-1.2600000000000138
1986-01-06,-0.38249999999989087
1986-01-07,4.762499999999899
1986-01-08,-5.559999999999912
1986-01-09,-2.4075000000000273
1986-01-10,-2.519999999999993
1986-01-13,-5.670000000000095
1986-01-14,2.1900000000000204
1986-01-15,3.200000000000094
1986-01-16,-0.21500000000006875
1986-01-17,-0.024999999999968714
1986-01-20,-1.3299999999999814
1986-01-21,1.894999999999925
1986-01-22,-1.4149999999999125
1986-01-23,2.549999999999906
1986-01-24,0.7650000000000375
1986-01-27,2.829999999999981
1986-01-28,2.10499999999995
1986-01-29,-1.969999999999925
1986-01-30,-0.3
1986-01-31,0.9600000000000252
1986-02-03,1.710000000000025
1986-02-04,1.2400000000000126
1986-02-05,-1.8450000000000686
1986-02-06,-1.7699999999999811
1986-02-07,-1.9549999999999688
1986-02-10,2.884999999999925
1986-02-11,1.3749999999999687
1986-02-12,-0.12499999999989996
1986-02-13,0.4200000000000126
1986-02-14,3.6699999999999453
1986-02-17,0.0
1986-02-18,1.7300000000000408
1986-02-19,-1.25
1986-02-20,0.20999999999998634
1986-02-21,4.009999999999979
1986-02-24,3.0399999999999796
1986-02-25,-0.7550000000000603
1986-02-26,1.7250000000001493
1986-02-27,5.544999999999899
1986-02-28,0.750000000000075
1986-03-03,3.649999999999898
1986-03-04,1.7900000000000407
1986-03-05,-5.695000000000068
1986-03-06,2.835000000000116
1986-03-07,1.6624999999999657
1986-03-10,5.724999999999986
1986-03-11,0.24999999999995223
1986-03-12,-0.052499999999904505
1986-03-13,-0.3625000000001091
1986-03-14,1.075000000000075
1986-03-17,-0.8349999999999523
1986-03-18,-1.3075000000001091
1986-03-19,0.41500000000007503
1986-03-20,0.9499999999999658
1986-03-21,-0.8974999999999386
1986-03-24,3.052500000000041
1986-03-25,0.06250000000004774
1986-03-26,2.062499999999918
1986-03-27,3.375000000000074
1986-03-28,0.0
1986-03-31,2.9874999999999927
1986-04-01,0.235
1986-04-02,0.022499999999933518
1986-04-03,-2.3174999999999626
1986-04-04,-0.36750000000003785
1986-04-07,0.34000000000013303
1986-04-08,4.650000000000008
1986-04-09,1.022499999999963
1986-04-10,-0.11749999999998521
1986-04-11,-1.9575000000000295
1986-04-14,3.457499999999941
1986-04-15,-2.012499999999978
1986-04-16,4.6649999999999405
1986-04-17,-2.4174999999999924
1986-04-18,-2.3324999999999916
1986-04-21,-1.3249999999998596
1986-04-22,-4.127499999999992
1986-04-23,-3.8175000000001265
1986-04-24,-3.797500000000034
1986-04-25,-1.5774999999999795
1986-04-28,4.315000000000044
1986-04-29,1.8825000000000447
1986-04-30,1.6675000000000124
1986-05-01,-2.8875000000000823
1986-05-02,-1.7250000000000438
1986-05-05,3.7550000000000754
1986-05-06,-1.0525000000000384
1986-05-07,-1.2249999999999688
1986-05-08,3.367499999999981
1986-05-09,-3.3874999999999313
1986-05-12,-4.542500000000068
1986-05-13,2.669999999999981
1986-05-14,-2.099999999999894
1986-05-15,-3.9700000000000624
1986-05-16,-4.085000000000075
1986-05-19,-1.059999999999983
1986-05-20,1.43
1986-05-21,-0.2899999999998977
1986-05-22,0.7199999999999829
1986-05-23,0.8549999999999204
1986-05-26,0.0
1986-05-27,2.075000000000097
1986-05-28,-2.060000000000057
1986-05-29,-4.494999999999956
1986-05-30,-1.4849999999999846
1986-06-02,-3.7175000000000105
1986-06-03,2.532499999999959
1986-06-04,-2.957500000000004
1986-06-05,1.085000000000009
1986-06-06,5.530000000000019
1986-06-09,-3.040000000000014
1986-06-10,0.0299999999999693
1986-06-11,0.9700000000000204
1986-06-12,-0.4349999999999625
1986-06-13,2.99
1986-06-16,-0.03000000000000682
1986-06-17,1.3399999999999488
1986-06-18,0.36499999999998983
1986-06-19,-1.2349999999999728
1986-06-20,0.5849999999999898
1986-06-23,0.16499999999992157
1986-06-24,-0.1749999999999318
1986-06-25,0.29499999999992843
1986-06-26,0.0800000000000358
1986-06-27,1.1400000000000516
1986-06-30,-0.5999999999999917
1986-07-01,0.07499999999997727
1986-07-02,0.3149999999999267
1986-07-03,2.177500000000078
1986-07-04,0.0
1986-07-07,-1.2900000000000358
1986-07-08,-2.4525000000000157
1986-07-09,2.0924999999999696
1986-07-10,-1.0349999999999848
1986-07-11,0.9575000000000767
1986-07-14,1.0124999999999849
1986-07-15,1.5450000000000206
1986-07-16,-0.09000000000007162
1986-07-17,-0.052500000000046045
1986-07-18,0.6875000000001137
1986-07-21,0.9999999999999204
1986-07-22,-0.7499999999999091
1986-07-23,-2.5000000000000626
1986-07-24,-1.5600000000000251
1986-07-25,0.9100000000000251
1986-07-28,-2.699999999999969
1986-07-29,3.359999999999962
1986-07-30,0.9600000000000258
1986-07-31,1.8400000000000374
1986-08-01,-0.17500000000006874
1986-08-04,1.0799999999999814
1986-08-05,-1.4999999999999374
1986-08-06,-1.2200000000000126
1986-08-07,0.7800000000000563
1986-08-08,1.41
1986-08-11,1.279999999999925
1986-08-12,1.4799999999999796
1986-08-13,1.7100000000000881
1986-08-14,-0.8400000000001229
1986-08-15,0.6200000000000137
1986-08-18,0.07000000000010914
1986-08-19,2.509999999999884
1986-08-20,0.9500000000000136
1986-08-21,1.455000000000116
1986-08-22,-2.2850000000000295
1986-08-25,2.1949999999998595
1986-08-26,2.3875000000001476
1986-08-27,-3.1975000000000593
1986-08-28,1.0049999999999484
1986-08-29,1.7075000000000815
1986-09-01,0.0
1986-09-02,-2.855000000000074
1986-09-03,-3.7974999999999404
1986-09-04,1.4999999999999778
1986-09-05,-5.637500000000066
1986-09-08,-3.6700000000000075
1986-09-09,1.2950000000000688
1986-09-10,1.7400000000000686
1986-09-11,-3.1850000000000622
1986-09-12,-0.4549999999999882
1986-09-15,2.204999999999982
1986-09-16,-0.8699999999999564
1986-09-17,-0.20000000000001256
1986-09-18,-2.9999999999999942
1986-09-19,-0.5800000000001125
1986-09-22,-0.24
1986-09-23,-2.549999999999999
1986-09-24,1.9399999999999498
1986-09-25,1.18
1986-09-26,-0.3549999999998874
1986-09-29,-5.1950000000000385
1986-09-30,2.969999999999981
1986-10-01,0.5450000000000126
1986-10-02,0.3299999999999874
1986-10-03,5.514999999999943
1986-10-06,2.080000000000122
1986-10-07,0.5899999999999125
1986-10-08,-1.1499999999999555
1986-10-09,0.6000000000000119
1986-10-10,-1.1300000000000119
1986-10-13,-0.7999999999999658
1986-10-14,-1.660000000000075
1986-10-15,0.3300000000000341
1986-10-16,-0.9499999999999658
1986-10-17,-1.2399999999999796
1986-10-20,-1.0700000000000616
1986-10-21,1.3749999999999658
1986-10-22,1.8800000000001023
1986-10-23,1.24
1986-10-24,-1.4100000000000958
1986-10-27,1.9649999999999779
1986-10-28,-0.20999999999998523
1986-10-29,1.8300000000000138
1986-10-30,1.1550000000000444
1986-10-31,-0.15499999999994826
1986-11-03,0.4099999999998965
1986-11-04,-0.16000000000005174
1986-11-05,-0.40999999999993353
1986-11-06,-1.4150000000000875
1986-11-07,-2.012499999999832
1986-11-10,1.0074999999999443
1986-11-11,0.8549999999999444
1986-11-12,0.5475000000000866
1986-11-13,0.4049999999999443
1986-11-14,1.5650000000000877
1986-11-17,2.3624999999998213
1986-11-18,-1.6999999999998978
1986-11-19,3.6199999999999317
1986-11-20,-0.19499999999992326
1986-11-21,1.1974999999999405
1986-11-24,1.1350000000000768
1986-11-25,-1.2125000000000767
1986-11-26,1.0775000000000343
1986-11-27,0.0
1986-11-28,1.0300000000000937
1986-12-01,-0.3449999999999829
1986-12-02,5.534999999999795
1986-12-03,1.3700000000001364
1986-12-04,2.6149999999999745
1986-12-05,-2.845000000000017
1986-12-08,2.6249999999999916
1986-12-09,1.534999999999923
1986-12-10,-0.3
1986-12-11,-0.9449999999998978
1986-12-12,1.335000000000094
1986-12-15,-1.3000000000001535
1986-12-16,0.57
1986-12-17,1.1900000000001534
1986-12-18,1.7099999999998465
1986-12-19,0.225
1986-12-22,-1.1749999999998293
1986-12-23,2.9899999999999727
1986-12-24,-0.4000000000000455
1986-12-25,0.0
1986-12-26,-0.44749999999998186
1986-12-29,-1.2525000000001
1986-12-30,-1.6849999999998273
1986-12-31,-0.7525000000001183
1987-01-01,0.0
1987-01-02,6.957499999999992
1987-01-05,5.337499999999955
1987-01-06,-1.2874999999999546
1987-01-07,-1.8425000000000182
1987-01-08,1.9325000000001182
1987-01-09,1.1949999999998908
1987-01-12,-4.2574999999999354
1987-01-13,3.1950000000000363
1987-01-14,-1.0300000000000273
1987-01-15,3.0799999999999725
1987-01-16,2.4525000000000183
1987-01-19,1.7525000000000182
1987-01-20,0.7450000000000182
1987-01-21,-1.0925000000000453
1987-01-22,2.217499999999909
1987-01-23,-2.4699999999999362
1987-01-26,-3.777499999999991
1987-01-27,0.7825000000000455
1987-01-28,2.415
1987-01-29,-1.7075000000000362
1987-01-30,-2.847500000000036
1987-02-02,-1.405
1987-02-03,-0.5499999999998726
1987-02-04,1.314999999999918
1987-02-05,5.742499999999972
1987-02-06,0.05000000000012733
1987-02-09,0.3524999999998181
1987-02-10,-3.499999999999991
1987-02-11,0.275
1987-02-12,5.995000000000008
1987-02-13,2.8725000000000724
1987-02-16,0.0
1987-02-17,-2.095000000000017
1987-02-18,1.365
1987-02-19,0.8125000000000511
1987-02-20,-4.035000000000051
1987-02-23,1.565
1987-02-24,0.8274999999999404
1987-02-25,1.6650000000001364
1987-02-26,1.3799999999998809
1987-02-27,-0.8225000000000596
1987-03-02,-2.1399999999998633
1987-03-03,2.057499999999983
1987-03-04,1.0624999999998979
1987-03-05,-4.217499999999957
1987-03-06,-4.962499999999898
1987-03-09,-1.197500000000094
1987-03-10,0.7124999999999404
1987-03-11,-0.4125
1987-03-12,0.7750000000001365
1987-03-13,2.8775000000000546
1987-03-16,-1.4200000000001636
1987-03-17,-0.6000000000000455
1987-03-18,1.210000000000082
1987-03-19,2.5900000000001002
1987-03-20,-1.55
1987-03-23,-2.050000000000182
1987-03-24,-0.9199999999999818
1987-03-25,-1.7299999999998363
1987-03-26,1.3399999999999808
1987-03-27,-5.560000000000165
1987-03-30,-7.890000000000029
1987-03-31,2.1600000000000676
1987-04-01,-3.5649999999999635
1987-04-02,0.26999999999998187
1987-04-03,1.3275000000000716
1987-04-06,1.0249999999999204
1987-04-07,-5.789999999999992
1987-04-08,0.1475000000001035
1987-04-09,-8.392500000000014
1987-04-10,-3.6475000000000515
1987-04-13,-7.374999999999977
1987-04-14,-5.857500000000091
1987-04-15,6.382500000000098
1987-04-16,1.3999999999999098
1987-04-17,0.0
1987-04-20,-4.854999999999956
1987-04-21,1.089999999999972
1987-04-22,0.33500000000006763
1987-04-23,-3.3400000000000376
1987-04-24,-2.2050000000000276
1987-04-27,1.9050000000000615
1987-04-28,0.4799999999999829
1987-04-29,-1.982500000000007
1987-04-30,0.23249999999999654
1987-05-01,0.5174999999999931
1987-05-04,-3.387500000000024
1987-05-05,0.8849999999999829
1987-05-06,-1.2874999999999546
1987-05-07,-2.862500000000014
1987-05-08,-2.1449999999999827
1987-05-11,-6.587499999999994
1987-05-12,3.0499999999999603
1987-05-13,1.600000000000017
1987-05-14,-2.750000000000011
1987-05-15,-3.1074999999999777
1987-05-18,3.7500000000000195
1987-05-19,-0.9450000000000136
1987-05-20,1.3974999999999795
1987-05-21,-0.7324999999999818
1987-05-22,0.4674999999999727
1987-05-25,0.0
1987-05-26,3.0575000000000276
1987-05-27,-1.204999999999998
1987-05-28,0.9799999999999728
1987-05-29,0.4824999999999932
1987-06-01,1.1700000000000186
1987-06-02,-2.825000000000017
1987-06-03,-0.2649999999999608
1987-06-04,0.14499999999997615
1987-06-05,0.14999999999998295
1987-06-08,-0.05999999999998806
1987-06-09,0.45000000000000856
1987-06-10,0.7249999999999915
1987-06-11,-0.9149999999999777
1987-06-12,-0.25500000000000694
1987-06-15,-2.8325000000000276
1987-06-16,-1.022499999999988
1987-06-17,1.835000000000005
1987-06-18,1.242500000000007
1987-06-19,-0.4224999999999795
1987-06-22,3.3175000000000288
1987-06-23,-0.7825
1987-06-24,-1.362499999999993
1987-06-25,0.9849999999999839
1987-06-26,-0.24999999999998182
1987-06-29,2.377499999999986
1987-06-30,-0.9700000000000113
1987-07-01,1.3975000000000284
1987-07-02,-0.4149999999999858
1987-07-03,0.0
1987-07-06,0.9750000000000113
1987-07-07,0.3624999999999403
1987-07-08,1.08750000000002
1987-07-09,-0.7749999999999858
1987-07-10,0.5125000000000172
1987-07-13,0.7524999999999944
1987-07-14,-0.6650000000000056
1987-07-15,-0.4150000000000028
1987-07-16,1.1899999999999802
1987-07-17,1.4199999999999857
1987-07-20,-2.7374999999999603
1987-07-21,1.3750000000000142
1987-07-22,-0.9000000000000029
1987-07-23,-0.5050000000000113
1987-07-24,-0.19999999999998008
1987-07-27,-0.2700000000000455
1987-07-28,-1.315
1987-07-29,2.355
1987-07-30,0.26500000000004265
1987-07-31,-1.1000000000000567
1987-08-03,-0.2999999999999517
1987-08-04,3.340000000000012
1987-08-05,0.7499999999999374
1987-08-06,0.5800000000000085
1987-08-07,0.5399999999999944
1987-08-10,-1.0750000000000055
1987-08-11,-0.12499999999994883
1987-08-12,0.8749999999999545
1987-08-13,0.08500000000003129
1987-08-14,-2.625000000000011
1987-08-17,0.9250000000000398
1987-08-18,-0.42500000000006255
1987-08-19,-3.2249999999999486
1987-08-20,2.119999999999986
1987-08-21,-0.4799999999999801
1987-08-24,0.5449999999999489
1987-08-25,0.01500000000005116
1987-08-26,-2.455000000000031
1987-08-27,-1.5699999999999716
1987-08-28,0.9649999999999432
1987-08-31,2.310000000000031
1987-09-01,0.8525000000000204
1987-09-02,-3.4900000000000206
1987-09-03,1.0350000000000295
1987-09-04,-0.8325000000000203
1987-09-07,0.0
1987-09-08,-4.95250000000002
1987-09-09,-1.269999999999959
1987-09-10,-0.8600000000000307
1987-09-11,0.8399999999999949
1987-09-14,-2.019999999999993
1987-09-15,0.619999999999999
1987-09-16,-3.139999999999986
1987-09-17,-0.5000000000000228
1987-09-18,0.2800000000000125
1987-09-21,1.6400000000000032
1987-09-22,2.1599999999999966
1987-09-23,-0.4799999999999955
1987-09-24,1.1399999999999806
1987-09-25,-0.49999999999999434
1987-09-28,-3.3399999999999976
1987-09-29,-2.3400000000000034
1987-09-30,1.7750000000000103
1987-10-01,-3.3599999999999977
1987-10-02,-0.39500000000000346
1987-10-05,-0.09999999999999432
1987-10-06,1.5999999999999772
1987-10-07,-0.12000000000000113
1987-10-08,-1.034999999999999
1987-10-09,1.0025000000000075
1987-10-12,0.9799999999999971
1987-10-13,-2.067500000000004
1987-10-14,-1.5549999999999955
1987-10-15,-0.010000000000000567
1987-10-16,1.5374999999999979
1987-10-19,4.542500000000003
1987-10-20,0.30000000000000693
1987-10-21,-0.5175000000000074
1987-10-22,0.09500000000000283
1987-10-23,-0.040000000000004546
1987-10-26,1.555
1987-10-27,-0.8799999999999909
1987-10-28,0.3599999999999932
1987-10-29,-0.6800000000000035
1987-10-30,0.6075000000000024
1987-11-02,-1.315000000000001
1987-11-03,1.4850000000000085
1987-11-04,0.7675
1987-11-05,-0.3150000000000005
1987-11-06,-1.8050000000000057
1987-11-09,-0.14999999999999433
1987-11-10,0.5274999999999795
1987-11-11,-1.034999999999992
1987-11-12,0.08250000000001023
1987-11-13,-1.0025000000000102
1987-11-16,0.07500000000000454
1987-11-17,-0.6699999999999932
1987-11-18,0.19999999999998522
1987-11-19,0.5775000000000126
1987-11-20,0.43499999999998185
1987-11-23,0.04000000000002046
1987-11-24,-1.3350000000000204
1987-11-25,-2.244999999999979
1987-11-26,0.0
1987-11-27,-2.270000000000003
1987-11-30,2.3199999999999923
1987-12-01,-0.20500000000001026
1987-12-02,1.7900000000000205
1987-12-03,0.779999999999984
1987-12-04,0.31500000000001027
1987-12-07,-1.405000000000007
1987-12-08,-0.33
1987-12-09,-0.13999999999999546
1987-12-10,-0.6749999999999909
1987-12-11,-0.37500000000002465
1987-12-14,0.1600000000000076
1987-12-15,2.5100000000000025
1987-12-16,0.525
1987-12-17,-1.2600000000000047
1987-12-18,1.0199999999999931
1987-12-21,-0.460000000000008
1987-12-22,-1.1300000000000012
1987-12-23,0.6850000000000023
1987-12-24,-0.22000000000000455
1987-12-25,0.0
1987-12-28,-0.03999999999999491
1987-12-29,0.5700000000000103
1987-12-30,0.4449999999999762
1987-12-31,-0.6999999999999829
1988-01-01,0.0
1988-01-04,-1.894999999999993
1988-01-05,1.2199999999999762
1988-01-06,-1.7199999999999847
1988-01-07,-1.5099999999999847
1988-01-08,-0.9250000000000255
1988-01-11,0.22000000000001024
1988-01-12,0.37000000000001193
1988-01-13,0.12000000000000682
1988-01-14,-0.20000000000003412
1988-01-15,1.9600000000000342
1988-01-18,-0.715
1988-01-19,-0.10000000000001875
1988-01-20,0.5250000000000188
1988-01-21,0.9649999999999864
1988-01-22,0.3199999999999918
1988-01-25,0.12
1988-01-26,-0.6499999999999936
1988-01-27,2.2449999999999957
1988-01-28,0.6649999999999886
1988-01-29,0.6475000000000205
1988-02-01,-0.30000000000000454
1988-02-02,1.2750000000000177
1988-02-03,-1.0025000000000308
1988-02-04,-0.035000000000014186
1988-02-05,1.7675000000000536
1988-02-08,-0.8900000000000363
1988-02-09,0.22500000000000567
1988-02-10,0.8474999999999585
1988-02-11,-1.044999999999989
1988-02-12,-2.2000000000000037
1988-02-15,0.0
1988-02-16,-0.1899999999999386
1988-02-17,-0.2000000000000307
1988-02-18,0.6599999999999829
1988-02-19,0.3050000000000307
1988-02-22,0.5250000000000069
1988-02-23,1.4649999999999657
1988-02-24,-0.2849999999999363
1988-02-25,-0.5150000000000359
1988-02-26,0.6299999999999721
1988-02-29,0.2750000000000359
1988-03-01,0.3200000000000073
1988-03-02,0.8499999999999773
1988-03-03,0.255
1988-03-04,-3.525000000000045
1988-03-07,-0.08999999999995396
1988-03-08,-0.8199999999999745
1988-03-09,0.265
1988-03-10,-1.2075000000000307
1988-03-11,1.3475000000000206
1988-03-14,-0.2924999999999641
1988-03-15,-0.1900000000000921
1988-03-16,-1.4725000000000206
1988-03-17,1.7400000000000768
1988-03-18,-2.487500000000031
1988-03-21,-1.4799999999999487
1988-03-22,0.2499999999998954
1988-03-23,-0.5199999999999773
1988-03-24,-0.3049999999999272
1988-03-25,0.17499999999991817
1988-03-28,-1.5149999999999053
1988-03-29,0.215
1988-03-30,-0.44000000000005
1988-03-31,0.3649999999999682
1988-04-01,0.0
1988-04-04,-2.534999999999941
1988-04-05,0.12999999999996817
1988-04-06,0.97499999999998
1988-04-07,0.6600000000000518
1988-04-08,1.594999999999925
1988-04-11,-1.0099999999999836
1988-04-12,0.8299999999999905
1988-04-13,0.1600000000000307
1988-04-14,-1.8299999999999905
1988-04-15,-1.3299999999999728
1988-04-18,-0.7900000000000375
1988-04-19,0.21000000000001365
1988-04-20,0.18000000000000682
1988-04-21,0.13499999999994544
1988-04-22,0.44250000000000683
1988-04-25,-0.10500000000000682
1988-04-26,-0.08999999999996931
1988-04-27,0.1725000000000307
1988-04-28,-0.9525000000000443
1988-04-29,-0.2300000000000068
1988-05-02,-0.949999999999959
1988-05-03,0.7275000000000136
1988-05-04,0.09749999999994544
1988-05-05,0.07500000000005105
1988-05-06,-1.2000000000000226
1988-05-09,-0.135
1988-05-10,-0.6699999999999915
1988-05-11,0.2049999999999801
1988-05-12,0.47999999999999143
1988-05-13,0.6375000000000172
1988-05-16,-1.8349999999999715
1988-05-17,-1.5425000000000137
1988-05-18,-0.8624999999999887
1988-05-19,-0.605000000000041
1988-05-20,-0.6899999999999636
1988-05-23,1.1249999999999547
1988-05-24,-0.7299999999999954
1988-05-25,0.855000000000041
1988-05-26,0.3399999999999693
1988-05-27,-0.7399999999999692
1988-05-30,0.0
1988-05-31,-1.605000000000024
1988-06-01,1.900000000000017
1988-06-02,-0.8450000000000273
1988-06-03,-1.1899999999999862
1988-06-06,-2.0999999999999917
1988-06-07,-2.4900000000000033
1988-06-08,1.679999999999983
1988-06-09,-0.6399999999999728
1988-06-10,-0.2850000000000273
1988-06-13,0.15500000000002218
1988-06-14,0.8349999999999965
1988-06-15,-1.2950000000000101
1988-06-16,-2.5299999999999896
1988-06-17,-2.1250000000000204
1988-06-20,-0.9199999999999932
1988-06-21,-0.7049999999999728
1988-06-22,0.9049999999999591
1988-06-23,0.17000000000002385
1988-06-24,-0.05499999999998806
1988-06-27,-0.8900000000000035
1988-06-28,0.7749999999999915
1988-06-29,0.3999999999999914
1988-06-30,0.29499999999999144
1988-07-01,0.05000000000003411
1988-07-04,0.0
1988-07-05,-0.3200000000000409
1988-07-06,-0.4799999999999682
1988-07-07,0.13499999999997955
1988-07-08,-0.8850000000000137
1988-07-11,0.31000000000002503
1988-07-12,-0.3
1988-07-13,-0.3450000000000045
1988-07-14,0.025
1988-07-15,0.3400000000000205
1988-07-18,-0.485000000000025
1988-07-19,0.3749999999999887
1988-07-20,0.0
1988-07-21,-0.5449999999999932
1988-07-22,0.37000000000000455
1988-07-25,0.13499999999997955
1988-07-26,-0.18499999999996816
1988-07-27,-0.9350000000000022
1988-07-28,-0.03500000000003638
1988-07-29,0.18000000000004093
1988-08-01,0.09500000000000454
1988-08-02,0.4200000000000091
1988-08-03,-0.075
1988-08-04,0.1299999999999477
1988-08-05,-1.4449999999999705
1988-08-08,0.5150000000000204
1988-08-09,-0.9199999999999978
1988-08-10,-0.8350000000000045
1988-08-11,-0.16500000000000453
1988-08-12,0.19999999999995455
1988-08-15,-0.6199999999999761
1988-08-16,0.555
1988-08-17,-0.065
1988-08-18,-0.04999999999998806
1988-08-19,0.03499999999998749
1988-08-22,0.17999999999999772
1988-08-23,0.3850000000000125
1988-08-24,-0.32999999999999774
1988-08-25,-0.31500000000001477
1988-08-26,0.3100000000000091
1988-08-29,0.6149999999999881
1988-08-30,-0.15499999999999658
1988-08-31,-0.21499999999999886
1988-09-01,-0.21499999999999886
1988-09-02,1.3850000000000051
1988-09-05,0.0
1988-09-06,-0.085
1988-09-07,0.164999999999996
1988-09-08,0.060000000000001136
1988-09-09,0.7899999999999983
1988-09-12,-0.299999999999996
1988-09-13,-0.03500000000001251
1988-09-14,0.3399999999999943
1988-09-15,-0.02499999999999432
1988-09-16,0.18999999999999773
1988-09-19,0.09999999999999659
1988-09-20,-0.1
1988-09-21,0.1650000000000034
1988-09-22,-0.4224999999999727
1988-09-23,0.1824999999999932
1988-09-26,0.04250000000001192
1988-09-27,-0.685
1988-09-28,-0.1125
1988-09-29,0.8625000000000255
1988-09-30,1.4325000000000019
1988-10-03,-0.1400000000000114
1988-10-04,-0.7650000000000006
1988-10-05,0.052499999999984656
1988-10-06,-0.6249999999999682
1988-10-07,2.6799999999999957
1988-10-10,-0.205000000000025
1988-10-11,-0.49749999999996364
1988-10-12,-1.0625000000000453
1988-10-13,0.07500000000000454
1988-10-14,0.8800000000000251
1988-10-17,-0.075
1988-10-18,0.45499999999995455
1988-10-19,-0.4174999999999602
1988-10-20,0.17250000000000568
1988-10-21,-0.2900000000000313
1988-10-24,-0.12000000000000569
1988-10-25,0.8700000000000313
1988-10-26,0.2199999999999858
1988-10-27,1.5699999999999972
1988-10-28,0.1400000000000375
1988-10-31,0.7599999999999761
1988-11-01,-0.4700000000000238
1988-11-02,-0.8649999999999524
1988-11-03,0.39499999999993635
1988-11-04,-2.649999999999976
1988-11-07,-1.3900000000000325
1988-11-08,0.2950000000000438
1988-11-09,-0.32500000000003587
1988-11-10,-0.37999999999998807
1988-11-11,-1.229999999999988
1988-11-14,0.8849999999999898
1988-11-15,-0.31999999999998296
1988-11-16,-1.0600000000000138
1988-11-17,-0.5
1988-11-18,5.456968210637569e-14
1988-11-21,-0.467500000000075
1988-11-22,-0.4674999999999858
1988-11-23,0.0475
1988-11-24,0.0
1988-11-25,-1.2224999999999973
1988-11-28,0.22750000000003112
1988-11-29,0.5474999999999569
1988-11-30,1.2000000000000433
1988-12-01,0.154999999999975
1988-12-02,-1.8575
1988-12-05,0.6400000000000257
1988-12-06,1.5849999999999658
1988-12-07,-0.34499999999997616
1988-12-08,-0.11499999999999659
1988-12-09,-0.10999999999999317
1988-12-12,0.16999999999999144
1988-12-13,-0.5000000000000068
1988-12-14,-0.3000000000000222
1988-12-15,-0.09999999999999147
1988-12-16,0.28000000000001524
1988-12-19,0.16499999999998816
1988-12-20,0.115
1988-12-21,0.8400000000000035
1988-12-22,0.004999999999993179
1988-12-23,0.19499999999998807
1988-12-26,0.0
1988-12-27,-1.0199999999999982
1988-12-28,-0.3199999999999949
1988-12-29,-0.20499999999998464
1988-12-30,0.5799999999999728
1989-01-02,0.0
1989-01-03,-0.7299999999999829
1989-01-04,1.1199999999999846
1989-01-05,-0.03500000000000227
1989-01-06,-0.09499999999998977
1989-01-09,-0.14500000000000796
1989-01-10,-0.0699999999999875
1989-01-11,-0.24500000000000569
1989-01-12,0.9950000000000069
1989-01-13,1.680000000000009
1989-01-16,-3.740000000000026
1989-01-17,-0.95
1989-01-18,2.3100000000000254
1989-01-19,-0.500000000000008
1989-01-20,-0.25499999999999207
1989-01-23,-0.18500000000002387
1989-01-24,1.525000000000017
1989-01-25,-1.0000000000000069
1989-01-26,0.024999999999987494
1989-01-27,0.4050000000000228
1989-01-30,-0.25500000000001877
1989-01-31,1.7649999999999846
1989-02-01,-0.665
1989-02-02,-0.6699999999999727
1989-02-03,-0.11000000000001023
1989-02-06,-1.2499999999999964
1989-02-07,0.5400000000000188
1989-02-08,-0.42000000000000853
1989-02-09,-0.7350000000000102
1989-02-10,-0.4949999999999983
1989-02-13,-0.4
1989-02-14,0.33500000000001534
1989-02-15,0.22999999999996418
1989-02-16,-0.05999999999996589
1989-02-17,0.5199999999999727
1989-02-20,0.0
1989-02-21,-0.5399999999999846
1989-02-22,-0.39000000000002216
1989-02-23,-1.1699999999999657
1989-02-24,0.18249999999996416
1989-02-27,0.5900000000000136
1989-02-28,0.24499999999999658
1989-03-01,-0.1625000000000068
1989-03-02,0.4325000000000273
1989-03-03,-0.5925000000000171
1989-03-06,-0.20500000000000856
1989-03-07,0.49250000000000227
1989-03-08,-0.02749999999999545
1989-03-09,0.8950000000000102
1989-03-10,-0.6550000000000069
1989-03-13,0.6024999999999864
1989-03-14,-0.21749999999997954
1989-03-15,0.23000000000000226
1989-03-16,-0.06000000000000227
1989-03-17,-0.30999999999997724
1989-03-20,0.504999999999975
1989-03-21,-0.6
1989-03-22,-0.8599999999999909
1989-03-23,-1.135000000000004
1989-03-24,0.0
1989-03-27,-3.189999999999992
1989-03-28,0.22999999999999599
1989-03-29,-0.6250000000000006
1989-03-30,-2.395000000000004
1989-03-31,0.9700000000000103
1989-04-03,-0.48000000000000176
1989-04-04,0.559999999999992
1989-04-05,-0.029999999999998864
1989-04-06,0.565000000000008
1989-04-07,-0.3450000000000074
1989-04-10,-0.15999999999999093
1989-04-11,0.06999999999999887
1989-04-12,0.7499999999999972
1989-04-13,-0.16000000000000228
1989-04-14,0.9399999999999955
1989-04-17,1.010000000000007
1989-04-18,-0.26499999999999946
1989-04-19,-0.750000000000001
1989-04-20,-0.1800000000000034
1989-04-21,1.1050000000000075
1989-04-24,-1.4000000000000112
1989-04-25,-0.599999999999999
1989-04-26,0.1900000000000051
1989-04-27,0.23000000000000115
1989-04-28,-0.4899999999999972
1989-05-01,0.8299999999999965
1989-05-02,-0.28000000000000175
1989-05-03,0.12000000000000625
1989-05-04,-0.15000000000000113
1989-05-05,0.29999999999999427
1989-05-08,-0.3300000000000051
1989-05-09,-0.36499999999998917
1989-05-10,-0.24250000000000232
1989-05-11,-0.0749999999999954
1989-05-12,0.8449999999999871
1989-05-15,0.21500000000000172
1989-05-16,-0.8899999999999983
1989-05-17,-0.1525
1989-05-18,0.4999999999999989
1989-05-19,0.4849999999999995
1989-05-22,-1.0399999999999994
1989-05-23,-0.7199999999999898
1989-05-24,-0.8475000000000061
1989-05-25,0.0900000000000017
1989-05-26,-0.157499999999996
1989-05-29,0.0
1989-05-30,-0.3649999999999988
1989-05-31,0.12749999999999603
1989-06-01,0.08249999999999488
1989-06-02,1.2425000000000008
1989-06-05,0.5250000000000069
1989-06-06,-0.13999999999999432
1989-06-07,0.4350000000000023
1989-06-08,-0.055000000000012504
1989-06-09,0.6850000000000023
1989-06-12,-0.25999999999999207
1989-06-13,-0.7950000000000148
1989-06-14,0.13499999999999432
1989-06-15,-0.7999999999999807
1989-06-16,-0.32500000000000345
1989-06-19,-0.5
1989-06-20,0.4699999999999881
1989-06-21,-0.2550000000000154
1989-06-22,-0.3299999999999727
1989-06-23,1.0250000000000254
1989-06-26,0.5999999999999829
1989-06-27,0.3800000000000154
1989-06-28,-0.31000000000001876
1989-06-29,0.4800000000000068
1989-06-30,0.26
1989-07-03,0.31500000000000344
1989-07-04,0.0
1989-07-05,0.20750000000001592
1989-07-06,0.3774999999999477
1989-07-07,0.5350000000000296
1989-07-10,-0.819999999999984
1989-07-11,-0.5000000000000255
1989-07-12,0.3125000000000313
1989-07-13,0.04999999999998011
1989-07-14,-0.17500000000000568
1989-07-17,-1.2699999999999763
1989-07-18,-1.8450000000000444
1989-07-19,1.4250000000000511
1989-07-20,1.044999999999959
1989-07-21,-1.3950000000000273
1989-07-24,-0.3499999999999625
1989-07-25,0.9099999999999965
1989-07-26,0.0
1989-07-27,1.5500000000000376
1989-07-28,1.139999999999942
1989-07-31,0.4900000000000614
1989-08-01,0.8399999999999453
1989-08-02,-0.879999999999959
1989-08-03,-0.6800000000000068
1989-08-04,-3.45
1989-08-07,-0.245
1989-08-08,0.3049999999999602
1989-08-09,-0.30999999999998007
1989-08-10,0.22500000000003692
1989-08-11,-1.7500000000000684
1989-08-14,-2.4899999999999376
1989-08-15,0.5599999999999659
1989-08-16,1.1775000000000229
1989-08-17,-0.5250000000000455
1989-08-18,0.08250000000001592
1989-08-21,-0.3
1989-08-22,-0.8650000000000136
1989-08-23,0.5000000000000454
1989-08-24,0.36500000000000454
1989-08-25,-0.045000000000040924
1989-08-28,-0.41500000000000453
1989-08-29,-0.12499999999995226
1989-08-30,0.08499999999997954
1989-08-31,-0.31500000000000455
1989-09-01,1.2000000000000228
1989-09-04,0.0
1989-09-05,-0.5850000000000342
1989-09-06,-0.1849999999999841
1989-09-07,0.02999999999996078
1989-09-08,0.2800000000000068
1989-09-11,0.2800000000000034
1989-09-12,0.12500000000002728
1989-09-13,-0.0950000000000034
1989-09-14,0.125
1989-09-15,0.3299999999999881
1989-09-18,0.10500000000000341
1989-09-19,0.055
1989-09-20,-0.5300000000000069
1989-09-21,-0.5850000000000035
1989-09-22,0.01
1989-09-25,-0.8900000000000102
1989-09-26,0.28500000000001535
1989-09-27,-0.10500000000001876
1989-09-28,-0.4199999999999676
1989-09-29,-0.1100000000000034
1989-10-02,-0.2550000000000119
1989-10-03,0.6399999999999829
1989-10-04,0.2450000000000307
1989-10-05,0.4850000000000102
1989-10-06,1.0199999999999982
1989-10-09,0.4049999999999727
1989-10-10,-0.26999999999998464
1989-10-11,-0.3349999999999881
1989-10-12,0.31999999999997614
1989-10-13,0.40999999999998804
1989-10-16,-0.1650000000000034
1989-10-17,-0.10499999999997271
1989-10-18,-0.00999999999999659
1989-10-19,0.2799999999999727
1989-10-20,-0.2150000000000034
1989-10-23,0.3600000000000307
1989-10-24,0.4750000000000068
1989-10-25,0.04499999999996362
1989-10-26,-0.18999999999996361
1989-10-27,-0.5500000000000136
1989-10-30,0.02
1989-10-31,-0.105
1989-11-01,0.3599999999999682
1989-11-02,0.2650000000000205
1989-11-03,-0.8424999999999773
1989-11-06,-0.7100000000000369
1989-11-07,1.6675000000000089
1989-11-08,0.41250000000000564
1989-11-09,-0.5424999999999858
1989-11-10,-0.08500000000005116
1989-11-13,-0.3774999999999403
1989-11-14,0.502499999999946
1989-11-15,0.922500000000037
1989-11-16,0.16
1989-11-17,-0.6325000000000256
1989-11-20,-0.21249999999996022
1989-11-21,0.5049999999999858
1989-11-22,0.3975000000000057
1989-11-23,0.0
1989-11-24,0.08499999999998581
1989-11-27,-1.6850000000000225
1989-11-28,0.14250000000001992
1989-11-29,-0.009999999999980082
1989-11-30,0.48500000000000565
1989-12-01,0.3050000000000057
1989-12-04,0.02499999999999432
1989-12-05,0.19249999999997444
1989-12-06,-0.1149999999999801
1989-12-07,-0.7650000000000056
1989-12-08,0.8275000000000171
1989-12-11,0.17
1989-12-12,-0.08000000000000569
1989-12-13,0.22249999999994882
1989-12-14,0.6500000000000369
1989-12-15,0.19750000000000567
1989-12-18,0.48000000000000564
1989-12-19,-0.13750000000003126
1989-12-20,-0.11250000000001989
1989-12-21,-0.4224999999999602
1989-12-22,-0.7125000000000115
1989-12-25,0.0
1989-12-26,-2.129999999999991
1989-12-27,0.06999999999999432
1989-12-28,0.88
1989-12-29,0.02999999999998008
1990-01-01,0.0
1990-01-02,-0.9849999999999602
1990-01-03,-0.16000000000003126
1990-01-04,0.7500000000000369
1990-01-05,-0.22750000000002554
1990-01-08,0.2
1990-01-09,-0.13750000000003978
1990-01-10,-0.43749999999998007
1990-01-11,-0.5374999999999801
1990-01-12,0.5624999999999887
1990-01-15,-1.012500000000017
1990-01-16,-0.6049999999999659
1990-01-17,-0.17500000000001137
1990-01-18,-0.5849999999999819
1990-01-19,0.31499999999997613
1990-01-22,-0.8125
1990-01-23,0.5425
1990-01-24,-0.7150000000000045
1990-01-25,-0.939999999999976
1990-01-26,0.08999999999999261
1990-01-29,0.09000000000000512
1990-01-30,-0.23000000000000737
1990-01-31,-0.48
1990-02-01,-0.2899999999999998
1990-02-02,-0.4525000000000002
1990-02-05,-0.325
1990-02-06,0.9099999999999909
1990-02-07,0.407499999999996
1990-02-08,-0.23999999999998917
1990-02-09,-0.5875000000000009
1990-02-12,1.239999999999984
1990-02-13,-0.5050000000000022
1990-02-14,0.5850000000000126
1990-02-15,0.8124999999999885
1990-02-16,-0.31750000000000456
1990-02-19,0.0
1990-02-20,1.1600000000000161
1990-02-21,0.2875000000000057
1990-02-22,0.7274999999999897
1990-02-23,0.37249999999999545
1990-02-26,-0.8800000000000046
1990-02-27,-0.5375
1990-02-28,0.6750000000000126
1990-03-01,0.21499999999999433
1990-03-02,0.019999999999997728
1990-03-05,0.5650000000000172
1990-03-06,-0.6650000000000205
1990-03-07,-0.6649999999999919
1990-03-08,0.8225000000000022
1990-03-09,0.9724999999999965
1990-03-12,1.0975000000000137
1990-03-13,-0.14250000000002386
1990-03-14,-1.604999999999984
1990-03-15,0.4700000000000102
1990-03-16,0.18749999999997727
1990-03-19,1.5725000000000307
1990-03-20,0.08000000000001536
1990-03-21,-0.6900000000000118
1990-03-22,0.054999999999981244
1990-03-23,-0.6799999999999727
1990-03-26,0.25999999999999657
1990-03-27,-0.35
1990-03-28,-1.5100000000000307
1990-03-29,0.7325000000000069
1990-03-30,0.6575000000000069
1990-04-02,1.6249999999999847
1990-04-03,0.8650000000000272
1990-04-04,0.24749999999998126
1990-04-05,0.17250000000001534
1990-04-06,-0.9750000000000153
1990-04-09,0.4599999999999914
1990-04-10,0.7300000000000273
1990-04-11,0.0625
1990-04-12,-0.6000000000000238
1990-04-13,0.0
1990-04-16,2.0050000000000034
1990-04-17,1.6325000000000103
1990-04-18,0.03999999999998654
1990-04-19,1.2625
1990-04-20,-0.5925
1990-04-23,-0.20749999999998125
1990-04-24,-0.09999999999999545
1990-04-25,1.880000000000016
1990-04-26,2.074999999999966
1990-04-27,0.25999999999999435
1990-04-30,-0.7549999999999801
1990-05-01,-0.37249999999996913
1990-05-02,1.9349999999999694
1990-05-03,-2.152500000000037
1990-05-04,-3.1649999999999485
1990-05-07,1.5324999999999445
1990-05-08,-0.4149999999999545
1990-05-09,3.034999999999966
1990-05-10,1.1749999999999887
1990-05-11,0.300000000000048
1990-05-14,-0.6750000000000056
1990-05-15,-2.9100000000000157
1990-05-16,-1.85
1990-05-17,1.4925000000000253
1990-05-18,-2.582500000000032
1990-05-21,-3.652499999999964
1990-05-22,0.18999999999999093
1990-05-23,0.7049999999999954
1990-05-24,2.2449999999999846
1990-05-25,3.3550000000000075
1990-05-28,0.0
1990-05-29,-0.8650000000000035
1990-05-30,-2.7850000000000192
1990-05-31,-0.8174999999999847
1990-06-01,-1.9450000000000018
1990-06-04,-0.7025000000000119
1990-06-05,2.8700000000000103
1990-06-06,-0.18249999999998748
1990-06-07,4.025
1990-06-08,-0.23
1990-06-11,1.9300000000000013
1990-06-12,1.119999999999996
1990-06-13,-1.779999999999998
1990-06-14,-0.9200000000000103
1990-06-15,-2.0299999999999927
1990-06-18,2.5
1990-06-19,0.3
1990-06-20,-0.9
1990-06-21,0.7
1990-06-22,-1.2
1990-06-25,2.6
1990-06-26,-0.5
1990-06-27,0.3
1990-06-28,1.3
1990-06-29,0.3
1990-07-02,1.0
1990-07-03,0.1
1990-07-04,0.0
1990-07-05,-4.2
1990-07-06,-3.36
1990-07-09,0.24499999999999264
1990-07-10,0.08999999999999488
1990-07-11,-1.6899999999999948
1990-07-12,-1.3399999999999979
1990-07-13,0.6399999999999931
1990-07-16,-2.25
1990-07-17,-0.9699999999999898
1990-07-18,-0.6600000000000102
1990-07-19,0.010000000000005114
1990-07-20,-0.4550000000000068
1990-07-23,1.2100000000000102
1990-07-24,-0.6100000000000045
1990-07-25,-0.22000000000000794
1990-07-26,0.6549999999999977
1990-07-27,-0.3599999999999932
1990-07-30,0.09999999999999659
1990-07-31,-0.03999999999998522
1990-08-01,-1.1400000000000359
1990-08-02,-1.0499999999999676
1990-08-03,-0.5299999999999953
1990-08-06,-0.7675000000000409
1990-08-07,-0.6424999999999613
1990-08-08,-0.4125
1990-08-09,0.38499999999996765
1990-08-10,-0.35999999999999144
1990-08-13,-0.29249999999997783
1990-08-14,0.2349999999999881
1990-08-15,0.30000000000000343
1990-08-16,-0.15000000000000682
1990-08-17,0.19000000000000342
1990-08-20,0.005000000000015348
1990-08-21,-0.2850000000000222
1990-08-22,0.09500000000002728
1990-08-23,0.37999999999998124
1990-08-24,-0.19999999999999146
1990-08-27,-0.17999999999999827
1990-08-28,-0.3100000000000222
1990-08-29,-0.3100000000000051
1990-08-30,-0.425
1990-08-31,0.035000000000030694
1990-09-03,0.0
1990-09-04,0.06999999999998464
1990-09-05,0.26500000000000346
1990-09-06,0.20500000000001536
1990-09-07,-0.2100000000000392
1990-09-10,-0.03999999999998806
1990-09-11,0.14
1990-09-12,-0.014999999999996589
1990-09-13,-0.38999999999998125
1990-09-14,-0.1650000000000307
1990-09-17,0.06000000000002728
1990-09-18,0.03
1990-09-19,-0.2775000000000034
1990-09-20,0.08750000000001193
1990-09-21,0.052500000000008526
1990-09-24,-0.025000000000022192
1990-09-25,-0.16749999999998808
1990-09-26,-0.044999999999972715
1990-09-27,0.08999999999999826
1990-09-28,-0.1474999999999966
1990-10-01,-0.14250000000002408
1990-10-02,-0.08000000000001535
1990-10-03,0.025
1990-10-04,-0.10499999999997271
1990-10-05,-0.002500000000011937
1990-10-08,0.14749999999998806
1990-10-09,0.015000000000029195
1990-10-10,-0.1274999999999949
1990-10-11,-0.12000000000001876
1990-10-12,0.12000000000001876
1990-10-15,0.0
1990-10-16,0.029999999999972715
1990-10-17,0.14999999999999147
1990-10-18,0.21000000000002217
1990-10-19,0.38999999999998636
1990-10-22,0.09000000000000341
1990-10-23,0.030000000000015348
1990-10-24,0.0
1990-10-25,0.029999999999972715
1990-10-26,-0.03999999999996362
1990-10-29,-0.19999999999998863
1990-10-30,-0.08000000000004091
1990-10-31,0.160000000000025
1990-11-01,0.3499999999999659
1990-11-02,-0.049999999999954525
1990-11-05,0.0999999999999801
1990-11-06,-0.05000000000002558
1990-11-07,-0.22249999999994544
1990-11-08,0.09499999999997612
1990-11-09,0.6699999999999591
1990-11-12,0.5850000000000135
1990-11-13,0.26000000000000795
1990-11-14,0.0375
1990-11-15,0.08999999999997214
1990-11-16,0.47000000000005
1990-11-19,-0.26500000000004603
1990-11-20,0.5100000000000563
1990-11-21,1.074999999999983
1990-11-22,0.0
1990-11-23,5.1159076974727215e-14
1990-11-26,-0.10000000000010231
1990-11-27,-0.6999999999999686
1990-11-28,0.09500000000011255
1990-11-29,-0.23500000000005627
1990-11-30,0.4125
1990-12-03,0.42000000000006144
1990-12-04,0.3899999999999523
1990-12-05,0.2625
1990-12-06,0.07249999999994826
1990-12-07,2.777499999999992
1990-12-10,-0.12000000000001591
1990-12-11,0.7575000000000159
1990-12-12,0.6075000000000159
1990-12-13,-1.440000000000032
1990-12-14,-1.7299999999999047
1990-12-17,0.8599999999998887
1990-12-18,0.6300000000001432
1990-12-19,-0.2
1990-12-20,-0.8799999999999444
1990-12-21,-0.7799999999999444
1990-12-24,-1.9400000000000321
1990-12-25,0.0
1990-12-26,0.7900000000000718
1990-12-27,0.35
1990-12-28,-1.2900000000000318
1990-12-31,0.8399999999998726
1991-01-01,0.0
1991-01-02,1.7400000000000322
1991-01-03,1.1400000000000319
1991-01-04,-1.1600000000000876
1991-01-07,-2.1224999999998486
1991-01-08,-0.12250000000012733
1991-01-09,-2.477499999999941
1991-01-10,1.379999999999963
1991-01-11,-0.3850000000000125
1991-01-14,-0.8349999999999204
1991-01-15,0.8074999999999829
1991-01-16,-0.3724999999999602
1991-01-17,2.3099999999999494
1991-01-18,0.5250000000000102
1991-01-21,0.19000000000001024
1991-01-22,-0.4150000000000102
1991-01-23,0.6599999999999744
1991-01-24,0.41000000000005626
1991-01-25,-0.9450000000001022
1991-01-28,0.075
1991-01-29,0.34500000000001024
1991-01-30,0.17000000000001025
1991-01-31,0.4600000000000563
1991-02-01,1.8449999999999593
1991-02-04,0.5800000000000564
1991-02-05,0.28249999999991815
1991-02-06,-0.12249999999991815
1991-02-07,-0.17500000000009094
1991-02-08,0.8775000000000113
1991-02-11,0.567500000000025
1991-02-12,0.2850000000000125
1991-02-13,0.25249999999995626
1991-02-14,-0.1199999999999386
1991-02-15,5.1750248530879616e-14
1991-02-18,0.0
1991-02-19,-1.5900000000000478
1991-02-20,-0.910000000000016
1991-02-21,-1.0900000000000318
1991-02-22,-1.220000000000032
1991-02-25,-0.15000000000001593
1991-02-26,-1.5499999999998328
1991-02-27,0.049999999999872674
1991-02-28,-0.7700000000000148
1991-03-01,-2.4799999999999924
1991-03-04,0.5200000000000147
1991-03-05,1.1200000000000812
1991-03-06,-0.6350000000000126
1991-03-07,0.8799999999999204
1991-03-08,-1.399999999999983
1991-03-11,0.4000000000000398
1991-03-12,-0.0975000000000563
1991-03-13,0.7200000000000103
1991-03-14,0.6674999999999847
1991-03-15,-1.7849999999999282
1991-03-18,-1.4925000000000308
1991-03-19,-1.6849999999999636
1991-03-20,0.7125000000000181
1991-03-21,0.5124999999999443
1991-03-22,0.49500000000000804
1991-03-25,-0.195
1991-03-26,-0.0524999999999693
1991-03-27,0.7024999999999523
1991-03-28,0.6750000000000068
1991-03-29,0.0
1991-04-01,0.4500000000000307
1991-04-02,0.7050000000000205
1991-04-03,0.09749999999997612
1991-04-04,0.6374999999999829
1991-04-05,0.0075
1991-04-08,0.20250000000002386
1991-04-09,-0.9224999999999829
1991-04-10,-1.1950000000000596
1991-04-11,0.24500000000007163
1991-04-12,1.407499999999988
1991-04-15,0.04750000000002783
1991-04-16,-0.10750000000003582
1991-04-17,0.19500000000000794
1991-04-18,-0.9250000000000437
1991-04-19,-0.3525
1991-04-22,-0.615
1991-04-23,0.39
1991-04-24,0.7024999999999801
1991-04-25,-0.1575
1991-04-26,-0.03
1991-04-29,-0.2775
1991-04-30,0.5225000000000409
1991-05-01,-0.17999999999993632
1991-05-02,0.6974999999999363
1991-05-03,-0.7124999999999683
1991-05-06,-0.27249999999996816
1991-05-07,-0.05750000000004093
1991-05-08,-0.04749999999996419
1991-05-09,0.07
1991-05-10,-1.1750000000000564
1991-05-13,0.2675000000000359
1991-05-14,-0.9675000000000102
1991-05-15,0.39499999999996416
1991-05-16,0.3225000000000102
1991-05-17,0.28250000000003583
1991-05-20,-0.2775
1991-05-21,0.7274999999999744
1991-05-22,0.33499999999997443
1991-05-23,-0.30999999999998973
1991-05-24,0.27250000000004604
1991-05-27,0.0
1991-05-28,0.9499999999999181
1991-05-29,0.47250000000004605
1991-05-30,0.8200000000000113
1991-05-31,-1.3924999999999716
1991-06-03,-1.7724999999999689
1991-06-04,0.7724999999998562
1991-06-05,-0.4999999999998999
1991-06-06,-1.230000000000025
1991-06-07,-1.3275000000000252
1991-06-10,1.4550000000000125
1991-06-11,0.062499999999943726
1991-06-12,-1.2299999999998688
1991-06-13,0.33
1991-06-14,0.7449999999999687
1991-06-17,0.69
1991-06-18,0.19999999999991253
1991-06-19,-0.9
1991-06-20,1.4149999999999125
1991-06-21,-0.09999999999996871
1991-06-24,-1.2874999999999124
1991-06-25,-0.370000000000125
1991-06-26,-0.135
1991-06-27,0.8975000000000909
1991-06-28,2.8099999999999716
1991-07-01,-1.7475000000000225
1991-07-02,0.4324999999999602
1991-07-03,0.09500000000009096
1991-07-04,0.0
1991-07-05,-0.5500000000000738
1991-07-08,1.3225000000000626
1991-07-09,-0.42000000000004606
1991-07-10,-0.20999999999990793
1991-07-11,1.3899999999998927
1991-07-12,-0.1274999999998977
1991-07-15,-0.727500000000046
1991-07-16,-2.415
1991-07-17,-0.675000000000046
1991-07-18,1.5025
1991-07-19,1.4399999999999846
1991-07-22,-1.6625
1991-07-23,-2.442499999999964
1991-07-24,1.2725000000000564
1991-07-25,0.2575000000000102
1991-07-26,-0.5050000000000818
1991-07-29,-1.102499999999964
1991-07-30,0.53
1991-07-31,0.04000000000004602
1991-08-01,-0.75
1991-08-02,2.9299999999999544
1991-08-05,0.7
1991-08-06,1.9999999999999374
1991-08-07,0.3100000000000563
1991-08-08,-0.7799999999999562
1991-08-09,0.16999999999995627
1991-08-12,0.18
1991-08-13,0.9999999999999687
1991-08-14,2.762500000000041
1991-08-15,-0.5475
1991-08-16,1.1699999999999113
1991-08-19,0.2700000000001182
1991-08-20,0.7849999999999444
1991-08-21,-0.4
1991-08-22,0.065
1991-08-23,-2.4600000000000364
1991-08-26,-1.6849999999999516
1991-08-27,0.7400000000000869
1991-08-28,2.484999999999797
1991-08-29,2.3950000000001257
1991-08-30,-2.405000000000126
1991-09-02,0.0
1991-09-03,1.0200000000001932
1991-09-04,0.019999999999845385
1991-09-05,0.10000000000017394
1991-09-06,2.289999999999797
1991-09-09,1.045000000000174
1991-09-10,0.20999999999993232
1991-09-11,-0.06999999999990791
1991-09-12,1.8399999999998486
1991-09-13,1.2650000000000432
1991-09-16,0.7400000000001024
1991-09-17,0.7950000000000227
1991-09-18,-0.2900000000001074
1991-09-19,-0.2799999999999164
1991-09-20,1.500000000000025
1991-09-23,-0.09000000000022511
1991-09-24,0.04000000000011769
1991-09-25,-0.15
1991-09-26,1.2900000000000273
1991-09-27,2.827499999999809
1991-09-30,1.695000000000273
1991-10-01,0.2649999999999045
1991-10-02,-1.3300000000001502
1991-10-03,0.9500000000000284
1991-10-04,2.8250000000001565
1991-10-07,-0.38000000000025574
1991-10-08,-0.8424999999999004
1991-10-09,-3.9399999999998294
1991-10-10,-2.7675000000001564
1991-10-11,4.960000000000185
1991-10-14,0.5850000000000284
1991-10-15,0.03999999999997272
1991-10-16,0.7400000000000272
1991-10-17,-3.9000000000000545
1991-10-18,1.3399999999997816
1991-10-21,-3.227499999999713
1991-10-22,-2.13500000000015
1991-10-23,-1.1100000000001502
1991-10-24,1.88500000000015
1991-10-25,-1.1674999999999045
1991-10-28,1.9724999999998092
1991-10-29,4.167500000000177
1991-10-30,0.65
1991-10-31,0.5899999999997817
1991-11-01,0.13000000000024556
1991-11-04,-0.46500000000012276
1991-11-05,-1.4049999999999045
1991-11-06,1.4249999999999319
1991-11-07,3.769999999999959
1991-11-08,0.29000000000012277
1991-11-11,1.0700000000000272
1991-11-12,2.394999999999959
1991-11-13,0.4549999999998363
1991-11-14,3.5500000000002045
1991-11-15,1.4749999999999317
1991-11-18,0.175
1991-11-19,0.1349999999999085
1991-11-20,-2.209999999999843
1991-11-21,-0.9525000000000262
1991-11-22,-1.477500000000026
1991-11-25,-0.9725000000002354
1991-11-26,1.2175000000001175
1991-11-27,-0.1925000000001177
1991-11-28,0.0
1991-11-29,1.7575000000001442
1991-12-02,2.1624999999999344
1991-12-03,2.3124999999999343
1991-12-04,4.345000000000078
1991-12-05,-0.7150000000000915
1991-12-06,-1.4799999999997908
1991-12-09,1.740000000000026
1991-12-10,-0.46500000000002617
1991-12-11,0.042499999999790816
1991-12-12,0.9475000000002354
1991-12-13,-2.145000000000144
1991-12-16,0.7300000000001177
1991-12-17,1.0599999999999086
1991-12-18,-1.069999999999817
1991-12-19,3.4249999999999345
1991-12-20,5.179999999999987
1991-12-23,2.250000000000026
1991-12-24,0.24
1991-12-25,0.0
1991-12-26,1.0549999999999085
1991-12-27,0.9449999999999085
1991-12-30,2.470000000000144
1991-12-31,2.1549999999999345
1992-01-01,0.0
1992-01-02,-3.480000000000052
1992-01-03,-2.2499999999999343
1992-01-06,0.7
1992-01-07,3.3700000000000787
1992-01-08,-0.8
1992-01-09,-1.7149999999999346
1992-01-10,-3.3400000000001704
1992-01-13,-2.7299999999999343
1992-01-14,-8.1
1992-01-15,0.8100000000000251
1992-01-16,-2.7775000000001002
1992-01-17,0.23500000000012733
1992-01-20,2.325000000000036
1992-01-21,1.01
1992-01-22,-0.83
1992-01-23,-2.7825000000001
1992-01-24,-1.1549999999999727
1992-01-27,0.4949999999999363
1992-01-28,3.6900000000001367
1992-01-29,-4.122500000000218
1992-01-30,-2.0649999999998907
1992-01-31,1.1100000000000363
1992-02-03,-1.0249999999999544
1992-02-04,2.2250000000000183
1992-02-05,1.9899999999998725
1992-02-06,0.8200000000001
1992-02-07,0.7699999999999363
1992-02-10,1.0249999999999182
1992-02-11,-4.710000000000036
1992-02-12,-0.044999999999936334
1992-02-13,-3.3999999999999275
1992-02-14,-0.7450000000001
1992-02-17,0.0
1992-02-18,-1.155000000000017
1992-02-19,1.1400000000000767
1992-02-20,0.9300000000000939
1992-02-21,-3.1200000000000685
1992-02-24,-0.42999999999992833
1992-02-25,0.6199999999999631
1992-02-26,3.1549999999999776
1992-02-27,0.4599999999998965
1992-02-28,3.7625000000000544
1992-03-02,-2.200000000000041
1992-03-03,-0.8624999999998771
1992-03-04,-0.0825
1992-03-05,-2.2025000000000503
1992-03-06,1.1424999999999563
1992-03-09,1.6000000000000687
1992-03-10,-0.9875000000000314
1992-03-11,-2.4150000000000253
1992-03-12,-4.362499999999918
1992-03-13,-2.7150000000000816
1992-03-16,-0.24749999999990904
1992-03-17,1.9624999999998822
1992-03-18,-0.22249999999996417
1992-03-19,0.4400000000000563
1992-03-20,-1.5799999999999845
1992-03-23,0.8699999999999182
1992-03-24,1.4650000000000667
1992-03-25,0.7499999999999641
1992-03-26,-0.530000000000046
1992-03-27,-0.2849999999999437
1992-03-30,-0.9049999999999436
1992-03-31,-0.5900000000000818
1992-04-01,1.3000000000000667
1992-04-02,-0.2500000000000921
1992-04-03,2.1500000000000408
1992-04-06,0.695
1992-04-07,-2.1400000000000463
1992-04-08,-1.4799999999999538
1992-04-09,3.207500000000005
1992-04-10,-0.8824999999999489
1992-04-13,0.5
1992-04-14,-0.09000000000004604
1992-04-15,-0.125
1992-04-16,-2.175000000000034
1992-04-17,0.0
1992-04-20,-2.5099999999999434
1992-04-21,0.32999999999996016
1992-04-22,-0.9549999999999602
1992-04-23,-0.05250000000005116
1992-04-24,0.9375000000000226
1992-04-27,-1.1150000000000626
1992-04-28,0.9125000000000626
1992-04-29,-0.395
1992-04-30,-0.28999999999994885
1992-05-01,2.1399999999999317
1992-05-04,-0.17499999999995625
1992-05-05,0.0349999999999437
1992-05-06,1.4500000000000688
1992-05-07,-0.4450000000001126
1992-05-08,1.8325000000000886
1992-05-11,0.6899999999999181
1992-05-12,1.7125000000000272
1992-05-13,1.6500000000001023
1992-05-14,-0.22000000000006648
1992-05-15,1.6800000000000148
1992-05-18,0.7799999999999602
1992-05-19,2.269999999999992
1992-05-20,-1.4749999999999404
1992-05-21,-4.800000000000085
1992-05-22,1.8600000000000363
1992-05-25,0.0
1992-05-26,-2.450000000000034
1992-05-27,1.1500000000001533
1992-05-28,1.6749999999999574
1992-05-29,1.675000000000017
1992-06-01,-2.3749999999999742
1992-06-02,2.2999999999998213
1992-06-03,0.8750000000001706
1992-06-04,-0.5000000000001535
1992-06-05,0.9000000000001707
1992-06-08,1.0149999999998545
1992-06-09,-0.5949999999998545
1992-06-10,-0.3675000000001739
1992-06-11,0.367500000000087
1992-06-12,1.6575000000000408
1992-06-15,-0.8850000000000756
1992-06-16,2.099999999999946
1992-06-17,0.83
1992-06-18,1.4899999999999431
1992-06-19,-1.7599999999998408
1992-06-22,0.43500000000002276
1992-06-23,-1.2750000000001254
1992-06-24,2.7074999999998566
1992-06-25,2.6300000000000243
1992-06-26,-0.37499999999980904
1992-06-29,0.929999999999809
1992-06-30,-0.747499999999809
1992-07-01,2.0649999999999404
1992-07-02,8.029999999999951
1992-07-03,0.0
1992-07-06,0.7699999999999432
1992-07-07,1.8300000000002274
1992-07-08,-1.7100000000002276
1992-07-09,-0.1199999999998181
1992-07-10,0.38000000000002276
1992-07-13,-1.1000000000002046
1992-07-14,0.6550000000002046
1992-07-15,3.249999999999966
1992-07-16,1.2750000000000228
1992-07-17,-0.9800000000000227
1992-07-20,0.19999999999979537
1992-07-21,0.5300000000001023
1992-07-22,3.0350000000000685
1992-07-23,9.150000000000022
1992-07-24,0.095
1992-07-27,1.255000000000018
1992-07-28,2.1200000000000365
1992-07-29,1.0149999999998727
1992-07-30,-5.460000000000064
1992-07-31,-0.25999999999987267
1992-08-03,-0.6799999999999443
1992-08-04,3.4299999999998487
1992-08-05,1.5250000000000876
1992-08-06,0.9199999999999443
1992-08-07,5.410000000000048
1992-08-10,2.1600000000000636
1992-08-11,-0.475000000000183
1992-08-12,-0.5249999999999602
1992-08-13,-3.7199999999998727
1992-08-14,0.4649999999998726
1992-08-17,-2.044999999999923
1992-08-18,4.674999999999899
1992-08-19,1.700000000000017
1992-08-20,-0.02499999999992324
1992-08-21,-4.264999999999992
1992-08-24,-7.780000000000128
1992-08-25,-2.269999999999791
1992-08-26,2.2875
1992-08-27,3.4299999999998807
1992-08-28,3.062500000000034
1992-08-31,0.8225000000000342
1992-09-01,1.4599999999999147
1992-09-02,0.6025000000000171
1992-09-03,-0.13999999999992324
1992-09-04,4.739999999999949
1992-09-07,0.0
1992-09-08,1.6999999999999147
1992-09-09,0.30250000000004257
1992-09-10,1.4575000000000595
1992-09-11,-2.125000000000034
1992-09-14,1.900000000000017
1992-09-15,-3.8474999999999575
1992-09-16,-0.6949999999999574
1992-09-17,1.5175
1992-09-18,-0.024999999999957345
1992-09-21,-1.0600000000000938
1992-09-22,-1.9400000000000364
1992-09-23,-1.3950000000000182
1992-09-24,1.5750000000001
1992-09-25,3.1424999999998455
1992-09-28,3.5400000000002003
1992-09-29,-1.3750000000001636
1992-09-30,-0.065
1992-10-01,5.525000000000008
1992-10-02,0.575
1992-10-05,1.1100000000001637
1992-10-06,-2.6675000000000364
1992-10-07,-6.612500000000045
1992-10-08,2.24
1992-10-09,-3.0450000000000728
1992-10-12,-0.3099999999998363
1992-10-13,0.1999999999997908
1992-10-14,-0.2749999999999818
1992-10-15,1.4500000000000182
1992-10-16,-0.5449999999999727
1992-10-19,-3.6550000000000087
1992-10-20,-8.47999999999987
1992-10-21,3.8599999999999275
1992-10-22,0.5799999999999482
1992-10-23,-2.0700000000000442
1992-10-26,0.6350000000001329
1992-10-27,2.614999999999889
1992-10-28,-0.3899999999999852
1992-10-29,-0.7949999999999385
1992-10-30,-2.040000000000089
1992-11-02,-4.289999999999918
1992-11-03,0.13499999999992496
1992-11-04,1.1250000000000477
1992-11-05,1.3800000000000476
1992-11-06,-4.245000000000055
1992-11-09,-0.08999999999989086
1992-11-10,2.6999999999999313
1992-11-11,0.2549999999999182
1992-11-12,1.0650000000000273
1992-11-13,-3.3299999999999184
1992-11-16,-1.200000000000041
1992-11-17,0.009999999999979628
1992-11-18,2.6199999999999797
1992-11-19,-1.0799999999998908
1992-11-20,0.6399999999999728
1992-11-23,-3.195000000000014
1992-11-24,1.4550000000000272
1992-11-25,-1.080000000000041
1992-11-26,0.0
1992-11-27,-2.1149999999999314
1992-11-30,0.20999999999989086
1992-12-01,1.2450000000000614
1992-12-02,0.23999999999989086
1992-12-03,0.8400000000000136
1992-12-04,3.5699999999999927
1992-12-07,2.475000000000089
1992-12-08,1.2149999999999523
1992-12-09,-1.1549999999999523
1992-12-10,-0.795
1992-12-11,-2.1450000000000276
1992-12-14,-0.45
1992-12-15,0.9249999999999657
1992-12-16,2.440000000000096
1992-12-17,0.43250000000010347
1992-12-18,0.4449999999999853
1992-12-21,1.2575000000000147
1992-12-22,1.6099999999998886
1992-12-23,-1.425
1992-12-24,-0.48999999999987265
1992-12-25,0.0
1992-12-28,-0.7799999999999404
1992-12-29,2.3099999999998038
1992-12-30,1.070000000000017
1992-12-31,-1.624999999999809
1993-01-01,0.0
1993-01-04,5.019999999999928
1993-01-05,-0.6800000000001455
1993-01-06,-1.055
1993-01-07,-5.319999999999835
1993-01-08,1.6900000000000408
1993-01-11,1.699999999999949
1993-01-12,-2.4400000000000204
1993-01-13,2.2449999999998567
1993-01-14,1.8400000000000205
1993-01-15,2.1900000000002042
1993-01-18,-0.970000000000184
1993-01-19,-1.14
1993-01-20,0.4550000000000204
1993-01-21,-0.08499999999997954
1993-01-22,3.1150000000000646
1993-01-25,4.019999999999863
1993-01-26,-0.18499999999992042
1993-01-27,0.8949999999999204
1993-01-28,3.1300000000002273
1993-01-29,2.0999999999999432
1993-02-01,1.7049999999998406
1993-02-02,-1.8699999999999433
1993-02-03,1.0499999999999163
1993-02-04,4.525000000000179
1993-02-05,6.320000000000011
1993-02-08,-2.1750000000001313
1993-02-09,-2.7799999999998177
1993-02-10,-4.299999999999989
1993-02-11,2.8999999999997614
1993-02-12,0.3
1993-02-15,0.0
1993-02-16,1.4400000000000432
1993-02-17,3.4000000000001616
1993-02-18,6.379999999999839
1993-02-19,1.025
1993-02-22,2.530000000000184
1993-02-23,6.559999999999775
1993-02-24,-3.2799999999997853
1993-02-25,0.3074999999998261
1993-02-26,-1.3375
1993-03-01,-2.1525000000000287
1993-03-02,0.07750000000017394
1993-03-03,4.61249999999999
1993-03-04,1.9774999999998841
1993-03-05,-2.8049999999998354
1993-03-08,0.7899999999998454
1993-03-09,-2.502499999999884
1993-03-10,-1.7250000000001933
1993-03-11,2.012500000000039
1993-03-12,-4.767499999999962
1993-03-15,-3.042500000000058
1993-03-16,3.4000000000001447
1993-03-17,-1.1624999999999657
1993-03-18,2.645000000000145
1993-03-19,-2.070000000000034
1993-03-22,0.8600000000000596
1993-03-23,0.4999999999998978
1993-03-24,-3.3049999999998807
1993-03-25,-0.020000000000076762
1993-03-26,-3.3200000000000087
1993-03-29,0.2550000000000171
1993-03-30,2.810000000000034
1993-03-31,-0.01000000000007674
1993-04-01,-0.5799999999999232
1993-04-02,-4.5249999999999915
1993-04-05,2.4324999999998806
1993-04-06,1.2799999999999574
1993-04-07,-1.5024999999999231
1993-04-08,3.924999999999991
1993-04-09,0.0
1993-04-12,-0.5274999999999062
1993-04-13,-0.9750000000000171
1993-04-14,5.242499999999957
1993-04-15,-0.615
1993-04-16,3.2375
1993-04-19,-1.0125000000000455
1993-04-20,-1.679999999999918
1993-04-21,4.589999999999873
1993-04-22,2.9325000000001737
1993-04-23,-0.03250000000010632
1993-04-26,-1.877500000000106
1993-04-27,0.17500000000018334
1993-04-28,-0.4275000000001739
1993-04-29,2.222500000000145
1993-04-30,-5.215000000000106
1993-05-03,2.617500000000126
1993-05-04,2.8274999999999326
1993-05-05,0.17000000000008697
1993-05-06,0.5200000000000385
1993-05-07,0.5
1993-05-10,3.6999999999997644
1993-05-11,-1.54
1993-05-12,-4.444999999999928
1993-05-13,-0.8950000000000433
1993-05-14,0.21
1993-05-17,-1.1799999999999677
1993-05-18,-2.8099999999999246
1993-05-19,4.109999999999848
1993-05-20,-1.459999999999903
1993-05-21,-1.9599999999998488
1993-05-24,0.014999999999902798
1993-05-25,1.4449999999998977
1993-05-26,0.8800000000000227
1993-05-27,1.3400000000000796
1993-05-28,-1.5050000000001023
1993-05-31,0.0
1993-06-01,9.840000000000098
1993-06-02,0.8199999999998927
1993-06-03,1.9500000000002387
1993-06-04,-5.665000000000072
1993-06-07,-1.4150000000001675
1993-06-08,0.670000000000191
1993-06-09,1.8299999999998091
1993-06-10,1.8800000000000836
1993-06-11,7.900000000000096
1993-06-14,0.7999999999998328
1993-06-15,1.300000000000215
1993-06-16,-1.6900000000002147
1993-06-17,-1.485
1993-06-18,-3.5800000000001306
1993-06-21,0.8850000000000476
1993-06-22,-0.665
1993-06-23,0.0
1993-06-24,1.4399999999999404
1993-06-25,3.2500000000002385
1993-06-28,2.1325000000000243
1993-06-29,-0.2625000000000836
1993-06-30,-5.794999999999913
1993-07-01,-8.4650000000002
1993-07-02,-0.8875000000000873
1993-07-05,0.0
1993-07-06,-9.567499999999818
1993-07-07,0.8000000000001177
1993-07-08,5.089999999999699
1993-07-09,2.555000000000026
1993-07-12,4.230000000000246
1993-07-13,-0.41000000000012277
1993-07-14,1.3200000000000545
1993-07-15,1.475
1993-07-16,-2.479999999999872
1993-07-19,-0.9250000000001278
1993-07-20,-2.7199999999999576
1993-07-21,-4.105000000000185
1993-07-22,-5.544999999999958
1993-07-23,-1.5024999999999318
1993-07-26,2.6949999999999084
1993-07-27,-1.252499999999791
1993-07-28,3.297500000000026
1993-07-29,5.792499999999752
1993-07-30,0.3125000000000915
1993-08-02,-4.992500000000052
1993-08-03,0.5024999999999085
1993-08-04,-0.0075
1993-08-05,2.540000000000144
1993-08-06,-0.012499999999973806
1993-08-09,3.8699999999999344
1993-08-10,-2.834999999999817
1993-08-11,0.2424999999999085
1993-08-12,1.7949999999999082
1993-08-13,2.7249999999999344
1993-08-16,2.820000000000118
1993-08-17,-1.6025
1993-08-18,1.4299999999999085
1993-08-19,2.539999999999961
1993-08-20,1.477500000000026
1993-08-23,-1.44
1993-08-24,4.800000000000196
1993-08-25,1.7524999999999082
1993-08-26,5.710000000000052
1993-08-27,-2.43
1993-08-30,2.254999999999817
1993-08-31,1.6275
1993-09-01,0.0
1993-09-02,3.517500000000052
1993-09-03,4.667499999999987
1993-09-06,0.0
1993-09-07,4.7825000000001445
1993-09-08,-1.6400000000001178
1993-09-09,-6.274999999999869
1993-09-10,3.6900000000000523
1993-09-13,-2.425
1993-09-14,-3.2600000000001876
1993-09-15,-0.679999999999975
1993-09-16,0.5924999999998977
1993-09-17,-4.067499999999818
1993-09-20,-1.5474999999999204
1993-09-21,0.3550000000001819
1993-09-22,-2.0775
1993-09-23,-1.7425000000001023
1993-09-24,0.5600000000001074
1993-09-27,7.059999999999989
1993-09-28,2.619999999999916
1993-09-29,-1.0600000000000478
1993-09-30,-4.66999999999994
1993-10-01,4.529999999999856
1993-10-04,4.515000000000215
1993-10-05,-0.9000000000000239
1993-10-06,-0.5650000000000835
1993-10-07,-2.115
1993-10-08,4.344999999999881
1993-10-11,-2.1149999999998093
1993-10-12,-0.2550000000001074
1993-10-13,-3.4
1993-10-14,2.5150000000000476
1993-10-15,1.6949999999998326
1993-10-18,-6.624999999999773
1993-10-19,-0.675
1993-10-20,1.4800000000000237
1993-10-21,-3.6550000000000713
1993-10-22,-0.5950000000001552
1993-10-25,-4.489999999999856
1993-10-26,1.730000000000024
1993-10-27,-0.9499999999999162
1993-10-28,1.725
1993-10-29,-2.2200000000002147
1993-11-01,-5.4600000000000115
1993-11-02,-4.089999999999857
1993-11-03,0.63
1993-11-04,-2.6800000000001254
1993-11-05,-3.609999999999886
1993-11-08,3.8000000000000687
1993-11-09,1.2950000000000228
1993-11-10,-5.340000000000216
1993-11-11,-0.24000000000002164
1993-11-12,4.570000000000237
1993-11-15,0.08999999999982719
1993-11-16,1.6900000000000206
1993-11-17,0.40000000000009206
1993-11-18,-2.730000000000041
1993-11-19,-3.420000000000061
1993-11-22,-1.8149999999998565
1993-11-23,3.174999999999969
1993-11-24,-0.7050000000000921
1993-11-25,0.0
1993-11-26,1.8250000000001128
1993-11-29,-0.1800000000000921
1993-11-30,-2.0050000000000407
1993-12-01,0.8850000000000203
1993-12-02,-0.0625
1993-12-03,-0.47499999999992837
1993-12-06,3.627499999999898
1993-12-07,-0.05749999999983629
1993-12-08,0.3949999999998454
1993-12-09,0.7924999999999324
1993-12-10,-1.9049999999998648
1993-12-13,-1.6950000000001062
1993-12-14,-1.1200000000000194
1993-12-15,-0.07749999999984539
1993-12-16,-0.08250000000008698
1993-12-17,1.2575000000000869
1993-12-20,-0.28499999999983633
1993-12-21,-0.39000000000018414
1993-12-22,3.9875000000001535
1993-12-23,0.8650000000000204
1993-12-24,0.0
1993-12-27,0.36
1993-12-28,0.2674999999999079
1993-12-29,-0.1875
1993-12-30,-3.0200000000000613
1993-12-31,-0.5299999999998363
1994-01-03,-2.9425000000000616
1994-01-04,1.0849999999998565
1994-01-05,0.2825
1994-01-06,2.6950000000002046
1994-01-07,6.427499999999795
1994-01-10,-1.187499999999908
1994-01-11,1.745000000000016
1994-01-12,-0.5349999999999682
1994-01-13,0.260000000000008
1994-01-14,-0.6150000000000317
1994-01-17,0.07999999999987267
1994-01-18,-0.3099999999999125
1994-01-19,-2.4999999999999285
1994-01-20,0.23499999999996016
1994-01-21,1.86
1994-01-24,1.110000000000077
1994-01-25,-1.125000000000094
1994-01-26,-0.255
1994-01-27,0.7450000000001
1994-01-28,-1.6600000000000454
1994-01-31,-1.4150000000000869
1994-02-01,-3.184999999999884
1994-02-02,0.7749999999998158
1994-02-03,-1.9824999999998771
1994-02-04,-5.53750000000001
1994-02-07,0.1025000000000511
1994-02-08,0.8749999999998068
1994-02-09,4.1900000000001825
1994-02-10,-0.38500000000008183
1994-02-11,2.160000000000094
1994-02-14,0.27
1994-02-15,-1.86
1994-02-16,2.0699999999998635
1994-02-17,-7.320000000000051
1994-02-18,-2.7749999999999915
1994-02-21,0.0
1994-02-22,1.5800000000000813
1994-02-23,-2.2100000000000444
1994-02-24,-2.3149999999999626
1994-02-25,0.0775000000000614
1994-02-28,0.7074999999999045
1994-03-01,-1.8674999999999455
1994-03-02,-0.7900000000000126
1994-03-03,-3.7174999999999714
1994-03-04,-2.259999999999972
1994-03-07,1.6899999999999746
1994-03-08,-2.9800000000000564
1994-03-09,-1.8699999999999273
1994-03-10,-2.4100000000000277
1994-03-11,0.71
1994-03-14,4.640000000000019
1994-03-15,-0.8300000000000637
1994-03-16,1.3500000000000136
1994-03-17,0.32249999999996926
1994-03-18,-1.7299999999999658
1994-03-21,-2.1474999999999898
1994-03-22,0.28250000000002273
1994-03-23,0.062499999999980106
1994-03-24,-2.0500000000000087
1994-03-25,-1.6149999999999858
1994-03-28,1.1349999999999953
1994-03-29,-2.212500000000014
1994-03-30,-1.0274999999999888
1994-03-31,-3.3175000000000088
1994-04-01,-2.5049999999999844
1994-04-04,-0.7999999999999932
1994-04-05,4.314999999999982
1994-04-06,0.7650000000000222
1994-04-07,-2.1850000000000214
1994-04-08,-0.5299999999999784
1994-04-11,-1.2300000000000102
1994-04-12,1.7999999999999863
1994-04-13,-0.3099999999999864
1994-04-14,-3.2849999999999944
1994-04-15,1.219999999999992
1994-04-18,-4.804999999999998
1994-04-19,0.044999999999997174
1994-04-20,2.0174999999999983
1994-04-21,1.7949999999999988
1994-04-22,-2.144999999999992
1994-04-25,1.445000000000002
1994-04-26,0.05499999999998693
1994-04-27,0.0
1994-04-28,1.4075000000000102
1994-04-29,1.242499999999996
1994-05-02,-1.657500000000001
1994-05-03,-4.747499999999992
1994-05-04,0.847499999999996
1994-05-05,-3.137500000000003
1994-05-06,-0.11499999999999491
1994-05-09,-1.6850000000000045
1994-05-10,1.617499999999998
1994-05-11,0.0024999999999965896
1994-05-12,1.677500000000011
1994-05-13,-0.040000000000010826
1994-05-16,3.362500000000012
1994-05-17,0.7724999999999915
1994-05-18,1.155000000000002
1994-05-19,0.11499999999999432
1994-05-20,0.6350000000000018
1994-05-23,3.1474999999999986
1994-05-24,-3.5324999999999984
1994-05-25,-1.6074999999999948
1994-05-26,-0.922500000000008
1994-05-27,0.7425000000000119
1994-05-30,0.0
1994-05-31,4.85749999999999
1994-06-01,1.1100000000000063
1994-06-02,0.9899999999999981
1994-06-03,-3.102500000000006
1994-06-06,-3.474999999999987
1994-06-07,0.18499999999999886
1994-06-08,1.569999999999996
1994-06-09,0.20499999999999888
1994-06-10,1.3250000000000017
1994-06-13,0.6799999999999938
1994-06-14,0.8499999999999994
1994-06-15,1.985000000000011
1994-06-16,-0.1450000000000182
1994-06-17,1.390000000000006
1994-06-20,-5.175000000000002
1994-06-21,-4.474999999999986
1994-06-22,-3.275000000000014
1994-06-23,-0.37500000000000566
1994-06-24,-0.18999999999998288
1994-06-27,-2.1900000000000244
1994-06-28,3.5200000000000036
1994-06-29,-3.3449999999999793
1994-06-30,-0.06500000000002501
1994-07-01,-0.6949999999999819
1994-07-04,0.0
1994-07-05,-3.2450000000000156
1994-07-06,0.3
1994-07-07,-0.5349999999999795
1994-07-08,-0.535000000000001
1994-07-11,-0.5150000000000126
1994-07-12,-0.12999999999999773
1994-07-13,0.3800000000000102
1994-07-14,0.8450000000000016
1994-07-15,-0.505
1994-07-18,0.7649999999999972
1994-07-19,-0.4000000000000068
1994-07-20,-1.0199999999999902
1994-07-21,-0.745000000000001
1994-07-22,-0.20000000000000626
1994-07-25,0.625000000000001
1994-07-26,0.29500000000000515
1994-07-27,-0.8500000000000022
1994-07-28,0.3499999999999972
1994-07-29,1.810000000000007
1994-08-01,-0.15000000000001024
1994-08-02,0.17499999999999716
1994-08-03,-0.33999999999999486
1994-08-04,-0.26999999999999597
1994-08-05,-1.0550000000000035
1994-08-08,0.629999999999992
1994-08-09,-0.4149999999999841
1994-08-10,0.329999999999992
1994-08-11,-0.38000000000000456
1994-08-12,0.1250000000000148
1994-08-15,-0.21500000000001024
1994-08-16,1.115000000000009
1994-08-17,0.6249999999999944
1994-08-18,-1.024999999999999
1994-08-19,0.1999999999999818
1994-08-22,-0.34499999999997616
1994-08-23,0.05000000000000227
1994-08-24,0.9049999999999864
1994-08-25,-0.6200000000000125
1994-08-26,0.30500000000002275
1994-08-29,-0.21500000000001818
1994-08-30,0.3800000000000205
1994-08-31,0.35999999999999205
1994-09-01,0.04499999999998181
1994-09-02,-0.075
1994-09-05,0.0
1994-09-06,-0.3224999999999795
1994-09-07,-0.2525000000000034
1994-09-08,-0.16999999999998466
1994-09-09,-1.795000000000002
1994-09-12,0.0724999999999966
1994-09-13,0.11749999999997271
1994-09-14,0.040000000000003415
1994-09-15,0.1550000000000068
1994-09-16,-1.9174999999999898
1994-09-19,0.30999999999998806
1994-09-20,-0.38749999999999146
1994-09-21,-0.4025000000000034
1994-09-22,0.16999999999998808
1994-09-23,-0.14999999999998806
1994-09-26,-0.01
1994-09-27,-0.30500000000000227
1994-09-28,0.24000000000000227
1994-09-29,-0.5249999999999886
1994-09-30,0.16500000000000228
1994-10-03,-0.41500000000000453
1994-10-04,-0.13500000000000512
1994-10-05,-0.45999999999999436
1994-10-06,0.044999999999994884
1994-10-07,0.5700000000000023
1994-10-10,0.12
1994-10-11,0.225
1994-10-12,-0.25
1994-10-13,0.235
1994-10-14,0.04
1994-10-17,0.005
1994-10-18,0.07
1994-10-19,-0.25
1994-10-20,-0.875
1994-10-21,0.09
1994-10-24,-0.31
1994-10-25,-0.02
1994-10-26,-0.05
1994-10-27,-0.16999999999999488
1994-10-28,0.5549999999999926
1994-10-31,0.025
1994-11-01,-0.32999999999999546
1994-11-02,-0.13499999999999374
1994-11-03,-0.005000000000003979
1994-11-04,-0.15500000000000286
1994-11-07,-0.11250000000000795
1994-11-08,-0.14749999999999433
1994-11-09,-0.3049999999999795
1994-11-10,-0.08250000000002387
1994-11-11,0.3975000000000068
1994-11-14,0.16499999999998977
1994-11-15,0.2500000000000273
1994-11-16,0.1549999999999881
1994-11-17,-0.20999999999998126
1994-11-18,0.1399999999999693
1994-11-21,-0.0624999999999693
1994-11-22,0.4649999999999966
1994-11-23,0.7774999999999829
1994-11-24,0.0
1994-11-25,-0.3825000000000154
1994-11-28,0.022500000000025555
1994-11-29,0.14249999999997615
1994-11-30,-0.1224999999999784
1994-12-01,-0.05000000000002046
1994-12-02,-0.6474999999999931
1994-12-05,-0.8599999999999874
1994-12-06,0.6049999999999994
1994-12-07,-1.0650000000000046
1994-12-08,-0.025
1994-12-09,-0.0425
1994-12-12,-0.1875
1994-12-13,0.6
1994-12-14,1.1125
1994-12-15,-0.0675
1994-12-16,-0.6524999999999909
1994-12-19,0.4974999999999937
1994-12-20,-0.5375
1994-12-21,-0.4450000000000131
1994-12-22,-0.17249999999998808
1994-12-23,-0.7450000000000051
1994-12-26,0.0
1994-12-27,0.49499999999999433
1994-12-28,-0.294999999999996
1994-12-29,0.5449999999999949
1994-12-30,0.06000000000000284
1995-01-02,0.0
1995-01-03,0.100000000000004
1995-01-04,0.02999999999999718
1995-01-05,-1.2800000000000036
1995-01-06,-0.4800000000000011
1995-01-09,-0.18499999999999092
1995-01-10,0.4299999999999972
1995-01-11,0.28000000000000114
1995-01-12,-0.644999999999996
1995-01-13,1.3799999999999972
1995-01-16,-0.01999999999999602
1995-01-17,-0.190000000000004
1995-01-18,0.019999999999994886
1995-01-19,-0.12500000000000114
1995-01-20,0.05500000000000683
1995-01-23,-0.6999999999999961
1995-01-24,-0.030000000000001133
1995-01-25,-0.125
1995-01-26,0.015
1995-01-27,0.91
1995-01-30,-0.045
1995-01-31,0.175
1995-02-01,-0.665
1995-02-02,-0.38
1995-02-03,1.215
1995-02-06,-1.665
1995-02-07,0.745
1995-02-08,-0.19000000000001024
1995-02-09,-0.36000000000000226
1995-02-10,-0.5700000000000011
1995-02-13,0.12500000000001135
1995-02-14,-0.06500000000000564
1995-02-15,0.6675000000000023
1995-02-16,0.5649999999999932
1995-02-17,0.04750000000001592
1995-02-20,0.0
1995-02-21,0.30999999999998984
1995-02-22,0.4350000000000114
1995-02-23,-0.7899999999999919
1995-02-24,0.7874999999999761
1995-02-27,0.9299999999999982
1995-02-28,0.6300000000000034
1995-03-01,0.029999999999984085
1995-03-02,-0.7799999999999931
1995-03-03,0.3999999999999887
1995-03-06,-1.74999999999996
1995-03-07,-0.8800000000000056
1995-03-08,0.47000000000001135
1995-03-09,1.249999999999946
1995-03-10,0.850000000000037
1995-03-13,-0.3099999999999887
1995-03-14,1.5699999999999659
1995-03-15,-0.6625
1995-03-16,0.6074999999999828
1995-03-17,-1.6199999999999244
1995-03-20,0.20249999999999205
1995-03-21,0.29999999999995625
1995-03-22,-0.7375000000000159
1995-03-23,-0.72
1995-03-24,2.7750000000000674
1995-03-27,0.002499999999944339
1995-03-28,-2.365000000000024
1995-03-29,0.8950000000000636
1995-03-30,-0.7800000000000438
1995-03-31,-1.3799999999999444
1995-04-03,0.46249999999993235
1995-04-04,0.2900000000000438
1995-04-05,0.3099999999999363
1995-04-06,0.9125000000000796
1995-04-07,-0.3900000000000716
1995-04-10,-0.6024999999999363
1995-04-11,0.0925
1995-04-12,1.559999999999968
1995-04-13,2.724999999999986
1995-04-14,0.0
1995-04-17,0.5949999999999682
1995-04-18,0.860000000000041
1995-04-19,-0.5499999999999773
1995-04-20,0.16999999999997445
1995-04-21,-0.05000000000004604
1995-04-24,-0.18
1995-04-25,-1.355000000000011
1995-04-26,-0.3749999999999602
1995-04-27,-0.06499999999996016
1995-04-28,-1.0750000000000688
1995-05-01,-2.242499999999956
1995-05-02,1.1175000000000812
1995-05-03,4.0374999999999375
1995-05-04,2.827499999999994
1995-05-05,6.559999999999932
1995-05-08,-1.5174999999999563
1995-05-09,2.160000000000031
1995-05-10,-1.8950000000000666
1995-05-11,-0.8849999999999283
1995-05-12,-0.34500000000001024
1995-05-15,3.1449999999999743
1995-05-16,0.10499999999997453
1995-05-17,-0.7499999999999436
1995-05-18,-2.449999999999983
1995-05-19,1.0875
1995-05-22,-2.2574999999999563
1995-05-23,-0.372500000000075
1995-05-24,3.77250000000005
1995-05-25,1.3224999999999687
1995-05-26,-0.9800000000000436
1995-05-29,0.0
1995-05-30,4.194999999999992
1995-05-31,0.05500000000010914
1995-06-01,2.3799999999999457
1995-06-02,1.8325000000000407
1995-06-05,1.1024999999998908
1995-06-06,-0.4350000000000136
1995-06-07,-3.6175000000000073
1995-06-08,-1.8850000000000138
1995-06-09,-5.007499999999926
1995-06-12,0.6725000000000136
1995-06-13,5.95
1995-06-14,-1.11
1995-06-15,-0.8149999999999744
1995-06-16,-0.17250000000009208
1995-06-19,0.6850000000001125
1995-06-20,-0.46999999999996417
1995-06-21,0.6025000000000102
1995-06-22,2.659999999999913
1995-06-23,-0.46749999999996417
1995-06-26,0.4550000000000717
1995-06-27,-0.4475000000000563
1995-06-28,0.4625000000000626
1995-06-29,-3.537500000000057
1995-06-30,1.0250000000000228
1995-07-03,-0.1774999999999886
1995-07-04,0.0
1995-07-05,0.23249999999990906
1995-07-06,3.7325000000000967
1995-07-07,0.6099999999999204
1995-07-10,0.1525
1995-07-11,-1.5874999999999715
1995-07-12,-0.3300000000000511
1995-07-13,-0.30249999999986926
1995-07-14,-1.6275000000000228
1995-07-17,-2.9800000000000817
1995-07-18,-1.2550000000000252
1995-07-19,-3.332500000000019
1995-07-20,0.14750000000004374
1995-07-21,-2.565000000000034
1995-07-24,1.4525000000000627
1995-07-25,0.44250000000006257
1995-07-26,-0.8750000000001023
1995-07-27,1.6800000000000666
1995-07-28,-0.7749999999999744
1995-07-31,1.8149999999998927
1995-08-01,-1.1999999999999746
1995-08-02,1.8199999999999847
1995-08-03,-1.824999999999949
1995-08-04,1.0450000000000101
1995-08-07,0.6099999999999682
1995-08-08,-0.425
1995-08-09,-0.7249999999999773
1995-08-10,-0.5450000000000501
1995-08-11,-2.284999999999923
1995-08-14,-0.01000000000007276
1995-08-15,0.11000000000003184
1995-08-16,1.1299999999999863
1995-08-17,-0.6399999999999363
1995-08-18,0.13999999999993631
1995-08-21,0.3600000000000517
1995-08-22,-0.6699999999999801
1995-08-23,-0.11000000000003582
1995-08-24,1.4900000000000237
1995-08-25,1.8299999999999323
1995-08-28,0.08000000000004374
1995-08-29,-0.4599999999999801
1995-08-30,0.6800000000000159
1995-08-31,0.4299999999999801
1995-09-01,1.0499999999999878
1995-09-04,0.0
1995-09-05,0.9049999999999444
1995-09-06,0.36000000000000804
1995-09-07,-0.8599999999999444
1995-09-08,-0.5500000000000438
1995-09-11,0.095
1995-09-12,1.1350000000000182
1995-09-13,-0.5150000000000409
1995-09-14,2.350000000000123
1995-09-15,-0.9300000000000103
1995-09-18,-1.4150000000001022
1995-09-19,0.7825000000000103
1995-09-20,0.6999999999999641
1995-09-21,-2.262499999999983
1995-09-22,-0.5549999999999602
1995-09-25,0.0
1995-09-26,-0.6175000000000114
1995-09-27,-0.13750000000005116
1995-09-28,0.16
1995-09-29,2.525000000000094
1995-10-02,0.30249999999995625
1995-10-03,0.8824999999999686
1995-10-04,0.9749999999999687
1995-10-05,0.6350000000001126
1995-10-06,0.03249999999994373
1995-10-09,-0.16000000000001366
1995-10-10,0.5075000000000615
1995-10-11,0.375
1995-10-12,0.7574999999998965
1995-10-13,3.152500000000111
1995-10-16,-0.0800000000000665
1995-10-17,-5.1750248530879616e-14
1995-10-18,-0.8625000000000148
1995-10-19,0.3425000000000716
1995-10-20,-1.5950000000000324
1995-10-23,-1.3450000000000149
1995-10-24,2.2000000000001023
1995-10-25,0.4099999999998739
1995-10-26,-3.509999999999888
1995-10-27,0.7199999999999986
1995-10-30,0.37499999999987266
1995-10-31,0.4550000000000717
1995-11-01,2.3800000000001034
1995-11-02,2.3099999999999574
1995-11-03,-1.1400000000001533
1995-11-06,0.015000000000196087
1995-11-07,-0.8500000000000171
1995-11-08,1.7099999999998978
1995-11-09,-1.455000000000017
1995-11-10,-1.0599999999998808
1995-11-13,0.7649999999998807
1995-11-14,-1.629999999999923
1995-11-15,-1.295000000000017
1995-11-16,2.8249999999998976
1995-11-17,1.2300000000001534
1995-11-20,-0.225
1995-11-21,-0.9000000000000171
1995-11-22,-0.6300000000001535
1995-11-23,0.0
1995-11-24,0.7500000000001535
1995-11-27,-0.045000000000119326
1995-11-28,-0.51
1995-11-29,3.949000000000034
1995-11-30,3.1449999999999894
1995-12-01,1.6650000000001002
1995-12-04,3.8950000000000546
1995-12-05,0.4749999999998992
1995-12-06,-0.600000000000016
1995-12-07,-1.4749999999999552
1995-12-08,1.12999999999998
1995-12-11,2.644999999999937
1995-12-12,0.0700000000000654
1995-12-13,0.3300000000000618
1995-12-14,0.30500000000000177
1995-12-15,-0.07500000000008283
1995-12-18,-0.1950000000000084
1995-12-19,5.814999999999989
1995-12-20,-2.9000000000001256
1995-12-21,-1.3749999999998817
1995-12-22,5.934999999999911
1995-12-25,0.0
1995-12-26,1.4900000000001326
1995-12-27,-1.5675000000001034
1995-12-28,-0.34499999999998415
1995-12-29,3.2824999999999624
1996-01-01,0.0
1996-01-02,2.192500000000119
1996-01-03,1.4125000000000145
1996-01-04,-0.13500000000006637
1996-01-05,-1.8625000000000296
1996-01-08,-3.334999999999999
1996-01-09,1.982499999999932
1996-01-10,-6.34499999999994
1996-01-11,-2.5399999999999707
1996-01-12,3.974999999999966
1996-01-15,1.9600000000000135
1996-01-16,-3.585000000000048
1996-01-17,1.8574999999999788
1996-01-18,4.815000000000091
1996-01-19,2.727500000000046
1996-01-22,-4.30250000000004
1996-01-23,-1.187500000000075
1996-01-24,0.6275000000000139
1996-01-25,-2.9099999999999944
1996-01-26,2.952500000000027
1996-01-29,2.365000000000044
1996-01-30,2.9250000000000242
1996-01-31,1.2549999999998716
1996-02-01,-0.12500000000000344
1996-02-02,0.740000000000044
1996-02-05,-1.620000000000009
1996-02-06,0.5950000000000535
1996-02-07,0.17499999999994353
1996-02-08,0.3900000000000586
1996-02-09,1.689999999999954
1996-02-12,1.8049999999999806
1996-02-13,0.6175000000000248
1996-02-14,1.347499999999989
1996-02-15,-1.4575000000000395
1996-02-16,0.864000000000031
1996-02-19,0.0
1996-02-20,-5.758999999999899
1996-02-21,1.0724999999999012
1996-02-22,2.120000000000079
1996-02-23,1.0599999999999794
1996-02-26,0.29999999999993743
1996-02-27,-2.4699999999999562
1996-02-28,-2.4499999999999535
1996-02-29,-1.8900000000000063
1996-03-01,0.2649999999999662
1996-03-04,0.012500000000033288
1996-03-05,0.30249999999998656
1996-03-06,-0.07750000000001729
1996-03-07,3.159999999999999
1996-03-08,-3.590000000000026
1996-03-11,2.4150000000000222
1996-03-12,-1.544999999999993
1996-03-13,0.017500000000002503
1996-03-14,1.650000000000011
1996-03-15,-3.5874999999999964
1996-03-18,2.1549999999999883
1996-03-19,-1.0975000000000075
1996-03-20,1.7324999999999935
1996-03-21,-0.2639999999999894
1996-03-22,0.3705000000000047
1996-03-25,1.2225000000000048
1996-03-26,2.6094999999999957
1996-03-27,-0.26200000000001616
1996-03-28,-0.4399999999999822
1996-03-29,5.628000000000006
1996-04-01,2.181999999999977
1996-04-02,0.8149999999999902
1996-04-03,3.0150000000000223
1996-04-04,3.629999999999996
1996-04-05,-1.172500000000002
1996-04-08,3.8830000000000138
1996-04-09,0.14099999999998664
1996-04-10,6.301500000000001
1996-04-11,-4.383999999999987
1996-04-12,0.5599999999999868
1996-04-15,-0.8559999999999934
1996-04-16,-3.9840000000000013
1996-04-17,1.8699999999999957
1996-04-18,4.38
1996-04-19,-1.210000000000001
1996-04-22,1.8850000000000038
1996-04-23,-0.0800000000000023
1996-04-24,0.2879999999999997
1996-04-25,1.9820000000000118
1996-04-26,-3.080000000000003
1996-04-29,-3.145000000000007
1996-04-30,2.7650000000000055
1996-05-01,4.345000000000005
1996-05-02,-6.5550000000000015
1996-05-03,2.9699999999999953
1996-05-06,0.7450000000000088
1996-05-07,-0.3060000000000051
1996-05-08,3.366
1996-05-09,0.3600000000000004
1996-05-10,3.5100000000000042
1996-05-13,3.2940000000000023
1996-05-14,0.12599999999999595
1996-05-15,2.3039999999999945
1996-05-16,3.1500000000000075
1996-05-17,-1.1700000000000095
1996-05-20,-4.139999999999995
1996-05-21,-1.4400000000000015
1996-05-22,0.6950000000000077
1996-05-23,4.215999999999993
1996-05-24,1.3650000000000027
1996-05-27,0.0
1996-05-28,1.7439999999999942
1996-05-29,-4.883999999999995
1996-05-30,-0.3799999999999993
1996-05-31,0.5249999999999987
1996-06-03,-3.330000000000005
1996-06-04,1.6200000000000079
1996-06-05,-2.1359999999999992
1996-06-06,2.2859999999999987
1996-06-07,0.269999999999994
1996-06-10,2.2499999999999987
1996-06-11,-2.5709999999999966
1996-06-12,-1.0739999999999987
1996-06-13,-0.7050000000000047
1996-06-14,-0.0059999999999925425
1996-06-17,0.06499999999999921
1996-06-18,4.644999999999995
1996-06-19,-0.7349999999999931
1996-06-20,-0.48000000000000254
1996-06-21,0.7099999999999935
1996-06-24,-1.3449999999999998
1996-06-25,1.9049999999999994
1996-06-26,-1.2049999999999954
1996-06-27,-0.8049999999999901
1996-06-28,3.7149999999999936
1996-07-01,2.3249999999999966
1996-07-02,-1.7899999999999978
1996-07-03,0.3100000000000025
1996-07-04,0.0
1996-07-05,-5.560000000000008
1996-07-08,-0.2900000000000032
1996-07-09,3.5750000000000104
1996-07-10,0.42999999999998445
1996-07-11,3.5300000000000145
1996-07-12,4.184999999999997
1996-07-15,-2.155000000000002
1996-07-16,-3.8799999999999906
1996-07-17,-2.49500000000001
1996-07-18,-1.266000000000008
1996-07-19,-0.5139999999999917
1996-07-22,-2.6760000000000113
1996-07-23,1.5459999999999996
1996-07-24,-1.8559999999999928
1996-07-25,-0.49000000000000843
1996-07-26,-0.54
1996-07-29,2.246000000000002
1996-07-30,-0.31599999999999817
1996-07-31,-0.5939999999999988
1996-08-01,3.8500000000000076
1996-08-02,0.23999999999999475
1996-08-05,0.08499999999999508
1996-08-06,0.8649999999999934
1996-08-07,0.47250000000001435
1996-08-08,1.913999999999991
1996-08-09,0.867499999999987
1996-08-12,3.752500000000025
1996-08-13,1.5970000000000095
1996-08-14,0.1124999999999932
1996-08-15,0.4029999999999827
1996-08-16,0.06700000000001786
1996-08-19,0.5525000000000017
1996-08-20,0.11999999999998885
1996-08-21,-0.5229999999999976
1996-08-22,0.9279999999999909
1996-08-23,-1.5199999999999911
1996-08-26,0.37699999999998873
1996-08-27,1.3650000000000027
1996-08-28,-0.9769999999999852
1996-08-29,-1.614999999999991
1996-08-30,-3.093000000000021
1996-09-02,0.0
1996-09-03,0.833000000000003
1996-09-04,-2.5299999999999905
1996-09-05,-0.5505000000000088
1996-09-06,2.2524999999999964
1996-09-09,0.6875000000000037
1996-09-10,0.9000000000000117
1996-09-11,-1.7620000000000096
1996-09-12,2.2524999999999915
1996-09-13,1.2670000000000257
1996-09-16,-2.957500000000025
1996-09-17,-0.4320000000000047
1996-09-18,0.4504999999999943
1996-09-19,-1.4154999999999858
1996-09-20,-0.5675000000000071
1996-09-23,0.38300000000001566
1996-09-24,0.979499999999988
1996-09-25,0.5254999999999939
1996-09-26,-0.819999999999987
1996-09-27,-0.7380000000000131
1996-09-30,-1.7669999999999992
1996-10-01,1.767000000000015
1996-10-02,-0.22700000000000914
1996-10-03,-0.3849999999999883
1996-10-04,0.7875000000000051
1996-10-07,0.9449999999999741
1996-10-08,-0.2149999999999718
1996-10-09,-2.0999999999999925
1996-10-10,-1.8725000000000331
1996-10-11,-2.6949999999999745
1996-10-14,-2.755000000000003
1996-10-15,0.0
1996-10-16,-3.689999999999978
1996-10-17,4.476999999999943
1996-10-18,-0.36999999999999544
1996-10-21,-1.3099999999999832
1996-10-22,-2.264999999999989
1996-10-23,-0.6350000000000002
1996-10-24,-1.2750000000000152
1996-10-25,-0.8999999999999952
1996-10-28,1.9950000000000014
1996-10-29,-0.4450000000000218
1996-10-30,-1.960000000000002
1996-10-31,1.8300000000000345
1996-11-01,1.0749999999999769
1996-11-04,1.0199999999999987
1996-11-05,-0.1150000000000222
1996-11-06,0.1540000000000066
1996-11-07,0.08000000000006104
1996-11-08,1.1124999999999987
1996-11-11,-0.26899999999999674
1996-11-12,0.8339999999999844
1996-11-13,0.006000000000003274
1996-11-14,1.944999999999973
1996-11-15,-0.49250000000004457
1996-11-18,0.2625000000000362
1996-11-19,0.8775000000000094
1996-11-20,1.0975000000000592
1996-11-21,0.9799999999999071
1996-11-22,-0.579999999999909
1996-11-25,0.46999999999991315
1996-11-26,0.9100000000000489
1996-11-27,0.05000000000000316
1996-11-28,0.0
1996-11-29,1.3100000000000356
1996-12-02,0.44599999999994516
1996-12-03,0.30400000000005956
1996-12-04,-1.5100000000000318
1996-12-05,-2.6275000000000546
1996-12-06,-2.253000000000008
1996-12-09,2.6600000000000263
1996-12-10,0.9930000000000414
1996-12-11,-4.228000000000067
1996-12-12,-1.2049999999999659
1996-12-13,2.6304999999999823
1996-12-16,-0.009999999999970442
1996-12-17,1.5000000000000226
1996-12-18,-1.1175000000000144
1996-12-19,2.1819999999999875
1996-12-20,0.6430000000000443
1996-12-23,0.4674999999999647
1996-12-24,0.19499999999999512
1996-12-25,0.0
1996-12-26,-0.1269999999999979
1996-12-27,0.4100000000000133
1996-12-30,0.05749999999999841
1996-12-31,-3.035500000000004
1997-01-01,0.0
1997-01-02,-0.8899999999999674
1997-01-03,2.757999999999971
1997-01-06,0.5750000000000366
1997-01-07,0.5799999999999923
1997-01-08,0.4650000000000244
1997-01-09,0.8299999999999538
1997-01-10,-0.2399999999999729
1997-01-13,-0.0700000000000492
1997-01-14,2.5050000000000234
1997-01-15,-0.1280000000000202
1997-01-16,-0.8009999999999687
1997-01-17,0.8709999999999625
1997-01-20,-0.11
1997-01-21,2.05400000000001
1997-01-22,0.15100000000001196
1997-01-23,0.5599999999999795
1997-01-24,-1.1859999999999506
1997-01-27,-1.4240000000000304
1997-01-28,1.4439999999999937
1997-01-29,-0.8389999999999807
1997-01-30,0.9449999999999631
1997-01-31,1.5500000000000544
1997-02-03,1.1839999999999862
1997-02-04,0.6500000000000024
1997-02-05,0.5399999999999819
1997-02-06,0.219999999999982
1997-02-07,1.200000000000009
1997-02-10,1.0150000000000012
1997-02-11,0.23400000000002724
1997-02-12,0.7459999999999828
1997-02-13,0.9889999999999792
1997-02-14,1.8660000000000088
1997-02-17,0.0
1997-02-18,-0.5910000000000061
1997-02-19,1.8400000000000156
1997-02-20,0.6669999999999894
1997-02-21,1.565000000000049
1997-02-24,-0.7920000000000084
1997-02-25,0.06699999999997923
1997-02-26,-5.559999999999995
1997-02-27,-9.016999999999992
1997-02-28,3.4349999999999823
1997-03-03,-0.7349999999999849
1997-03-04,-0.2449999999999865
1997-03-05,-1.9199999999999953
1997-03-06,1.549999999999975
1997-03-07,2.050000000000008
1997-03-10,1.5499999999999599
1997-03-11,-1.204999999999958
1997-03-12,-1.7250000000000045
1997-03-13,-0.319999999999984
1997-03-14,2.39499999999995
1997-03-17,0.2700000000000344
1997-03-18,0.4099999999999736
1997-03-19,1.164999999999997
1997-03-20,1.0399999999999863
1997-03-21,-0.19499999999998796
1997-03-24,1.0934999999999873
1997-03-25,1.265000000000008
1997-03-26,0.38150000000000345
1997-03-27,-0.7115000000000113
1997-03-28,0.0
1997-03-31,-1.554999999999999
1997-04-01,0.07500000000001074
1997-04-02,-1.06500000000001
1997-04-03,-2.8194999999999926
1997-04-04,0.06999999999999536
1997-04-07,4.106999999999994
1997-04-08,0.2254999999999966
1997-04-09,0.08700000000000396
1997-04-10,0.4825000000000029
1997-04-11,-1.6325000000000034
1997-04-14,0.239999999999998
1997-04-15,0.30249999999999905
1997-04-16,-1.202500000000002
1997-04-17,1.4970000000000072
1997-04-18,1.3579999999999894
1997-04-21,0.10250000000000274
1997-04-22,0.7774999999999994
1997-04-23,0.06200000000000316
1997-04-24,-1.728500000000007
1997-04-25,-0.9850000000000029
1997-04-28,-4.861499999999994
1997-04-29,2.8025000000000024
1997-04-30,1.1529999999999951
1997-05-01,0.8350000000000051
1997-05-02,1.1674999999999947
1997-05-05,-0.4475000000000016
1997-05-06,-0.698
1997-05-07,-1.6294999999999922
1997-05-08,1.5269999999999937
1997-05-09,0.34749999999999787
1997-05-12,-0.4599999999999978
1997-05-13,0.2980000000000005
1997-05-14,0.24949999999999745
1997-05-15,0.5429999999999936
1997-05-16,0.11949999999999678
1997-05-19,0.45550000000001184
1997-05-20,-0.235500000000004
1997-05-21,1.0449999999999977
1997-05-22,-0.03499999999999373
1997-05-23,-0.8550000000000022
1997-05-26,0.0
1997-05-27,-1.4749999999999854
1997-05-28,0.11499999999998577
1997-05-29,0.3750000000000108
1997-05-30,-0.01499999999999727
1997-06-02,0.9699999999999883
1997-06-03,0.1400000000000082
1997-06-04,-0.34999999999999387
1997-06-05,-2.0700000000000043
1997-06-06,0.3499999999999962
1997-06-09,0.2909999999999845
1997-06-10,0.405000000000008
1997-06-11,0.6739999999999893
1997-06-12,1.3150000000000217
1997-06-13,0.549999999999996
1997-06-16,0.6459999999999868
1997-06-17,0.8939999999999821
1997-06-18,1.5360000000000402
1997-06-19,-2.4750000000000223
1997-06-20,0.30150000000002297
1997-06-23,0.6099999999999997
1997-06-24,0.4300000000000026
1997-06-25,-0.7190000000000056
1997-06-26,-0.11349999999999037
1997-06-27,0.6874999999999434
1997-06-30,0.24250000000001584
1997-07-01,2.833499999999994
1997-07-02,-1.8724999999999972
1997-07-03,2.785000000000026
1997-07-04,0.0
1997-07-07,3.1639999999999584
1997-07-08,1.1760000000000004
1997-07-09,0.2825000000000621
1997-07-10,1.938999999999999
1997-07-11,0.49849999999994415
1997-07-14,-2.0459999999999745
1997-07-15,-7.469999999999998
1997-07-16,8.18100000000001
1997-07-17,-0.10199999999999633
1997-07-18,-1.3599999999999803
1997-07-21,0.19499999999999068
1997-07-22,3.7249999999999974
1997-07-23,0.42500000000000737
1997-07-24,1.2350000000000012
1997-07-25,0.21500000000001857
1997-07-28,-0.33500000000002766
1997-07-29,1.414999999999943
1997-07-30,0.8640000000000179
1997-07-31,-0.30000000000002364
1997-08-01,-4.053999999999942
1997-08-04,0.7799999999999527
1997-08-05,0.514000000000061
1997-08-06,1.2834999999999719
1997-08-07,-1.8924999999999716
1997-08-08,-1.576000000000066
1997-08-11,0.8285000000000725
1997-08-12,0.43799999999996925
1997-08-13,0.7900000000000047
1997-08-14,2.187000000000016
1997-08-15,0.012999999999974898
1997-08-18,0.5469999999999815
1997-08-19,0.4620000000000008
1997-08-20,0.5299999999999924
1997-08-21,-2.359999999999979
1997-08-22,1.3899999999999864
1997-08-25,-0.4320000000000092
1997-08-26,-0.46499999999996766
1997-08-27,1.0199999999999683
1997-08-28,0.970000000000075
1997-08-29,-1.7100000000000393
1997-09-01,0.0
1997-09-02,2.0749999999999833
1997-09-03,-0.062499999999941706
1997-09-04,-1.310000000000033
1997-09-05,-0.2674999999999777
1997-09-08,1.259999999999979
1997-09-09,0.25249999999996764
1997-09-10,0.3874999999999946
1997-09-11,-0.5374999999999783
1997-09-12,1.8784999999999683
1997-09-15,0.37749999999999834
1997-09-16,3.5725000000000104
1997-09-17,0.1225
1997-09-18,0.5050000000000471
1997-09-19,-0.33500000000000346
1997-09-22,2.1425000000000094
1997-09-23,-2.9225000000000354
1997-09-24,1.0875000000000328
1997-09-25,-1.5375000000000167
1997-09-26,0.5575000000000048
1997-09-29,1.825000000000025
1997-09-30,1.2499999999999971
1997-10-01,1.9899999999999904
1997-10-02,0.5275000000000047
1997-10-03,-0.3524999999999979
1997-10-06,1.9350000000000092
1997-10-07,0.9674999999999363
1997-10-08,-2.549999999999975
1997-10-09,0.2834999999999718
1997-10-10,-0.28749999999998493
1997-10-13,0.11
1997-10-14,2.7565000000000444
1997-10-15,0.05000000000001787
1997-10-16,-0.5000000000000008
1997-10-17,-1.565000000000074
1997-10-20,2.34450000000003
1997-10-21,0.5980000000000021
1997-10-22,0.544499999999976
1997-10-23,-3.542499999999979
1997-10-24,-5.122499999999993
1997-10-27,-29.302500000000034
1997-10-28,10.975000000000037
1997-10-29,-0.07499999999996161
1997-10-30,-0.08250000000001874
1997-10-31,0.4949999999999469
1997-11-03,1.1130000000000169
1997-11-04,-0.19799999999995252
1997-11-05,-0.2925000000000543
1997-11-06,0.17050000000003718
1997-11-07,-0.2929999999999995
1997-11-10,-0.32249999999997647
1997-11-11,0.0
1997-11-12,-0.7925000000000233
1997-11-13,0.3274999999999753
1997-11-14,0.25000000000003064
1997-11-17,1.3455000000000004
1997-11-18,-0.0950000000000633
1997-11-19,0.4995000000000078
1997-11-20,-0.38199999999996875
1997-11-21,1.1320000000000099
1997-11-24,-0.8620000000000091
1997-11-25,-0.01800000000003238
1997-11-26,0.4480000000000734
1997-11-27,0.0
1997-11-28,-0.05000000000004629
1997-12-01,1.0409999999999993
1997-12-02,0.5740000000000455
1997-12-03,0.36100000000001053
1997-12-04,-0.10500000000003586
1997-12-05,-1.275999999999982
1997-12-08,-0.3639999999999728
1997-12-09,0.18499999999990902
1997-12-10,0.9249999999999723
1997-12-11,0.5899999999999825
1997-12-12,0.9900000000000735
1997-12-15,-0.13500000000001025
1997-12-16,0.1300000000000008
1997-12-17,0.5649999999999891
1997-12-18,0.03000000000005775
1997-12-19,-0.25099999999994443
1997-12-22,0.3159999999999074
1997-12-23,-0.896
1997-12-24,0.41500000000008314
1997-12-25,0.0
1997-12-26,0.5099999999999525
1997-12-29,0.9060000000000374
1997-12-30,-0.6910000000000103
1997-12-31,0.7549999999999276
1998-01-01,0.0
1998-01-02,2.390000000000066
1998-01-05,3.382000000000015
1998-01-06,-0.11199999999998922
1998-01-07,-0.8675000000000078
1998-01-08,0.6199999999999133
1998-01-09,-2.777499999999941
1998-01-12,-1.5420000000000011
1998-01-13,2.3349999999999915
1998-01-14,-1.0820000000000103
1998-01-15,-1.1180000000000416
1998-01-16,0.3080000000000233
1998-01-19,0.0
1998-01-20,-0.21999999999996306
1998-01-21,-1.3200000000000371
1998-01-22,0.2320000000000833
1998-01-23,-2.9500000000000877
1998-01-26,1.5699999999999743
1998-01-27,-1.509499999999946
1998-01-28,-1.5679999999999994
1998-01-29,0.23999999999999508
1998-01-30,1.1199999999999772
1998-02-02,0.5304999999999919
1998-02-03,0.7470000000000718
1998-02-04,-0.210000000000062
1998-02-05,-0.8044999999999808
1998-02-06,-0.4654999999999992
1998-02-09,-1.242500000000044
1998-02-10,0.940000000000034
1998-02-11,1.3199999999999814
1998-02-12,-0.2124999999999359
1998-02-13,0.05250000000000805
1998-02-16,0.0
1998-02-17,0.37549999999994443
1998-02-18,-1.9955000000000103
1998-02-19,0.21550000000007397
1998-02-20,-1.8525000000000102
1998-02-23,-0.9180000000000501
1998-02-24,-0.6294999999999933
1998-02-25,0.771999999999976
1998-02-26,0.1830000000000322
1998-02-27,1.1125000000000407
1998-03-02,-0.9205000000000593
1998-03-03,-1.317500000000018
1998-03-04,-0.7599999999999635
1998-03-05,-0.6645000000000364
1998-03-06,1.3025000000000153
1998-03-09,0.10200000000001645
1998-03-10,0.20800000000000046
1998-03-11,1.8500000000000052
1998-03-12,0.9949999999999832
1998-03-13,-1.005000000000031
1998-03-16,0.2450000000000072
1998-03-17,0.1200000000000553
1998-03-18,0.41499999999996834
1998-03-19,-0.030000000000029104
1998-03-20,0.5130000000000294
1998-03-23,1.0999999999999992
1998-03-24,-0.1050000000000307
1998-03-25,-0.5849999999999572
1998-03-26,0.25299999999999334
1998-03-27,-0.7139999999999774
1998-03-30,-0.020000000000006457
1998-03-31,1.0049999999999844
1998-04-01,1.0289999999999508
1998-04-02,0.570000000000013
1998-04-03,-0.11499999999998027
1998-04-06,0.8849999999999935
1998-04-07,0.1000000000000237
1998-04-08,0.2150000000000191
1998-04-09,0.649999999999967
1998-04-10,0.0
1998-04-13,-0.9960000000000414
1998-04-14,1.691000000000035
1998-04-15,-0.08500000000002138
1998-04-16,-0.5099999999999416
1998-04-17,0.5229999999999454
1998-04-20,0.742000000000048
1998-04-21,-0.6150000000000355
1998-04-22,1.32200000000003
1998-04-23,-0.7020000000000307
1998-04-24,-0.9500000000000236
1998-04-27,-1.9440000000000037
1998-04-28,0.8789999999999994
1998-04-29,0.5550000000000477
1998-04-30,2.1799999999999997
1998-05-01,0.784999999999956
1998-05-04,0.31499999999999984
1998-05-05,-1.437499999999966
1998-05-06,-0.07000000000003552
1998-05-07,-0.5649999999999964
1998-05-08,1.4114999999999926
1998-05-11,0.8950000000000264
1998-05-12,-0.2725000000000055
1998-05-13,-0.3500000000000159
1998-05-14,-0.24749999999996816
1998-05-15,0.6900000000000027
1998-05-18,-4.122499999999997
1998-05-19,0.8269999999999781
1998-05-20,-1.6640000000000124
1998-05-21,0.40900000000001424
1998-05-22,-0.04499999999997954
1998-05-25,0.0
1998-05-26,-3.3675000000000357
1998-05-27,-0.6724999999999736
1998-05-28,0.4150000000000173
1998-05-29,0.41999999999998255
1998-06-01,-2.6249999999999933
1998-06-02,3.0299999999999945
1998-06-03,1.6350000000000153
1998-06-04,0.7274999999999586
1998-06-05,0.5475000000000002
1998-06-08,0.5140000000000001
1998-06-09,-0.8264999999999987
1998-06-10,-0.917500000000012
1998-06-11,-3.112499999999987
1998-06-12,0.8900000000000049
1998-06-15,0.02249999999998445
1998-06-16,-1.0624999999999534
1998-06-17,-0.6650000000000608
1998-06-18,-1.4999999999999947
1998-06-19,-2.0700000000000207
1998-06-22,0.580000000000027
1998-06-23,-1.855000000000047
1998-06-24,-1.3550000000000006
1998-06-25,0.2509999999999944
1998-06-26,-0.3409999999999989
1998-06-29,2.481
1998-06-30,-0.009999999999949568
1998-07-01,1.800000000000007
1998-07-02,0.21000000000000588
1998-07-03,0.0
1998-07-06,1.1149999999999436
1998-07-07,-0.23999999999997612
1998-07-08,-0.26599999999997476
1998-07-09,0.4800000000000059
1998-07-10,1.8959999999999464
1998-07-13,-0.3709999999999834
1998-07-14,1.5910000000000273
1998-07-15,0.505
1998-07-16,-0.07600000000007098
1998-07-17,-0.43799999999999983
1998-07-20,1.970000000000008
1998-07-21,-0.5649999999999289
1998-07-22,-0.0030000000000361526
1998-07-23,-0.029999999999965006
1998-07-24,0.6149999999999645
1998-07-27,-0.7299999999999707
1998-07-28,-0.7000000000000725
1998-07-29,0.18799999999999323
1998-07-30,0.07500000000003532
1998-07-31,1.1999999999999997
1998-08-03,0.1809999999999801
1998-08-04,-0.25499999999996564
1998-08-05,-0.33099999999999835
1998-08-06,1.0259999999999634
1998-08-07,-2.0559999999999565
1998-08-10,-1.7300000000000337
1998-08-11,-1.4850000000000005
1998-08-12,0.001000000000063119
1998-08-13,2.908999999999955
1998-08-14,-0.602999999999954
1998-08-17,-1.577000000000004
1998-08-18,0.5644999999999945
1998-08-19,-0.3650000000000668
1998-08-20,-2.3529999999999687
1998-08-21,-2.564500000000036
1998-08-24,0.2650000000000288
1998-08-25,1.9350000000000447
1998-08-26,1.0499999999999463
1998-08-27,0.5225000000000498
1998-08-28,2.7714999999999765
1998-08-31,1.9224999999999794
1998-09-01,-1.4514999999999363
1998-09-02,-0.7600000000000656
1998-09-03,-2.4450000000000145
1998-09-04,-0.0699999999999276
1998-09-07,0.0
1998-09-08,-2.5400000000000182
1998-09-09,2.815000000000026
1998-09-10,2.2199999999999753
1998-09-11,-0.07000000000008841
1998-09-14,0.08750000000000113
1998-09-15,-0.30499999999997757
1998-09-16,1.8130000000000313
1998-09-17,1.0730000000000095
1998-09-18,2.3699999999999632
1998-09-21,0.16699999999996967
1998-09-22,-1.1669999999999405
1998-09-23,1.6519999999999482
1998-09-24,-0.9769999999999758
1998-09-25,-0.324999999999995
1998-09-28,-1.642999999999969
1998-09-29,0.9204999999999327
1998-09-30,3.574500000000041
1998-10-01,3.248000000000031
1998-10-02,-0.1025000000000519
1998-10-05,-0.784999999999944
1998-10-06,-1.2780000000000662
1998-10-07,-5.9394999999999785
1998-10-08,-4.340499999999915
1998-10-09,-5.76200000000008
1998-10-12,0.78
1998-10-13,-3.569999999999971
1998-10-14,1.9069999999999578
1998-10-15,0.6430000000000102
1998-10-16,2.995500000000015
1998-10-19,1.3545000000000011
1998-10-20,0.5904999999999736
1998-10-21,0.1599999999999941
1998-10-22,-0.412999999999966
1998-10-23,-0.4470000000000331
1998-10-26,-0.4499999999999471
1998-10-27,0.4349999999999816
1998-10-28,0.0959999999999873
1998-10-29,0.021499999999996272
1998-10-30,1.1785000000000245
1998-11-02,0.40249999999997854
1998-11-03,0.776499999999978
1998-11-04,-0.4474999999999929
1998-11-05,-0.09899999999997348
1998-11-06,-0.42999999999997673
1998-11-09,0.18249999999994237
1998-11-10,-2.017499999999976
1998-11-11,-0.6149999999999771
1998-11-12,1.0324999999999567
1998-11-13,1.3650000000000337
1998-11-16,0.33250000000001817
1998-11-17,0.4049999999999515
1998-11-18,-0.5440000000000168
1998-11-19,0.3550000000000448
1998-11-20,1.3289999999999578
1998-11-23,0.8875000000000268
1998-11-24,-0.2805000000000284
1998-11-25,0.08050000000004702
1998-11-26,0.0
1998-11-27,-0.6979999999999652
1998-11-30,-0.8000000000000207
1998-12-01,1.4654999999999778
1998-12-02,1.7704999999999878
1998-12-03,0.41000000000003767
1998-12-04,-0.45549999999998964
1998-12-07,0.5979999999999845
1998-12-08,2.634499999999959
1998-12-09,0.8414999999999838
1998-12-10,1.1610000000000336
1998-12-11,-0.5060000000000168
1998-12-14,0.6750000000000064
1998-12-15,0.4650000000000269
1998-12-16,2.9949999999999743
1998-12-17,0.1700000000000655
1998-12-18,1.6149999999999607
1998-12-21,-0.1250000000000131
1998-12-22,-0.1250000000000119
1998-12-23,-1.6364999999999892
1998-12-24,-1.494999999999943
1998-12-25,0.0
1998-12-28,3.0774999999999433
1998-12-29,0.5424999999999796
1998-12-30,2.930500000000085
1998-12-31,1.0324999999999298
1999-01-01,0.0
1999-01-04,2.235000000000009
1999-01-05,0.0704999999999638
1999-01-06,-3.802499999999936
1999-01-07,0.662499999999983
1999-01-08,-2.820000000000045
1999-01-11,-2.499999999999908
1999-01-12,-3.635500000000021
1999-01-13,-10.102500000000019
1999-01-14,-1.7825000000000404
1999-01-15,7.0325000000000495
1999-01-18,0.0
1999-01-19,1.6814999999999658
1999-01-20,-1.1864999999999766
1999-01-21,0.01500000000001428
1999-01-22,0.20649999999995589
1999-01-25,-0.5999999999999529
1999-01-26,0.5159999999999695
1999-01-27,0.2900000000000042
1999-01-28,0.2590000000000335
1999-01-29,1.3774999999999757
1999-02-01,-1.1425000000000127
1999-02-02,-1.0665000000000138
1999-02-03,0.3950000000000176
1999-02-04,-0.5609999999999874
1999-02-05,-0.8150000000000366
1999-02-08,-0.4574999999999744
1999-02-09,0.5550000000000022
1999-02-10,-1.4150000000000005
1999-02-11,1.9049999999999703
1999-02-12,0.8100000000000227
1999-02-15,0.0
1999-02-16,1.5000000000000009
1999-02-17,0.5790000000000068
1999-02-18,-1.6499999999999897
1999-02-19,0.17999999999999627
1999-02-22,1.024999999999984
1999-02-23,-0.6879999999999947
1999-02-24,3.245000000000013
1999-02-25,0.34999999999997916
1999-02-26,2.275
1999-03-01,-0.8174999999999987
1999-03-02,-3.5979999999999945
1999-03-03,0.799999999999999
1999-03-04,-0.107
1999-03-05,0.5349999999999885
1999-03-08,-1.916499999999996
1999-03-09,0.25000000000000583
1999-03-10,-0.009999999999999818
1999-03-11,0.004999999999999795
1999-03-12,2.4514999999999927
1999-03-15,0.7384999999999996
1999-03-16,-2.6224999999999956
1999-03-17,-0.4000000000000045
1999-03-18,0.22749999999999881
1999-03-19,-2.137499999999997
1999-03-22,-1.5100000000000051
1999-03-23,2.9499999999999957
1999-03-24,0.2010000000000081
1999-03-25,0.5424999999999915
1999-03-26,0.5490000000000009
1999-03-29,2.408500000000003
1999-03-30,-0.42499999999999366
1999-03-31,4.697499999999996
1999-04-01,1.541500000000002
1999-04-02,-0.3525000000000034
1999-04-05,2.946000000000004
1999-04-06,-0.17250000000000265
1999-04-07,0.5575
1999-04-08,-0.39849999999999425
1999-04-09,-1.9675000000000096
1999-04-12,3.147000000000001
1999-04-13,-0.8920000000000031
1999-04-14,-0.8604999999999897
1999-04-15,-1.2475000000000078
1999-04-16,2.5230000000000024
1999-04-19,1.8044999999997582
1999-04-20,-2.5494999999999957
1999-04-21,1.9644999999999955
1999-04-22,3.5600000000000076
1999-04-23,0.19249999999999037
1999-04-26,2.70500000000001
1999-04-27,1.214999999999999
1999-04-28,0.8880000000000012
1999-04-29,0.9319999999999974
1999-04-30,0.404999999999996
1999-05-03,0.3169999999999953
1999-05-04,-2.1519999999999944
1999-05-05,0.837000000000004
1999-05-06,-0.8569999999999971
1999-05-07,1.7499999999999876
1999-05-10,-0.004999999999991837
1999-05-11,-0.250000000000007
1999-05-12,-0.9649999999999903
1999-05-13,0.25
1999-05-14,-0.490000000000011
1999-05-17,-0.4649999999999985
1999-05-18,2.0420000000000016
1999-05-19,0.4850000000000076
1999-05-20,0.5699999999999912
1999-05-21,-2.1209999999999907
1999-05-24,3.3259999999999987
1999-05-25,-8.329999999999739
1999-05-26,-0.21999999999999773
1999-05-27,-3.149999999999991
1999-05-28,-0.06399999999998786
1999-05-31,0.0
1999-06-01,1.2974999999999883
1999-06-02,1.3999999999999877
1999-06-03,-2.8124999999999982
1999-06-04,3.9899999999997804
1999-06-07,1.9814999999999956
1999-06-08,-1.580000000000018
1999-06-09,0.7425000000000456
1999-06-10,0.7574999999999918
1999-06-11,2.7799999999999767
1999-06-14,-0.29499999999997706
1999-06-15,3.2699999999999743
1999-06-16,1.3600000000000454
1999-06-17,0.0499999999999598
1999-06-18,-1.4549999999999947
1999-06-21,1.5950000000000342
1999-06-22,2.7749999999999635
1999-06-23,-0.8799999999999855
1999-06-24,1.3500000000000085
1999-06-25,-1.6049999999999802
1999-06-28,2.142500000000009
1999-06-29,-1.0175000000000054
1999-06-30,-0.6200000000000316
1999-07-01,4.825000000000004
1999-07-02,4.475000000000013
1999-07-05,0.0
1999-07-06,4.4599999999999635
1999-07-07,0.8850000000000313
1999-07-08,2.5637499999999713
1999-07-09,0.8849999999999997
1999-07-12,-2.910249999999958
1999-07-13,1.3924999999999996
1999-07-14,-0.4612500000000129
1999-07-15,-2.223749999999982
1999-07-16,3.7789999999999546
1999-07-19,-1.3650000000000042
1999-07-20,-3.45875
1999-07-21,-3.8689999999999802
1999-07-22,0.3862499999999871
1999-07-23,-4.207499999999986
1999-07-26,3.7287500000000207
1999-07-27,3.9002499999999927
1999-07-28,0.8462499999999965
1999-07-29,-2.4917500000000152
1999-07-30,-0.3295000000000097
1999-08-02,-4.526249999999996
1999-08-03,-1.5424999999999804
1999-08-04,-2.0117499999999957
1999-08-05,-0.9720000000000135
1999-08-06,0.8805000000000116
1999-08-09,1.4537499999999786
1999-08-10,-1.9962500000000092
1999-08-11,6.515750000000009
1999-08-12,2.523750000000031
1999-08-13,0.0024999999999556167
1999-08-16,-0.5599999999999902
1999-08-17,-0.9087500000000011
1999-08-18,-0.30249999999997934
1999-08-19,1.3157500000000075
1999-08-20,0.6312500000000076
1999-08-23,0.8567499999999812
1999-08-24,1.6007500000000197
1999-08-25,-1.3920000000000015
1999-08-26,0.3919999999999997
1999-08-27,0.11925000000000209
1999-08-30,0.011999999999989722
1999-08-31,0.6579999999999956
1999-09-01,-0.1749999999999899
1999-09-02,-0.3300000000000049
1999-09-03,0.26799999999998597
1999-09-06,0.0
1999-09-07,-1.109249999999987
1999-09-08,1.3967499999999877
1999-09-09,0.9495000000000181
1999-09-10,1.8187499999999843
1999-09-13,0.44500000000000567
1999-09-14,0.3937499999999943
1999-09-15,1.866000000000009
1999-09-16,-2.7010000000000014
1999-09-17,2.1799999999999886
1999-09-20,2.2724999999999884
1999-09-21,-0.37249999999999567
1999-09-22,1.1249999999999973
1999-09-23,0.8600000000000143
1999-09-24,-1.1624999999999974
1999-09-27,-1.067500000000004
1999-09-28,-2.4725000000000095
1999-09-29,0.247500000000001
1999-09-30,3.3124999999999987
1999-10-01,-0.41499999999999665
1999-10-04,-2.1024999999999974
1999-10-05,1.6050000000000044
1999-10-06,-0.6900000000000006
1999-10-07,1.5599999999999936
1999-10-08,2.957500000000006
1999-10-11,-0.135
1999-10-12,-1.5200000000000047
1999-10-13,-3.1575000000000037
1999-10-14,-2.740000000000002
1999-10-15,-1.3515000000000006
1999-10-18,-1.4075000000000004
1999-10-19,3.1400000000000023
1999-10-20,0.7250000000000056
1999-10-21,0.188000000000005
1999-10-22,1.3874999999999995
1999-10-25,-1.8450000000000004
1999-10-26,-0.2000000000000025
1999-10-27,0.9774999999999864
1999-10-28,0.9025000000000019
1999-10-29,2.5450000000000044
1999-11-01,-0.3874999999999999
1999-11-02,1.2244999999999995
1999-11-03,2.047999999999996
1999-11-04,0.9500000000000044
1999-11-05,-0.8729999999999871
1999-11-08,2.5679999999999725
1999-11-09,0.03250000000000216
1999-11-10,3.5045000000000064
1999-11-11,0.525
1999-11-12,1.4330000000000052
1999-11-15,-0.805500000000006
1999-11-16,-0.382000000000001
1999-11-17,2.404500000000001
1999-11-18,-0.11950000000000162
1999-11-19,0.56575
1999-11-22,-2.1174999999999993
1999-11-23,-0.05075000000000319
1999-11-24,1.7450000000000012
1999-11-25,0.0
1999-11-26,-1.3827499999999975
1999-11-29,-0.7612500000000013
1999-11-30,1.225
1999-12-01,-3.51725
1999-12-02,-1.4493750000000012
1999-12-03,4.942500000000002
1999-12-06,-2.701874999999999
1999-12-07,1.924375
1999-12-08,1.5832500000000005
1999-12-09,3.588
1999-12-10,0.7526249999999969
1999-12-13,1.54125
1999-12-14,-2.5362499999999963
1999-12-15,1.4226249999999994
1999-12-16,-1.1925000000000008
1999-12-17,-0.519500000000001
1999-12-20,-1.7587499999999978
1999-12-21,1.0331249999999983
1999-12-22,-1.7562500000000014
1999-12-23,-1.8246249999997195
1999-12-24,0.0
1999-12-27,-4.618500000000286
1999-12-28,2.006250000000001
1999-12-29,0.16750000000000223
1999-12-30,-0.5865000000000117
1999-12-31,0.6250000000002952
2000-01-03,4.048999999999716
2000-01-04,-5.248749999999985
2000-01-05,0.4322499999999791
2000-01-06,-1.4854999999999856
2000-01-07,-0.47700000000000276
2000-01-10,0.5462499999999945
2000-01-11,-0.9299999999997717
2000-01-12,-7.585500000000205
2000-01-13,-0.7407500000000264
2000-01-14,1.0720000000000207
2000-01-17,0.0
2000-01-18,0.4375000000000087
2000-01-19,-0.9782499999997905
2000-01-20,-0.2449999999999713
2000-01-21,-2.0955000000002397
2000-01-24,-2.920750000000034
2000-01-25,-0.5212499999999599
2000-01-26,3.145124999999966
2000-01-27,-1.9944999999997504
2000-01-28,0.3218749999997652
2000-01-31,1.6882500000000156
2000-02-01,-0.9150000000000084
2000-02-02,1.5751249999999708
2000-02-03,3.4892499999999926
2000-02-04,0.5837500000000281
2000-02-07,-0.26812499999996814
2000-02-08,0.6643749999999919
2000-02-09,-0.23937499999999318
2000-02-10,-1.1181250000000504
2000-02-11,1.59625000000005
2000-02-14,-0.1975000000000501
2000-02-15,1.3468750000000156
2000-02-16,-0.22250000000002046
2000-02-17,0.6485000000002548
2000-02-18,0.4143750000000168
2000-02-21,0.0
2000-02-22,-2.4525000000002755
2000-02-23,4.338124999999959
2000-02-24,-0.906249999999964
2000-02-25,1.7250000000000458
2000-02-28,0.12999999999996162
2000-02-29,-1.3675000000000312
2000-03-01,1.1724999999999988
2000-03-02,1.3262500000000013
2000-03-03,-0.7537499999999829
2000-03-06,-0.8602499999999699
2000-03-07,3.968749999999974
2000-03-08,-0.33099999999970336
2000-03-09,-1.3340000000003276
2000-03-10,-0.8712499999999618
2000-03-13,-4.0209999999999795
2000-03-14,-2.1825000000000254
2000-03-15,1.3052500000002918
2000-03-16,0.6997500000000634
2000-03-17,-1.2066250000003285
2000-03-20,1.7366250000002936
2000-03-21,2.1343750000000505
2000-03-22,1.1449999999996758
2000-03-23,2.6283750000003185
2000-03-24,-0.4815000000000109
2000-03-27,0.8024999999999869
2000-03-28,1.3314999999999897
2000-03-29,-1.824000000000007
2000-03-30,-1.9984999999999593
2000-03-31,1.3784999999999614
2000-04-03,-1.0399999999999674
2000-04-04,-1.9960000000000258
2000-04-05,-0.34399999999997866
2000-04-06,1.7099999999999898
2000-04-07,2.2300000000000066
2000-04-10,1.0599999999999845
2000-04-11,-1.710000000000005
2000-04-12,-2.422500000000292
2000-04-13,-1.255000000000009
2000-04-14,-2.559999999999693
2000-04-17,1.2399999999999975
2000-04-18,2.581500000000001
2000-04-19,-1.1275000000002775
2000-04-20,1.0900000000000034
2000-04-21,0.0
2000-04-24,-1.4539999999997224
2000-04-25,-1.0550000000000017
2000-04-26,1.146499999999992
2000-04-27,-0.18499999999999092
2000-04-28,1.9774999999999978
2000-05-01,-1.4125000000002752
2000-05-02,-1.71999999999972
2000-05-03,-3.7565
2000-05-04,-0.645000000000008
2000-05-05,-2.393499999999993
2000-05-08,1.5931249999999963
2000-05-09,0.16499999999999776
2000-05-10,-3.8500000000002617
2000-05-11,1.2295000000002596
2000-05-12,-1.4626250000002536
2000-05-15,4.284500000000275
2000-05-16,1.319874999999728
2000-05-17,-1.2001249999997543
2000-05-18,-1.1761250000002292
2000-05-19,-0.6032499999997658
2000-05-22,1.4157499999999879
2000-05-23,0.5967500000000141
2000-05-24,1.4070000000000014
2000-05-25,1.589999999999973
2000-05-26,-0.6912500000002251
2000-05-29,0.0
2000-05-30,3.1476250000002546
2000-05-31,0.3512500000000018
2000-06-01,0.2625
2000-06-02,-1.8563749999999866
2000-06-05,0.17787499999999595
2000-06-06,-5.356249999999998
2000-06-07,-1.0537500000000037
2000-06-08,-0.9708750000002118
2000-06-09,0.3275000000002012
2000-06-12,6.159999999999998
2000-06-13,0.22250000000001455
2000-06-14,2.160999999999986
2000-06-15,-2.39849999999999
2000-06-16,-0.317500000000183
2000-06-19,1.028500000000172
2000-06-20,0.8039999999998173
2000-06-21,-0.9539999999998224
2000-06-22,-1.1309999999999976
2000-06-23,0.5084999999999985
2000-06-26,0.6800000000000007
2000-06-27,-0.9559999999999996
2000-06-28,3.8134999999999986
2000-06-29,0.9740000000000016
2000-06-30,5.582499999999998
2000-07-03,7.9449999999999985
2000-07-04,0.0
2000-07-05,0.03250000000000373
2000-07-06,0.8589999999999988
2000-07-07,0.014999999999987449
2000-07-10,2.074999999999998
2000-07-11,0.6000000000000064
2000-07-12,-0.604999999999999
2000-07-13,1.1756250000000035
2000-07-14,1.2244999999999993
2000-07-17,1.6081249999998422
2000-07-18,-1.1354999999998425
2000-07-19,-2.020000000000005
2000-07-20,1.8952500000000012
2000-07-21,-0.9764999999999993
2000-07-24,0.9514999999998299
2000-07-25,1.293500000000164
2000-07-26,1.2714999999998327
2000-07-27,0.3025000000001961
2000-07-28,-0.37000000000020344
2000-07-31,0.5225000000002027
2000-08-01,0.6724999999999944
2000-08-02,-0.44900000000020746
2000-08-03,-0.09600000000000036
2000-08-04,2.967500000000211
2000-08-07,-0.28624999999999656
2000-08-08,-0.31187499999999657
2000-08-09,1.114999999999978
2000-08-10,1.096875000000023
2000-08-11,2.0737499999999827
2000-08-14,-0.36375000000000585
2000-08-15,1.0482500000000017
2000-08-16,-0.7599999999999945
2000-08-17,1.2406250000000199
2000-08-18,-2.513875000000029
2000-08-21,1.502375000000025
2000-08-22,1.0249999999999764
2000-08-23,0.9892500000000265
2000-08-24,1.5312499999999847
2000-08-25,-1.0730000000000155
2000-08-28,-2.2756250000001987
2000-08-29,-3.8924999999998082
2000-08-30,2.7098750000000336
2000-08-31,-0.2656250000000036
2000-09-01,2.2593749999999755
2000-09-04,0.0
2000-09-05,-4.008124999999982
2000-09-06,-0.1562500000000273
2000-09-07,-0.20499999999996815
2000-09-08,0.5598749999999874
2000-09-11,0.7924999999997562
2000-09-12,1.3700000000002563
2000-09-13,0.6462499999997312
2000-09-14,1.1512500000002523
2000-09-15,-2.9231249999999975
2000-09-18,-1.6673749999999943
2000-09-19,2.3224999999999767
2000-09-20,-2.3381249999999634
2000-09-21,-0.12249999999999636
2000-09-22,-1.5355000000000312
2000-09-25,1.1380000000000337
2000-09-26,-0.2230000000000321
2000-09-27,-0.026999999999976376
2000-09-28,-1.3480000000000194
2000-09-29,-0.57050000000002
2000-10-02,0.04750000000006071
2000-10-03,-2.5513750000000597
2000-10-04,-3.1423749999999275
2000-10-05,1.1787499999999405
2000-10-06,0.7211250000000547
2000-10-09,1.12
2000-10-10,-0.8555000000000342
2000-10-11,-0.06687500000002387
2000-10-12,-4.280749999999982
2000-10-13,1.014999999999967
2000-10-16,0.8912499999999981
2000-10-17,-0.3443750000000131
2000-10-18,1.3619999999999985
2000-10-19,1.0823750000000107
2000-10-20,0.8575000000000378
2000-10-23,1.1670000000000529
2000-10-24,-1.8145000000000828
2000-10-25,-2.10374999999994
2000-10-26,-0.6180000000000841
2000-10-27,1.4580000000000601
2000-10-30,0.23074999999998963
2000-10-31,-2.459499999999952
2000-11-01,-0.07799999999998572
2000-11-02,-2.30950000000004
2000-11-03,-4.940499999999985
2000-11-06,-1.4437500000000183
2000-11-07,0.8648749999999996
2000-11-08,-1.9724999999999995
2000-11-09,2.34875000000001
2000-11-10,4.614999999999928
2000-11-13,2.0745000000000893
2000-11-14,1.5174999999999654
2000-11-15,2.280000000000007
2000-11-16,-0.5474999999999849
2000-11-17,-1.3330000000000115
2000-11-20,1.970499999999963
2000-11-21,0.8900000000000369
2000-11-22,1.843000000000008
2000-11-23,0.0
2000-11-24,-1.2350000000000028
2000-11-27,1.30249999999993
2000-11-28,0.36500000000005495
2000-11-29,3.281000000000057
2000-11-30,-0.5060000000000531
2000-12-01,-0.3040000000000556
2000-12-04,0.6950000000000067
2000-12-05,1.9425000000000814
2000-12-06,2.286499999999924
2000-12-07,2.6060000000000203
2000-12-08,-2.932500000000021
2000-12-11,-0.6949999999999195
2000-12-12,-0.7400000000000014
2000-12-13,4.602499999999898
2000-12-14,-0.007499999999968986
2000-12-15,1.3249999999999702
2000-12-18,-0.4474999999998901
2000-12-19,-2.6924999999999746
2000-12-20,-2.7225000000000645
2000-12-21,-2.179999999999876
2000-12-22,0.9725000000000091
2000-12-25,0.0
2000-12-26,0.2574999999999318
2000-12-27,-2.6429999999999763
2000-12-28,-0.9844999999999748
2000-12-29,-1.362999999999998
2001-01-01,0.0
2001-01-02,2.457999999999907
2001-01-03,-2.754999999999888
2001-01-04,1.0449999999999628
2001-01-05,4.034999999999941
2001-01-08,1.2837499999999937
2001-01-09,-2.5974999999999935
2001-01-10,-3.863749999999973
2001-01-11,1.4425000000000168
2001-01-12,-2.1800000000000024
2001-01-15,0.0
2001-01-16,-0.12749999999997655
2001-01-17,2.824999999999937
2001-01-18,2.5493750000000173
2001-01-19,0.4616250000000342
2001-01-22,-0.8118750000000148
2001-01-23,-0.213750000000019
2001-01-24,1.8012499999999971
2001-01-25,1.1856250000000121
2001-01-26,1.3343750000000307
2001-01-29,1.5693749999999715
2001-01-30,-0.4766249999999822
2001-01-31,1.9643750000000058
2001-02-01,-1.6146249999999855
2001-02-02,-1.9391250000000229
2001-02-05,0.44999999999999574
2001-02-06,-0.1383750000000435
2001-02-07,1.1846250000000353
2001-02-08,1.639124999999967
2001-02-09,-0.03287499999992587
2001-02-12,1.327499999999995
2001-02-13,-0.7318750000000073
2001-02-14,-2.433125000000021
2001-02-15,0.10375000000001455
2001-02-16,0.9175000000000006
2001-02-19,0.0
2001-02-20,0.3387499999999431
2001-02-21,-0.33999999999992375
2001-02-22,0.7968749999999774
2001-02-23,1.9818750000000047
2001-02-26,1.0574999999999735
2001-02-27,-0.08999999999997954
2001-02-28,-1.573750000000029
2001-03-01,-0.517624999999961
2001-03-02,0.5725000000000048
2001-03-05,0.8156249999999649
2001-03-06,-1.2161249999999972
2001-03-07,3.1962499999999836
2001-03-08,0.0012499999999996817
2001-03-09,-0.15487500000002072
2001-03-12,-0.689374999999967
2001-03-13,2.738750000000019
2001-03-14,2.6043749999999948
2001-03-15,4.608749999999992
2001-03-16,4.2374999999999785
2001-03-19,-0.726874999999984
2001-03-20,0.21625000000000819
2001-03-21,0.8862499999999535
2001-03-22,0.6481250000000199
2001-03-23,-0.7862500000000326
2001-03-26,-0.4674999999999389
2001-03-27,-3.172500000000014
2001-03-28,1.7450000000000343
2001-03-29,1.7493749999999781
2001-03-30,5.1706250000000065
2001-04-02,-1.904374999999972
2001-04-03,-0.2637499999999999
2001-04-04,-0.9256250000000477
2001-04-05,-1.2131249999999532
2001-04-06,3.7306249999999963
2001-04-09,1.8674999999999333
2001-04-10,0.7125
2001-04-11,-1.617499999999976
2001-04-12,-1.7718749999999592
2001-04-13,0.0
2001-04-16,-2.043750000000042
2001-04-17,5.796874999999979
2001-04-18,1.9650000000000525
2001-04-19,-0.8725000000000471
2001-04-20,-1.1949999999999847
2001-04-23,3.8012500000000284
2001-04-24,4.730000000000011
2001-04-25,-2.190000000000019
2001-04-26,-0.49600000000003747
2001-04-27,0.40250000000003816
2001-04-30,-0.7050000000000033
2001-05-01,-0.10025000000003638
2001-05-02,-1.2497499999999961
2001-05-03,2.143750000000027
2001-05-04,-1.0462499999999955
2001-05-07,3.2187499999999765
2001-05-08,2.0697500000000386
2001-05-09,0.49124999999996816
2001-05-10,2.740249999999996
2001-05-11,-1.511249999999984
2001-05-14,-0.05500000000000901
2001-05-15,-0.4674999999999972
2001-05-16,0.4524999999999778
2001-05-17,6.750000000000039
2001-05-18,-0.33187499999999603
2001-05-21,5.669874999999991
2001-05-22,1.185000000000012
2001-05-23,-2.9762500000000105
2001-05-24,-1.408125000000012
2001-05-25,1.2475000000000116
2001-05-28,0.0
2001-05-29,0.640625000000013
2001-05-30,-2.9738750000000076
2001-05-31,-0.25237499999999635
2001-06-01,-3.122500000000027
2001-06-04,1.8250000000000237
2001-06-05,1.2604999999999815
2001-06-06,-0.4379999999999958
2001-06-07,-0.29262499999999675
2001-06-08,2.5287499999999943
2001-06-11,-0.25562499999997396
2001-06-12,-0.7938750000000274
2001-06-13,2.7018750000000074
2001-06-14,-0.8168749999999997
2001-06-15,4.621374999999997
2001-06-18,-0.31075000000000114
2001-06-19,-2.32925000000001
2001-06-20,1.365000000000022
2001-06-21,1.8092499999999871
2001-06-22,1.068750000000018
2001-06-25,1.8049999999999762
2001-06-26,-0.11049999999998282
2001-06-27,-2.7645000000000106
2001-06-28,-1.7704999999999986
2001-06-29,0.8650000000000271
2001-07-02,-0.9000000000000085
2001-07-03,-2.1562500000000173
2001-07-04,0.0
2001-07-05,-3.3349999999999986
2001-07-06,-2.7950000000000026
2001-07-09,-1.048750000000005
2001-07-10,-4.790999999999998
2001-07-11,-8.168749999999974
2001-07-12,-8.772499999999994
2001-07-13,5.6007499999999855
2001-07-16,5.570750000000005
2001-07-17,0.9979999999999706
2001-07-18,2.028749999999994
2001-07-19,-0.5539999999999669
2001-07-20,4.4562499999999945
2001-07-23,1.5312499999999984
2001-07-24,-1.9262500000000156
2001-07-25,-2.686624999999971
2001-07-26,0.8078749999999657
2001-07-27,-0.025624999999980993
2001-07-30,1.6143750000000179
2001-07-31,0.167499999999975
2001-08-01,-1.30599999999998
2001-08-02,1.69125
2001-08-03,0.6951249999999616
2001-08-06,0.25362500000002697
2001-08-07,-0.44862500000004585
2001-08-08,2.0905000000000316
2001-08-09,-1.527374999999991
2001-08-10,0.5793749999999677
2001-08-13,-0.43312499999997056
2001-08-14,-0.2624999999999964
2001-08-15,1.501875000000018
2001-08-16,1.6107499999999655
2001-08-17,1.0500000000000393
2001-08-20,-0.28750000000004433
2001-08-21,-1.4149999999999832
2001-08-22,0.6780000000000195
2001-08-23,-0.5500000000000164
2001-08-24,1.3934999999999644
2001-08-27,-1.6434999999999986
2001-08-28,1.4700000000000233
2001-08-29,0.5925000000000239
2001-08-30,-1.9814999999999572
2001-08-31,-0.4500000000000595
2001-09-03,0.0
2001-09-04,-2.8800000000000194
2001-09-05,-0.08499999999997444
2001-09-06,1.4749999999999897
2001-09-07,-0.844999999999936
2001-09-10,-2.030000000000021
2001-09-11,-5.612499999999981
2001-09-12,0.0
2001-09-13,4.292499999999962
2001-09-14,2.602500000000039
2001-09-17,1.8274999999999373
2001-09-18,0.16250000000004527
2001-09-19,1.038500000000003
2001-09-20,-1.3049999999999862
2001-09-21,2.09749999999999
2001-09-24,0.05999999999998327
2001-09-25,-0.5924999999999512
2001-09-26,0.5189999999999353
2001-09-27,1.9685000000000692
2001-09-28,0.6900000000000275
2001-10-01,2.6014999999999557
2001-10-02,0.6810000000000068
2001-10-03,-0.20250000000009202
2001-10-04,-1.8324999999998692
2001-10-05,-1.5253750000001007
2001-10-08,-0.675
2001-10-09,1.6337500000000704
2001-10-10,1.6262500000000004
2001-10-11,-1.341250000000101
2001-10-12,3.82937500000011
2001-10-15,3.929999999999921
2001-10-16,2.4625000000000834
2001-10-17,-0.12750000000010367
2001-10-18,1.294375000000002
2001-10-19,-2.173749999999969
2001-10-22,1.050999999999955
2001-10-23,-1.0762499999998625
2001-10-24,-0.360750000000043
2001-10-25,0.8536249999999167
2001-10-26,0.6975000000000621
2001-10-29,2.016249999999972
2001-10-30,0.7087499999999728
2001-10-31,3.6735000000000553
2001-11-01,0.3489999999999022
2001-11-02,-2.9749999999999663
2001-11-05,4.631250000000035
2001-11-06,1.1368750000000694
2001-11-07,3.0662499999999824
2001-11-08,-2.781249999999978
2001-11-09,-1.6375000000000965
2001-11-12,0.0
2001-11-13,-3.2106249999998915
2001-11-14,-1.5156250000000677
2001-11-15,-6.352250000000009
2001-11-16,-2.7050000000000596
2001-11-19,2.9018750000000324
2001-11-20,-1.9818750000000154
2001-11-21,-1.2406249999999561
2001-11-22,0.0
2001-11-23,-0.7921250000000378
2001-11-26,2.5139999999999927
2001-11-27,-1.7987499999999572
2001-11-28,1.968499999999978
2001-11-29,0.16875000000002546
2001-11-30,-1.078500000000021
2001-12-03,2.5362500000000123
2001-12-04,1.2635000000000254
2001-12-05,-2.556250000000059
2001-12-06,-0.4662499999999528
2001-12-07,-0.27625000000003896
2001-12-10,0.1477500000000156
2001-12-11,2.465000000000004
2001-12-12,2.870000000000013
2001-12-13,0.3085000000000011
2001-12-14,-0.4522500000000134
2001-12-17,1.0447500000000054
2001-12-18,0.7002499999999887
2001-12-19,1.09225000000001
2001-12-20,-2.2385000000000157
2001-12-21,3.4750000000000103
2001-12-24,0.8887499999999786
2001-12-25,0.0
2001-12-26,-0.9564999999999987
2001-12-27,0.42125
2001-12-28,-1.5487499999999876
2001-12-31,1.6724999999999877
2002-01-01,0.0
2002-01-02,1.7375000000000096
2002-01-03,-0.051249999999986355
2002-01-04,-2.840999999999991
2002-01-07,0.09224999999998336
2002-01-08,-1.9509999999999912
2002-01-09,-0.6290000000000328
2002-01-10,-1.0149999999999582
2002-01-11,1.7964999999999876
2002-01-14,0.038749999999994816
2002-01-15,-0.7325000000000135
2002-01-16,-0.6862499999999887
2002-01-17,3.9574999999999845
2002-01-18,0.5375000000000112
2002-01-21,0.0
2002-01-22,1.1362500000000233
2002-01-23,-0.43625000000003084
2002-01-24,-0.03874999999996321
2002-01-25,-0.37625000000003167
2002-01-28,-0.05499999999998417
2002-01-29,0.4062499999999748
2002-01-30,2.59625000000003
2002-01-31,-0.46375000000001876
2002-02-01,1.555000000000007
2002-02-04,-0.10374999999999508
2002-02-05,1.604999999999974
2002-02-06,2.550625000000013
2002-02-07,-2.004375000000007
2002-02-08,2.613750000000029
2002-02-11,0.10937499999997272
2002-02-12,-0.05812499999997908
2002-02-13,-3.035625000000004
2002-02-14,0.3675000000000072
2002-02-15,3.4562499999999905
2002-02-18,0.0
2002-02-19,-1.4053750000000054
2002-02-20,-0.764374999999988
2002-02-21,0.12562500000000226
2002-02-22,1.4237499999999765
2002-02-25,4.558500000000028
2002-02-26,-0.26162500000001726
2002-02-27,0.4735000000000152
2002-02-28,-1.7425000000000028
2002-03-01,-1.2149999999999832
2002-03-04,1.0039999999999965
2002-03-05,-0.8200000000000455
2002-03-06,0.5635000000000032
2002-03-07,-2.098500000000009
2002-03-08,-2.192499999999986
2002-03-11,-0.4499999999999638
2002-03-12,-1.4473750000000032
2002-03-13,2.991875000000009
2002-03-14,-2.1906250000000274
2002-03-15,4.196874999999993
2002-03-18,-0.02950000000003174
2002-03-19,0.27375000000007005
2002-03-20,-0.20612499999995007
2002-03-21,1.4443749999999795
2002-03-22,0.5062500000000159
2002-03-25,2.979249999999998
2002-03-26,-0.8677500000000363
2002-03-27,0.4064999999999938
2002-03-28,1.790000000000019
2002-03-29,0.0
2002-04-01,-0.2302500000000147
2002-04-02,0.04250000000003729
2002-04-03,2.418749999999968
2002-04-04,0.0037500000000136426
2002-04-05,2.1102499999999997
2002-04-08,-1.561250000000008
2002-04-09,0.17225000000002944
2002-04-10,0.7012499999999854
2002-04-11,-1.1760000000000121
2002-04-12,-0.156250000000012
2002-04-15,0.2981250000000081
2002-04-16,-1.4608749999999704
2002-04-17,-5.642500000000028
2002-04-18,2.8408749999999934
2002-04-19,0.4256250000000008
2002-04-22,-0.34624999999995726
2002-04-23,-1.126875000000013
2002-04-24,1.8781249999999747
2002-04-25,-1.916249999999984
2002-04-26,-0.15112499999999218
2002-04-29,-0.007500000000030013
2002-04-30,-0.7220000000000149
2002-05-01,-3.06799999999996
2002-05-02,-0.7124999999999733
2002-05-03,1.24249999999999
2002-05-06,-1.6875000000000409
2002-05-07,-3.2050000000000276
2002-05-08,0.3175000000000218
2002-05-09,-0.8393750000000466
2002-05-10,-0.5199999999999741
2002-05-13,-8.51749999999999
2002-05-14,-0.14300000000001276
2002-05-15,1.062500000000024
2002-05-16,2.6350000000000473
2002-05-17,2.0049999999999817
2002-05-20,-0.5075000000000232
2002-05-21,0.9825000000000437
2002-05-22,1.044999999999975
2002-05-23,-0.38549999999997997
2002-05-24,0.912499999999992
2002-05-27,0.0
2002-05-28,-1.2750000000000279
2002-05-29,-3.804499999999978
2002-05-30,0.13700000000001675
2002-05-31,0.3449999999999929
2002-06-03,2.1949999999999363
2002-06-04,-2.197499999999915
2002-06-05,-0.05500000000001437
2002-06-06,1.7449999999999775
2002-06-07,0.17312499999993353
2002-06-10,1.1921250000000536
2002-06-11,2.9687499999999387
2002-06-12,-0.8277499999999939
2002-06-13,-0.2209999999999436
2002-06-14,3.3800000000000274
2002-06-17,0.09787499999993106
2002-06-18,-0.15474999999994907
2002-06-19,1.5712500000000562
2002-06-20,-6.456500000000095
2002-06-21,0.12587500000007168
2002-06-24,-5.335000000000029
2002-06-25,-1.9832500000000066
2002-06-26,0.4262500000000438
2002-06-27,-4.0755000000000425
2002-06-28,0.32687500000004605
2002-07-01,-2.240000000000068
2002-07-02,3.8400000000000714
2002-07-03,1.2299999999999538
2002-07-04,0.0
2002-07-05,-3.135000000000045
2002-07-08,2.9875000000000593
2002-07-09,2.1699999999999533
2002-07-10,3.620000000000084
2002-07-11,2.736499999999966
2002-07-12,1.1800000000000004
2002-07-15,-2.312500000000057
2002-07-16,-3.2099999999999156
2002-07-17,1.9891249999999738
2002-07-18,1.8512500000000296
2002-07-19,0.9633750000000233
2002-07-22,-0.702375000000087
2002-07-23,2.075000000000018
2002-07-24,-1.8670000000000013
2002-07-25,-0.328249999999996
2002-07-26,2.4068750000000043
2002-07-29,-1.1167500000000317
2002-07-30,-3.163874999999931
2002-07-31,-0.8993750000000731
2002-08-01,1.7520000000000608
2002-08-02,2.140499999999969
2002-08-05,1.3849999999999778
2002-08-06,-1.537499999999965
2002-08-07,2.5570000000000395
2002-08-08,-0.9895000000000146
2002-08-09,1.3124999999999565
2002-08-12,-2.904999999999927
2002-08-13,0.11449999999999144
2002-08-14,-1.637000000000031
2002-08-15,-1.2850000000000015
2002-08-16,-0.17250000000001803
2002-08-19,2.079999999999996
2002-08-20,2.972500000000054
2002-08-21,-0.2624999999999832
2002-08-22,-2.124500000000035
2002-08-23,1.429499999999996
2002-08-26,0.6729999999999781
2002-08-27,-1.7799999999999456
2002-08-28,1.2619999999999036
2002-08-29,1.8975000000000273
2002-08-30,0.048000000000058295
2002-09-02,0.0
2002-09-03,1.3625000000000065
2002-09-04,0.6224999999999316
2002-09-05,0.7475000000000196
2002-09-06,-2.8779999999999677
2002-09-09,-0.4200000000000915
2002-09-10,0.5230000000000243
2002-09-11,-1.6399999999999781
2002-09-12,3.557000000000044
2002-09-13,2.4729999999999035
2002-09-16,0.7145000000001075
2002-09-17,0.8355000000000022
2002-09-18,-0.1930000000000864
2002-09-19,-0.7169999999999399
2002-09-20,-1.4149999999999636
2002-09-23,3.6574999999999434
2002-09-24,-0.5374999999999452
2002-09-25,-1.124000000000087
2002-09-26,0.7550000000000838
2002-09-27,1.0414999999999315
2002-09-30,2.647499999999986
2002-10-01,-1.1599999999999355
2002-10-02,-0.14499999999995505
2002-10-03,0.27849999999991915
2002-10-04,-1.0860000000000127
2002-10-07,0.5950000000000171
2002-10-08,0.999999999999954
2002-10-09,0.6125000000000222
2002-10-10,0.3159999999999845
2002-10-11,-0.6274999999999432
2002-10-14,0.275
2002-10-15,-6.329999999999985
2002-10-16,-0.3925000000000325
2002-10-17,-2.172500000000049
2002-10-18,0.8415000000000528
2002-10-21,-1.4815000000000393
2002-10-22,-0.5324999999999083
2002-10-23,1.0439999999999527
2002-10-24,1.8475000000000472
2002-10-25,1.9269999999999994
2002-10-28,-0.44950000000002965
2002-10-29,1.0525000000000138
2002-10-30,-0.11949999999998843
2002-10-31,1.4269999999999838
2002-11-01,-1.410000000000091
2002-11-04,-1.3824999999999064
2002-11-05,-0.1375
2002-11-06,0.6924999999999883
2002-11-07,2.7449999999999846
2002-11-08,-0.16249999999999473
2002-11-11,0.075
2002-11-12,0.36499999999995103
2002-11-13,0.9950000000000103
2002-11-14,-3.0325000000000317
2002-11-15,-0.7549999999998854
2002-11-18,2.2954999999999868
2002-11-19,-0.11750000000003448
2002-11-20,-1.6474999999999949
2002-11-21,-1.438000000000033
2002-11-22,-1.0369999999999417
2002-11-25,0.6319999999999305
2002-11-26,1.4705000000000576
2002-11-27,-2.980000000000013
2002-11-28,0.0
2002-11-29,0.7725000000000051
2002-12-02,0.14449999999999175
2002-12-03,-0.6795000000000023
2002-12-04,-1.550499999999974
2002-12-05,2.4705000000000146
2002-12-06,2.479999999999996
2002-12-09,1.3174999999999482
2002-12-10,0.7570000000000434
2002-12-11,0.6929999999999472
2002-12-12,-0.48799999999999744
2002-12-13,-0.912499999999922
2002-12-16,-1.0020000000000235
2002-12-17,-0.013000000000065301
2002-12-18,2.2725000000000284
2002-12-19,2.002499999999963
2002-12-20,0.015500000000073988
2002-12-23,-0.3605000000000376
2002-12-24,0.13500000000003928
2002-12-25,0.0
2002-12-26,-0.3784999999999964
2002-12-27,1.470999999999954
2002-12-30,-1.1034999999999366
2002-12-31,0.9009999999999075
2003-01-01,0.0
2003-01-02,-5.386999999999959
2003-01-03,0.01199999999994834
2003-01-06,-1.3444999999999283
2003-01-07,1.5199999999999427
2003-01-08,-1.457499999999952
2003-01-09,-4.1824999999999575
2003-01-10,-0.7605000000000565
2003-01-13,1.8079999999999774
2003-01-14,2.267499999999992
2003-01-15,-0.3179999999999618
2003-01-16,-0.19249999999997042
2003-01-17,0.6599999999999536
2003-01-20,0.0
2003-01-21,-2.3729999999999842
2003-01-22,1.4304999999999901
2003-01-23,0.21199999999998925
2003-01-24,-0.7719999999999454
2003-01-27,-1.3765000000000644
2003-01-28,-1.4934999999999339
2003-01-29,-0.5540000000000225
2003-01-30,0.6449999999999779
2003-01-31,-0.3074999999999989
2003-02-03,-0.20250000000001173
2003-02-04,0.8524999999999835
2003-02-05,-0.9768749999999502
2003-02-06,0.9587499999999447
2003-02-07,-0.38062499999991756
2003-02-10,-1.198125000000055
2003-02-11,0.46749999999996394
2003-02-12,2.423750000000031
2003-02-13,2.1593750000000322
2003-02-14,-1.452500000000033
2003-02-17,0.0
2003-02-18,0.918375000000051
2003-02-19,2.1509999999998994
2003-02-20,0.7546250000000664
2003-02-21,-0.38999999999996626
2003-02-24,1.2449999999999706
2003-02-25,-0.14962500000006704
2003-02-26,1.0793750000000673
2003-02-27,0.6983750000000514
2003-02-28,1.8093749999999258
2003-03-03,0.3672500000000745
2003-03-04,0.5131249999999066
2003-03-05,0.0893750000000181
2003-03-06,-1.266250000000027
2003-03-07,1.7156249999999658
2003-03-10,2.6631250000000275
2003-03-11,0.7556250000001041
2003-03-12,-0.699375000000023
2003-03-13,-5.071874999999971
2003-03-14,1.1046249999998974
2003-03-17,-0.8674999999999938
2003-03-18,-3.2284999999999053
2003-03-19,-1.5899999999999337
2003-03-20,-1.2100000000000155
2003-03-21,-1.3637499999999607
2003-03-24,3.6275000000000217
2003-03-25,0.7687499999999602
2003-03-26,0.7274999999999409
2003-03-27,0.16000000000000453
2003-03-28,1.6350000000000964
2003-03-31,-1.3315000000000095
2003-04-01,-0.1670000000000372
2003-04-02,-1.2555000000000032
2003-04-03,0.7579999999999383
2003-04-04,-0.9154999999999665
2003-04-07,-1.8219999999999927
2003-04-08,0.5550000000000294
2003-04-09,1.6129999999999836
2003-04-10,0.6500000000000311
2003-04-11,0.8999999999999457
2003-04-14,-1.095499999999981
2003-04-15,1.385500000000027
2003-04-16,0.7349999999999359
2003-04-17,0.7820000000000251
2003-04-18,0.0
2003-04-21,-0.3932499999999737
2003-04-22,-0.316875000000039
2003-04-23,1.754125
2003-04-24,3.2912500000000424
2003-04-25,1.1371250000000044
2003-04-28,0.9081249999999982
2003-04-29,0.26187499999993424
2003-04-30,3.4581250000001007
2003-05-01,0.47249999999995324
2003-05-02,-1.2552499999999365
2003-05-05,0.7256249999999139
2003-05-06,1.140625000000016
2003-05-07,4.0301249999999404
2003-05-08,3.334375000000119
2003-05-09,-1.2124999999999988
2003-05-12,-0.02437500000002301
2003-05-13,2.506249999999966
2003-05-14,-1.270000000000003
2003-05-15,-6.062249999999972
2003-05-16,5.670750000000039
2003-05-19,-0.04087500000008454
2003-05-20,3.9371250000000257
2003-05-21,-0.33712499999996043
2003-05-22,1.1243750000000208
2003-05-23,-0.10000000000004838
2003-05-26,0.0
2003-05-27,-3.405625000000004
2003-05-28,0.6437500000000408
2003-05-29,3.2312499999999047
2003-05-30,-0.009999999999893702
2003-06-02,-0.4350000000000857
2003-06-03,2.1325000000000327
2003-06-04,-4.578375000000064
2003-06-05,0.14375000000009458
2003-06-06,-3.819250000000074
2003-06-09,3.1705000000000805
2003-06-10,2.793125000000006
2003-06-11,0.16062499999988414
2003-06-12,-0.6019999999999797
2003-06-13,3.966374999999972
2003-06-16,-2.50812499999999
2003-06-17,-3.435000000000009
2003-06-18,-3.8081249999999445
2003-06-19,2.290125000000061
2003-06-20,-1.0900000000000285
2003-06-23,2.677499999999951
2003-06-24,0.9550000000000695
2003-06-25,-1.7570000000000898
2003-06-26,-3.0899999999999204
2003-06-27,0.049499999999931786
2003-06-30,0.820500000000023
2003-07-01,-0.3804999999999644
2003-07-02,-0.04999999999998927
2003-07-03,-0.8795000000000364
2003-07-04,0.0
2003-07-07,-3.1179999999999457
2003-07-08,-0.8870000000000293
2003-07-09,1.149499999999971
2003-07-10,2.1675000000000635
2003-07-11,2.6149999999999873
2003-07-14,-1.92300000000004
2003-07-15,-5.607000000000017
2003-07-16,0.46750000000006625
2003-07-17,-0.34800000000001047
2003-07-18,-0.23700000000008278
2003-07-21,-6.057499999999971
2003-07-22,0.5009999999999966
2003-07-23,-1.1931249999999811
2003-07-24,0.096250000000022
2003-07-25,0.5718749999999984
2003-07-28,-2.687250000000024
2003-07-29,-3.5096249999999927
2003-07-30,2.2908749999999607
2003-07-31,-3.983999999999942
2003-08-01,-1.0247500000000294
2003-08-04,-1.642500000000002
2003-08-05,-0.730249999999976
2003-08-06,1.7337500000000006
2003-08-07,0.5304999999999971
2003-08-08,-0.036250000000014465
2003-08-11,-1.0992499999999878
2003-08-12,-3.4324999999999934
2003-08-13,-2.1075000000000297
2003-08-14,0.08425000000001073
2003-08-15,0.10124999999999336
2003-08-18,-2.6242499999999898
2003-08-19,2.0662499999999855
2003-08-20,-1.1520000000000086
2003-08-21,-0.9629999999999873
2003-08-22,0.46550000000000846
2003-08-25,-1.1775000000000129
2003-08-26,-0.388749999999982
2003-08-27,-0.5850000000000242
2003-08-28,-0.42174999999998614
2003-08-29,-1.1062500000000144
2003-09-01,0.0
2003-09-02,-0.8567499999999683
2003-09-03,0.7499999999999866
2003-09-04,1.5587499999999832
2003-09-05,2.165250000000034
2003-09-08,-1.3575000000000184
2003-09-09,0.6412500000000032
2003-09-10,1.6287499999999797
2003-09-11,-0.09525000000008622
2003-09-12,1.7527500000001202
2003-09-15,0.754749999999979
2003-09-16,0.6247499999998946
2003-09-17,0.6552499999999851
2003-09-18,-0.0625
2003-09-19,0.3360000000001229
2003-09-22,0.5799999999998726
2003-09-23,-0.10474999999986022
2003-09-24,1.4684999999998731
2003-09-25,-1.0997499999998979
2003-09-26,-0.2849999999999598
2003-09-29,-0.24275000000002847
2003-09-30,2.7750000000000044
2003-10-01,-0.5109999999999818
2003-10-02,-2.300250000000008
2003-10-03,-4.5218750000001675
2003-10-06,0.7746250000001781
2003-10-07,-1.3074999999999937
2003-10-08,0.2374999999999567
2003-10-09,-0.29312500000010994
2003-10-10,2.453125000000137
2003-10-13,-0.25
2003-10-14,-1.908124999999995
2003-10-15,-0.2968750000000361
2003-10-16,-1.678750000000101
2003-10-17,1.98000000000012
2003-10-20,1.1906249999999636
2003-10-21,0.5174999999999521
2003-10-22,-0.33374999999992505
2003-10-23,-2.97249999999996
2003-10-24,2.7468749999999753
2003-10-27,-0.4443750000000089
2003-10-28,1.5506250000000181
2003-10-29,-1.7599999999999971
2003-10-30,-1.349375000000145
2003-10-31,0.9162500000001484
2003-11-03,-0.11749999999998927
2003-11-04,1.9987499999998442
2003-11-05,-1.4912499999999658
2003-11-06,-0.5531249999999936
2003-11-07,-0.9081250000000324
2003-11-10,0.3987500000001195
2003-11-11,0.0
2003-11-12,-1.214374999999985
2003-11-13,1.6146249999998468
2003-11-14,1.1066250000000164
2003-11-17,0.8093749999999659
2003-11-18,0.048375000000124534
2003-11-19,-0.43687499999999363
2003-11-20,0.9347500000000433
2003-11-21,-0.2635000000000496
2003-11-24,-1.469624999999949
2003-11-25,0.08249999999981579
2003-11-26,-1.624374999999844
2003-11-27,0.0
2003-11-28,-1.7581250000000181
2003-12-01,-1.3209999999999746
2003-12-02,1.0512499999999827
2003-12-03,-0.22649999999995826
2003-12-04,1.261874999999943
2003-12-05,3.195249999999992
2003-12-08,-0.8924999999999854
2003-12-09,-1.057750000000119
2003-12-10,0.2100000000001106
2003-12-11,2.7308750000000255
2003-12-12,-1.5318749999999985
2003-12-15,-0.6846249999999883
2003-12-16,1.3664999999999863
2003-12-17,0.7112499999999812
2003-12-18,0.44500000000005113
2003-12-19,0.20474999999982493
2003-12-22,-1.0559999999998304
2003-12-23,-1.630875000000061
2003-12-24,2.3100000000000214
2003-12-25,0.0
2003-12-26,0.86999999999992
2003-12-29,-1.419749999999924
2003-12-30,-0.37499999999998296
2003-12-31,0.26249999999997975
2004-01-01,0.0
2004-01-02,-0.9506249999999984
2004-01-05,0.26250000000005314
2004-01-06,2.890124999999842
2004-01-07,1.3542500000001492
2004-01-08,0.06312499999999632
2004-01-09,3.7287499999999323
2004-01-12,-0.1503750000001752
2004-01-13,-0.6564999999998221
2004-01-14,1.1218750000000646
2004-01-15,-0.23750000000022783
2004-01-16,-0.49374999999979224
2004-01-19,0.0
2004-01-20,-1.3075000000001968
2004-01-21,-1.7241249999997668
2004-01-22,-0.39400000000004004
2004-01-23,1.544000000000033
2004-01-26,-1.5725000000000624
2004-01-27,0.5924999999999865
2004-01-28,-4.397499999999939
2004-01-29,-2.328500000000219
2004-01-30,2.6610000000001905
2004-02-02,-0.05499999999999509
2004-02-03,0.3067500000000183
2004-02-04,-1.3937500000002008
2004-02-05,-0.6611249999997996
2004-02-06,2.8998749999999687
2004-02-09,1.0657499999999742
2004-02-10,-1.1195000000001007
2004-02-11,3.651875000000186
2004-02-12,0.06562499999983507
2004-02-13,1.0782500000001116
2004-02-16,0.0
2004-02-17,0.3424999999999918
2004-02-18,-1.0850000000000302
2004-02-19,0.9780000000000734
2004-02-20,-0.7305000000000172
2004-02-23,0.022499999999770627
2004-02-24,1.0705000000000855
2004-02-25,0.3374999999999318
2004-02-26,0.059500000000148476
2004-02-27,1.4850000000001073
2004-03-01,1.5024999999999211
2004-03-02,-2.5545000000000266
2004-03-03,-1.3486250000000737
2004-03-04,2.167375000000182
2004-03-05,6.290749999999902
2004-03-08,0.2280000000000471
2004-03-09,3.652500000000026
2004-03-10,-1.0705000000000766
2004-03-11,0.23000000000007761
2004-03-12,0.20049999999994786
2004-03-15,1.1345000000000367
2004-03-16,1.1274999999997959
2004-03-17,1.696000000000046
2004-03-18,-0.09099999999997635
2004-03-19,-0.28900000000002163
2004-03-22,3.581499999999974
2004-03-23,0.19099999999996908
2004-03-24,-2.5285000000000015
2004-03-25,-1.5599999999998015
2004-03-26,-3.982499999999961
2004-03-29,-3.6900000000000217
2004-03-30,2.0375000000000423
2004-03-31,5.428499999999939
2004-04-01,-0.3060000000001644
2004-04-02,-4.568999999999807
2004-04-05,-1.7300000000002307
2004-04-06,0.23212500000002956
2004-04-07,0.18249999999999325
2004-04-08,0.16312499999999902
2004-04-09,0.0
2004-04-12,-3.2777499999998305
2004-04-13,-5.147875000000089
2004-04-14,-0.49062500000001813
2004-04-15,-2.4681250000000414
2004-04-16,2.308124999999984
2004-04-19,-0.582124999999804
2004-04-20,-1.894750000000196
2004-04-21,-0.9346249999999479
2004-04-22,0.5468750000001454
2004-04-23,-1.1424999999999679
2004-04-26,0.6827499999998141
2004-04-27,1.9575000000000138
2004-04-28,-3.064000000000049
2004-04-29,-1.126249999999815
2004-04-30,1.3311250000000345
2004-05-03,-0.23000000000020923
2004-05-04,0.24262500000015336
2004-05-05,-1.2120000000001037
2004-05-06,-2.4248749999998944
2004-05-07,-4.196875000000135
2004-05-10,-3.3732499999998695
2004-05-11,1.4862500000000054
2004-05-12,-0.5462500000001145
2004-05-13,-0.9462500000000146
2004-05-14,1.2302500000001324
2004-05-17,1.6737499999998828
2004-05-18,-1.1239999999998862
2004-05-19,0.29274999999988616
2004-05-20,-0.403750000000016
2004-05-21,-0.43024999999997754
2004-05-24,1.69775
2004-05-25,0.9835000000001083
2004-05-26,0.4962500000000102
2004-05-27,1.117499999999854
2004-05-28,-0.18224999999986222
2004-05-31,0.0
2004-06-01,0.39100000000001
2004-06-02,-0.2150000000000051
2004-06-03,-0.10850000000011732
2004-06-04,-0.11499999999988658
2004-06-07,0.2997499999998866
2004-06-08,0.009000000000114142
2004-06-09,-0.6930000000001578
2004-06-10,-0.15324999999984007
2004-06-11,0.0
2004-06-14,-1.302499999999983
2004-06-15,2.0349999999999837
2004-06-16,0.26949999999998575
2004-06-17,0.5392500000000203
2004-06-18,-0.303750000000029
2004-06-21,0.90000000000002
2004-06-22,-0.5102500000000078
2004-06-23,0.21625000000002037
2004-06-24,0.7474999999999727
2004-06-25,-0.1587499999999796
2004-06-28,-3.7327499999999927
2004-06-29,-0.07100000000003184
2004-06-30,1.3749999999998366
2004-07-01,0.09375000000015926
2004-07-02,2.5437500000000424
2004-07-05,0.0
2004-07-06,-0.6137500000000508
2004-07-07,-0.2550000000001573
2004-07-08,-0.24999999999983047
2004-07-09,0.6018749999998219
2004-07-12,0.16999999999998008
2004-07-13,-0.028749999999788632
2004-07-14,0.10749999999999527
2004-07-15,-0.433124999999976
2004-07-16,3.583749999999809
2004-07-19,0.8406250000002093
2004-07-20,-1.9500000000000033
2004-07-21,-0.7406249999999809
2004-07-22,1.7868749999999114
2004-07-23,-0.08812499999996588
2004-07-26,-1.4999999999999536
2004-07-27,-1.614375
2004-07-28,1.976249999999746
2004-07-29,0.7637500000002437
2004-07-30,1.5799999999999723
2004-08-02,0.4074999999999782
2004-08-03,-0.11624999999997535
2004-08-04,-1.0310000000000021
2004-08-05,0.3931250000000105
2004-08-06,3.606624999999982
2004-08-09,-0.996624999999937
2004-08-10,-0.8118750000000853
2004-08-11,1.155000000000007
2004-08-12,1.2870000000000736
2004-08-13,1.7651249999999883
2004-08-16,-1.4120000000000155
2004-08-17,0.10749999999996344
2004-08-18,0.42100000000007676
2004-08-19,-0.5125000000000874
2004-08-20,-0.057499999999990864
2004-08-23,-2.6824999999999344
2004-08-24,0.8450000000000019
2004-08-25,1.5149999999999637
2004-08-26,1.749999999999963
2004-08-27,0.8600000000000857
2004-08-30,-1.0460000000000833
2004-08-31,1.3150000000000446
2004-09-01,-1.7693750000000819
2004-09-02,-2.115000000000001
2004-09-03,-1.7381249999999204
2004-09-06,0.0
2004-09-07,0.2343749999999919
2004-09-08,2.5456250000000455
2004-09-09,-0.41712500000002584
2004-09-10,0.3621249999999573
2004-09-13,2.6062499999999766
2004-09-14,1.2725000000000564
2004-09-15,-0.06374999999998844
2004-09-16,3.6874999999999725
2004-09-17,0.25562499999997074
2004-09-20,2.492500000000028
2004-09-21,1.5668749999999563
2004-09-22,2.222500000000069
2004-09-23,-0.3137500000000614
2004-09-24,0.41812499999994707
2004-09-27,-0.48125000000001744
2004-09-28,-0.7699999999999283
2004-09-29,-1.1781250000000847
2004-09-30,0.5481249999997083
2004-10-01,-0.4484999999996154
2004-10-04,2.198750000000019
2004-10-05,0.02999999999999609
2004-10-06,-2.6662500000000255
2004-10-07,1.1968750000000465
2004-10-08,4.114374999999955
2004-10-11,-0.11
2004-10-12,1.8949999999999283
2004-10-13,-1.13537499999989
2004-10-14,-0.9800000000000262
2004-10-15,-4.8043750000000855
2004-10-18,1.6466250000000628
2004-10-19,0.25875000000001974
2004-10-20,-0.23987500000037287
2004-10-21,1.8692500000003938
2004-10-22,0.587874999999916
2004-10-25,-1.6584999999999568
2004-10-26,0.11374999999991083
2004-10-27,-3.607499999999911
2004-10-28,0.8781249999997087
2004-10-29,2.394375000000229
2004-11-01,-0.1693750000000113
2004-11-02,2.4631250000000073
2004-11-03,0.3062500000000057
2004-11-04,1.2218750000000431
2004-11-05,-3.753124999999962
2004-11-08,-0.3718750000000546
2004-11-09,-0.7843749999999537
2004-11-10,0.7043749999999327
2004-11-11,1.98
2004-11-12,0.899375000000032
2004-11-15,-0.5950000000000023
2004-11-16,-2.0762500000000528
2004-11-17,2.849999999999987
2004-11-18,-0.06374999999987617
2004-11-19,-0.22625000000003584
2004-11-22,1.2387500000000073
2004-11-23,0.23312499999996872
2004-11-24,1.1797500000000583
2004-11-25,0.0
2004-11-26,0.6177499999999593
2004-11-29,-1.3071250000000376
2004-11-30,0.4771250000000294
2004-12-01,2.859499999999646
2004-12-02,-0.14449999999970978
2004-12-03,2.880000000000007
2004-12-06,-0.6774999999999295
2004-12-07,0.7969999999999693
2004-12-08,0.6995000000000012
2004-12-09,-0.5099999999999684
2004-12-10,0.19500000000002854
2004-12-13,-1.6994999999999962
2004-12-14,-0.4025000000000676
2004-12-15,4.117999999999986
2004-12-16,-3.8329999999999185
2004-12-17,1.1575000000000646
2004-12-20,0.8394999999999773
2004-12-21,0.3900000000000317
2004-12-22,-0.08749999999995897
2004-12-23,-0.4560000000000883
2004-12-24,0.0
2004-12-27,-2.676499999999943
2004-12-28,-1.3449999999999789
2004-12-29,1.0989999999999969
2004-12-30,2.5134999999999046
2004-12-31,1.4615000000000438
2005-01-03,-0.13899999999995377
2005-01-04,-4.0099999999999945
2005-01-05,0.364999999999941
2005-01-06,-3.81650000000001
2005-01-07,2.266500000000072
2005-01-10,1.0485000000000064
2005-01-11,1.0224999999999294
2005-01-12,4.7474999999999925
2005-01-13,1.2875000000000227
2005-01-14,1.502999999999953
2005-01-17,0.0
2005-01-18,0.6070000000000154
2005-01-19,0.26250000000007045
2005-01-20,-1.1375000000000317
2005-01-21,1.582499999999945
2005-01-24,-0.2084999999999773
2005-01-25,-3.5265000000000066
2005-01-26,0.5193750000000404
2005-01-27,0.33624999999994437
2005-01-28,3.038750000000064
2005-01-31,0.7052499999999615
2005-02-01,0.12562500000007848
2005-02-02,1.4081249999999057
2005-02-03,-0.7731250000000052
2005-02-04,2.895625000000044
2005-02-07,-1.30625
2005-02-08,0.9289999999999938
2005-02-09,2.8137500000000593
2005-02-10,-3.9437500000000028
2005-02-11,-0.4543750000001108
2005-02-14,-0.7793749999999591
2005-02-15,-0.7661250000000391
2005-02-16,0.6193750000000767
2005-02-17,0.2062499999999818
2005-02-18,-1.419874999999951
2005-02-21,0.0
2005-02-22,-4.674375000000078
2005-02-23,1.0173750000000343
2005-02-24,-1.9587500000000253
2005-02-25,-0.75062500000002
2005-02-28,-5.18899999999991
2005-03-01,0.8733749999999476
2005-03-02,0.9849999999999958
2005-03-03,0.10999999999996171
2005-03-04,3.9775000000000493
2005-03-07,3.4300000000000175
2005-03-08,-0.1700000000000665
2005-03-09,-5.397499999999942
2005-03-10,-2.122499999999979
2005-03-11,-4.550000000000017
2005-03-14,-0.9237500000000252
2005-03-15,-5.707250000000016
2005-03-16,1.21350000000002
2005-03-17,2.8849999999999976
2005-03-18,1.3456249999999623
2005-03-21,0.11250000000002648
2005-03-22,0.07374999999998945
2005-03-23,0.37437499999997476
2005-03-24,0.4781249999999898
2005-03-25,0.0
2005-03-28,-1.7389999999999812
2005-03-29,2.1202500000000013
2005-03-30,1.5325000000000015
2005-03-31,2.298499999999977
2005-04-01,-1.3647500000000024
2005-04-04,0.735000000000013
2005-04-05,1.3912500000000008
2005-04-06,0.8175000000000014
2005-04-07,0.9125000000000087
2005-04-08,2.1957499999999928
2005-04-11,0.5592500000000021
2005-04-12,1.0799999999999892
2005-04-13,1.0512500000000073
2005-04-14,-1.6749999999999934
2005-04-15,1.3650000000000035
2005-04-18,1.356249999999993
2005-04-19,-1.4674999999999956
2005-04-20,-0.9556249999999873
2005-04-21,-0.580625000000007
2005-04-22,1.3834999999999888
2005-04-25,-2.6641250000000185
2005-04-26,-1.1256249999999923
2005-04-27,2.771250000000007
2005-04-28,2.0291250000000196
2005-04-29,2.4399999999999658
2005-05-02,3.091125000000005
2005-05-03,3.280000000000019
2005-05-04,1.4987499999999898
2005-05-05,0.7750000000000165
2005-05-06,-2.5049999999999906
2005-05-09,-0.6468750000000006
2005-05-10,-1.5068750000000153
2005-05-11,1.9999999999999585
2005-05-12,1.9995000000000438
2005-05-13,0.3630000000000171
2005-05-16,-1.7986249999999941
2005-05-17,1.029874999999957
2005-05-18,0.5512500000000229
2005-05-19,-0.6150000000000156
2005-05-20,-1.9967499999999971
2005-05-23,-5.058124999999983
2005-05-24,2.1368749999999577
2005-05-25,-0.11949999999997835
2005-05-26,-1.4742500000000027
2005-05-27,3.8467500000000467
2005-05-30,0.0
2005-05-31,1.6449999999999847
2005-06-01,1.738125000000011
2005-06-02,4.546875000000007
2005-06-03,-3.601750000000034
2005-06-06,-1.2574999999999577
2005-06-07,1.3554999999999278
2005-06-08,0.9100000000000203
2005-06-09,-0.5554999999999757
2005-06-10,0.9074999999999374
2005-06-13,-2.336999999999953
2005-06-14,-1.0449999999999724
2005-06-15,-1.4670000000000578
2005-06-16,1.1850000000000063
2005-06-17,-2.678000000000008
2005-06-20,-2.9675000000000034
2005-06-21,4.172999999999952
2005-06-22,3.997000000000053
2005-06-23,-0.09249999999999928
2005-06-24,-0.7982500000000547
2005-06-27,2.411250000000023
2005-06-28,-0.5040000000000074
2005-06-29,2.133750000000049
2005-06-30,2.8987499999999495
2005-07-01,-1.8724999999999818
2005-07-04,-0.029999999999972715
2005-07-05,-6.423500000000015
2005-07-06,0.5399999999999523
2005-07-07,-0.49149999999995025
2005-07-08,2.508749999999971
2005-07-11,2.3502500000000373
2005-07-12,-1.7689999999999877
2005-07-13,-0.43625000000003544
2005-07-14,-0.9387500000000433
2005-07-15,0.0587500000000115
2005-07-18,-0.674999999999942
2005-07-19,3.0952499999999192
2005-07-20,1.869375000000009
2005-07-21,0.10474999999999726
2005-07-22,-0.9112499999999673
2005-07-25,-2.308749999999996
2005-07-26,0.5375000000000216
2005-07-27,0.39987499999998655
2005-07-28,1.7138749999999534
2005-07-29,1.082500000000051
2005-08-01,0.293124999999975
2005-08-02,-1.061874999999988
2005-08-03,2.4867500000000096
2005-08-04,0.2937499999999829
2005-08-05,-0.8037500000000181
2005-08-08,-1.9062499999999838
2005-08-09,2.0457499999999986
2005-08-10,0.4799999999999756
2005-08-11,0.7550000000000356
2005-08-12,-0.2537500000000176
2005-08-15,4.218000000000011
2005-08-16,0.6762499999999853
2005-08-17,-3.0632499999999827
2005-08-18,-0.3037499999999971
2005-08-19,-2.8080000000000025
2005-08-22,0.144250000000007
2005-08-23,-2.2637500000000244
2005-08-24,-1.798999999999985
2005-08-25,4.677499999999979
2005-08-26,-1.3649999999999816
2005-08-29,-0.4312500000000159
2005-08-30,1.8545000000000071
2005-08-31,3.5800000000000027
2005-09-01,-1.325749999999987
2005-09-02,3.915749999999992
2005-09-05,0.0
2005-09-06,-1.9650000000000032
2005-09-07,-0.4220000000000184
2005-09-08,0.7100000000000206
2005-09-09,1.8999999999999864
2005-09-12,0.9307500000000202
2005-09-13,-1.6837499999999856
2005-09-14,-0.24262500000002685
2005-09-15,0.01625000000002219
2005-09-16,-1.6381250000000163
2005-09-19,1.1294999999999842
2005-09-20,-0.37124999999997443
2005-09-21,1.6617499999999985
2005-09-22,-1.7393749999999888
2005-09-23,-0.18800000000003703
2005-09-26,-0.4176249999999747
2005-09-27,-0.04750000000001717
2005-09-28,1.9312500000000286
2005-09-29,1.1549999999999638
2005-09-30,-0.12112499999997817
2005-10-03,-1.6332499999999754
2005-10-04,2.3156249999999634
2005-10-05,0.9157500000000329
2005-10-06,-2.882000000000025
2005-10-07,1.6000000000000163
2005-10-10,0.2650000000000136
2005-10-11,-0.7342500000000304
2005-10-12,-6.073749999999987
2005-10-13,0.8067500000000126
2005-10-14,1.3212499999999856
2005-10-17,1.0090000000000072
2005-10-18,1.1750000000000111
2005-10-19,0.49124999999998414
2005-10-20,-0.5315000000000071
2005-10-21,0.36687500000001527
2005-10-24,0.9577500000000003
2005-10-25,-0.14900000000000935
2005-10-26,-1.0209999999999892
2005-10-27,0.7768749999999881
2005-10-28,2.1691250000000175
2005-10-31,1.497499999999983
2005-11-01,0.9256250000000052
2005-11-02,0.8662500000000053
2005-11-03,-1.1699999999999917
2005-11-04,-0.06375000000000901
2005-11-07,0.8631250000000142
2005-11-08,0.18949999999998335
2005-11-09,0.8512499999999932
2005-11-10,2.5912500000000223
2005-11-11,-1.17
2005-11-14,-0.8581250000000124
2005-11-15,2.102124999999987
2005-11-16,1.3218750000000312
2005-11-17,0.9231249999999811
2005-11-18,-0.2837500000000155
2005-11-21,0.47062500000002
2005-11-22,0.38812499999999034
2005-11-23,1.3637500000000207
2005-11-24,-0.045000000000001705
2005-11-25,1.294124999999977
2005-11-28,2.13125
2005-11-29,0.04625000000001391
2005-11-30,1.0174999999999914
2005-12-01,0.38999999999999774
2005-12-02,1.9790000000000136
2005-12-05,-3.293750000000003
2005-12-06,4.298499999999979
2005-12-07,-0.029999999999999978
2005-12-08,-2.7147499999999747
2005-12-09,-5.669000000000018
2005-12-12,-2.4724999999999944
2005-12-13,-0.7687500000000056
2005-12-14,-1.7499999999999967
2005-12-15,0.09599999999999202
2005-12-16,-1.2172499999999873
2005-12-19,-1.1550000000000162
2005-12-20,1.951000000000007
2005-12-21,1.4924999999999864
2005-12-22,-1.7259999999999742
2005-12-23,-1.6100000000000088
2005-12-26,0.0
2005-12-27,-1.7402499999999936
2005-12-28,-0.9360000000000187
2005-12-29,5.755000000000024
2005-12-30,0.08124999999999637
2006-01-02,0.0
2006-01-03,-3.4550000000000054
2006-01-04,2.4799999999999875
2006-01-05,0.030000000000003274
2006-01-06,2.277999999999999
2006-01-09,1.9700000000000102
2006-01-10,-2.7887499999999794
2006-01-11,-0.3217500000000309
2006-01-12,1.2205
2006-01-13,-0.06424999999997498
2006-01-16,0.0
2006-01-17,2.797499999999987
2006-01-18,2.032499999999991
2006-01-19,1.8137500000000135
2006-01-20,-0.29374999999999385
2006-01-23,-2.2792499999999927
2006-01-24,-2.057000000000009
2006-01-25,-2.8527500000000106
2006-01-26,-0.032500000000005455
2006-01-27,1.2837500000000037
2006-01-30,-0.6587499999999941
2006-01-31,-0.8287500000000014
2006-02-01,0.6950000000000278
2006-02-02,-3.060000000000016
2006-02-03,-1.7350000000000212
2006-02-06,1.8012500000000378
2006-02-07,-0.007500000000024465
2006-02-08,-1.5850000000000037
2006-02-09,-0.443750000000008
2006-02-10,0.8362500000000038
2006-02-13,-0.7374999999999964
2006-02-14,1.45625000000001
2006-02-15,-1.6699999999999986
2006-02-16,1.199999999999996
2006-02-17,0.5199999999999813
2006-02-20,0.0
2006-02-21,-1.4799999999999813
2006-02-22,1.7999999999999896
2006-02-23,-1.1600000000000041
2006-02-24,-1.2399999999999958
2006-02-27,-0.12
2006-02-28,0.11
2006-03-01,1.5040000000000027
2006-03-02,-3.7239999999999984
2006-03-03,-1.8159999999999934
2006-03-06,-1.469999999999998
2006-03-07,-0.5199999999999972
2006-03-08,-0.7149999999999982
2006-03-09,-0.5090000000000028
2006-03-10,0.03400000000000457
2006-03-13,1.1097499999999878
2006-03-14,0.4552499999999953
2006-03-15,1.5275000000000138
2006-03-16,1.4162499999999825
2006-03-17,-0.7437499999999901
2006-03-20,-1.2212499999999697
2006-03-21,-3.053750000000015
2006-03-22,-0.9744999999999993
2006-03-23,0.1662500000000101
2006-03-24,0.747249999999988
2006-03-27,-3.2412499999999893
2006-03-28,0.1124999999999753
2006-03-29,-0.6962499999999965
2006-03-30,-0.22124999999999093
2006-03-31,-2.693249999999999
2006-04-03,0.9807500000000171
2006-04-04,-0.32950000000001606
2006-04-05,-2.5042500000000025
2006-04-06,-3.4844999999999833
2006-04-07,-1.4525000000000023
2006-04-10,0.9637499999999851
2006-04-11,0.662749999999997
2006-04-12,1.9850000000000096
2006-04-13,-0.6850000000000156
2006-04-14,0.0
2006-04-17,0.770000000000011
2006-04-18,0.534999999999987
2006-04-19,-0.36625000000000096
2006-04-20,0.3450000000000118
2006-04-21,-0.9372499999999807
2006-04-24,0.5672499999999924
2006-04-25,0.01625000000000068
2006-04-26,-0.26625000000001453
2006-04-27,0.40750000000000874
2006-04-28,-0.8787500000000055
2006-05-01,0.1649999999999991
2006-05-02,2.486250000000012
2006-05-03,0.6377499999999907
2006-05-04,1.294750000000002
2006-05-05,-0.4187500000000082
2006-05-08,1.232500000000018
2006-05-09,0.25249999999997885
2006-05-10,0.22750000000002005
2006-05-11,-2.4935000000000134
2006-05-12,-6.119999999999983
2006-05-15,-2.012500000000026
2006-05-16,1.3995000000000357
2006-05-17,-2.497000000000041
2006-05-18,0.06500000000001764
2006-05-19,1.7149999999999876
2006-05-22,-1.3894999999999704
2006-05-23,0.7499999999999998
2006-05-24,-0.10250000000000205
2006-05-25,1.1975000000000064
2006-05-26,-0.34650000000000736
2006-05-29,0.13499999999996248
2006-05-30,-1.4509999999999648
2006-05-31,0.5825000000000014
2006-06-01,-0.09500000000002987
2006-06-02,-2.7275000000000023
2006-06-05,1.9060000000000095
2006-06-06,1.0525000000000138
2006-06-07,-0.5825000000000069
2006-06-08,0.4437499999999976
2006-06-09,0.926250000000001
2006-06-12,-1.5525000000000015
2006-06-13,0.5000000000000082
2006-06-14,1.8899999999999795
2006-06-15,1.790000000000004
2006-06-16,-0.8899999999999955
2006-06-19,1.0700000000000103
2006-06-20,0.12249999999998525
2006-06-21,-0.3399999999999906
2006-06-22,0.5347500000000037
2006-06-23,0.69624999999999
2006-06-26,1.4552500000000017
2006-06-27,-0.594999999999993
2006-06-28,0.2075000000000047
2006-06-29,-0.541250000000003
2006-06-30,-2.0712500000000205
2006-07-03,-1.2487499999999998
2006-07-04,0.060000000000030695
2006-07-05,1.0784999999999796
2006-07-06,-1.0859999999999785
2006-07-07,1.5272499999999956
2006-07-10,-2.042249999999999
2006-07-11,-2.166250000000009
2006-07-12,-1.7939999999999978
2006-07-13,1.8237500000000095
2006-07-14,0.28249999999998676
2006-07-17,2.3050000000000126
2006-07-18,2.1762499999999645
2006-07-19,0.24625000000001765
2006-07-20,0.2675000000000068
2006-07-21,0.6390000000000051
2006-07-24,0.3269999999999787
2006-07-25,-0.15700000000000228
2006-07-26,0.24575000000000904
2006-07-27,-0.1599999999999849
2006-07-28,0.4942499999999716
2006-07-31,-2.0944999999999854
2006-08-01,-1.3129999999999953
2006-08-02,-1.2000000000000128
2006-08-03,1.0067500000000023
2006-08-04,0.18499999999999983
2006-08-07,1.8937500000000091
2006-08-08,1.0949999999999944
2006-08-09,-0.6980000000000033
2006-08-10,0.167999999999999
2006-08-11,4.880000000000004
2006-08-14,0.43999999999999695
2006-08-15,0.7399999999999981
2006-08-16,0.41000000000000775
2006-08-17,0.295999999999989
2006-08-18,-0.3300000000000024
2006-08-21,-0.06000000000000246
2006-08-22,-0.4149999999999884
2006-08-23,-2.300000000000011
2006-08-24,-1.7650000000000052
2006-08-25,-0.15000000000000316
2006-08-28,1.66500000000002
2006-08-29,1.264999999999984
2006-08-30,-2.192499999999999
2006-08-31,-1.5312500000000013
2006-09-01,1.573749999999994
2006-09-04,0.0
2006-09-05,0.595000000000004
2006-09-06,-0.8962500000000022
2006-09-07,-2.06124999999997
2006-09-08,-0.00125000000001819
2006-09-11,0.13475000000000292
2006-09-12,2.8287500000000088
2006-09-13,0.43900000000000194
2006-09-14,0.04975000000001815
2006-09-15,-1.1300000000000578
2006-09-18,-2.1027499999999746
2006-09-19,0.3337500000000189
2006-09-20,-0.6487500000000275
2006-09-21,-4.271000000000005
2006-09-22,1.3987500000000037
2006-09-25,0.36499999999999283
2006-09-26,-1.4729999999999412
2006-09-27,1.8962499999999773
2006-09-28,-3.5000000000000258
2006-09-29,0.6474999999999902
2006-10-02,-1.1887499999999895
2006-10-03,0.16499999999999473
2006-10-04,-1.6919999999999509
2006-10-05,-0.1105000000000503
2006-10-06,-1.3194999999999923
2006-10-09,-4.64999999999998
2006-10-10,2.9944999999999924
2006-10-11,-1.9645000000000012
2006-10-12,-0.47500000000002424
2006-10-13,-2.3054999999999577
2006-10-16,0.1044999999999477
2006-10-17,-0.5194999999999899
2006-10-18,0.3307500000000438
2006-10-19,-0.46700000000002156
2006-10-20,0.015749999999999136
2006-10-23,-1.5149999999999653
2006-10-24,0.4137499999999785
2006-10-25,0.6082499999999909
2006-10-26,1.8792499999999623
2006-10-27,-0.16549999999996354
2006-10-30,-0.21600000000002684
2006-10-31,1.2635000000000607
2006-11-01,-0.5500000000000322
2006-11-02,-2.7375000000000327
2006-11-03,0.22750000000003817
2006-11-06,-0.5962500000000175
2006-11-07,0.0824999999999874
2006-11-08,-0.27500000000000285
2006-11-09,-0.2237499999999688
2006-11-10,0.5474999999999858
2006-11-13,0.6050000000000249
2006-11-14,0.7187499999999754
2006-11-15,-0.2187500000000329
2006-11-16,-0.8774999999999735
2006-11-17,-0.011250000000014734
2006-11-20,-0.8062499999999483
2006-11-21,0.2450000000000004
2006-11-22,-0.07375000000004264
2006-11-23,-0.0999999999999801
2006-11-24,-1.1187499999999924
2006-11-27,-1.0875000000000434
2006-11-28,1.144000000000031
2006-11-29,0.23599999999997479
2006-11-30,0.9855000000000654
2006-12-01,-0.2900000000000735
2006-12-04,1.2775000000000047
2006-12-05,1.1045000000000293
2006-12-06,-0.33999999999997726
2006-12-07,-0.9419999999999836
2006-12-08,0.024999999999982536
2006-12-11,0.49249999999994826
2006-12-12,0.41500000000007553
2006-12-13,-0.9755000000000148
2006-12-14,0.9555000000000211
2006-12-15,0.11
2006-12-18,-0.6005000000000651
2006-12-19,-0.11449999999997312
2006-12-20,0.014999999999968167
2006-12-21,0.4975000000000202
2006-12-22,-0.9724999999999671
2006-12-25,0.0
2006-12-26,-0.14799999999998487
2006-12-27,-0.5675000000000477
2006-12-28,0.29750000000001375
2006-12-29,0.7400000000000367
2007-01-01,0.0
2007-01-02,0.6979999999999712
2007-01-03,-1.802500000000021
2007-01-04,-0.7989999999999641
2007-01-05,-0.4160000000000598
2007-01-08,-0.16500000000000178
2007-01-09,-1.484999999999998
2007-01-10,0.21000000000001576
2007-01-11,0.7900000000000517
2007-01-12,1.8409999999999354
2007-01-15,0.0
2007-01-16,0.15899999999999506
2007-01-17,-0.07399999999996196
2007-01-18,0.6189999999999952
2007-01-19,0.740000000000021
2007-01-22,-0.18900000000000472
2007-01-23,-0.1110000000000006
2007-01-24,-0.3340000000000012
2007-01-25,-1.4800000000000302
2007-01-26,-0.640999999999983
2007-01-29,-0.8799999999999661
2007-01-30,1.1049999999999822
2007-01-31,0.16949999999997864
2007-02-01,0.11500000000001422
2007-02-02,1.1524999999999843
2007-02-05,-0.1779999999999778
2007-02-06,-0.5225000000000105
2007-02-07,-0.5750000000000163
2007-02-08,1.052500000000037
2007-02-09,-0.3595000000000239
2007-02-12,-0.39499999999998636
2007-02-13,1.5119999999999945
2007-02-14,0.2724999999999869
2007-02-15,0.11300000000002725
2007-02-16,1.161999999999987
2007-02-19,0.0
2007-02-20,0.13249999999997672
2007-02-21,1.7175000000000253
2007-02-22,0.6400000000000042
2007-02-23,-1.7244999999999904
2007-02-26,-0.808000000000021
2007-02-27,-2.8945000000000176
2007-02-28,1.9450000000000323
2007-03-01,-0.9539999999999987
2007-03-02,-1.5900000000000227
2007-03-05,0.7650000000000173
2007-03-06,-0.15000000000000144
2007-03-07,0.4950000000000003
2007-03-08,0.11999999999998277
2007-03-09,-0.649999999999974
2007-03-12,-0.5900000000000345
2007-03-13,-0.5899999999999914
2007-03-14,0.3200000000000161
2007-03-15,-0.5749999999999995
2007-03-16,0.5287499999999629
2007-03-19,0.8112500000000522
2007-03-20,0.8675000000000247
2007-03-21,1.1549999999999474
2007-03-22,-0.3074999999999676
2007-03-23,-0.15750000000002584
2007-03-26,-1.4374999999999605
2007-03-27,-0.2700000000000389
2007-03-28,-0.4424999999999829
2007-03-29,0.8299999999999956
2007-03-30,-4.224999999999981
2007-04-02,-2.5875000000000408
2007-04-03,-0.04249999999998252
2007-04-04,1.4049999999999763
2007-04-05,0.5425000000000235
2007-04-06,-0.4550000000000191
2007-04-09,-0.06649999999995242
2007-04-10,0.6614999999999834
2007-04-11,-0.8214999999999826
2007-04-12,0.05499999999995511
2007-04-13,0.4400000000000191
2007-04-16,-0.10700000000001618
2007-04-17,-0.4929999999999469
2007-04-18,0.4549999999999394
2007-04-19,-0.3050000000000068
2007-04-20,-0.07499999999999313
2007-04-23,-0.2999999999999972
2007-04-24,0.20200000000005747
2007-04-25,1.122999999999987
2007-04-26,-0.5429999999999877
2007-04-27,-0.20500000000001814
2007-04-30,-0.1250000000000191
2007-05-01,0.8040000000000014
2007-05-02,0.26100000000002643
2007-05-03,0.3399999999999423
2007-05-04,0.6700000000000382
2007-05-07,0.5850000000000207
2007-05-08,-0.6200000000000455
2007-05-09,0.5150000000000463
2007-05-10,-0.7040000000000531
2007-05-11,0.9780000000000026
2007-05-14,-0.2179999999999459
2007-05-15,0.20200000000001592
2007-05-16,0.16499999999998655
2007-05-17,-0.4960000000000091
2007-05-18,-0.5140000000000432
2007-05-21,1.3250000000000104
2007-05-22,-0.7049999999999635
2007-05-23,-0.41000000000001646
2007-05-24,-1.7949999999999902
2007-05-25,1.7289999999999808
2007-05-28,0.0
2007-05-29,-0.8924999999999741
2007-05-30,1.7299999999999833
2007-05-31,0.6550000000000064
2007-06-01,0.874999999999967
2007-06-04,-1.5799999999999852
2007-06-05,-1.0699999999999956
2007-06-06,-1.3149999999999988
2007-06-07,-0.9174999999999865
2007-06-08,0.13099999999999773
2007-06-11,0.817999999999999
2007-06-12,-0.31800000000001016
2007-06-13,0.04
2007-06-14,1.2150000000000118
2007-06-15,2.543000000000004
2007-06-18,-0.21499999999999658
2007-06-19,-1.0949999999999949
2007-06-20,-0.7050000000000167
2007-06-21,0.1850000000000072
2007-06-22,-2.0599999999999996
2007-06-25,-0.9600000000000051
2007-06-26,0.030000000000003888
2007-06-27,-0.5149999999999901
2007-06-28,0.7199999999999882
2007-06-29,-0.9049999999999989
2007-07-02,0.5550000000000027
2007-07-03,-0.2649999999999966
2007-07-04,0.0
2007-07-05,0.18499999999999053
2007-07-06,1.0600000000000072
2007-07-09,-0.12499999999999138
2007-07-10,-1.7350000000000005
2007-07-11,0.00499999999998231
2007-07-12,1.665999999999998
2007-07-13,-0.011000000000002928
2007-07-16,-0.9799999999999931
2007-07-17,1.0860000000000032
2007-07-18,-0.4260000000000053
2007-07-19,0.34350000000000624
2007-07-20,-1.2609999999999897
2007-07-23,1.0699999999999903
2007-07-24,-1.59649999999999
2007-07-25,-1.1150000000000138
2007-07-26,-2.919999999999996
2007-07-27,0.8489999999999934
2007-07-30,0.3940000000000036
2007-07-31,-0.7024999999999889
2007-08-01,-0.2600000000000161
2007-08-02,0.2950000000000064
2007-08-03,-0.5340000000000032
2007-08-06,0.0800000000000023
2007-08-07,-0.3800000000000065
2007-08-08,0.16800000000000628
2007-08-09,-0.4050000000000053
2007-08-10,-0.3129999999999971
2007-08-13,0.1249999999999966
2007-08-14,-0.5450000000000003
2007-08-15,-1.0249999999999955
2007-08-16,-0.6849999999999965
2007-08-17,1.2900000000000003
2007-08-20,-0.40500000000000635
2007-08-21,-0.24000000000000235
2007-08-22,-0.14499999999999014
2007-08-23,0.09250000000000469
2007-08-24,0.5524999999999793
2007-08-27,0.41000000000001163
2007-08-28,0.33250000000001073
2007-08-29,0.25499999999997724
2007-08-30,0.4150000000000222
2007-08-31,0.3199999999999714
2007-09-03,0.0
2007-09-04,-0.6749999999999654
2007-09-05,0.5924999999999776
2007-09-06,0.38250000000001855
2007-09-07,-0.030000000000014553
2007-09-10,0.6749999999999929
2007-09-11,0.3349999999999716
2007-09-12,-1.714999999999989
2007-09-13,-0.009999999999969441
2007-09-14,-0.3599999999999843
2007-09-17,-0.5500000000000065
2007-09-18,1.154999999999975
2007-09-19,-0.5099999999999877
2007-09-20,-2.850000000000022
2007-09-21,0.21500000000006741
2007-09-24,0.3249999999999754
2007-09-25,0.5199999999999829
2007-09-26,-0.16499999999999776
2007-09-27,-0.08499999999998799
2007-09-28,0.669999999999979
2007-10-01,0.7810000000000362
2007-10-02,1.0764999999999727
2007-10-03,-0.08650000000000302
2007-10-04,0.5229999999999972
2007-10-05,-0.8054999999999786
2007-10-08,0.1
2007-10-09,0.1269999999999763
2007-10-10,-0.21699999999999872
2007-10-11,0.28250000000004327
2007-10-12,-0.32800000000003054
2007-10-15,-0.7449999999999931
2007-10-16,0.22750000000000162
2007-10-17,1.1224999999999787
2007-10-18,0.7425000000000144
2007-10-19,0.5035000000000287
2007-10-22,-0.531000000000032
2007-10-23,0.6085000000000227
2007-10-24,0.666499999999994
2007-10-25,-0.6825000000000135
2007-10-26,0.9709999999999952
2007-10-29,0.4215000000000169
2007-10-30,-0.004000000000022692
2007-10-31,-0.19749999999998255
2007-11-01,0.7789999999999847
2007-11-02,0.599500000000032
2007-11-05,-1.1770000000000493
2007-11-06,-0.20499999999993979
2007-11-07,-0.8425000000000609
2007-11-08,-0.9294999999999735
2007-11-09,-0.40549999999996555
2007-11-12,0.28
2007-11-13,-0.15875000000006462
2007-11-14,-0.6419999999999826
2007-11-15,0.7544999999999815
2007-11-16,0.12675000000005415
2007-11-19,-0.06200000000003719
2007-11-20,0.16575000000005147
2007-11-21,0.4602499999999584
2007-11-22,0.0
2007-11-23,0.3200000000000409
2007-11-26,2.2987499999999685
2007-11-27,-0.5587500000000014
2007-11-28,-0.42374999999997953
2007-11-29,1.6212500000000145
2007-11-30,0.17000000000001078
2007-12-03,1.604999999999998
2007-12-04,0.24624999999999417
2007-12-05,0.3949999999999402
2007-12-06,-0.5412499999999869
2007-12-07,-2.378749999999962
2007-12-10,-0.33000000000000734
2007-12-11,2.0012499999999505
2007-12-12,-0.7774999999999732
2007-12-13,-1.2790000000000186
2007-12-14,-0.9650000000000055
2007-12-17,-0.15049999999994443
2007-12-18,1.180500000000008
2007-12-19,0.8720000000000422
2007-12-20,0.957999999999952
2007-12-21,-1.3644999999999572
2007-12-24,-0.25800000000003076
2007-12-25,0.0
2007-12-26,-0.3249999999999431
2007-12-27,-0.5010000000000142
2007-12-28,0.6759999999999584
2007-12-31,0.3765000000000301
2008-01-01,0.0
2008-01-02,2.586000000000012
2008-01-03,1.0074999999999956
2008-01-04,0.15149999999998753
2008-01-07,0.8924999999999836
2008-01-08,1.635000000000017
2008-01-09,-1.1240000000000023
2008-01-10,-0.5675000000000289
2008-01-11,3.5479999999999987
2008-01-14,3.4300000000000663
2008-01-15,0.5545000000000208
2008-01-16,-1.1500000000000103
2008-01-17,1.0337499999999848
2008-01-18,0.08700000000000307
2008-01-21,0.0
2008-01-22,1.575500000000026
2008-01-23,-1.357999999999987
2008-01-24,-1.3875000000000204
2008-01-25,1.6680000000000523
2008-01-28,0.28874999999997963
2008-01-29,-0.09750000000000618
2008-01-30,-0.9225000000000882
2008-01-31,1.957500000000096
2008-02-01,1.2487499999999931
2008-02-04,0.5887500000000105
2008-02-05,0.07799999999996782
2008-02-06,-0.419999999999983
2008-02-07,-1.0575000000000405
2008-02-08,1.998249999999992
2008-02-11,0.2440000000000438
2008-02-12,-1.4390000000000809
2008-02-13,0.4824999999999921
2008-02-14,-1.419999999999947
2008-02-15,0.7587499999999693
2008-02-18,0.0
2008-02-19,-1.4349999999999572
2008-02-20,-0.7717500000000173
2008-02-21,2.9149999999999805
2008-02-22,0.013749999999980219
2008-02-25,-0.9499999999999515
2008-02-26,2.12475
2008-02-27,0.6339999999999815
2008-02-28,5.072499999999974
2008-02-29,1.6587500000000834
2008-03-03,1.5512500000000096
2008-03-04,-1.7699999999999987
2008-03-05,0.049999999999909776
2008-03-06,-3.380000000000002
2008-03-07,-1.6449999999999254
2008-03-10,2.881999999999986
2008-03-11,0.6655000000000059
2008-03-12,1.5007500000000138
2008-03-13,0.656499999999986
2008-03-14,0.892499999999991
2008-03-17,-0.1387499999999818
2008-03-18,1.813500000000012
2008-03-19,-1.936250000000013
2008-03-20,-2.3362500000000193
2008-03-21,0.0
2008-03-24,-0.6412499999999844
2008-03-25,1.9150000000000245
2008-03-26,0.24499999999997363
2008-03-27,-0.3562500000000028
2008-03-28,1.0375000000000252
2008-03-31,2.3849999999999536
2008-04-01,-0.0002500000000016371
2008-04-02,0.6327500000000038
2008-04-03,0.4699999999999762
2008-04-04,1.9357500000000654
2008-04-07,-0.9387500000000413
2008-04-08,-0.6087499999999699
2008-04-09,2.327500000000035
2008-04-10,-0.263750000000025
2008-04-11,0.75249999999995
2008-04-14,2.032500000000007
2008-04-15,0.5222499999999822
2008-04-16,-1.699999999999989
2008-04-17,-0.8582499999999693
2008-04-18,0.08549999999999446
2008-04-21,-3.6549999999999883
2008-04-22,3.096249999999943
2008-04-23,-0.19124999999998946
2008-04-24,-1.1717500000000218
2008-04-25,-0.895
2008-04-28,2.8455000000000603
2008-04-29,-3.428750000000035
2008-04-30,3.8362500000000206
2008-05-01,-1.0137499999999944
2008-05-02,0.16125000000001619
2008-05-05,-1.3637500000000038
2008-05-06,-0.666250000000054
2008-05-07,-1.5262499999999803
2008-05-08,1.9699999999999864
2008-05-09,0.6617500000000441
2008-05-12,3.049499999999953
2008-05-13,-2.5062499999999335
2008-05-14,-2.1462500000000513
2008-05-15,3.3224999999999794
2008-05-16,1.285000000000062
2008-05-19,1.204999999999963
2008-05-20,0.33499999999997526
2008-05-21,1.7462500000000098
2008-05-22,-2.347499999999981
2008-05-23,0.41749999999996285
2008-05-26,0.0
2008-05-27,-1.1037499999999705
2008-05-28,-0.024999999999998454
2008-05-29,-0.8212499999999967
2008-05-30,1.7050000000000014
2008-06-02,1.7187500000000129
2008-06-03,2.602499999999988
2008-06-04,-0.10600000000000245
2008-06-05,1.2175000000000111
2008-06-06,-1.1939999999999975
2008-06-09,-0.016999999999992632
2008-06-10,-3.2655000000000065
2008-06-11,1.9004999999999928
2008-06-12,1.832499999999993
2008-06-13,1.6234999999999953
2008-06-16,0.8764999999999854
2008-06-17,1.8325000000000362
2008-06-18,1.094999999999984
2008-06-19,-1.602500000000007
2008-06-20,1.3189999999999993
2008-06-23,-1.5915000000000123
2008-06-24,1.0540000000000005
2008-06-25,1.6559999999999928
2008-06-26,1.1300000000000077
2008-06-27,0.2925000000000015
2008-06-30,-2.000999999999984
2008-07-01,-2.9415000000000107
2008-07-02,2.52800000000001
2008-07-03,0.014499999999983335
2008-07-04,0.0
2008-07-07,-0.20950000000001617
2008-07-08,-0.2504999999999926
2008-07-09,0.7355000000000222
2008-07-10,-0.3475000000000086
2008-07-11,-0.5379999999999974
2008-07-14,-1.4037500000000127
2008-07-15,-0.05624999999999909
2008-07-16,1.8257499999999975
2008-07-17,-1.2032499999999877
2008-07-18,0.3944999999999969
2008-07-21,1.5405000000000122
2008-07-22,2.5857499999999813
2008-07-23,2.2592499999999918
2008-07-24,1.2207500000000244
2008-07-25,-4.1445000000000345
2008-07-28,2.6037500000000255
2008-07-29,0.3825000000000157
2008-07-30,0.7339999999999672
2008-07-31,1.0810000000000313
2008-08-01,4.022499999999976
2008-08-04,2.6400000000000197
2008-08-05,-1.7485000000000195
2008-08-06,-0.3999999999999893
2008-08-07,-1.247500000000009
2008-08-08,-6.332499999999983
2008-08-11,-1.430000000000019
2008-08-12,1.1025000000000051
2008-08-13,-1.4410000000000014
2008-08-14,-0.32650000000000545
2008-08-15,1.2615000000000036
2008-08-18,-0.13774999999999563
2008-08-19,-1.4142642612569034e-14
2008-08-20,0.3787500000000205
2008-08-21,0.12150000000000101
2008-08-22,-1.3862500000000053
2008-08-25,1.4962500000000187
2008-08-26,-0.4955000000000102
2008-08-27,0.9717499999999952
2008-08-28,-2.5412500000000176
2008-08-29,-1.697999999999965
2008-09-01,0.0
2008-09-02,-0.7000000000000124
2008-09-03,0.21999999999997708
2008-09-04,-3.0049999999999635
2008-09-05,1.633000000000004
2008-09-08,-0.8240000000000277
2008-09-09,0.09000000000001573
2008-09-10,-1.8100000000000014
2008-09-11,-0.4950000000000229
2008-09-12,-1.3500000000000185
2008-09-15,0.474999999999936
2008-09-16,1.6350000000000828
2008-09-17,-2.03374999999998
2008-09-18,0.5212499999999811
2008-09-19,-1.562499999999963
2008-09-22,-1.0149999999999986
2008-09-23,-2.402000000000017
2008-09-24,-0.8280000000000082
2008-09-25,0.8725000000000185
2008-09-26,0.21299999999997699
2008-09-29,0.8625000000000127
2008-09-30,1.0625000000000253
2008-10-01,0.28299999999999115
2008-10-02,0.35099999999999276
2008-10-03,-0.20600000000000218
2008-10-06,-1.8889999999999592
2008-10-07,-3.0685000000000286
2008-10-08,-2.782499999999993
2008-10-09,-4.050000000000019
2008-10-10,0.18049999999999936
2008-10-13,-0.195
2008-10-14,0.33000000000001095
2008-10-15,-0.11250000000000646
2008-10-16,-0.29075000000000434
2008-10-17,-0.5699999999999906
2008-10-20,-1.3704999999999896
2008-10-21,1.7317499999999781
2008-10-22,1.0319999999999954
2008-10-23,0.035500000000015235
2008-10-24,0.8825000000000062
2008-10-27,-1.2700000000000162
2008-10-28,-0.876249999999992
2008-10-29,-2.46275
2008-10-30,1.2102500000000005
2008-10-31,0.43999999999999273
2008-11-03,0.023500000000009597
2008-11-04,0.33125000000000693
2008-11-05,1.7212499999999775
2008-11-06,0.5040000000000062
2008-11-07,0.2337500000000139
2008-11-10,-0.2749999999999958
2008-11-11,0.88
2008-11-12,1.4059999999999955
2008-11-13,-0.8259999999999947
2008-11-14,0.45349999999998614
2008-11-17,-0.3749999999999949
2008-11-18,1.726499999999993
2008-11-19,1.3350000000000402
2008-11-20,2.5309999999999526
2008-11-21,1.8975000000000493
2008-11-24,-2.551000000000043
2008-11-25,2.506000000000041
2008-11-26,1.0490000000000046
2008-11-27,0.0
2008-11-28,0.9359999999999958
2008-12-01,3.309000000000014
2008-12-02,0.42499999999994714
2008-12-03,0.5750000000000566
2008-12-04,2.2574999999999164
2008-12-05,1.6350000000000084
2008-12-08,-3.277499999999995
2008-12-09,1.0237499999999915
2008-12-10,-2.3212499999999947
2008-12-11,0.7362499999999976
2008-12-12,-2.050000000000007
2008-12-15,0.23000000000009777
2008-12-16,1.3074999999998977
2008-12-17,2.256250000000034
2008-12-18,0.9537500000000706
2008-12-19,-0.6637500000000728
2008-12-22,-0.724999999999946
2008-12-23,-0.837499999999946
2008-12-24,-1.0562500000000141
2008-12-25,0.0
2008-12-26,-0.6937499999999971
2008-12-29,2.606249999999892
2008-12-30,-0.8437499999998835
2008-12-31,-3.106250000000054
2009-01-01,0.0
2009-01-02,-3.518749999999955
2009-01-05,-0.17500000000009946
2009-01-06,-0.924999999999912
2009-01-07,1.7049999999999899
2009-01-08,2.5287499999999627
2009-01-09,0.0912500000000648
2009-01-12,4.357499999999873
2009-01-13,1.7137500000000614
2009-01-14,1.1699999999999384
2009-01-15,0.06125000000013131
2009-01-16,-3.306249999999992
2009-01-19,0.0
2009-01-20,0.011249999999992042
2009-01-21,-3.538750000000048
2009-01-22,-1.1812499999999244
2009-01-23,-0.9012500000000161
2009-01-26,-0.88999999999998
2009-01-27,3.219999999999992
2009-01-28,-2.450000000000032
2009-01-29,-2.398750000000119
2009-01-30,-0.0075
2009-02-02,2.696250000000113
2009-02-03,-1.2412500000001159
2009-02-04,-0.5949999999999178
2009-02-05,-1.1352499999999524
2009-02-06,-1.9562500000000105
2009-02-09,-0.7387500000001296
2009-02-10,3.2015000000000997
2009-02-11,2.2297499999999717
2009-02-12,1.2202500000000338
2009-02-13,-2.6037499999999882
2009-02-16,0.0
2009-02-17,4.9472499999999915
2009-02-18,-0.9047500000000277
2009-02-19,-2.3887499999999724
2009-02-20,1.9134999999999935
2009-02-23,-0.353750000000023
2009-02-24,-1.0160000000000433
2009-02-25,-2.9640000000000177
2009-02-26,-0.3584999999999998
2009-02-27,1.8837500000000753
2009-03-02,4.139750000000019
2009-03-03,-0.5925000000000751
2009-03-04,-3.4999999999999374
2009-03-05,3.9464999999999377
2009-03-06,-0.7825000000000019
2009-03-09,-0.8679999999999108
2009-03-10,-2.910000000000089
2009-03-11,2.1750000000000727
2009-03-12,-3.0070000000000054
2009-03-13,-0.9429999999999847
2009-03-16,-1.24950000000008
2009-03-17,-0.9249999999999345
2009-03-18,4.926500000000011
2009-03-19,-1.5314999999999979
2009-03-20,-0.053500000000038496
2009-03-23,0.013500000000000272
2009-03-24,0.2650000000000023
2009-03-25,-0.027499999999954526
2009-03-26,-0.06750000000002729
2009-03-27,0.2275
2009-03-30,0.7900000000000114
2009-03-31,-2.1399999999999975
2009-04-01,1.3324999999999614
2009-04-02,-2.0099999999999434
2009-04-03,-2.2700000000001053
2009-04-06,-0.5249999999999146
2009-04-07,1.7389999999999264
2009-04-08,0.8750000000001084
2009-04-09,0.3834999999999851
2009-04-10,0.0
2009-04-13,1.4879999999999707
2009-04-14,-0.035500000000006006
2009-04-15,2.0255000000000596
2009-04-16,-0.9525000000000136
2009-04-17,-0.3300000000001015
2009-04-20,1.143000000000011
2009-04-21,-0.7450000000000115
2009-04-22,-0.5654999999999337
2009-04-23,-0.9499999999999722
2009-04-24,-0.49200000000008703
2009-04-27,-0.9249999999998878
2009-04-28,-0.7440000000000343
2009-04-29,-3.3174999999999777
2009-04-30,-1.0970000000000988
2009-05-01,-1.9780000000000102
2009-05-04,2.860000000000114
2009-05-05,0.4274999999998884
2009-05-06,0.7650000000000067
2009-05-07,-2.3395000000000157
2009-05-08,-0.6154999999999984
2009-05-11,1.0550000000000512
2009-05-12,-1.2019999999999553
2009-05-13,0.49699999999995936
2009-05-14,-0.14199999999996984
2009-05-15,1.0900000000000143
2009-05-18,-0.6399999999999939
2009-05-19,-0.4255000000000964
2009-05-20,0.3425000000000479
2009-05-21,-1.9320000000000153
2009-05-22,-2.1200000000000467
2009-05-25,0.0
2009-05-26,-0.46500000000001457
2009-05-27,-2.0249999999999413
2009-05-28,-0.7629999999999725
2009-05-29,1.0049999999999495
2009-06-01,-4.063499999999944
2009-06-02,0.08750000000000031
2009-06-03,1.8984999999999623
2009-06-04,-2.4910000000000028
2009-06-05,-1.7774999999999912
2009-06-08,-0.36899999999999517
2009-06-09,-0.7800000000000106
2009-06-10,0.3489999999999315
2009-06-11,1.083500000000071
2009-06-12,1.3240000000000116
2009-06-15,1.5424999999999864
2009-06-16,0.24625000000000435
2009-06-17,0.1172500000000166
2009-06-18,-0.4472500000000391
2009-06-19,0.6697500000000371
2009-06-22,1.5002499999999757
2009-06-23,-0.06149999999999382
2009-06-24,0.31524999999999365
2009-06-25,1.5522499999999855
2009-06-26,-0.18474999999998343
2009-06-29,0.9147499999999802
2009-06-30,2.9640000000000204
2009-07-01,-0.023999999999995362
2009-07-02,1.3362499999999986
2009-07-03,0.0
2009-07-06,1.448999999999998
2009-07-07,0.7359999999999973
2009-07-08,-0.07850000000000128
2009-07-09,-0.9302500000000149
2009-07-10,0.246499999999998
2009-07-13,-0.8089999999999987
2009-07-14,-1.738499999999976
2009-07-15,1.3884999999999956
2009-07-16,1.9440000000000186
2009-07-17,-0.35900000000002164
2009-07-20,0.4265000000000241
2009-07-21,2.3359999999999834
2009-07-22,0.6175000000000033
2009-07-23,-4.4934999999999885
2009-07-24,2.2109999999999874
2009-07-27,-1.6575000000000057
2009-07-28,0.924999999999981
2009-07-29,0.07649999999999607
2009-07-30,-2.14899999999998
2009-07-31,-0.034999999999978174
2009-08-03,-4.2410000000000165
2009-08-04,0.40249999999999764
2009-08-05,1.3760000000000032
2009-08-06,2.836499999999977
2009-08-07,1.8359999999999987
2009-08-10,0.3025000000000184
2009-08-11,-0.10749999999999454
2009-08-12,-0.3625000000000233
2009-08-13,1.9350000000000207
2009-08-14,0.9150000000000039
2009-08-17,0.741500000000016
2009-08-18,-0.19150000000002376
2009-08-19,-0.07850000000001836
2009-08-20,0.8425000000000815
2009-08-21,-0.9705000000000349
2009-08-24,-1.5650000000000104
2009-08-25,0.9100000000000117
2009-08-26,-1.3900000000000006
2009-08-27,-1.1625000000000414
2009-08-28,0.02449999999999295
2009-08-31,-0.5149999999999589
2009-09-01,-0.17199999999999618
2009-09-02,0.7025000000000217
2009-09-03,0.5574999999999815
2009-09-04,2.238999999999931
2009-09-07,0.0
2009-09-08,0.06250000000007272
2009-09-09,-1.2874999999999996
2009-09-10,0.5299999999999404
2009-09-11,-0.7824999999999432
2009-09-14,-0.2050000000000127
2009-09-15,-5.8074999999999894
2009-09-16,2.422499999999976
2009-09-17,1.593750000000018
2009-09-18,0.424999999999988
2009-09-21,-0.5175000000000499
2009-09-22,-0.5524999999998761
2009-09-23,0.09249999999992882
2009-09-24,-1.4712499999999138
2009-09-25,0.5524999999999537
2009-09-28,-0.021250000000029922
2009-09-29,-0.0637499999999086
2009-09-30,-0.21249999999999653
2009-10-01,0.9849999999999024
2009-10-02,1.2487499999999963
2009-10-05,-1.0025000000000572
2009-10-06,-1.9449999999999141
2009-10-07,1.6025000000001168
2009-10-08,-0.74500000000011
2009-10-09,-2.1550000000000997
2009-10-12,-2.66
2009-10-13,2.155000000000208
2009-10-14,-1.320000000000111
2009-10-15,0.22000000000010442
2009-10-16,0.6312499999998941
2009-10-19,-0.2987500000000938
2009-10-20,0.7175000000002107
2009-10-21,-1.2550000000002077
2009-10-22,-0.40625
2009-10-23,-1.6140000000000068
2009-10-26,-0.6887499999999251
2009-10-27,2.0075000000001317
2009-10-28,0.3927499999998792
2009-10-29,-0.32649999999999546
2009-10-30,1.5877500000000238
2009-11-02,-2.4539999999999136
2009-11-03,-1.199750000000102
2009-11-04,0.1472500000000149
2009-11-05,0.6339999999999878
2009-11-06,0.47749999999999126
2009-11-09,-0.033749999999882214
2009-11-10,-0.15275000000021077
2009-11-11,1.0987500000000072
2009-11-12,0.3777500000001048
2009-11-13,0.7524999999999767
2009-11-16,1.9912500000001474
2009-11-17,-0.1890000000001409
2009-11-18,-0.23099999999998222
2009-11-19,0.40350000000012526
2009-11-20,-0.525000000000123
2009-11-23,1.0349999999999673
2009-11-24,2.550000000000026
2009-11-25,0.3649999999999737
2009-11-26,0.0
2009-11-27,0.7000000000000344
2009-11-30,-0.16199999999999237
2009-12-01,0.16499999999998327
2009-12-02,0.32999999999998475
2009-12-03,0.37700000000001016
2009-12-04,-3.1019999999997934
2009-12-07,1.474999999999756
2009-12-08,-0.924999999999928
2009-12-09,0.22000000000015044
2009-12-10,-1.8230000000000162
2009-12-11,-1.5720000000001377
2009-12-14,-0.40800000000006337
2009-12-15,-0.15499999999994907
2009-12-16,1.546140993013978e-13
2009-12-17,1.4829999999998513
2009-12-18,-1.193000000000015
2009-12-21,-3.2049999999999805
2009-12-22,-0.814999999999911
2009-12-23,-0.8412500000000004
2009-12-24,-0.6195000000001271
2009-12-25,0.0
2009-12-28,-2.4917499999998762
2009-12-29,0.7467499999998738
2009-12-30,0.30200000000003974
2009-12-31,-0.6637500000000103
2010-01-01,0.0
2010-01-04,1.7117500000000054
2010-01-05,1.338249999999998
2010-01-06,0.8367499999999919
2010-01-07,-0.31500000000001627
2010-01-08,0.4950000000000091
2010-01-11,-0.5679999999999974
2010-01-12,3.4625000000001207
2010-01-13,-0.20425000000023397
2010-01-14,1.2542500000001378
2010-01-15,1.629499999999985
2010-01-18,0.0
2010-01-19,0.1402499999998692
2010-01-20,-0.3652499999998439
2010-01-21,-1.0575000000000423
2010-01-22,0.6014999999998888
2010-01-25,0.39375000000013716
2010-01-26,0.667499999999968
2010-01-27,-1.7812500000000033
2010-01-28,-0.743750000000003
2010-01-29,0.9247499999998953
2010-02-01,1.0849999999999889
2010-02-02,-0.11599999999983475
2010-02-03,-0.6550000000000444
2010-02-04,0.7870000000000041
2010-02-05,1.0100000000000606
2010-02-08,-1.32000000000005
2010-02-09,0.0779999999998341
2010-02-10,-1.4949999999999888
2010-02-11,0.46300000000000546
2010-02-12,1.4000000000002049
2010-02-15,0.0
2010-02-16,0.664999999999935
2010-02-17,-1.1329999999999534
2010-02-18,-0.5299999999999853
2010-02-19,-0.6270000000000485
2010-02-22,-0.8579999999999495
2010-02-23,0.5349999999999955
2010-02-24,1.3199999999998133
2010-02-25,2.122999999999988
2010-02-26,0.5700000000001788
2010-03-01,1.0699999999998007
2010-03-02,0.13300000000000814
2010-03-03,-0.05499999999999054
2010-03-04,1.1400000000000154
2010-03-05,-0.038999999999862575
2010-03-08,-0.8159999999997665
2010-03-09,1.494999999999577
2010-03-10,0.32000000000042106
2010-03-11,-0.24000000000019264
2010-03-12,0.7649999999997951
2010-03-15,0.11500000000001603
2010-03-16,1.507000000000234
2010-03-17,0.559999999999987
2010-03-18,-1.7299999999997897
2010-03-19,-1.6050000000002431
2010-03-22,1.8770000000003084
2010-03-23,2.5579999999996783
2010-03-24,-4.997999999999705
2010-03-25,0.011249999999741522
2010-03-26,1.3630000000002407
2010-03-29,0.7569999999997565
2010-03-30,1.409000000000012
2010-03-31,2.4860000000000055
2010-04-01,-0.8950000000000388
2010-04-02,-0.25999999999999257
2010-04-05,-2.9099999999999904
2010-04-06,2.4940000000002756
2010-04-07,-0.005000000000278487
2010-04-08,2.3899999999999904
2010-04-09,0.6925000000000257
2010-04-12,2.162500000000233
2010-04-13,-0.07625000000005876
2010-04-14,-1.6662500000001856
2010-04-15,-0.518749999999801
2010-04-16,-0.5949999999999518
2010-04-19,2.8374999999999724
2010-04-20,-0.6225000000000015
2010-04-21,1.8262499999999746
2010-04-22,-2.0512499999999694
2010-04-23,1.669999999999984
2010-04-26,1.5800000000000065
2010-04-27,-1.2062499999999714
2010-04-28,-3.1374999999999886
2010-04-29,3.4499999999997533
2010-04-30,-1.8924999999997867
2010-05-03,0.5237499999999707
2010-05-04,-3.427500000000192
2010-05-05,-1.8524999999999636
2010-05-06,-0.669000000000013
2010-05-07,2.2077500000002015
2010-05-10,0.9050000000000026
2010-05-11,-1.1072500000000112
2010-05-12,0.5024999999999993
2010-05-13,0.6949999999998349
2010-05-14,2.1524999999999626
2010-05-17,0.3149999999999961
2010-05-18,0.16000000000024267
2010-05-19,-0.2887500000002456
2010-05-20,1.0437500000002098
2010-05-21,0.6399999999997846
2010-05-24,-0.6799999999998114
2010-05-25,0.780000000000009
2010-05-26,-2.3000000000000824
2010-05-27,-1.6549999999998648
2010-05-28,2.608999999999801
2010-05-31,0.0
2010-06-01,0.6309999999999605
2010-06-02,0.37500000000023975
2010-06-03,-0.6410000000000146
2010-06-04,4.490999999999771
2010-06-07,1.4300000000001856
2010-06-08,0.03899999999982347
2010-06-09,-0.0649999999998257
2010-06-10,-2.8700000000000014
2010-06-11,1.2609999999998613
2010-06-14,-0.9750000000000462
2010-06-15,-0.20399999999979893
2010-06-16,0.21400000000001085
2010-06-17,2.0959999999998304
2010-06-18,-0.6150000000000447
2010-06-21,1.0140000000000058
2010-06-22,1.7549999999999863
2010-06-23,1.5850000000000044
2010-06-24,-0.19999999999995155
2010-06-25,1.420000000000004
2010-06-28,3.209999999999995
2010-06-29,1.6049999999999358
2010-06-30,-4.960999999999953
2010-07-01,-2.2239999999999953
2010-07-02,-1.5350000000000563
2010-07-05,0.0
2010-07-06,2.8150000000000626
2010-07-07,-0.5049999999999901
2010-07-08,-0.9800000000000615
2010-07-09,-0.8549999999999811
2010-07-12,-2.1141204342711716e-13
2010-07-13,0.12400000000018735
2010-07-14,0.9060000000000368
2010-07-15,1.035000000000009
2010-07-16,0.8689999999999938
2010-07-19,1.0409999999999917
2010-07-20,1.8090000000000168
2010-07-21,0.05999999999996953
2010-07-22,0.6259999999997908
2010-07-23,-0.9459999999998319
2010-07-26,0.8700000000000034
2010-07-27,-0.9250000000001801
2010-07-28,0.6800000000002547
2010-07-29,0.9000000000001875
2010-07-30,1.330999999999787
2010-08-02,0.12400000000004666
2010-08-03,2.046999999999941
2010-08-04,-2.159999999999981
2010-08-05,0.12000000000022046
2010-08-06,0.2979999999995557
2010-08-09,1.148
2010-08-10,2.1620000000001802
2010-08-11,0.32799999999982066
2010-08-12,-1.8399999999998142
2010-08-13,-0.09299999999996407
2010-08-16,2.9079999999999413
2010-08-17,-1.179999999999968
2010-08-18,-0.9849999999999584
2010-08-19,0.8950000000000305
2010-08-20,-2.6130000000000897
2010-08-23,-0.3849999999999879
2010-08-24,2.6979999999998006
2010-08-25,-1.7199999999995526
2010-08-26,-0.7750000000002523
2010-08-27,-3.16999999999996
2010-08-30,1.4500000000001987
2010-08-31,0.659999999999614
2010-09-01,-1.2569999999996497
2010-09-02,-0.3750000000003899
2010-09-03,-1.600000000000013
2010-09-06,0.0
2010-09-07,1.7350000000001835
2010-09-08,-0.4100000000000015
2010-09-09,-3.0540000000000216
2010-09-10,-0.37500000000015293
2010-09-13,1.8889999999999878
2010-09-14,1.8240000000002314
2010-09-15,-0.6589999999998277
2010-09-16,-0.9110000000003884
2010-09-17,0.5000000000002341
2010-09-20,0.884999999999729
2010-09-21,3.410000000000199
2010-09-22,1.1599999999998203
2010-09-23,-0.032999999999773516
2010-09-24,-0.05700000000024665
2010-09-27,2.536999999999996
2010-09-28,1.0150000000000068
2010-09-29,-0.2299999999999909
2010-09-30,-1.2490000000000112
2010-10-01,0.49400000000027305
2010-10-04,0.9009999999997391
2010-10-05,1.435000000000008
2010-10-06,1.5150000000002715
2010-10-07,-0.20500000000028393
2010-10-08,2.7000000000000357
2010-10-11,0.23999999999999838
2010-10-12,-0.44000000000001155
2010-10-13,1.2050000000002794
2010-10-14,-3.1850000000000795
2010-10-15,-0.4909999999999607
2010-10-18,2.875999999999999
2010-10-19,-1.0949999999999704
2010-10-20,1.9389999999997312
2010-10-21,-0.9690000000000106
2010-10-22,-0.34999999999981196
2010-10-25,-0.010999999999970077
2010-10-26,-3.4239999999999395
2010-10-27,-2.815000000000292
2010-10-28,3.7662500000001917
2010-10-29,2.1327500000000423
2010-11-01,0.6985000000000617
2010-11-02,0.9124999999999942
2010-11-03,1.0687500000000127
2010-11-04,4.787749999999699
2010-11-05,-0.4492499999997002
2010-11-08,-1.3400000000002819
2010-11-09,-3.5229999999998243
2010-11-10,1.358000000000082
2010-11-11,-2.03300000000001
2010-11-12,-5.511000000000217
2010-11-15,-1.8739999999998207
2010-11-16,-4.139999999999958
2010-11-17,1.818999999999973
2010-11-18,0.6930000000000315
2010-11-19,-0.6680000000002144
2010-11-22,1.4280000000001782
2010-11-23,-1.023000000000024
2010-11-24,-1.2199999999999354
2010-11-25,0.0
2010-11-26,-1.1799999999999897
2010-11-29,0.8137499999999738
2010-11-30,0.8199999999999682
2010-12-01,-1.7074999999999947
2010-12-02,-0.553749999999989
2010-12-03,0.5249999999998239
2010-12-06,1.7937500000001958
2010-12-07,-5.905000000000037
2010-12-08,-0.6924999999999729
2010-12-09,-1.1950000000000032
2010-12-10,-0.9275000000000304
2010-12-13,2.010000000000039
2010-12-14,-2.150000000000123
2010-12-15,-2.7699999999999108
2010-12-16,1.2900000000000265
2010-12-17,2.434999999999989
2010-12-20,0.2524999999999813
2010-12-21,0.7800000000000005
2010-12-22,0.7025000000000139
2010-12-23,-1.3099999999999856
2010-12-24,0.0
2010-12-27,0.3599999999998806
2010-12-28,-1.2450000000000039
2010-12-29,1.8000000000001053
2010-12-30,-0.9275000000001096
2010-12-31,2.066250000000133
2011-01-03,0.16874999999999282
2011-01-04,-0.5187499999999885
2011-01-05,0.41874999999998364
2011-01-06,-0.30375000000011854
2011-01-07,0.13975000000009805
2011-01-10,0.8412500000000288
2011-01-11,0.8627499999999936
2011-01-12,2.4782500000000067
2011-01-13,0.8537499999998901
2011-01-14,1.6000000000000894
2011-01-17,0.0
2011-01-18,0.3867499999998917
2011-01-19,-2.0479999999998704
2011-01-20,0.49674999999999564
2011-01-21,1.8732499999998977
2011-01-24,0.19925000000000148
2011-01-25,-1.203000000000014
2011-01-26,2.148250000000121
2011-01-27,-0.5682500000000077
2011-01-28,-3.1392500000001164
2011-01-31,2.5512499999999987
2011-02-01,2.4400000000001043
2011-02-02,-0.8055000000000987
2011-02-03,-1.6462499999998907
2011-02-04,1.371249999999991
2011-02-07,-0.25849999999997325
2011-02-08,-1.0000000000000233
2011-02-09,1.383499999999984
2011-02-10,-0.48724999999996765
2011-02-11,1.9209999999998661
2011-02-14,-1.7949999999999011
2011-02-15,-4.425749999999955
2011-02-16,1.1932499999999842
2011-02-17,6.078749999999879
2011-02-18,-0.9812499999999033
2011-02-21,0.0
2011-02-22,-5.074499999999966
2011-02-23,0.08449999999995698
2011-02-24,-0.46124999999996763
2011-02-25,3.642499999999978
2011-02-28,1.2617499999999162
2011-03-01,-0.4004999999998821
2011-03-02,0.14499999999987268
2011-03-03,1.712500000000006
2011-03-04,0.19250000000009312
2011-03-07,-0.6645000000000871
2011-03-08,0.5344999999999933
2011-03-09,2.3005000000001137
2011-03-10,-3.722500000000101
2011-03-11,-0.5499999999999291
2011-03-14,0.676999999999919
2011-03-15,-6.72699999999988
2011-03-16,-0.6399999999999986
2011-03-17,4.2799999999999905
2011-03-18,2.891000000000138
2011-03-21,1.652500000000026
2011-03-22,0.24900000000001343
2011-03-23,-0.5375000000000398
2011-03-24,0.5850000000000094
2011-03-25,-2.215000000000029
2011-03-28,-1.6124999999999696
2011-03-29,-0.2099999999999801
2011-03-30,0.6924999999999845
2011-03-31,3.965999999999867
2011-04-01,2.27499999999999
2011-04-04,1.1850000000001535
2011-04-05,-0.2645000000001606
2011-04-06,-0.2825000000000223
2011-04-07,0.15500000000001543
2011-04-08,1.8950000000000182
2011-04-11,0.0625
2011-04-12,-2.7025000000000388
2011-04-13,2.8075000000000188
2011-04-14,2.2750000000001376
2011-04-15,2.4925000000000206
2011-04-18,1.6999999999998705
2011-04-19,2.639999999999997
2011-04-20,-2.682499999999851
2011-04-21,1.7287499999998623
2011-04-22,0.0
2011-04-25,3.328500000000096
2011-04-26,0.8175000000000207
2011-04-27,-1.220999999999993
2011-04-28,-3.4875000000001406
2011-04-29,7.256999999999977
2011-05-02,-1.1424999999998504
2011-05-03,-1.4562500000001526
2011-05-04,-0.14499999999999635
2011-05-05,-2.8299999999998278
2011-05-06,0.8050000000000318
2011-05-09,3.0929999999999764
2011-05-10,0.03600000000003584
2011-05-11,-4.681000000000038
2011-05-12,0.2800000000000244
2011-05-13,-1.3337500000002347
2011-05-16,1.9799999999999622
2011-05-17,3.279000000000292
2011-05-18,0.4534999999999563
2011-05-19,1.0862500000000632
2011-05-20,1.650249999999725
2011-05-23,-1.1489999999999818
2011-05-24,0.32024999999994086
2011-05-25,1.5270000000000115
2011-05-26,3.4167500000002677
2011-05-27,2.3224999999997014
2011-05-30,0.0
2011-05-31,0.22750000000025603
2011-06-01,2.324499999999996
2011-06-02,1.3579999999997958
2011-06-03,-0.11550000000003602
2011-06-06,-4.269499999999759
2011-06-07,1.9224999999997783
2011-06-08,3.1645000000003027
2011-06-09,1.9424999999996535
2011-06-10,-1.0229999999999853
2011-06-13,-1.514500000000023
2011-06-14,-5.300000000000005
2011-06-15,-0.8349999999996828
2011-06-16,-1.2257500000000305
2011-06-17,1.8549999999997877
2011-06-20,0.34999999999994247
2011-06-21,3.470000000000036
2011-06-22,-3.9050000000002485
2011-06-23,0.4199999999999971
2011-06-24,-0.4799999999997135
2011-06-27,-1.5390000000000166
2011-06-28,0.3799999999999785
2011-06-29,-1.2550000000000394
2011-06-30,-4.800999999999949
2011-07-01,-2.9800000000000195
2011-07-04,0.0
2011-07-05,3.8159999999999963
2011-07-06,0.8189999999997907
2011-07-07,-0.04499999999980755
2011-07-08,5.395999999999996
2011-07-11,3.2741809263825414e-14
2011-07-12,2.748999999999794
2011-07-13,4.025000000000182
2011-07-14,-1.6990000000000098
2011-07-15,1.640000000000056
2011-07-18,-0.3850000000000307
2011-07-19,2.0600000000000036
2011-07-20,-1.7810000000001927
2011-07-21,-1.155000000000022
2011-07-22,2.081000000000251
2011-07-25,-1.2900000000002072
2011-07-26,3.159999999999972
2011-07-27,-1.4399999999997777
2011-07-28,-0.6150000000002211
2011-07-29,1.8500000000000312
2011-08-01,3.6149999999999856
2011-08-02,5.160000000000001
2011-08-03,-0.5899999999999993
2011-08-04,-0.9049999999997607
2011-08-05,-3.695000000000214
2011-08-08,-2.2399999999998563
2011-08-09,2.725000000000029
2011-08-10,2.5462499999997816
2011-08-11,2.660500000000048
2011-08-12,0.8984999999999634
2011-08-15,0.7740000000000029
2011-08-16,1.5487500000002266
2011-08-17,1.3124999999998013
2011-08-18,-1.6537499999998158
2011-08-19,1.4087500000000277
2011-08-22,0.006249999999943247
2011-08-23,0.5912499999999928
2011-08-24,-2.7999999999999985
2011-08-25,0.4125000000000057
2011-08-26,4.72625000000003
2011-08-29,-0.5710000000000185
2011-08-30,1.8112499999998117
2011-08-31,-0.5437499999998275
2011-09-01,-2.1340000000001744
2011-09-02,3.663750000000189
2011-09-05,0.0
2011-09-06,-1.6050000000000175
2011-09-07,-1.0775000000001327
2011-09-08,-1.0200000000000269
2011-09-09,0.7050000000000131
2011-09-12,-0.9649999999997743
2011-09-13,-3.4320000000000657
2011-09-14,-0.22299999999994702
2011-09-15,-4.258000000000024
2011-09-16,-1.1529999999999556
2011-09-19,2.3779999999999486
2011-09-20,-0.3929999999999987
2011-09-21,-0.40999999999994247
2011-09-22,-1.1510000000002327
2011-09-23,-3.3289999999997875
2011-09-26,-1.441000000000044
2011-09-27,-1.3949999999999323
2011-09-28,-1.6790000000000447
2011-09-29,0.4639999999998126
2011-09-30,-3.1649999999997616
2011-10-03,2.2809999999999895
2011-10-04,-0.6849999999999659
2011-10-05,-1.3849999999998523
2011-10-06,-1.4500000000003979
2011-10-07,-2.1799999999997954
2011-10-10,-2.83750000000004
2011-10-11,3.4375
2011-10-12,-0.7800000000000056
2011-10-13,1.6187499999998525
2011-10-14,-0.8049999999998294
2011-10-17,1.4325000000002162
2011-10-18,0.6212499999998238
2011-10-19,-0.14125000000004545
2011-10-20,-0.09874999999996022
2011-10-21,0.06375
2011-10-24,-0.43500000000000566
2011-10-25,2.6524999999999563
2011-10-26,-1.964999999999925
2011-10-27,-2.745000000000056
2011-10-28,2.624999999999994
2011-10-31,2.2474999999997998
2011-11-01,2.5950000000001876
2011-11-02,0.4350000000000171
2011-11-03,-0.17374999999996021
2011-11-04,0.6337500000001536
2011-11-07,0.5612499999997727
2011-11-08,-1.1149999999999771
2011-11-09,-0.04624999999994889
2011-11-10,-2.482499999999841
2011-11-11,-2.014375000000404
2011-11-14,1.1856250000001594
2011-11-15,0.7400000000002387
2011-11-16,0.4262499999997783
2011-11-17,-1.0362499999999433
2011-11-18,-0.8875000000000056
2011-11-21,-0.3825
2011-11-22,0.4024999999999562
2011-11-23,0.1862499999997999
2011-11-24,0.0
2011-11-25,-1.5199999999997562
2011-11-28,0.6199999999997373
2011-11-29,-0.23250000000000628
2011-11-30,-0.505
2011-12-01,-0.9099999999996863
2011-12-02,1.0299999999999523
2011-12-05,0.15500000000023875
2011-12-06,-0.12000000000027967
2011-12-07,2.1650000000000547
2011-12-08,1.9700000000000273
2011-12-09,-2.065000000000082
2011-12-12,0.5899999999997817
2011-12-13,0.7950000000002252
2011-12-14,-0.1499999999999932
2011-12-15,-0.2850000000002388
2011-12-16,1.7300000000000273
2011-12-19,0.7149999999999926
2011-12-20,-1.6350000000000295
2011-12-21,-0.2800000000000148
2011-12-22,-0.26999999999994084
2011-12-23,-1.904999999999734
2011-12-26,0.0
2011-12-27,0.9049999999999483
2011-12-28,2.679999999999734
2011-12-29,0.655000000000266
2011-12-30,1.3099999999997118
2012-01-02,0.0
2012-01-03,-1.3110000000000153
2012-01-04,-0.17499999999968877
2012-01-05,0.07099999999977763
2012-01-06,0.5889999999999632
2012-01-09,1.1300000000002512
2012-01-10,-0.3440000000002583
2012-01-11,1.2399999999999711
2012-01-12,-2.4749999999999344
2012-01-13,1.1900000000002147
2012-01-16,0.0
2012-01-17,0.16499999999975595
2012-01-18,-1.8849999999997045
2012-01-19,-0.9860000000003395
2012-01-20,-1.9249999999999599
2012-01-23,-0.5599999999996896
2012-01-24,1.240000000000015
2012-01-25,3.7649999999996986
2012-01-26,2.685000000000247
2012-01-27,1.1700000000000614
2012-01-30,-0.1849999999999989
2012-01-31,1.1849999999996785
2012-02-01,0.9000000000000066
2012-02-02,1.083000000000006
2012-02-03,-2.0039999999999445
2012-02-06,0.8490000000002406
2012-02-07,-2.465000000000324
2012-02-08,-0.404999999999946
2012-02-09,-1.4960000000000162
2012-02-10,-0.21900000000002875
2012-02-13,0.9650000000000372
2012-02-14,0.007999999999968713
2012-02-15,-0.5249999999999886
2012-02-16,-0.4899999999997501
2012-02-17,-0.20999999999996077
2012-02-20,0.0
2012-02-21,-1.5200000000003049
2012-02-22,0.6400000000003063
2012-02-23,-0.3480000000002785
2012-02-24,-0.937000000000019
2012-02-27,1.7700000000002598
2012-02-28,1.2150000000000138
2012-02-29,-0.1500000000000161
2012-03-01,-0.6049999999999585
2012-03-02,1.8519999999997399
2012-03-05,-0.994999999999721
2012-03-06,-1.0600000000002652
2012-03-07,-0.40700000000001296
2012-03-08,0.6950000000002917
2012-03-09,0.3199999999999225
2012-03-12,-0.30999999999999367
2012-03-13,-0.7540000000002827
2012-03-14,-5.195999999999645
2012-03-15,1.7789999999996875
2012-03-16,-0.4212499999997785
2012-03-19,-2.451500000000004
2012-03-20,-2.457499999999961
2012-03-21,1.0377499999997584
2012-03-22,-0.15674999999998301
2012-03-23,1.4400000000001731
2012-03-26,0.6087499999999031
2012-03-27,1.052499999999991
2012-03-28,-2.9007500000000626
2012-03-29,-0.8662500000000753
2012-03-30,0.9237500000000209
2012-04-02,1.9725000000002213
2012-04-03,-2.965500000000104
2012-04-04,1.2887499999998768
2012-04-05,1.3605000000000211
2012-04-06,1.7957500000002025
2012-04-09,0.9004999999998134
2012-04-10,-1.910500000000031
2012-04-11,0.04749999999999377
2012-04-12,0.420000000000212
2012-04-13,-1.2535000000001981
2012-04-16,-1.222499999999954
2012-04-17,0.601249999999944
2012-04-18,-0.08124999999994152
2012-04-19,1.423749999999953
2012-04-20,0.00750000000010441
2012-04-23,1.3600000000001198
2012-04-24,-1.043750000000018
2012-04-25,-0.6364999999999494
2012-04-26,0.22524999999984266
2012-04-27,1.9312500000001227
2012-04-30,0.6599999999997836
2012-05-01,-0.5839999999997851
2012-05-02,-0.5360000000002361
2012-05-03,-0.4599999999999969
2012-05-04,-0.03900000000003838
2012-05-07,0.31900000000000484
2012-05-08,-0.004999999999989177
2012-05-09,-1.6789999999999985
2012-05-10,-1.6359999999999493
2012-05-11,0.4297500000002194
2012-05-14,0.742500000000013
2012-05-15,0.12624999999972455
2012-05-16,1.5867499999999377
2012-05-17,1.2475000000000187
2012-05-18,0.7937500000000681
2012-05-21,0.12000000000028213
2012-05-22,-2.9300000000003004
2012-05-23,1.367749999999949
2012-05-24,-1.8649999999999487
2012-05-25,1.3475000000000095
2012-05-28,0.0
2012-05-29,-0.19500000000007275
2012-05-30,3.378750000000355
2012-05-31,1.3387500000000272
2012-06-01,1.5137499999996635
2012-06-04,-0.8662500000000363
2012-06-05,-1.272499999999609
2012-06-06,-1.4572500000000357
2012-06-07,1.8099999999997083
2012-06-08,0.9360000000000084
2012-06-11,0.2687500000002985
2012-06-12,-2.8310000000003837
2012-06-13,0.9300000000000339
2012-06-14,-0.04524999999993161
2012-06-15,0.5272500000002471
2012-06-18,2.1652499999997197
2012-06-19,1.5600000000003498
2012-06-20,-0.8914999999999494
2012-06-21,-0.5174999999999996
2012-06-22,-1.0697500000003761
2012-06-25,4.4660000000003155
2012-06-26,1.3399999999999996
2012-06-27,0.7187499999996505
2012-06-28,1.7840000000003922
2012-06-29,-1.393750000000017
2012-07-02,3.3662499999996762
2012-07-03,0.14999999999999145
2012-07-04,0.0
2012-07-05,3.571000000000367
2012-07-06,0.07249999999988067
2012-07-09,3.9948500000000466
2012-07-10,-0.5345999999999446
2012-07-11,-1.1504999999999996
2012-07-12,2.332999999999629
2012-07-13,0.27324999999998073
2012-07-16,3.991250000000026
2012-07-17,-1.0312499999997162
2012-07-18,2.0662500000000996
2012-07-19,-1.4605000000000115
2012-07-20,2.4549999999999477
2012-07-23,-1.1045000000003649
2012-07-24,-0.36874999999968205
2012-07-25,1.462340000000034
2012-07-26,-1.0790800000000353
2012-07-27,-1.0174999999998948
2012-07-30,3.9229999999999623
2012-07-31,-0.4675000000000669
2012-08-01,-2.603170000000334
2012-08-02,0.5906700000003822
2012-08-03,-0.8605000000003548
2012-08-06,1.0462500000003383
2012-08-07,-3.024500000000047
2012-08-08,1.7775000000000678
2012-08-09,1.062499999999933
2012-08-10,-0.7154999999999833
2012-08-13,-2.2688999999999697
2012-08-14,-2.068600000000335
2012-08-15,-0.5061499999996641
2012-08-16,-0.6873500000003393
2012-08-17,0.6450000000000171
2012-08-20,2.4008500000003203
2012-08-21,1.8051499999999814
2012-08-22,2.5200000000000546
2012-08-23,-1.3800000000000396
2012-08-24,-1.2250000000002874
2012-08-27,0.0950000000003015
2012-08-28,-0.03000000000034106
2012-08-29,0.915000000000344
2012-08-30,0.2889999999996646
2012-08-31,2.4248500000000046
2012-09-03,0.0
2012-09-04,0.06099999999998927
2012-09-05,-1.289850000000017
2012-09-06,-0.9459999999999751
2012-09-07,2.010000000000033
2012-09-10,-2.7639999999999976
2012-09-11,-0.48999999999972155
2012-09-12,-2.6561499999999976
2012-09-13,3.730149999999658
2012-09-14,-0.47899999999968457
2012-09-17,-5.098999999999998
2012-09-18,-0.5509999999999807
2012-09-19,2.360000000000005
2012-09-20,-1.3239999999999208
2012-09-21,0.9139999999999376
2012-09-24,0.04199999999994316
2012-09-25,0.5699999999997027
2012-09-26,-0.7469999999996929
2012-09-27,-0.7299999999999391
2012-09-28,3.5550000000000073
2012-10-01,1.134999999999653
2012-10-02,-0.5051499999996902
2012-10-03,0.8781599999999933
2012-10-04,0.07984000000000468
2012-10-05,-2.719840000000359
2012-10-08,0.2619919999999708
2012-10-09,-1.0219919999995826
2012-10-10,-0.9930000000003839
2012-10-11,3.2649999999999952
2012-10-12,-1.2749999999996269
2012-10-15,-0.8210000000004014
2012-10-16,-1.2839999999999316
2012-10-17,-1.9887500000000693
2012-10-18,-0.03766999999996262
2012-10-19,1.0301700000003122
2012-10-22,-1.7360000000003466
2012-10-23,0.2100000000003426
2012-10-24,0.8810000000000952
2012-10-25,-2.399999999999981
2012-10-26,1.9199999999998862
2012-10-29,0.11400000000002401
2012-10-30,-0.6490000000000238
2012-10-31,1.4840000000001088
2012-11-01,0.49100000000000155
2012-11-02,-0.3900000000000708
2012-11-05,0.5098499999996855
2012-11-06,-0.16984999999998926
2012-11-07,2.3550000000003415
2012-11-08,-0.3950000000003367
2012-11-09,-1.3100000000000105
2012-11-12,-1.9100080000000452
2012-11-13,0.44400800000005447
2012-11-14,-0.8689999999999946
2012-11-15,-0.08499999999976349
2012-11-16,1.5800000000000751
2012-11-19,1.2489999999996628
2012-11-20,-0.01300000000001346
2012-11-21,-0.7319999999996576
2012-11-22,0.0
2012-11-23,0.7219999999996368
2012-11-26,0.49300000000000943
2012-11-27,1.5000000000002982
2012-11-28,1.3100000000000922
2012-11-29,0.4720000000000011
2012-11-30,0.19800000000000756
2012-12-03,0.026999999999925695
2012-12-04,0.5489999999996914
2012-12-05,1.6008399999999698
2012-12-06,0.19042000000037665
2012-12-07,-0.9701700000003769
2012-12-10,0.5551700000003801
2012-12-11,-1.2476700000003875
2012-12-12,-1.5733199999995424
2012-12-13,-2.590250000000115
2012-12-14,1.2850000000000075
2012-12-17,-2.0605000000003693
2012-12-18,-1.0882499999999504
2012-12-19,-1.6224999999996397
2012-12-20,-1.2000000000000064
2012-12-21,-1.2937500000004085
2012-12-24,-1.8324999999999294
2012-12-25,0.0
2012-12-26,-0.6062499999995645
2012-12-27,1.403749999999856
2012-12-28,0.3524999999996648
2012-12-31,0.8249999999999897
2013-01-01,0.0
2013-01-02,-1.1151799999999903
2013-01-03,-2.5048199999999903
2013-01-04,-2.5449999999996584
2013-01-07,0.3249999999996864
2013-01-08,1.1150000000000106
2013-01-09,2.0400000000000076
2013-01-10,0.3250000000003061
2013-01-11,-0.6800000000000013
2013-01-14,2.2500000000000258
2013-01-15,1.115000000000008
2013-01-16,0.5348299999996393
2013-01-17,-1.608999999999643
2013-01-18,-0.37982999999995
2013-01-21,0.03463875999999955
2013-01-22,0.8863364799996667
2013-01-23,-0.16434367999963667
2013-01-24,-0.5383616000000144
2013-01-25,-3.135031360000058
2013-01-28,-1.249902840000294
2013-01-29,0.09176520000024704
2013-01-30,0.4792663999999938
2013-01-31,0.13851170000005683
2013-02-01,1.4632031999999504
2013-02-04,-0.19837499999998115
2013-02-05,-0.3545543999999533
2013-02-06,-1.419407200000347
2013-02-07,-2.1306649599999963
2013-02-08,0.04364048000031148
2013-02-11,-0.9578004000003169
2013-02-12,0.5074036800002998
2013-02-13,-0.6531698400000148
2013-02-14,1.5719849600000222
2013-02-15,-0.6542670400000021
2013-02-18,0.0
2013-02-19,-0.23990000000030945
2013-02-20,-0.32510840000000724
2013-02-21,-0.5712471999999792
2013-02-22,1.284970600000284
2013-02-25,0.4783360000000539
2013-02-26,-0.7704893000000472
2013-02-27,1.3136223999996883
2013-02-28,0.8583124000003032
2013-03-01,0.1436820000000113
2013-03-04,-0.7427704000003156
2013-03-05,0.666440240000019
2013-03-06,-2.534458240000028
2013-03-07,-1.541564159999726
2013-03-08,0.7101043200000297
2013-03-11,2.033354880000054
2013-03-12,2.3812231199999476
2013-03-13,-0.04959175999974888
2013-03-14,0.10815869999974029
2013-03-15,1.9021087999999975
2013-03-18,1.0846640000000234
2013-03-19,0.1785039000000043
2013-03-20,1.5834939999998952
2013-03-21,-0.5177790000001599
2013-03-22,0.15748639999995614
2013-03-25,1.176288799999935
2013-03-26,0.12513450000000315
2013-03-27,1.666299900000333
2013-03-28,-4.629992000000277
2013-03-29,0.0
2013-04-01,0.184992000000268
2013-04-02,0.9849547599997291
2013-04-03,0.4087935600000427
2013-04-04,2.038012800000274
2013-04-05,2.4645878399996626
2013-04-08,-0.731165159999684
2013-04-09,1.6391785599999575
2013-04-10,-0.3441188000002308
2013-04-11,2.1127383999999605
2013-04-12,0.7228231999999707
2013-04-15,-4.266307919999677
2013-04-16,2.432820320000018
2013-04-17,-1.0528740000003203
2013-04-18,-1.6498680000000612
2013-04-19,0.7051534800004456
2013-04-22,-0.4075000000004175
2013-04-23,-0.32090080000003257
2013-04-24,1.4822636400000468
2013-04-25,0.9644538600000216
2013-04-26,0.944306879999993
2013-04-29,2.887199520000024
2013-04-30,-0.0974800000000551
2013-05-01,-0.2349999999996556
2013-05-02,1.0980079999996595
2013-05-03,-1.592382719999956
2013-05-06,-3.1089923200000147
2013-05-07,1.5279001600003013
2013-05-08,-0.3753673600002729
2013-05-09,0.9834260400000009
2013-05-10,-5.526283200000054
2013-05-13,0.008008600000413809
2013-05-14,-1.8211536000000825
2013-05-15,-0.6821097999999826
2013-05-16,1.328441599999697
2013-05-17,-3.7968790399997263
2013-05-20,0.7649920000000137
2013-05-21,-0.32543971999998206
2013-05-22,-2.722624800000023
2013-05-23,-0.2451694800000216
2013-05-24,-1.6735101599999478
2013-05-27,0.20142563999999813
2013-05-28,-3.377754840000289
2013-05-29,-0.35436900000000093
2013-05-30,-1.138775599999989
2013-05-31,-1.4761136800000145
2013-06-03,0.4993623999999716
2013-06-04,-0.48408895999999646
2013-06-05,-1.7171169999997469
2013-06-06,0.9982394399997729
2013-06-07,0.1570235199999682
2013-06-10,-2.7260270999999503
2013-06-11,0.9088923200001591
2013-06-12,-2.3215131999999725
2013-06-13,1.7134492799998253
2013-06-14,1.572468400000003
2013-06-17,-0.6801112000000112
2013-06-18,0.2922739200001347
2013-06-19,-3.1654855999999976
2013-06-20,-6.106851680000003
2013-06-21,-0.9757528799999858
2013-06-24,-1.6576372000000232
2013-06-25,0.012219999999918081
2013-06-26,1.0012736000000855
2013-06-27,1.1621868200000152
2013-06-28,-2.228171120000021
2013-07-01,-0.5066643200000499
2013-07-02,-0.3306105199999996
2013-07-03,-0.2296371999999358
2013-07-04,0.561526560000008
2013-07-05,-3.1915966400000717
2013-07-08,2.6660649600001207
2013-07-09,2.0635857999998746
2013-07-10,-0.37750000000000195
2013-07-11,2.254561040000063
2013-07-12,-1.7524047599999946
2013-07-15,0.5486387199999915
2013-07-16,0.8299681000000021
2013-07-17,0.10519968000000011
2013-07-18,0.23807840000000077
2013-07-19,0.17611113999998584
2013-07-22,-0.01872079999999528
2013-07-23,-0.962227200000043
2013-07-24,-1.5504918000000056
2013-07-25,-0.6724501599999404
2013-07-26,0.17452864000000237
2013-07-29,-0.6775300000000729
2013-07-30,0.10980402000001366
2013-07-31,0.20026796000004818
2013-08-01,-1.5864071999999771
2013-08-02,2.0382496000000003
2013-08-05,-0.37659172000007995
2013-08-06,-0.337309599999926
2013-08-07,-0.45489760000001184
2013-08-08,1.2215024000000039
2013-08-09,-0.39768320000006213
2013-08-12,0.3569109000000576
2013-08-13,-1.798751999999993
2013-08-14,0.34696808000000867
2013-08-15,-0.5601480000000072
2013-08-16,-0.9235734400000554
2013-08-19,-0.18558141999993297
2013-08-20,0.0382893999999289
2013-08-21,-1.6613789000000212
2013-08-22,-0.5063161399999097
2013-08-23,1.807986399999991
2013-08-26,0.7562567999999346
2013-08-27,-1.574128000000022
2013-08-28,-1.115113119999992
2013-08-29,0.3118984000000128
2013-08-30,-0.6889627199999478
2013-09-02,0.4661888000000037
2013-09-03,-1.1738791999999387
2013-09-04,-0.38190064000006485
2013-09-05,-1.0463113600000096
2013-09-06,1.724762079999951
2013-09-09,0.8524214400000101
2013-09-10,0.20904000000005196
2013-09-11,0.9927523200000155
2013-09-12,-0.2725737600000054
2013-09-13,-0.2200892799999806
2013-09-16,1.0765351999999258
2013-09-17,0.11874800000004464
2013-09-18,2.6913449599999435
2013-09-19,0.25435560000006896
2013-09-20,-0.6969670799999486
2013-09-23,0.28769423999988386
2013-09-24,0.31336272000006266
2013-09-25,0.2337946800000036
2013-09-26,-0.3489703999999475
2013-09-27,-0.2640044000000829
2013-09-30,-0.8371530200000771
2013-10-01,-0.3246427999999105
2013-10-02,0.42770416000000416
2013-10-03,-0.5262354799999406
2013-10-04,0.1582733599999256
2013-10-07,0.35749999999997806
2013-10-08,-1.2965992399999697
2013-10-09,-0.5347340000001165
2013-10-10,1.1605224399999823
2013-10-11,0.8931335600000991
2013-10-14,-0.6448207999999724
2013-10-15,1.089208799999888
2013-10-16,1.2816928000000973
2013-10-17,2.2334143999999867
2013-10-18,0.406152800000018
2013-10-21,-0.5507511999999971
2013-10-22,2.1713768000000164
2013-10-23,-0.7755812000001379
2013-10-24,-0.11249039999986167
2013-10-25,1.0553787999999986
2013-10-28,-0.31038957999997274
2013-10-29,0.532802839999973
2013-10-30,-0.9587772000001601
2013-10-31,-0.5351520200000089
2013-11-01,-1.864596559999882
2013-11-04,1.065223359999865
2013-11-05,-1.7205837599998113
2013-11-06,1.2537069999998376
2013-11-07,0.5924999999999794
2013-11-08,-2.063875639999817
2013-11-11,-0.2577654000000396
2013-11-12,-0.5579590199999829
2013-11-13,2.162944300000004
2013-11-14,1.981480319999827
2013-11-15,-0.09091375999998057
2013-11-18,1.2827728000000032
2013-11-19,-1.3205567200000021
2013-11-20,-0.4490679999998137
2013-11-21,0.8812101999999848
2013-11-22,0.48134707999982007
2013-11-25,0.4795542400001996
2013-11-26,1.0262359999999624
2013-11-27,-0.7626536000001721
2013-11-28,0.06687499999999794
2013-11-29,-0.6892813999999932
2013-12-02,-1.7236599999997888
2013-12-03,0.40192140000012716
2013-12-04,-1.3135776000001365
2013-12-05,-0.6542550000002051
2013-12-06,0.5766841599999969
2013-12-09,1.3282155200001482
2013-12-10,0.9674637600000513
2013-12-11,-2.0219846399999883
2013-12-12,-0.493750000000233
2013-12-13,0.7079623200002275
2013-12-16,0.46417483999996234
2013-12-17,0.2733995599998166
2013-12-18,0.9328582200002148
2013-12-19,-1.5493038800000365
2013-12-20,0.06359459999984465
2013-12-23,-0.3423900999998261
2013-12-24,-1.238750000000173
2013-12-25,0.0
2013-12-26,0.015000000000187447
2013-12-27,0.13968035999999034
2013-12-30,0.7974999999999408
2013-12-31,-0.5074999999999706
2014-01-01,0.0
2014-01-02,-0.3503987200000204
2014-01-03,0.3533363200000034
2014-01-06,0.25843096000003335
2014-01-07,1.3458827999999716
2014-01-08,-1.6513669199999643
2014-01-09,0.29568743999995417
2014-01-10,2.060087600000031
2014-01-13,0.19500000000001835
2014-01-14,-0.714797799999995
2014-01-15,-0.961847859999913
2014-01-16,0.2736005999998991
2014-01-17,0.6001939199999613
2014-01-20,0.6457511199999897
2014-01-21,-0.5619365999999602
2014-01-22,-0.7601877999999898
2014-01-23,0.5408117999999802
2014-01-24,-1.1718420000000136
2014-01-27,-0.4654921000000094
2014-01-28,1.3036150400000421
2014-01-29,0.10114820000010623
2014-01-30,-0.4977239200001018
2014-01-31,-0.04713256000000046
2014-02-03,-1.3091620000000341
2014-02-04,-0.5296851600000196
2014-02-05,-0.4329899999999532
2014-02-06,0.6167956000001272
2014-02-07,2.3245119999998742
2014-02-10,0.14993367999998078
2014-02-11,0.44621095999986105
2014-02-12,-1.500812719999895
2014-02-13,1.6858700800000477
2014-02-14,0.11711896000013484
2014-02-17,0.0
2014-02-18,0.852292959999861
2014-02-19,-0.8290990399999897
2014-02-20,-0.8030887199999994
2014-02-21,1.2544014999998423
2014-02-24,-0.15140800000001314
2014-02-25,1.0023320000001785
2014-02-26,0.10754400000001346
2014-02-27,0.8041769999999469
2014-02-28,-1.1750491199999504
2014-03-03,-1.5591381600000453
2014-03-04,0.25817700000003935
2014-03-05,0.22897887999994332
2014-03-06,-0.5942150399999325
2014-03-07,-2.1104198399999805
2014-03-10,0.38999741999991083
2014-03-11,0.03125000000005348
2014-03-12,0.6447377999999743
2014-03-13,0.8409268000002114
2014-03-14,-0.322830400000228
2014-03-17,0.1837404000000366
2014-03-18,0.8745493000001799
2014-03-19,-3.254624260000042
2014-03-20,0.0243878399999865
2014-03-21,0.31625000000006775
2014-03-24,-1.172111360000072
2014-03-25,0.8614320999999463
2014-03-26,1.177349260000134
2014-03-27,-0.01679728000002724
2014-03-28,-0.4988392400000393
2014-03-31,-0.04403738000001702
2014-04-01,0.3964649399999378
2014-04-02,-1.202254399999847
2014-04-03,0.20038168000000317
2014-04-04,0.9166134799999952
2014-04-07,1.6114085999999948
2014-04-08,0.19676255999986547
2014-04-09,0.6663016000000023
2014-04-10,1.0231255600001168
2014-04-11,-0.39297740000012565
2014-04-14,-0.39249999999984314
2014-04-15,-1.241309200000079
2014-04-16,0.578945120000046
2014-04-17,-1.3310150400000211
2014-04-18,0.0
2014-04-21,0.19250000000000186
2014-04-22,0.3367689600000329
2014-04-23,0.5424467999999841
2014-04-24,-0.1361899199999701
2014-04-25,-0.42068936000004337
2014-04-28,0.19889155999998906
2014-04-29,0.5796744000000242
2014-04-30,1.5820800399998813
2014-05-01,0.5512500000000816
2014-05-02,-0.2832850399999477
2014-05-05,-0.16932304000006432
2014-05-06,0.1691557599999929
2014-05-07,1.36931664000005
2014-05-08,1.4629498399998941
2014-05-09,-0.5333296800000135
2014-05-12,-0.6222431999999096
2014-05-13,1.7902544000000395
2014-05-14,1.4249999999999972
2014-05-15,-0.2999327999999885
2014-05-16,0.660910199999861
2014-05-19,0.43757796000000265
2014-05-20,0.5672672000000867
2014-05-21,-0.6906827999999126
2014-05-22,0.6685089199999001
2014-05-23,0.7910540400000514
2014-05-26,0.382026400000008
2014-05-27,-0.17183750000005182
2014-05-28,1.8573005600000636
2014-05-29,0.035985599999922215
2014-05-30,-1.282308199999989
2014-06-02,-2.255566799999882
2014-06-03,-1.9460420000000709
2014-06-04,-0.00136199999999144
2014-06-05,2.728516240000064
2014-06-06,-0.23864624000001203
2014-06-09,-1.4096213600001177
2014-06-10,-0.3724153200001021
2014-06-11,0.018539840000231882
2014-06-12,1.2990207999999903
2014-06-13,-1.3564892000001252
2014-06-16,-0.6233536000000173
2014-06-17,-1.37315199999993
2014-06-18,3.246588639999975
2014-06-19,0.4104865600000006
2014-06-20,-0.22610848000001346
2014-06-23,-0.47147919999999316
2014-06-24,0.7629973600000839
2014-06-25,0.5778515199999222
2014-06-26,0.6691100000000239
2014-06-27,0.4482099199999624
2014-06-30,1.429081920000037
2014-07-01,0.39734256000002327
2014-07-02,-1.350798000000035
2014-07-03,0.2647326000000097
2014-07-04,0.2595588800000295
2014-07-07,-0.6056876400000799
2014-07-08,0.15180716000007496
2014-07-09,2.049576879999986
2014-07-10,-0.7704697400000134
2014-07-11,1.0349999999999597
2014-07-14,0.06239899999998288
2014-07-15,0.04587532000005724
2014-07-16,0.4431357400000236
2014-07-17,-0.4467463599999933
2014-07-18,0.46248831999995327
2014-07-21,-0.19598311999995788
2014-07-22,1.8026241600000008
2014-07-23,-0.06380720000009912
2014-07-24,-1.140535959999916
2014-07-25,-0.17298794000002485
2014-07-28,-1.4600288599999771
2014-07-29,0.8546081200000436
2014-07-30,-3.2956189600001067
2014-07-31,-1.552927239999953
2014-08-01,0.2324329200000253
2014-08-04,0.14045695999998065
2014-08-05,0.13944560000005174
2014-08-06,0.017950499999913883
2014-08-07,0.9255821000000715
2014-08-08,1.0202793200000024
2014-08-11,0.2681439599999225
2014-08-12,0.25031636000000823
2014-08-13,1.7121300800000412
2014-08-14,0.4220190400000105
2014-08-15,-0.007087839999984044
2014-08-18,1.5035433999999912
2014-08-19,-0.17613003999998217
2014-08-20,-1.3183624000001082
2014-08-21,0.4657345600000943
2014-08-22,-1.3004544000000566
2014-08-25,1.1602201600000406
2014-08-26,1.1285646399999683
2014-08-27,0.37597759999999963
2014-08-28,-0.7315660799999801
2014-08-29,0.1611071999999656
2014-09-01,0.10528128000000098
2014-09-02,-1.1219673599999802
2014-09-03,2.806529999999953
2014-09-04,-0.12333800000000528
2014-09-05,-0.36799999999990796
2014-09-08,-0.2824228800000562
2014-09-09,-1.3581254799999924
2014-09-10,-0.8811064800000374
2014-09-11,0.024089340000040704
2014-09-12,-0.2569855199999371
2014-09-15,-0.4531283600000699
2014-09-16,0.4289534800000191
2014-09-17,-0.7379110400000217
2014-09-18,-0.07602800000000125
2014-09-19,2.6112604800000305
2014-09-22,0.41915584000002837
2014-09-23,0.05174527999993861
2014-09-24,-0.8109178399999373
2014-09-25,0.17743379999991876
2014-09-26,-0.48011191999990843
2014-09-29,-0.4324025600000321
2014-09-30,1.2619302400000287
2014-10-01,0.7175108799999736
2014-10-02,-1.0017719999999595
2014-10-03,-0.3182794800000079
2014-10-06,-0.1793410000000158
2014-10-07,-1.5635280399999967
2014-10-08,1.390699679999977
2014-10-09,-0.264190420000024
2014-10-10,0.6863705000000709
2014-10-13,-1.021842080000041
2014-10-14,-1.8721975999999694
2014-10-15,1.4162803999999938
2014-10-16,-0.7676544000000317
2014-10-17,0.4788619999999687
2014-10-20,0.25421344000005974
2014-10-21,-0.819233900000005
2014-10-22,0.15859963999999158
2014-10-23,-2.037613199999976
2014-10-24,0.7624179999999634
2014-10-27,-0.8910028000000493
2014-10-28,0.13703120000007474
2014-10-29,-2.4369999999999963
2014-10-30,0.9337863999999072
2014-10-31,-0.7866075999999937
2014-11-03,-0.4920294999999151
2014-11-04,0.7718943999999678
2014-11-05,-0.515845439999971
2014-11-06,-1.0003666200000343
2014-11-07,2.4604690599999546
2014-11-10,-1.2279676799999493
2014-11-11,-0.5044423999999993
2014-11-12,-0.17104911999999117
2014-11-13,-0.2577078000000658
2014-11-14,1.0752508000000442
2014-11-17,-0.26299487999997573
2014-11-18,1.2812096000000082
2014-11-19,-0.30948776000001094
2014-11-20,-0.7512856000000183
2014-11-21,0.924775200000003
2014-11-24,0.4320000000000039
2014-11-25,0.11668680000000746
2014-11-26,0.34395888000001074
2014-11-27,-0.1528743599999972
2014-11-28,1.0360957599999683
2014-12-01,-1.10457964
2014-12-02,-1.0430900000000525
2014-12-03,-0.023625399999898763
2014-12-04,-0.32842611999998333
2014-12-05,-2.007776800000124
2014-12-08,0.6119562400000871
2014-12-09,-0.4966324000000283
2014-12-10,1.2667229600000132
2014-12-11,-1.3384855999999514
2014-12-12,-0.6854794800001025
2014-12-15,-2.241140880000008
2014-12-16,2.060641400000099
2014-12-17,-1.9444271799999813
2014-12-18,-0.3502205200000147
2014-12-19,0.14844251999999483
2014-12-22,0.6604084000000041
2014-12-23,-1.4486479599999833
2014-12-24,0.2587499999999999
2014-12-25,0.0
2014-12-26,0.07749999999996363
2014-12-29,0.28792479999998044
2014-12-30,0.3217777600000468
2014-12-31,1.0260000000000102
2015-01-01,0.0
2015-01-02,1.0395283999997824
2015-01-05,0.08988216000002704
2015-01-06,1.2644640800001825
2015-01-07,0.7778518399998173
2015-01-08,0.09504911999998758
2015-01-09,0.022149460000092838
2015-01-12,1.2503679200000748
2015-01-13,1.55418471999985
2015-01-14,0.5327517200001717
2015-01-15,2.5403295999998043
2015-01-16,-1.7524039599999863
2015-01-19,0.5329312800000038
2015-01-20,-0.3627430399998223
2015-01-21,-0.5381484000002036
2015-01-22,-0.5158712399997952
2015-01-23,1.138256000000007
2015-01-26,-0.22018830000009088
2015-01-27,0.34566113999989295
2015-01-28,2.4678518399999954
2015-01-29,-0.20811167999980326
2015-01-30,2.347938860000034
2015-02-02,0.10038725999987753
2015-02-03,-3.67704232000009
2015-02-04,0.20677752000016486
2015-02-05,-0.323003639999999
2015-02-06,-3.2636081999999886
2015-02-09,-0.9220622800001568
2015-02-10,0.1596312999999924
2015-02-11,0.3652348800001438
2015-02-12,0.8027375999998636
2015-02-13,-0.7227643999998634
2015-02-16,-0.17143700000000062
2015-02-17,-2.042535639999981
2015-02-18,2.3353771999998334
2015-02-19,-0.9389815999998523
2015-02-20,0.29308287999987664
2015-02-23,1.3454547999999897
2015-02-24,1.4239907599999957
2015-02-25,0.11825912000014316
2015-02-26,-0.8088499200000061
2015-02-27,0.12080223999994166
2015-03-02,-0.3166650600000673
2015-03-03,-1.2013544799998797
2015-03-04,0.7067086399999457
2015-03-05,0.9904436799999233
2015-03-06,-1.2933852799998642
2015-03-09,0.6608967999998696
2015-03-10,0.17723520000001558
2015-03-11,1.075832840000111
2015-03-12,0.3438888599998781
2015-03-13,0.912753400000126
2015-03-16,0.9218150799999141
2015-03-17,0.43761290000011394
2015-03-18,0.8820830399999139
2015-03-19,-0.5845380799998943
2015-03-20,0.32495379999996993
2015-03-23,-0.7232260000000214
2015-03-24,0.6939320000000148
2015-03-25,-1.4966238000000136
2015-03-26,-0.3119914399999859
2015-03-27,0.6908628800000429
2015-03-30,0.812594319999962
2015-03-31,1.3576695999999575
2015-04-01,0.7182217200000378
2015-04-02,-0.941612880000012
2015-04-03,0.0
2015-04-06,0.7712499999999903
2015-04-07,0.5906905599999962
2015-04-08,0.10556020000002758
2015-04-09,0.34334407999995775
2015-04-10,0.8159672800000471
2015-04-13,0.6719514400000378
2015-04-14,0.05196147999998941
2015-04-15,0.013936500000021989
2015-04-16,-0.819982560000095
2015-04-17,-2.180159999999982
2015-04-20,1.0710958400000972
2015-04-21,0.41080567999999656
2015-04-22,-1.12730812000009
2015-04-23,0.3073530400000788
2015-04-24,1.6309808799999814
2015-04-27,1.2792397199999395
2015-04-28,-1.870603479999962
2015-04-29,-3.2907939999999765
2015-04-30,-0.11578008000005768
2015-05-01,-0.8509999999999719
2015-05-04,0.6872682599999947
2015-05-05,-2.017196480000009
2015-05-06,-1.2360597999999812
2015-05-07,1.2879171999999772
2015-05-08,2.133348639999972
2015-05-11,-1.3019805599999534
2015-05-12,-0.22290119999995894
2015-05-13,-0.851247200000028
2015-05-14,0.2876336599999631
2015-05-15,1.1972806599999979
2015-05-18,-1.0380268799999257
2015-05-19,0.868130159999918
2015-05-20,1.2819994200000113
2015-05-21,0.10045550000001127
2015-05-22,0.09412609999999248
2015-05-25,0.10200000000000005
2015-05-26,0.7782390200000534
2015-05-27,1.4790879599999507
2015-05-28,-0.47654959999997015
2015-05-29,-0.39612439999997406
2015-06-01,-0.8722268000000131
2015-06-02,-2.204838280000015
2015-06-03,-1.02168980000002
2015-06-04,-0.3709615999999647
2015-06-05,-0.8601378600000437
2015-06-08,-1.1448746999999926
2015-06-09,-0.34115919999998134
2015-06-10,1.6871386400000323
2015-06-11,0.9836571199999588
2015-06-12,0.07956729999999594
2015-06-15,0.7846684000000077
2015-06-16,-0.6287637999999754
2015-06-17,-1.2604825600000518
2015-06-18,0.8004234400000565
2015-06-19,1.303844399999993
2015-06-22,-1.0632065200000185
2015-06-23,-1.2273620999999675
2015-06-24,0.3194504599999467
2015-06-25,-2.223710599999966
2015-06-26,-1.696921999999988
2015-06-29,0.3893108999999836
2015-06-30,-3.600898400000004
2015-07-01,-0.4535820999999725
2015-07-02,-0.08762968000004628
2015-07-03,0.049553000000000284
2015-07-06,0.3120121200000329
2015-07-07,0.5008901999999837
2015-07-08,0.19867951999997327
2015-07-09,-0.4683621000000124
2015-07-10,-0.6367277399999562
2015-07-13,-0.7021777599999885
2015-07-14,1.2035276799999302
2015-07-15,0.4546083400000451
2015-07-16,0.18725855999999794
2015-07-17,0.32162332000001576
2015-07-20,0.5604883399999775
2015-07-21,0.03355648000004337
2015-07-22,0.31868597999996306
2015-07-23,0.39270582000002585
2015-07-24,0.5833811999999833
2015-07-27,1.001661199999993
2015-07-28,-0.22180116000000344
2015-07-29,0.1857400399999546
2015-07-30,-0.22862847999994165
2015-07-31,0.3230256999999182
2015-08-03,0.6600030000001057
2015-08-04,-0.562069999999996
2015-08-05,-0.12057704000002947
2015-08-06,0.2915000000000313
2015-08-07,-0.46059620000001417
2015-08-10,-1.1624014399999876
2015-08-11,1.6853340599999969
2015-08-12,0.799725359999979
2015-08-13,-0.508551760000032
2015-08-14,-0.26849999999997953
2015-08-17,0.5865000000000297
2015-08-18,-0.4889106400000229
2015-08-19,1.2773577599999943
2015-08-20,0.008897939999982084
2015-08-21,1.2880009200000586
2015-08-24,0.029445279999964633
2015-08-25,-0.5768164400000151
2015-08-26,-0.151089600000016
2015-08-27,-0.5518763999999715
2015-08-28,-0.288268480000056
2015-08-31,0.36004048000004407
2015-09-01,0.785820400000015
2015-09-02,0.035764399999918955
2015-09-03,1.0375016000001132
2015-09-04,1.0696140400000154
2015-09-07,0.058012799999919096
2015-09-08,-1.7855370399999644
2015-09-09,0.3246279999999746
2015-09-10,-1.2637692800000597
2015-09-11,-0.8990862999998759
2015-09-14,-0.5594999999999981
2015-09-15,-1.6621572200001662
2015-09-16,-0.7029663999998613
2015-09-17,1.8043167999999314
2015-09-18,2.28007840000005
2015-09-21,-1.3066284000000803
2015-09-22,2.3552399200001237
2015-09-23,-0.2615307200001116
2015-09-24,-0.31595743999992454
2015-09-25,-0.3772792000000329
2015-09-28,1.7402687999999922
2015-09-29,0.48407919999999044
2015-09-30,-0.4304511999999762
2015-10-01,-0.027829760000007628
2015-10-02,-0.20190371999999882
2015-10-05,-1.2622488000000176
2015-10-06,-0.450126400000002
2015-10-07,-0.5333135999999747
2015-10-08,-0.6662685999999769
2015-10-09,0.8931007999999905
2015-10-12,0.6654752000000524
2015-10-13,0.9686230599999155
2015-10-14,1.6590000000000187
2015-10-15,-1.3562696799999803
2015-10-16,-0.6344379999999741
2015-10-19,0.24854759999992296
2015-10-20,-0.30465607999999883
2015-10-21,0.5230393200000708
2015-10-22,-0.547369200000001
2015-10-23,-0.29093187999999726
2015-10-26,-0.2249229400000016
2015-10-27,0.6253101999999998
2015-10-28,-0.48549220000000076
2015-10-29,0.19433392000000277
2015-10-30,0.024150279999998622
2015-11-02,-2.220105219999991
2015-11-03,-0.545085479999981
2015-11-04,-0.046467280000104715
2015-11-05,0.2757929200000931
2015-11-06,-1.6740000000000648
2015-11-09,0.6659595799999567
2015-11-10,0.9654862400000368
2015-11-11,-0.4198307999999822
2015-11-12,0.3951705999999735
2015-11-13,1.2032609200000153
2015-11-16,-0.044407960000013735
2015-11-17,0.3963020799999941
2015-11-18,-0.34205700000000605
2015-11-19,0.2536900400000465
2015-11-20,-0.34948327999999373
2015-11-23,-0.4952124800000582
2015-11-24,0.6205424800000542
2015-11-25,-0.23952687999997452
2015-11-26,0.28923712000000046
2015-11-27,0.8876578399999477
2015-11-30,-0.6532047599999655
2015-12-01,0.3822751400000146
2015-12-02,-0.2970164400000346
2015-12-03,-2.6398236799999766
2015-12-04,-0.4715968000000479
2015-12-07,1.839168040000058
2015-12-08,0.06918627999994525
2015-12-09,0.04227580000002988
2015-12-10,-0.8488856400000612
2015-12-11,1.7788506000000481
2015-12-14,-1.211315920000009
2015-12-15,-0.4766380000000072
2015-12-16,0.23919688000004366
2015-12-17,-0.15290384000008
2015-12-18,0.5109383000000053
2015-12-21,0.24167850000002072
2015-12-22,0.20021200000003073
2015-12-23,-0.17089200000000518
2015-12-24,0.3147499999999764
2015-12-25,0.0
2015-12-28,0.41337839999996967
2015-12-29,-0.8659999999999706
2015-12-30,0.7804425000000151
2015-12-31,0.20875000000003394
2016-01-01,0.0
2016-01-04,1.5646724999999855
2016-01-05,0.08097040000000558
2016-01-06,1.062610399999992
2016-01-07,1.0394880000000535
2016-01-08,0.3015287999999913
2016-01-11,0.23428449999995163
2016-01-12,-0.15700600000001416
2016-01-13,0.6177460000000182
2016-01-14,-0.10977208000005342
2016-01-15,1.1762395199999849
2016-01-18,-0.15927379999994137
2016-01-19,-0.7258738000000061
2016-01-20,1.1243516800000206
2016-01-21,0.39024811999996484
2016-01-22,-2.2770607999999912
2016-01-25,0.7328894800000745
2016-01-26,-0.13704884000003062
2016-01-27,0.6204481999999129
2016-01-28,0.4511578200000342
2016-01-29,-0.6320614200000111
2016-02-01,-0.29642623999997203
2016-02-02,2.2328761599999907
2016-02-03,-0.19640456000006526
2016-02-04,0.8655714600000798
2016-02-05,0.9241940000000024
2016-02-08,2.5938226999999503
2016-02-09,1.233262680000058
2016-02-10,1.1802823999999834
2016-02-11,1.8866668599999272
2016-02-12,-2.303329199999935
2016-02-15,-1.2739619400000615
2016-02-16,-0.7656160999999417
2016-02-17,-2.810329999999918
2016-02-18,1.9267512599999603
2016-02-19,-0.7569912000000972
2016-02-22,-1.611259999999964
2016-02-23,2.185084860000025
2016-02-24,0.3803246399999468
2016-02-25,1.4392247199999868
2016-02-26,-1.0125163199999414
2016-02-29,0.5513294399999562
2016-03-01,-3.1804857599999967
2016-03-02,-1.00271519999995
2016-03-03,-0.27586688000000176
2016-03-04,-1.2969952000000173
2016-03-07,-0.6073121999999399
2016-03-08,1.5135539999999543
2016-03-09,-0.7545780000000504
2016-03-10,-1.1799060001367487
2016-03-11,-1.6679813999999833
2016-03-14,-0.9666199884410372
2016-03-15,-0.08452240657791693
2016-03-16,1.4228094012736812
2016-03-17,-0.11649999999997601
2016-03-18,0.39552039909282055
2016-03-21,-1.0084679985046567
2016-03-22,-0.6539325828551799
2016-03-23,1.360937711715503
2016-03-24,-0.33369304847716075
2016-03-25,0.0
2016-03-28,-0.01875
2016-03-29,0.6191915035237658
2016-03-30,1.1942011976244231
2016-03-31,3.989238399505557
2016-04-01,-0.5311050002575369
2016-04-04,0.4007810001374364
2016-04-05,0.34157048988329186
2016-04-06,-0.45148500204097947
2016-04-07,0.5719439887999316
2016-04-08,-0.5858926305767109
2016-04-11,0.8747851943969585
2016-04-12,-1.2401240005492715
2016-04-13,-1.3437831954957418
2016-04-14,-0.6899399995803764
2016-04-15,0.330536000251739
2016-04-18,-0.6315951995849626
2016-04-19,-1.128127199649817
2016-04-20,-2.0590877075194767
2016-04-21,1.1654999999999085
2016-04-22,1.2890000000000486
2016-04-25,-1.3580611972809613
2016-04-26,-0.6978835992811404
2016-04-27,1.6874991989132377
2016-04-28,-0.1557991943359617
2016-04-29,-0.08328799724559995
2016-05-02,-0.6634999999999961
2016-05-03,1.682694907665289
2016-05-04,0.35995130014419363
2016-05-05,0.7079387998580948
2016-05-06,-0.5942864999772153
2016-05-09,0.8420000000000223
2016-05-10,-0.627471398115229
2016-05-11,0.09477839851369106
2016-05-12,-1.3517047996520641
2016-05-13,0.1413943924900489
2016-05-16,-0.9892570004461879
2016-05-17,-0.5560536031723602
2016-05-18,-1.610384798049775
2016-05-19,0.7300380001068201
2016-05-20,-0.14086319160476496
2016-05-23,-0.33765099787723146
2016-05-24,-0.6343959827416122
2016-05-25,-0.7607799994944364
2016-05-26,0.6834674978254841
2016-05-27,-0.9391535007952827
2016-05-30,0.036795001029999996
2016-05-31,0.7738199949260102
2016-06-01,-0.6227560043336351
2016-06-02,0.6055939984322124
2016-06-03,1.4641339998244844
2016-06-06,-0.8737274997235066
2016-06-07,-0.203335199356032
2016-06-08,-0.200143599510159
2016-06-09,0.38352399635273715
2016-06-10,0.9980867700565347
2016-06-13,0.46333239078638405
2016-06-14,-0.3350507984160238
2016-06-15,1.0305899934767875
2016-06-16,-0.15076959610045432
2016-06-17,-0.7970831985474999
2016-06-20,-0.8704535713205482
2016-06-21,-0.0993544976712789
2016-06-22,0.2951649975774962
2016-06-23,-1.3618199872955583
2016-06-24,4.15027170562801
2016-06-27,1.3250032043468796
2016-06-28,-0.4501569013591828
2016-06-29,-0.5096683957574827
2016-06-30,0.412077410221165
2016-07-01,0.5055362310410156
2016-07-04,0.09145738053343944
2016-07-05,0.8771106286048708
2016-07-06,0.29495560598366327
2016-07-07,-0.02422566318515981
2016-07-08,-0.6745134949684913
2016-07-11,-0.7044954628939152
2016-07-12,-1.2729614934917628
2016-07-13,-0.09335701560983128
2016-07-14,-0.3517111444476444
2016-07-15,-0.13438741803160342
2016-07-18,-0.31926636815061815
2016-07-19,1.0349999999999728
2016-07-20,-0.13321585893639679
2016-07-21,0.5957362680435513
2016-07-22,-0.520814483165555
2016-07-25,-0.10060101175302784
2016-07-26,0.4150000000000062
2016-07-27,0.4757728676794881
2016-07-28,0.3019321331977997
2016-07-29,0.6294712719917375
2016-08-01,0.36026586246495096
2016-08-02,-0.3630669965743571
2016-08-03,-0.0806145429610497
2016-08-04,1.0610952806472904
2016-08-05,-1.75241130876556
2016-08-08,-0.26524032592771096
2016-08-09,0.6563646712303176
2016-08-10,0.6724999999999557
2016-08-11,-0.8199999999999864
2016-08-12,0.2289315624236798
2016-08-15,-0.815
2016-08-16,-0.14316977024060892
2016-08-17,-0.04605778980261508
2016-08-18,-0.21785801696768695
2016-08-19,-0.961950426816861
2016-08-22,0.5249402649402511
2016-08-23,0.7243781137466957
2016-08-24,0.21656795215611893
2016-08-25,0.14412044954296208
2016-08-26,0.042184593200602874
2016-08-29,1.5154543461802765
2016-08-30,0.636628022670177
2016-08-31,-0.16747923660300124
2016-09-01,-1.2345649499896443
2016-09-02,-0.6309229087819397
2016-09-05,0.23837281036354113
2016-09-06,1.3227483971119218
2016-09-07,-1.10102288484574
2016-09-08,-1.6588098604680108
2016-09-09,-1.6830911941535376
2016-09-12,0.4369072456364556
2016-09-13,0.24148037171210335
2016-09-14,-0.12744870758010726
2016-09-15,1.1245495147707603
2016-09-16,-1.6914285516734415
2016-09-19,-0.2259901018140599
2016-09-20,-0.14413119125362503
2016-09-21,1.0912502050397606
2016-09-22,1.3218400926607912
2016-09-23,0.29358559036242504
2016-09-26,0.8767261958094532
2016-09-27,-0.26324506235095213
2016-09-28,0.5960197505961803
2016-09-29,-0.2953936066606322
2016-09-30,-1.0787600550650107
2016-10-03,-1.97744728088387
2016-10-04,-0.9005501008033872
2016-10-05,0.0052837669363175795
2016-10-06,0.5259696119309147
2016-10-07,-0.0357649135593715
2016-10-10,-0.7234965438835159
2016-10-11,-0.3115795524116182
2016-10-12,0.937312192916905
2016-10-13,-1.5285035529139372
2016-10-14,-0.4745315098768015
2016-10-17,-0.01734451055557715
2016-10-18,0.9332187463778299
2016-10-19,-0.05080052323222499
2016-10-20,0.8086565380090018
2016-10-21,0.31871530151424377
2016-10-24,0.1894166874879697
2016-10-25,-0.20474665117255195
2016-10-26,-1.0933745265011574
2016-10-27,-0.9374755895137495
2016-10-28,0.10416271162036073
2016-10-31,0.17259465217650363
2016-11-01,-0.18850271796972567
2016-11-02,0.034616727114008386
2016-11-03,-0.6311944580096551
2016-11-04,0.6263996472352552
2016-11-07,1.1027700948744443
2016-11-08,-0.6967867088304465
2016-11-09,-1.8453297214503945
2016-11-10,-1.614618205548064
2016-11-11,-0.2966839933395607
2016-11-14,-0.23028291702346887
2016-11-15,0.21817072129059
2016-11-16,-0.005391859770881274
2016-11-17,-0.14672206308308902
2016-11-18,-0.9928650381471967
2016-11-21,0.07604047584437972
2016-11-22,0.22782427597018162
2016-11-23,-0.520929162502502
2016-11-24,0.10045466518396
2016-11-25,-0.1560507764821624
2016-11-28,-0.9359542698881625
2016-11-29,0.9745356698040425
2016-11-30,0.327139814853085
2016-12-01,-0.03086383509460243
2016-12-02,-0.20609326553384508
2016-12-05,-0.016145542142934937
2016-12-06,0.3744564056383949
2016-12-07,0.5574099431047673
2016-12-08,0.8939336681375926
2016-12-09,-0.49221750211727033
2016-12-12,-0.6004559822075127
2016-12-13,0.30959735679590905
2016-12-14,-0.04559123516064115
2016-12-15,0.735481081008906
2016-12-16,0.26275327515614155
2016-12-19,0.8668108959215176
2016-12-20,0.6820097599044812
2016-12-21,0.3091610317230317
2016-12-22,0.001297078131997273
2016-12-23,-0.18534453582751834
2016-12-26,0.0
2016-12-27,-0.7124568834304315
2016-12-28,0.2208040413870698
2016-12-29,-0.37772286462679716
2016-12-30,-0.07912378597259997
2017-01-02,0.9756611540282111
2017-01-03,0.11559362411602306
2017-01-04,0.41162915587574544
2017-01-05,0.010666382073345448
2017-01-06,0.9755907478318618
2017-01-09,-0.48058332441386814
2017-01-10,0.5299666523747409
2017-01-11,0.6375327563286801
2017-01-12,-0.6429058332439933
2017-01-13,0.2528209753036892
2017-01-16,0.22596556091327066
2017-01-17,-1.4252785205835072
2017-01-18,1.3856666717536288
2017-01-19,-0.09554912662497786
2017-01-20,0.05621109628918261
2017-01-23,-0.8699170930304128
2017-01-24,1.6026695394484085
2017-01-25,0.14501293301346946
2017-01-26,0.24477003740423728
2017-01-27,-0.768521365165399
2017-01-30,-0.5188867831246692
2017-01-31,-0.7057901487374414
2017-02-01,-0.7581471128464438
2017-02-02,-0.6467553968462151
2017-02-03,0.7596389236431824
2017-02-06,-1.38968830871198
2017-02-07,-0.9285483398438393
2017-02-08,-0.40071610879981023
2017-02-09,1.625208515166075
2017-02-10,-0.15784434509263576
2017-02-13,0.28857279539100117
2017-02-14,0.22761534500032057
2017-02-15,-0.23424394798271161
2017-02-16,-0.1409808731102513
2017-02-17,-0.04030318260303211
2017-02-20,-0.5327347941407701
2017-02-21,0.2677958922398377
2017-02-22,-0.812063651084698
2017-02-23,-0.06829262542903217
2017-02-24,-1.1550675430314286
2017-02-27,0.8770779800415751
2017-02-28,-0.8107298364639813
2017-03-01,1.8526600122358752
2017-03-02,0.13031927848768107
2017-03-03,1.1566896786719283
2017-03-06,-0.34426993751480184
2017-03-07,0.27713756561276287
2017-03-08,0.3194611864099995
2017-03-09,1.110308257103311
2017-03-10,0.5348326864235633
2017-03-13,0.5187732887265265
2017-03-14,-0.8455560660373074
2017-03-15,1.3344288711584809
2017-03-16,0.6991032333396842
2017-03-17,0.49335042619833497
2017-03-20,0.5368379619215217
2017-03-21,-0.3030295610438294
2017-03-22,0.6502315139763243
2017-03-23,1.2396340727791553
2017-03-24,0.5250789098736692
2017-03-27,-0.07259003400779815
2017-03-28,0.7440023851380111
2017-03-29,1.187563301563484
2017-03-30,0.5781972112655054
2017-03-31,-0.1281566820143078
2017-04-03,-0.568169671535498
2017-04-04,0.5843376045224066
2017-04-05,-1.0931919236184051
2017-04-06,1.291220787528559
2017-04-07,0.6403688559546402
2017-04-10,-1.5862138586021208
2017-04-11,-0.7677881832115995
2017-04-12,0.2442016563422807
2017-04-13,-0.6685184526442475
2017-04-14,0.0
2017-04-17,0.9327500000001452
2017-04-18,-0.11720275783333055
2017-04-19,-1.21141931915295
2017-04-20,1.9126174106650855
2017-04-21,0.28315926933187646
2017-04-24,6.4680158262226515
2017-04-25,-0.3053556838068327
2017-04-26,-0.5856640038501095
2017-04-27,0.22745742511648137
2017-04-28,1.0826015911104196
2017-05-01,-1.2472499999998332
2017-05-02,1.2849002304103936
2017-05-03,-0.5216508350372098
2017-05-04,0.8344527065765119
2017-05-05,1.2923338558679394
2017-05-08,-0.9806121900084692
2017-05-09,0.08854887485502516
2017-05-10,0.07260157775891433
2017-05-11,0.818922504425879
2017-05-12,0.5433036041257929
2017-05-15,1.1830515515822582
2017-05-16,1.0017291622183133
2017-05-17,-4.1628562207056055
2017-05-18,1.0646322307595881
2017-05-19,0.2235749473566434
2017-05-22,0.038699905394543106
2017-05-23,1.1913226814274998
2017-05-24,0.8974434442519033
2017-05-25,0.0768625335694293
2017-05-26,-0.5598430490491961
2017-05-29,0.01959155464174615
2017-05-30,-0.0254840717323716
2017-05-31,-0.07578433895143334
2017-06-01,0.8051974511133814
2017-06-02,0.6922285690326591
2017-06-05,0.7906313638685759
2017-06-06,-0.8276497144673438
2017-06-07,-0.8324400353431017
2017-06-08,1.0353665499653746
2017-06-09,-0.16001024794665913
2017-06-12,0.7926895809191933
2017-06-13,0.702351856230069
2017-06-14,1.5940527343741773
2017-06-15,-2.1832097206146703
2017-06-16,1.3340255908955283
2017-06-19,1.7240213041274977
2017-06-20,-1.538741416018005
2017-06-21,-0.35352401252724613
2017-06-22,1.2918579850192593
2017-06-23,1.402930786132678
2017-06-26,1.424234283445352
2017-06-27,-2.469521786215199
2017-06-28,1.4259919013997262
2017-06-29,-3.975748445025335
2017-06-30,-2.9526887684224197
2017-07-03,-0.6293898763315418
2017-07-04,0.06902888298020012
2017-07-05,-1.1323563861857928
2017-07-06,-1.1604349060106423
2017-07-07,1.5368048400853347
2017-07-10,0.8736914062511176
2017-07-11,0.045261718749834916
2017-07-12,4.2763145561257625
2017-07-13,2.7103787011706264
2017-07-14,0.5543872623828975
2017-07-17,0.16143422698904888
2017-07-18,0.5391549758924437
2017-07-19,-0.6735153236402363
2017-07-20,-0.028663484573070195
2017-07-21,-0.6503587989838147
2017-07-24,-0.13831963157656527
2017-07-25,-0.29040028572057297
2017-07-26,2.079177680014317
2017-07-27,-1.3172872312065478
2017-07-28,-0.67812022280617
2017-07-31,-0.49953140187283557
2017-08-01,1.6505098152146236
2017-08-02,-0.3480370101932178
2017-08-03,0.23541976356576877
2017-08-04,-0.6433001341812716
2017-08-07,-0.38265808013920705
2017-08-08,0.5530471992872761
2017-08-09,-1.041532783508799
2017-08-10,-1.1592534096280167
2017-08-11,0.7226525416377912
2017-08-14,1.6138724479693274
2017-08-15,0.8256147193940356
2017-08-16,2.20743318939316
2017-08-17,-2.69736674261917
2017-08-18,1.4267202439319504
2017-08-21,0.9033225674626706
2017-08-22,0.8305297732323954
2017-08-23,0.5088628687850858
2017-08-24,-0.5624603881837776
2017-08-25,1.307536290645598
2017-08-28,-1.4691601285942326
2017-08-29,0.30523427200149034
2017-08-30,1.740665542602229
2017-08-31,-2.539880599976912
2017-09-01,0.8376429009429115
2017-09-04,-0.811205663442307
2017-09-05,-0.06681182861119142
2017-09-06,0.30828704738777807
2017-09-07,2.7924417743669228
2017-09-08,-0.8349440002432249
2017-09-11,0.1574549255373001
2017-09-12,0.5677694206237787
2017-09-13,-0.21857328987249397
2017-09-14,0.2120624227523852
2017-09-15,-0.2973694918156667
2017-09-18,0.16330301952158544
2017-09-19,0.23022902011889027
2017-09-20,-0.12075020313207638
2017-09-21,-0.6403596701621503
2017-09-22,0.3401408791540406
2017-09-25,-1.1088758182520912
2017-09-26,-0.02596402669006875
2017-09-27,-2.1150561859589243
2017-09-28,0.6781911749838043
2017-09-29,-1.141879013061972
2017-10-02,1.157519392013825
2017-10-03,0.9262081027030897
2017-10-04,-0.5867521858188296
2017-10-05,-1.3485221099865805
2017-10-06,-0.656178262710585
2017-10-09,-1.1891530935778643
2017-10-10,-0.11676128196721365
2017-10-11,1.459288557052472
2017-10-12,-0.977220561026538
2017-10-13,-0.5359607300742514
2017-10-16,0.024609901428643614
2017-10-17,1.1314070339181943
2017-10-18,0.8495837745666698
2017-10-19,-0.2830727157602501
2017-10-20,-0.9034191901674953
2017-10-23,-0.29447114086268983
2017-10-24,-1.3493537046909352
2017-10-25,-0.23175417733144305
2017-10-26,0.7419269704809508
2017-10-27,1.2330250759105017
2017-10-30,-0.07447906494144943
2017-10-31,1.520376003263695
2017-11-01,0.9294817247393148
2017-11-02,-0.7385362663279327
2017-11-03,-0.6032361459739999
2017-11-06,1.000716669559395
2017-11-07,-1.0172836399061755
2017-11-08,0.2422265830044484
2017-11-09,-1.8817754573760925
2017-11-10,-0.11464999675735695
2017-11-13,0.09399653816139641
2017-11-14,-0.1415299868576125
2017-11-15,-0.7898394088763244
2017-11-16,1.9330958786046704
2017-11-17,-0.5181202087406195
2017-11-20,0.43115791320656394
2017-11-21,1.5905880775488066
2017-11-22,-0.11705769538936316
2017-11-23,0.49582348060610937
2017-11-24,0.7597833824158928
2017-11-27,-0.46246410656119047
2017-11-28,2.3547750587477494
2017-11-29,0.03721552085844244
2017-11-30,-2.0361011505115667
2017-12-01,-2.3342852783233616
2017-12-04,0.6873261795036515
2017-12-05,0.6433283419614204
2017-12-06,-0.7389301853182109
2017-12-07,0.8059879646281767
2017-12-08,0.6116211624130521
2017-12-11,-0.12221387672380725
2017-12-12,0.5129918022150755
2017-12-13,-0.5454880664299424
2017-12-14,-0.9085126805321194
2017-12-15,1.07890792751215
2017-12-18,1.377928101067441
2017-12-19,-1.286364510535742
2017-12-20,-1.611873409272186
2017-12-21,-0.4303182797414451
2017-12-22,-0.9759999999998212
2017-12-25,0.0
2017-12-26,-0.8805000000000194
2017-12-27,0.7245015795232753
2017-12-28,-0.9977957527743896
2017-12-29,0.6734718015301946
2018-01-01,0.0
2018-01-02,0.44992139195219705
2018-01-03,1.5852886417030385
2018-01-04,1.019854876994405
2018-01-05,1.2179474508772934
2018-01-08,0.785952209949486
2018-01-09,-0.44258361434933224
2018-01-10,-0.7054940586088418
2018-01-11,0.2805956385135393
2018-01-12,1.166547290086203
2018-01-15,0.9328149604792867
2018-01-16,-0.10833088684203863
2018-01-17,0.7067665624613069
2018-01-18,-0.9348961286545168
2018-01-19,-0.3782178592693628
2018-01-22,0.4553301763520081
2018-01-23,0.32197241926305653
2018-01-24,0.9281596519873678
2018-01-25,-2.6595509321585524
2018-01-26,0.45650188373544404
2018-01-29,-1.252677379134162
2018-01-30,-2.5858344082882683
2018-01-31,0.6923464441315109
2018-02-01,1.2835903840245555
2018-02-02,-3.0133740902064017
2018-02-05,-6.8649466834333985
2018-02-06,0.771119486808054
2018-02-07,-0.9087866904781826
2018-02-08,-1.291059749606042
2018-02-09,-0.3003300054084594
2018-02-12,0.7223852708336841
2018-02-13,-0.7538916711821498
2018-02-14,2.2588045160740338
2018-02-15,0.20633892416855015
2018-02-16,0.304691138764908
2018-02-19,-0.13911901855487782
2018-02-20,-1.0931110835272082
2018-02-21,0.473353242874017
2018-02-22,0.8200212826720717
2018-02-23,0.196280057432169
2018-02-26,-0.195929826734995
2018-02-27,-1.2448114700302528
2018-02-28,-0.7714340934562818
2018-03-01,-1.6849952526283618
2018-03-02,-1.4861341314317555
2018-03-05,1.4415299124719612
2018-03-06,0.4101078715324164
2018-03-07,-0.32711297225953245
2018-03-08,-0.3413203649331311
2018-03-09,1.70144284675616
2018-03-12,0.3353870277404587
2018-03-13,-1.551005856990827
2018-03-14,-0.23623000000014946
2018-03-15,0.2354975065996189
2018-03-16,2.380957746028938
2018-03-19,-0.8085699942114035
2018-03-20,0.7611202774047816
2018-03-21,1.611786429166793
2018-03-22,-2.2689570541382387
2018-03-23,-1.3373156175613543
2018-03-26,1.802873929977437
2018-03-27,-0.6365896730421416
2018-03-28,1.3590743708610684
2018-03-29,1.1045073051451146
2018-03-30,-3.33
2018-04-02,-0.46599999999984315
2018-04-03,0.7056546599998234
2018-04-04,0.7819514000000108
2018-04-05,0.6485798000001946
2018-04-06,-1.9763166000001904
2018-04-09,0.23849350000000075
2018-04-10,0.6978089200000073
2018-04-11,-0.12617248000001183
2018-04-12,0.960074020000207
2018-04-13,1.4967456000000023
2018-04-16,0.5997837199997703
2018-04-17,0.543651080000005
2018-04-18,0.31460315000024497
2018-04-19,-2.830711920000242
2018-04-20,0.2312863999999768
2018-04-23,-2.261639359999775
2018-04-24,0.016377499999793464
2018-04-25,-0.15688303999982653
2018-04-26,0.43883271999983187
2018-04-27,0.3602952799999807
2018-04-30,-0.27657897999979875
2018-05-01,-1.0040000000001899
2018-05-02,-0.6871051999998234
2018-05-03,0.17029324000002494
2018-05-04,-0.8405944000001571
2018-05-07,-0.5880068000000389
2018-05-08,0.024254080000025068
2018-05-09,-0.04702704000002458
2018-05-10,1.3058349900001422
2018-05-11,0.4990248399998674
2018-05-14,-0.32639719999999833
2018-05-15,-0.523436259999887
2018-05-16,0.24860074000001942
2018-05-17,0.16357906000000147
2018-05-18,-2.213115150000146
2018-05-21,0.6800643200000988
2018-05-22,0.8925939999999007
2018-05-23,-1.6415852000000097
2018-05-24,-0.7384605999999669
2018-05-25,-0.19727091999988763
2018-05-28,-2.4712388800000964
2018-05-29,-3.3366162500000383
2018-05-30,3.0185824799999965
2018-05-31,-0.87823648000001
2018-06-01,2.3582723200000215
2018-06-04,0.3759543200000927
2018-06-05,-0.9093203999999816
2018-06-06,0.025321849999997176
2018-06-07,0.7345889999999828
2018-06-08,-0.10891889000008123
2018-06-11,0.21303700000007264
2018-06-12,0.8593699999999291
2018-06-13,-0.41160511999990834
2018-06-14,1.0705677999999184
2018-06-15,2.2754440000000176
2018-06-18,-1.1102515999999991
2018-06-19,0.8608765999999946
2018-06-20,-0.5746605599999891
2018-06-21,-0.1811329600000136
2018-06-22,0.767337520000002
2018-06-25,-1.4341657999999933
2018-06-26,0.7907399200000027
2018-06-27,-1.5738183100000052
2018-06-28,1.214045179999987
2018-06-29,0.3627731199999953
2018-07-02,-0.7153142399999897
2018-07-03,3.032234000000015
2018-07-04,0.5643282799999809
2018-07-05,0.1121070400000071
2018-07-06,-0.28537680000000265
2018-07-09,0.1072201600000046
2018-07-10,1.7034831999999944
2018-07-11,0.3511479999999997
2018-07-12,1.0449261599999966
2018-07-13,0.7975177600000234
2018-07-16,0.4932289999999861
2018-07-17,-1.2070780000000099
2018-07-18,-0.1329212799999906
2018-07-19,-0.49609635000001323
2018-07-20,-1.987465549999995
2018-07-23,0.09502591999999734
2018-07-24,1.046697200000001
2018-07-25,0.8789464200000107
2018-07-26,-2.025621589999985
2018-07-27,0.17650199999999505
2018-07-30,0.16511807999998643
2018-07-31,-0.7977168400000033
2018-08-01,-0.8202917699999849
2018-08-02,0.34163955999998413
2018-08-03,0.001000000000005275
2018-08-06,0.6197309600000049
2018-08-07,0.45792500000000563
2018-08-08,-0.20827924000001963
2018-08-09,-0.5464272399999976
2018-08-10,-0.008260179999990123
2018-08-13,-2.2857944000000012
2018-08-14,0.8760268799999887
2018-08-15,-2.6263047199999856
2018-08-16,0.18272775999999383
2018-08-17,0.3899640000000086
2018-08-20,0.8849698399999917
2018-08-21,0.8387054800000014
2018-08-22,1.9550108400000048
2018-08-23,-0.5609500799999904
2018-08-24,1.7616715999999961
2018-08-27,1.1424895999999964
2018-08-28,-1.931309599999994
2018-08-29,1.4275383399999912
2018-08-30,-2.1684521200000035
2018-08-31,-0.279929299999994
2018-09-03,-1.3614073000000007
2018-09-04,-0.04750000000000966
2018-09-05,-2.6367844399999845
2018-09-06,0.8722428799999888
2018-09-07,-0.8235750000000053
2018-09-10,0.4006021600000081
2018-09-11,-0.3310838399999955
2018-09-12,0.7615324000000046
2018-09-13,4.886736559999992
2018-09-14,0.620502800000006
2018-09-17,0.14129231999999567
2018-09-18,0.33193271999999446
2018-09-19,1.3286403399999946
2018-09-20,0.07620210000000598
2018-09-21,-2.2071985599999966
2018-09-24,-0.2255577599999992
2018-09-25,-0.6954326999999995
2018-09-26,-0.39382340000001415
2018-09-27,0.7009066599999956
2018-09-28,1.031054600000022
2018-10-01,0.4729548999999845
2018-10-02,-1.673977840000004
2018-10-03,-2.312283669999989
2018-10-04,-0.5751496199999988
2018-10-05,0.9161448600000149
2018-10-08,-0.34369040000000217
2018-10-09,0.29105669999998507
2018-10-10,-0.815934399999987
2018-10-11,-1.9650092600000295
2018-10-12,-0.3249787199999733
2018-10-15,-0.922254880000007
2018-10-16,0.2526120599999786
2018-10-17,-0.10928712999999866
2018-10-18,-0.8238241599999836
2018-10-19,-0.45563482000001404
2018-10-22,-0.5783132799999732
2018-10-23,-0.5073397500000338
2018-10-24,0.2100000000000119
2018-10-25,0.37237589999999293
2018-10-26,-0.8136994499999687
2018-10-29,-3.382950800000014
2018-10-30,0.4587200799999857
2018-10-31,0.3357717000000308
2018-11-01,-0.11685735999999387
2018-11-02,-0.25226042000002535
2018-11-05,-0.12136407999998466
2018-11-06,0.20941857999998512
2018-11-07,0.8400509200000095
2018-11-08,-0.42427311999991685
2018-11-09,0.3980217999999041
2018-11-12,-0.5716771199999865
2018-11-13,0.5764603199999996
2018-11-14,-0.9378017199999927
2018-11-15,0.31266524000000157
2018-11-16,0.6218639999999737
2018-11-19,-0.1257049999999693
2018-11-20,-0.42328043999999926
2018-11-21,0.30198545999999876
2018-11-22,-0.19748703999995096
2018-11-23,0.28673995999993823
2018-11-26,0.3054668600000097
2018-11-27,0.26790639999999827
2018-11-28,0.35100000000000203
2018-11-29,-0.9360158800000015
2018-11-30,-1.1408886799999958
2018-12-03,0.48331653999999963
2018-12-04,-0.37720684000000654
2018-12-05,-0.2820835399999937
2018-12-06,0.07347030000000232
2018-12-07,0.17622359999999745
2018-12-10,-0.4266872999999992
2018-12-11,-0.2884904000000013
2018-12-12,-0.1484276400000059
2018-12-13,0.03234300000000333
2018-12-14,0.21942383999999615
2018-12-17,0.2944321500000042
2018-12-18,0.1950753799999954
2018-12-19,-0.029345839999993142
2018-12-20,0.3734699999999941
2018-12-21,0.811229950000005
2018-12-24,-0.0842500000000013
2018-12-25,0.3359999999999878
2018-12-26,0.4590000000000076
2018-12-27,-0.09804699999998888
2018-12-28,0.24711439999999874
2018-12-31,0.012499999999998566
2019-01-01,0.3175000000000032
2019-01-02,1.1154331399999866
2019-01-03,0.4706384000000102
2019-01-04,-1.0488834799999966
2019-01-07,-0.40548728000003953
2019-01-08,-0.5589535000000009
2019-01-09,0.6219369600000322
2019-01-10,0.5259994000000091
2019-01-11,0.7991844999999983
2019-01-14,0.6377624999999869
2019-01-15,-0.5857363600000631
2019-01-16,1.7524577600000697
2019-01-17,-0.8108344000000006
2019-01-18,-1.9849823599999914
2019-01-21,-0.09931400000003693
2019-01-22,0.004851840000019547
2019-01-23,0.9271708499999869
2019-01-24,0.3491048000000273
2019-01-25,-0.07070797000001271
2019-01-28,-0.2949858699999923
2019-01-29,0.10308639999996684
2019-01-30,0.5623670399999976
2019-01-31,0.16139264000002446
2019-02-01,-0.10585871999998558
2019-02-04,-0.09100760000003864
2019-02-05,0.8420071300000276
2019-02-06,-0.3791348199999786
2019-02-07,0.1771925599999818
2019-02-08,0.5069848399999664
2019-02-11,-1.3543962000000076
2019-02-12,0.02715070000005259
2019-02-13,-1.5346319200000207
2019-02-14,1.1721464800000148
2019-02-15,0.7120924900000175
2019-02-18,-0.06561436999999426
2019-02-19,0.9983106799999497
2019-02-20,-0.0726200600000238
2019-02-21,-0.9727026799999721
2019-02-22,0.4751835200000047
2019-02-25,0.47747490000001064
2019-02-26,0.6990551400000202
2019-02-27,0.4225459099999969
2019-02-28,-0.5582090000000609
2019-03-01,-0.9019294599999955
2019-03-04,0.05372510000006191
2019-03-05,0.5881953999999683
2019-03-06,-0.8389174999999978
2019-03-07,-0.9284488599999968
2019-03-08,1.3264604600000358
2019-03-11,0.7765836799999659
2019-03-12,1.8469773599999788
2019-03-13,-0.34984904000000167
2019-03-14,0.5671522200000088
2019-03-15,1.3011594400000246
2019-03-18,0.8213079599999817
2019-03-19,1.3258723200000433
2019-03-20,0.9128548799999692
2019-03-21,-1.352344719999992
2019-03-22,-3.16641680000001
2019-03-25,0.9661492800000043
2019-03-26,-0.1880652799997609
2019-03-27,-0.5035968000002496
2019-03-28,0.9303728000000389
2019-03-29,2.5478701599999853
2019-04-01,1.4387308000000278
2019-04-02,-0.8199416000000285
2019-04-03,0.031188000000000875
2019-04-04,0.45885560000002334
2019-04-05,0.659913199999989
2019-04-08,0.5933643999999927
2019-04-09,-0.42197760000000334
2019-04-10,1.3725407999999806
2019-04-11,1.0009132000000251
2019-04-12,-0.05477559999998898
2019-04-15,-0.2858479999999948
2019-04-16,0.3851199999999907
2019-04-17,1.1559289999999725
2019-04-18,0.6269869999999765
2019-04-19,0.8467500000000145
2019-04-22,-0.5037500000000132
2019-04-23,0.8062608000000528
2019-04-24,-1.2630080000000055
2019-04-25,1.278340799999998
2019-04-26,0.005887200000018675
2019-04-29,-1.0174264000000222
2019-04-30,1.3120372000000042
2019-05-01,-0.9445000000000408
2019-05-02,-2.2244271999997327
2019-05-03,3.572238799999719
2019-05-06,-0.14742999999996406
2019-05-07,-1.0783752000000062
2019-05-08,-3.271041600000015
2019-05-09,-0.47077119999995987
2019-05-10,3.8726100000000083
2019-05-13,-1.5379100000000248
2019-05-14,-1.4062400000000228
2019-05-15,-0.5537679999999886
2019-05-16,1.170414400000001
2019-05-17,-2.6926131999999976
2019-05-20,0.22715899999999456
2019-05-21,-0.5692679999999726
2019-05-22,0.07621300000003066
2019-05-23,-1.879449999999994
2019-05-24,1.6931115999999165
2019-05-27,-2.506106600000003
2019-05-28,-1.2699739999997213
2019-05-29,-2.2522438000000555
2019-05-30,1.4527399999998036
2019-05-31,-3.4749464000000163
2019-06-03,-0.4934390000000096
2019-06-04,1.3971847999999811
2019-06-05,0.28130400000002553
2019-06-06,0.6339368000000369
2019-06-07,2.5744750000000067
2019-06-10,0.5275690000000016
2019-06-11,0.29348000000000435
2019-06-12,-0.8882948000000602
2019-06-13,0.4552592000000489
2019-06-14,-0.6942295999998588
2019-06-17,0.03893759999993813
2019-06-18,2.032275600000035
2019-06-19,0.9989623999999938
2019-06-20,1.6724951999998925
2019-06-21,-2.002759999999959
2019-06-24,-0.10850000000015839
2019-06-25,-0.06325139999997495
2019-06-26,-0.4685939999999771
2019-06-27,0.27833399999994973
2019-06-28,1.4618780000000795
2019-07-01,1.401911999999959
2019-07-02,2.1859040000000216
2019-07-03,1.0796280000001481
2019-07-04,0.11932700000004179
2019-07-05,-2.7695120000002036
2019-07-08,0.7771500000001965
2019-07-09,-1.7834039999999585
2019-07-10,0.11499200000001565
2019-07-11,-0.09258000000006314
2019-07-12,-1.122626000000136
2019-07-15,0.1208252000001426
2019-07-16,0.7960656000000288
2019-07-17,-0.43581680000019896
2019-07-18,1.0396220000001732
2019-07-19,-0.30388400000000093
2019-07-22,0.31112400000003765
2019-07-23,0.4673899999999567
2019-07-24,0.9687457999999586
2019-07-25,-0.0925859999999585
2019-07-26,0.9712378000000499
2019-07-29,-0.039848000000230345
2019-07-30,-1.818127999999775
2019-07-31,-0.22304400000021785
2019-08-01,0.8939620000002404
2019-08-02,-1.922166400000294
2019-08-05,-4.504407999999943
2019-08-06,-0.05461999999999953
2019-08-07,-0.08665359999978742
2019-08-08,2.7373439999997373
2019-08-09,-2.3316999999997203
2019-08-12,-0.8521040000001922
2019-08-13,3.644526800000181
2019-08-14,-2.66491740000024
2019-08-15,1.630250000000013
2019-08-16,0.9888300000000357
2019-08-19,0.006412399999998524
2019-08-20,0.09676999999997037
2019-08-21,1.1474659999999546
2019-08-22,-1.007130599999804
2019-08-23,0.2844608000000042
2019-08-26,0.45669079999987655
2019-08-27,-1.1759251999999318
2019-08-28,0.15751399999989513
2019-08-29,0.444565400000123
2019-08-30,0.23041000000003642
2019-09-02,-0.008265200000148559
2019-09-03,0.09302360000014201
2019-09-04,3.028852999999919
2019-09-05,0.006160000000085688
2019-09-06,0.6264155999998459
2019-09-09,-0.6525555999998506
2019-09-10,0.06293799999986392
2019-09-11,-1.3757259999999516
2019-09-12,0.6758488000001298
2019-09-13,-2.6362800000002156
2019-09-16,-0.2538435999998258
2019-09-17,-0.16571440000002075
2019-09-18,1.343445999999978
2019-09-19,-0.10259319999993559
2019-09-20,-0.10194320000004736
2019-09-23,0.0457475999998667
2019-09-24,0.06825000000000746
2019-09-25,-0.7187380000000348
2019-09-26,0.08929320000019411
2019-09-27,-0.13061959999996617
2019-09-30,0.2759200000000218
2019-10-01,-3.89046960000019
2019-10-02,-2.2512575999998568
2019-10-03,1.4405687999998062
2019-10-04,2.6185688000000122
2019-10-07,0.04706940000015587
2019-10-08,-1.1114323999999913
2019-10-09,-0.4495462000001668
2019-10-10,0.4792587999999924
2019-10-11,0.2113360000000531
2019-10-14,0.39074440000014243
2019-10-15,1.5123343999998218
2019-10-16,0.11999680000015424
2019-10-17,0.44589120000004895
2019-10-18,0.5319971999999537
2019-10-21,0.0032804000000172437
2019-10-22,-0.2005999999999556
2019-10-23,0.12156519999997448
2019-10-24,0.6444240000000276
2019-10-25,0.45619393999974983
2019-10-28,-0.09454630000002678
2019-10-29,-1.0119929999997306
2019-10-30,0.14765232999999556
2019-10-31,0.9173113999999755
2019-11-01,0.44306902000002124
2019-11-04,1.188436919999746
2019-11-05,-0.548242959999769
2019-11-06,-0.5304625599999865
2019-11-07,1.60501743000001
2019-11-08,-0.4816000000000131
2019-11-11,-0.18914344000026542
2019-11-12,0.7671514999999738
2019-11-13,-2.122014959999719
2019-11-14,0.07515580000001287
2019-11-15,3.066325520000009
2019-11-18,0.024461550000002958
2019-11-19,-1.1707376000002532
2019-11-20,-0.3216857699997273
2019-11-21,-0.891379940000302
2019-11-22,0.6646578600002525
2019-11-25,0.9405807999997445
2019-11-26,-0.22155059999999754
2019-11-27,0.08255055999999455
2019-11-28,-0.929579319999983
2019-11-29,-0.12497089999973597
2019-12-02,-2.287959980000289
2019-12-03,-1.6918049599999758
2019-12-04,2.046541840000229
2019-12-05,1.180201650000017
2019-12-06,2.402328739999989
2019-12-09,-0.668434589999989
2019-12-10,0.12140447999999333
2019-12-11,0.8918704999999922
2019-12-12,1.3271871000000288
2019-12-13,0.9209039999999885
2019-12-16,0.024891560000019946
2019-12-17,-0.4999816200000169
2019-12-18,0.06518858999998858
2019-12-19,-0.4540000000002592
2019-12-20,0.7445028400002552
2019-12-23,-0.10473616000023032
2019-12-24,-0.012999999999730784
2019-12-25,0.07500000000001705
2019-12-26,0.10499999999996612
2019-12-27,1.3363910399997152
2019-12-30,-1.167940799999654
2019-12-31,-1.2060000000000466
2020-01-01,0.3030000000000284
2020-01-02,1.7053603199996759
2020-01-03,-0.9052630199999894
2020-01-06,0.026575399999997674
2020-01-07,1.7953570399999823
2020-01-08,-0.790555129999655
2020-01-09,1.5731519299996417
2020-01-10,-0.14204599999963524
2020-01-13,0.1402240500000013
2020-01-14,-0.3254123299999949
2020-01-15,0.6954143999999729
2020-01-16,1.8096748499996327
2020-01-17,1.4396067000003876
2020-01-20,-0.41124070999999585
2020-01-21,-0.6818854400003989
2020-01-22,-0.6929379999995918
2020-01-23,-0.9679417600000233
2020-01-24,0.2679776000000196
2020-01-27,-3.105420240000034
2020-01-28,1.7156270699996081
2020-01-29,2.2399832000004407
2020-01-30,-0.575736840000015
2020-01-31,-4.006937550000005
2020-02-03,1.7409321899999761
2020-02-04,2.7653870400000113
2020-02-05,1.5550944400000244
2020-02-06,1.8552193999999766
2020-02-07,-2.934022480000015
2020-02-10,0.7329630400000099
2020-02-11,1.3165972400000177
2020-02-12,0.561965520000009
2020-02-13,-0.27633552000002737
2020-02-14,1.6402229399996973
2020-02-17,0.5052848000000084
2020-02-18,-0.883193139999705
2020-02-19,0.34132149000002265
2020-02-20,-0.37236764000037126
2020-02-21,-3.031944999999947
2020-02-24,-3.7203669700000046
2020-02-25,-0.3053848000000118
2020-02-26,-3.102801299999742
2020-02-27,-2.866490000000231
2020-02-28,-2.3563534000000517
2020-03-02,-0.7249643999999865
2020-03-03,0.849974800000227
2020-03-04,0.5011085599999556
2020-03-05,-1.3098978400001673
2020-03-06,-7.621259149999992
2020-03-09,-2.709810799999813
2020-03-10,-0.3287402400000288
2020-03-11,-1.167344140000042
2020-03-12,-2.5446425799999552
2020-03-13,-0.6560956500000077
2020-03-16,-1.368518080000071
2020-03-17,-0.13900361000000916
2020-03-18,-1.5184450199999084
2020-03-19,-2.706489310000084
2020-03-20,2.7453815000000215
2020-03-23,0.15712071999999982
2020-03-24,-0.912992650000021
2020-03-25,-0.2625055299999761
2020-03-26,0.5485923999999764
2020-03-27,0.7259947199999977
2020-03-30,1.0531930700000245
2020-03-31,0.3207015499999938
2020-04-01,2.0034613599999838
2020-04-02,-0.3233780799999801
2020-04-03,-0.5191432499999858
2020-04-06,-0.43174999999998853
2020-04-07,-0.6687500000000071
2020-04-08,0.516749999999998
2020-04-09,-0.14149999999999635
2020-04-10,0.41224999999996453
2020-04-13,-0.17575000000000474
2020-04-14,0.7564999999999973
2020-04-15,1.7687500000000538
2020-04-16,0.47499999999999143
2020-04-17,-0.3312500000000142
2020-04-20,1.5600000000000256
2020-04-21,1.0974999999999573
2020-04-22,-1.1737499999999574
2020-04-23,-0.5037500000000228
2020-04-24,0.5750000000000256
2020-04-27,1.5174999999999488
2020-04-28,0.03749999999997954
2020-04-29,-0.7237499999999728
2020-04-30,-0.4849999999999932
2020-05-01,0.17625000000003072
2020-05-04,0.3874999999999386
2020-05-05,-0.43624999999997216
2020-05-06,0.9175000000000081
2020-05-07,-0.2962499999999483
2020-05-08,-0.37125000000007163
2020-05-11,0.34375000000003186
2020-05-12,-0.3899999999999602
2020-05-13,1.1325
2020-05-14,0.385000000000004
2020-05-15,-0.3325000000000398
2020-05-18,-0.11763823999996341
2020-05-19,-1.2478167600000092
2020-05-20,0.17439191999995918
2020-05-21,0.3804364000000409
2020-05-22,0.05502231999992232
2020-05-25,0.024736080000077557
2020-05-26,-0.564548440000077
2020-05-27,-0.1571964499999635
2020-05-28,-1.7678364600000465
2020-05-29,1.112500000000097
2020-06-01,0.8429686099999588
2020-06-02,-0.7017773600000257
2020-06-03,-1.1665604599999329
2020-06-04,-1.990944100000077
2020-06-05,-2.2461499999999943
2020-06-08,0.16790637000006037
2020-06-09,1.4091412499999771
2020-06-10,1.5891968699999865
2020-06-11,-0.9350433199999059
2020-06-12,0.2766517199998785
2020-06-15,0.5040194600000723
2020-06-16,-0.5251541000000047
2020-06-17,0.29052080999992835
2020-06-18,-0.022771749999878736
2020-06-19,-0.5950462200000003
2020-06-22,0.9540214499999198
2020-06-23,1.517550250000041
2020-06-24,0.4564253299999272
2020-06-25,1.7913199000000017
2020-06-26,0.7316822500000444
2020-06-29,-2.0866507700000696
2020-06-30,-4.1197294499999275
2020-07-01,-2.3418631999999318
2020-07-02,1.6825771199998563
2020-07-03,-0.008991640000000127
2020-07-06,-0.14014430000000133
2020-07-07,0.2871629200000059
2020-07-08,-0.1368780600000018
2020-07-09,-0.12174877999995393
2020-07-10,1.5052454200000702
2020-07-13,1.2965746999999255
2020-07-14,0.5964776000000802
2020-07-15,0.15428064000000039
2020-07-16,-0.4081198000001197
2020-07-17,-0.6063478999999188
2020-07-20,0.830500000000004
2020-07-21,0.7957702599999565
2020-07-22,-0.6690574799999555
2020-07-23,-0.2391311200000916
2020-07-24,-0.2976964999999529
2020-07-27,0.22184115999998782
2020-07-28,0.9531992200000239
2020-07-29,0.7990959799999506
2020-07-30,-0.23523965999982982
2020-07-31,-0.3171732000000938
2020-08-03,-0.41734415999996033
2020-08-04,2.109660800000023
2020-08-05,-0.8014236799999628
2020-08-06,-0.18198772000010677
2020-08-07,0.05700527999998392
2020-08-10,-0.6122356000000556
2020-08-11,-0.5821010399999033
2020-08-12,-0.5516678999999558
2020-08-13,-2.4179276400000567
2020-08-14,0.47998760999999696
2020-08-17,-0.9714461699999924
2020-08-18,0.6217016299999578
2020-08-19,0.47452043999999766
2020-08-20,0.237839600000059
2020-08-21,-0.15555347999994126
2020-08-24,-0.5379277200001145
2020-08-25,-1.560273920000082
2020-08-26,0.10660170000010738
2020-08-27,-1.905475849999957
2020-08-28,1.1005193599998544
2020-08-31,-0.4611101999998126
2020-09-01,0.7227615799999239
2020-09-02,0.813431119999896
2020-09-03,-0.06596750999981586
2020-09-04,-1.2966958100000467
2020-09-07,0.20856352000000122
2020-09-08,-0.8384072399999921
2020-09-09,1.7329027799998435
2020-09-10,-1.0308887999999876
2020-09-11,0.31930172000010865
2020-09-14,0.33239219999999275
2020-09-15,0.21594303999999273
2020-09-16,-0.32291600000000115
2020-09-17,-0.0723763000001193
2020-09-18,-1.6130002999997795
2020-09-21,0.033337499999868216
2020-09-22,-0.7872665199999128
2020-09-23,-2.2371555400001917
2020-09-24,1.1742407400000991
2020-09-25,-0.37300312000005287
2020-09-28,-0.016196639999995387
2020-09-29,0.21383879999999672
2020-09-30,-1.1744083000000562
2020-10-01,0.10688004000009171
2020-10-02,0.4347553599999723
2020-10-05,-0.5584936799999135
2020-10-06,-0.622379400000099
2020-10-07,-0.4079702999999066
2020-10-08,0.4542082799999423
2020-10-09,0.18101840000005787
2020-10-12,0.6096453199999969
2020-10-13,-0.11241048000008937
2020-10-14,-0.2604875999999467
2020-10-15,-0.7377866199999565
2020-10-16,0.29158328000000133
2020-10-19,-0.8867826800000053
2020-10-20,0.043534299999997535
2020-10-21,-0.4750333499999573
2020-10-22,0.16854842999994493
2020-10-23,0.559001919999901
2020-10-26,-0.3297860199999327
2020-10-27,-0.13563137000005085
2020-10-28,-1.1210588299998978
2020-10-29,-0.8111025200000586
2020-10-30,0.12491843999994433
2020-11-02,-0.2129237999998924
2020-11-03,0.43536220999988656
2020-11-04,1.644300450000076
2020-11-05,0.45837731999994513
2020-11-06,-0.12045320999991259
2020-11-09,-0.4404839200000728
2020-11-10,-0.5214313499998849
2020-11-11,-0.23235072000004334
2020-11-12,0.21539080000010521
2020-11-13,0.5344771999997703
2020-11-16,0.35198416000003674
2020-11-17,0.35394903999997074
2020-11-18,-0.3931102200000051
2020-11-19,0.7794208000000793
2020-11-20,0.35474993999992427
2020-11-23,-0.16813392000000066
2020-11-24,0.6116591800000393
2020-11-25,0.3898738399999658
2020-11-26,-0.07383735000000081
2020-11-27,0.1489863999999957
2020-11-30,-0.9937241399999601
2020-12-01,-0.45394452000005114
2020-12-02,-0.09747859999992559
2020-12-03,0.13499234000000246
2020-12-04,-0.2170987100000546
2020-12-07,0.30020775999997035
2020-12-08,2.319121300000094
2020-12-09,-0.6749115600000941
2020-12-10,-0.5746012799999874
2020-12-11,-0.703158859999918
2020-12-14,-0.44430519999999346
2020-12-15,1.9772071999999563
2020-12-16,0.34546240000003126
2020-12-17,0.5710905099999263
2020-12-18,-0.9380008800000017
2020-12-21,-1.2349241199999217
2020-12-22,-0.38407285000007285
2020-12-23,1.376168520000042
2020-12-24,1.0587500000000043
2020-12-25,0.0
2020-12-28,-0.20957150000003977
2020-12-29,0.9340015999999932
2020-12-30,0.33160396000005776
2020-12-31,0.2725000000000471
2021-01-01,0.0
2021-01-04,-0.4372970400001129
2021-01-05,0.7678402000000559
2021-01-06,0.9920278599999249
2021-01-07,-2.1614001199999167
2021-01-08,-0.060540470000024514
2021-01-11,-1.4083648500000403
2021-01-12,4.162654810000085
2021-01-13,-0.6899620200000315
2021-01-14,1.4336917700000444
2021-01-15,-0.21308533000003163
2021-01-18,0.46626677000000444
2021-01-19,0.06268640000005174
2021-01-20,0.029357099999901555
2021-01-21,-0.7424723199999554
2021-01-22,-2.985416419999949
2021-01-25,-0.41828171000007935
2021-01-26,1.6717625799999398
2021-01-27,-3.4271574499998976
2021-01-28,0.43446927999999535
2021-01-29,-2.278133999999999
2021-02-01,1.939210199999949
2021-02-02,1.7898167600000932
2021-02-03,-0.20493072000000612
2021-02-04,-0.2489725800001065
2021-02-05,1.118373900000045
2021-02-08,0.5475939599999966
2021-02-09,-0.16785464000004832
2021-02-10,-0.49001523999999164
2021-02-11,0.5799030399999986
2021-02-12,-0.4226171199998996
2021-02-15,0.3777898799999992
2021-02-16,-1.6633258400001028
2021-02-17,0.4801448000001365
2021-02-18,-0.5164036000000581
2021-02-19,-0.5309419999999618
2021-02-22,-0.38158927000001686
2021-02-23,1.1476553499999045
2021-02-24,1.28928058000004
2021-02-25,-6.326949259999938
2021-02-26,-0.021367439999982932
2021-03-01,2.1499169999999777
2021-03-02,1.4885852000000124
2021-03-03,-2.166836400000049
2021-03-04,-0.8938589999999657
2021-03-05,1.2947066999999548
2021-03-08,-0.4390612000000092
2021-03-09,2.5039425000000626
2021-03-10,0.45098120000000746
2021-03-11,1.50047199999997
2021-03-12,-1.4517156799999817
2021-03-15,-0.035954999999997135
2021-03-16,0.16692104999995147
2021-03-17,0.871000079999992
2021-03-18,-2.920781739999991
2021-03-19,0.110409800000014
2021-03-22,0.22611756000000846
2021-03-23,-0.6435205999999913
2021-03-24,-0.19888592000000144
2021-03-25,0.8060271999999762
2021-03-26,1.1909933400000408
2021-03-29,-1.7586750400000348
2021-03-30,-0.9751174799999831
2021-03-31,5.944400080000017
2021-04-01,2.9163013999999805
2021-04-02,0.0
2021-04-05,0.31124999999997394
2021-04-06,0.7336766600000317
2021-04-07,0.6313287999999632
2021-04-08,2.2395540000000094
2021-04-09,-0.15513276000000883
2021-04-12,-0.5196231999999859
2021-04-13,2.260121550000014
2021-04-14,0.3145387800000215
2021-04-15,2.2697117199999637
2021-04-16,1.4559964000000367
2021-04-19,-0.010084480000036183
2021-04-20,-1.3828360800000095
2021-04-21,3.075547740000035
2021-04-22,2.5498953
2021-04-23,0.791371699999971
2021-04-26,3.0189557499999986
2021-04-27,-2.5538593999999875
2021-04-28,-2.1294470999999695
2021-04-29,-0.896884050000003
2021-04-30,0.57111309999999
2021-05-03,1.927220249999947
2021-05-04,0.5238016500000575
2021-05-05,5.442756999999999
2021-05-06,4.610379399999972
2021-05-07,3.4776263400000134
2021-05-10,-4.308722599999968
2021-05-11,-2.086797250000004
2021-05-12,-6.396696000000011
2021-05-13,-0.5674175000000196
2021-05-14,1.2390334399999634
2021-05-17,-1.0044665400000001
2021-05-18,-0.3598555199999905
2021-05-19,-1.8967279099999317
2021-05-20,2.8274966399999815
2021-05-21,-0.2451597600000258
2021-05-24,0.8127852300000308
2021-05-25,-1.881305879999997
2021-05-26,0.5892143999999996
2021-05-27,2.334410739999994
2021-05-28,-0.10965322999999925
2021-05-31,-0.45609299999999803
2021-06-01,2.7896083199999917
2021-06-02,0.597968519999942
2021-06-03,-2.5361128799999717
2021-06-04,4.483845200000017
2021-06-07,1.7256415999999575
2021-06-08,1.6980532800000083
2021-06-09,-0.2061854200000178
2021-06-10,1.9486782100000488
2021-06-11,-0.6535244999999771
2021-06-14,-3.2405648200000603
2021-06-15,-1.217869599999999
2021-06-16,-3.8432491000000133
2021-06-17,-2.691731999999958
2021-06-18,-0.893237999999969
2021-06-21,1.7108962799999985
2021-06-22,0.1230961599999754
2021-06-23,-1.2396279999999784
2021-06-24,2.391403549999995
2021-06-25,-0.9444329999999725
2021-06-28,1.3069027599999061
2021-06-29,0.2165402400000661
2021-06-30,1.4880264399999947
2021-07-01,0.131101099999968
2021-07-02,0.8916057699999778
2021-07-05,-0.007120679999998515
2021-07-06,-3.181001039999914
2021-07-07,0.8570577599999701
2021-07-08,-2.407625720000011
2021-07-09,1.1927295999999816
2021-07-12,1.8146978499999702
2021-07-13,-1.1545809699999565
2021-07-14,2.676971380000047
2021-07-15,-0.7879276800000922
2021-07-16,-0.7166548300000106
2021-07-19,-1.2740839999999616
2021-07-20,1.532073550000043
2021-07-21,0.7566781699999598
2021-07-22,0.528516779999999
2021-07-23,-0.05947806999996431
2021-07-26,-0.19724832000000606
2021-07-27,0.2044809999999999
2021-07-28,0.7780692499999444
2021-07-29,0.688819310000077
2021-07-30,-0.5594039100000195
2021-08-02,1.74632251999995
2021-08-03,0.415346740000071
2021-08-04,-0.9750551400000106
2021-08-05,-0.03838559999998611
2021-08-06,-0.6169533200000517
2021-08-09,-0.6228810300000454
2021-08-10,-0.47709299999994303
2021-08-11,1.8676453799999415
2021-08-12,0.9444429500000665
2021-08-13,1.6497106200000182
2021-08-16,-0.3246721999999962
2021-08-17,-1.817208900000001
2021-08-18,-1.3577059800000724
2021-08-19,-2.4298387599999307
2021-08-20,-1.1967724999999985
2021-08-23,1.3432211999999961
2021-08-24,0.1836945999999262
2021-08-25,-0.00497653999994136
2021-08-26,-1.5916196000000007
2021-08-27,3.1092843199999414
2021-08-30,-0.045220799999948574
2021-08-31,-0.679564480000042
2021-09-01,0.1947356199999978
2021-09-02,0.8072192800000766
2021-09-03,-0.9680557800000417
2021-09-06,0.941002920000001
2021-09-07,-2.972676959999977
2021-09-08,-0.6567642800000834
2021-09-09,0.33314710000009745
2021-09-10,-0.4014530400000962
2021-09-13,0.960665760000045
2021-09-14,0.6040945200000094
2021-09-15,0.6242258499999906
2021-09-16,-1.134887699999986
2021-09-17,-3.0575455799999625
2021-09-20,-3.3200967299999724
2021-09-21,1.6952598499999814
2021-09-22,1.714406349999911
2021-09-23,-0.49543404999994994
2021-09-24,-0.6814269900000443
2021-09-27,0.03613962000006286
2021-09-28,-4.171030000000064
2021-09-29,0.04717155000004234
2021-09-30,-0.5775606799999647
2021-10-01,1.9809944799999528
2021-10-04,-1.1550540800000038
2021-10-05,-0.144562199999941
2021-10-06,-0.4590781200000345
2021-10-07,-0.4600744800000548
2021-10-08,-1.1536935399999728
2021-10-11,-1.1156619999999857
2021-10-12,0.16233404000000298
2021-10-13,0.8670079000000358
2021-10-14,1.6107034399999416
2021-10-15,0.5940193600000414
2021-10-18,-0.8636770000000175
2021-10-19,0.6925856399999568
2021-10-20,0.8551627800000484
2021-10-21,-1.572035939999993
2021-10-22,1.5812811199999868
2021-10-25,0.4350546800000249
2021-10-26,0.40993271999998154
2021-10-27,0.9248301099999698
2021-10-28,0.27061050000000864
2021-10-29,-0.39411097000000395
2021-11-01,-0.3349688399999884
2021-11-02,0.536012750000028
2021-11-03,0.6561311799999858
2021-11-04,0.6599959999999947
2021-11-05,1.1550060399999986
2021-11-08,-0.8665282700000199
2021-11-09,0.45565562000002696
2021-11-10,-2.1293243199999816
2021-11-11,0.21274143999999293
2021-11-12,1.6231819999999662
2021-11-15,-0.40514191999996807
2021-11-16,-0.638276800000004
2021-11-17,1.0101287199999829
2021-11-18,-0.800823999999979
2021-11-19,-1.3157873400000089
2021-11-22,-1.615396000000007
2021-11-23,-1.34212904999999
2021-11-24,-0.8339897199999871
2021-11-25,0.14777664000000165
2021-11-26,-7.002710970000023
2021-11-29,3.0437899799999912
2021-11-30,-1.5205408799999816
2021-12-01,0.4400175999999868
2021-12-02,0.5860489200000183
2021-12-03,0.07397371999997931
2021-12-06,0.6906862999999916
2021-12-07,1.9080295000000036
2021-12-08,-0.2829392399999675
2021-12-09,-0.3903384000000007
2021-12-10,0.3638729200000001
2021-12-13,-1.1885156600000055
2021-12-14,-0.5551256000000179
2021-12-15,0.4969445500000184
2021-12-16,1.9092509299999962
2021-12-17,-0.837652720000014
2021-12-20,-0.24189380000000366
2021-12-21,0.6763238299999522
2021-12-22,0.979726710000059
2021-12-23,0.553397539999944
2021-12-24,0.0
2021-12-27,0.6843059200000552
2021-12-28,-1.0704926500000032
2021-12-29,0.635591599999955
2021-12-30,-0.5983373400000143
2021-12-31,0.0349999999999963
2022-01-03,-0.38339279999999465
2022-01-04,1.3412691199999827
2022-01-05,-1.5417429999999737
2022-01-06,-0.060159400000008884
2022-01-07,0.9093619999999369
2022-01-10,-0.6790032799999547
2022-01-11,0.7529336999999812
2022-01-12,0.896338560000051
2022-01-13,-0.8392347000000755
2022-01-14,0.38633050000001234
2022-01-17,0.2255145200000067
2022-01-18,-2.0185690900000024
2022-01-19,0.636388510000014
2022-01-20,-0.6224350000000125
2022-01-21,0.11190190000000648
2022-01-24,-0.8014468800000116
2022-01-25,-0.022985849999999083
2022-01-26,-0.29642049999997266
2022-01-27,-1.361776640000005
2022-01-28,0.6100488000000028
2022-01-31,3.2394524999999934
2022-02-01,1.7972273800000116
2022-02-02,-0.8987739200000109
2022-02-03,-2.5305196599999977
2022-02-04,0.5244068800000056
2022-02-07,2.4115627199999983
2022-02-08,0.34620143999999337
2022-02-09,3.164951200000008
2022-02-10,-2.2617309199999958
2022-02-11,0.8545481399999915
2022-02-14,1.5810923999999955
2022-02-15,-0.6348853999999982
2022-02-16,1.795212080000009
2022-02-17,-0.9143458000000101
2022-02-18,0.6589053599999983
2022-02-21,-2.4638594999999976
2022-02-22,3.2219328400000014
2022-02-23,0.6062539200000022
2022-02-24,-2.8441761600000044
2022-02-25,-3.498759419999987
2022-02-28,3.7949622199999973
2022-03-01,0.42780162999999477
2022-03-02,-0.5646472000000041
2022-03-03,-0.42943152999998907
2022-03-04,-2.0166321199999993
2022-03-07,-1.5931631300000109
2022-03-08,0.7542035000000091
2022-03-09,1.3590279999999932
2022-03-10,1.0248111200000096
2022-03-11,0.8722593599999892
2022-03-14,-0.7346573999999937
2022-03-15,0.4971743200000054
2022-03-16,-1.7685732900000024
2022-03-17,2.3771467199999963
2022-03-18,0.909985299999995
2022-03-21,2.4898796500000104
2022-03-22,0.8371462499999954
2022-03-23,0.3790377599999941
2022-03-24,0.19980684000000723
2022-03-25,0.4920000000000048
2022-03-28,-1.2281388900000083
2022-03-29,-0.1964160500000021
2022-03-30,0.6800913799999964
2022-03-31,3.1999043500000286
2022-04-01,0.5506730799999767
2022-04-04,1.8627179399999918
2022-04-05,-0.10274755999999322
2022-04-06,-1.3402495200000029
2022-04-07,0.8620352400000006
2022-04-08,1.5650010500000002
2022-04-11,0.9787941000000002
2022-04-12,1.9736851500000037
2022-04-13,0.6568350400000015
2022-04-14,-0.891839040000044
2022-04-15,0.0
2022-04-18,2.930500000000039
2022-04-19,-1.062383119999961
2022-04-20,0.2606518799999223
2022-04-21,-1.8610375999999529
2022-04-22,-2.948692500000045
2022-04-25,1.1155121000000492
2022-04-26,-0.4403320000000101
2022-04-27,1.999555799999991
2022-04-28,-0.2541130999999415
2022-04-29,0.6219131999999411
2022-05-02,-1.215995599999976
2022-05-03,0.37330009999999636
2022-05-04,1.2402012500000115
2022-05-05,-0.6345307500000142
2022-05-06,-1.0611139999999355
2022-05-09,-3.919460950000071
2022-05-10,1.0334368500000082
2022-05-11,2.48772875000001
2022-05-12,2.250640849999984
2022-05-13,0.7349645000000135
2022-05-16,2.4607724499999892
2022-05-17,0.67238049999999
2022-05-18,-3.8041455999999916
2022-05-19,0.026143100000071275
2022-05-20,-0.25419080000005356
2022-05-23,1.0756135000000684
2022-05-24,-2.1533667500000373
2022-05-25,-0.31359499999999196
2022-05-26,-0.03868489999999329
2022-05-27,2.986596250000005
2022-05-30,0.11470774999999578
2022-05-31,-2.3810277500000403
2022-06-01,-2.1466102499999415
2022-06-02,1.6547502499999882
2022-06-03,-0.5912484999999991
2022-06-06,2.3123659999999475
2022-06-07,0.7614375000000299
2022-06-08,0.5814629000000228
2022-06-09,-0.6581509000000226
2022-06-10,-1.3578782999999814
2022-06-13,-3.060584750000055
2022-06-14,0.08002370000004873
2022-06-15,0.8417372500000166
2022-06-16,-0.1811730000000211
2022-06-17,0.16192705000000665
2022-06-20,0.4555050000000095
2022-06-21,-2.467140500000008
2022-06-22,-1.1725368000000016
2022-06-23,-4.686926749999995
2022-06-24,3.2927123499999835
2022-06-27,-1.5183642500000005
2022-06-28,-0.9756239999999752
2022-06-29,-0.6310597500000176
2022-06-30,-2.2538363999999818
2022-07-01,-2.3955231500000207
2022-07-04,-0.15400000000000136
2022-07-05,-3.517563049999993
2022-07-06,0.5657229999999762
2022-07-07,1.565401250000037
2022-07-08,1.8683610999999969
2022-07-11,-1.7936646000000007
2022-07-12,-2.4908517500000125
2022-07-13,0.931838650000002
2022-07-14,-0.006808800000035194
2022-07-15,-1.324515599999973
2022-07-18,3.2783110000000035
2022-07-19,-0.23238050000000476
2022-07-20,-0.16923649999999496
2022-07-21,-1.2534720000000066
2022-07-22,-0.3724217500000135
2022-07-25,0.9155526000000133
2022-07-26,0.34907389999999366
2022-07-27,0.35618319999999126
2022-07-28,0.781077300000023
2022-07-29,-0.3007639000000097
2022-08-01,-0.35654299999999334
2022-08-02,-1.5978429500000155
2022-08-03,1.3818952500000072
2022-08-04,0.7562992499999958
2022-08-05,-0.29814714999999814
2022-08-08,0.7674325999999912
2022-08-09,0.026995700000005604
2022-08-10,1.0627231999999989
2022-08-11,0.5168020000000016
2022-08-12,0.8558204000000021
2022-08-15,-0.38255520000000315
2022-08-16,-0.48261680000000295
2022-08-17,-0.6356237499999982
2022-08-18,-0.4620969999999934
2022-08-19,-0.5422065999999985
2022-08-22,-0.13124400000000622
2022-08-23,1.3211368000000012
2022-08-24,0.7235810999999986
2022-08-25,-0.1249999999999939
2022-08-26,-0.5139730000000025
2022-08-29,0.09964119999997156
2022-08-30,-0.894951199999985
2022-08-31,-0.23088119999998943
2022-09-01,-1.1095403999999927
2022-09-02,2.032354000000002
2022-09-05,-0.12029099999999998
2022-09-06,0.23917699999998737
2022-09-07,0.18621575000000443
2022-09-08,0.5653077499999914
2022-09-09,1.1351797500000047
2022-09-12,0.6807012499999885
2022-09-13,-1.0260944999999992
2022-09-14,0.23591124999999838
2022-09-15,-0.5742454999999855
2022-09-16,-0.05919775000000623
2022-09-19,1.1246070000000177
2022-09-20,1.0742214999999735
2022-09-21,0.11773650000001701
2022-09-22,1.0721137499999942
2022-09-23,-2.6494897499999803
2022-09-26,0.5278659999999517
2022-09-27,0.5696074999999805
2022-09-28,-0.06113624999995825
2022-09-29,0.10130579999999237
2022-09-30,1.2070775000000178
2022-10-03,-0.5912459500000278
2022-10-04,-0.18678844999996555
2022-10-05,0.5871554999999625
2022-10-06,-0.5512400499999748
2022-10-07,1.637437499999978
2022-10-10,1.4580029000000079
2022-10-11,-0.9545735500000017
2022-10-12,0.30625000000000907
2022-10-13,0.4780456999999937
2022-10-14,-0.9444877000000128
2022-10-17,-0.410747799999977
2022-10-18,-0.5283627000000047
2022-10-19,0.09456170000000924
2022-10-20,1.5865069999999706
2022-10-21,0.4309615000000158
2022-10-24,-0.3167741000000006
2022-10-25,-0.1422040000000027
2022-10-26,-1.1666614999999978
2022-10-27,-0.07661209999996933
2022-10-28,1.1529810999999923
2022-10-31,1.0764397000000143
2022-11-01,1.4348544999999513
2022-11-02,0.20244460000001735
2022-11-03,-0.46201899999999735
2022-11-04,1.2208199999999703
2022-11-07,0.748473450000055
2022-11-08,-2.3625100000000168
2022-11-09,-1.3294806000000297
2022-11-10,-1.1136109999999821
2022-11-11,-0.8580665000000167
2022-11-14,1.5978064999999906
2022-11-15,0.17970375000004815
2022-11-16,-0.28969480000005277
2022-11-17,-0.7669745499999875
2022-11-18,0.5545306500000096
2022-11-21,-1.076937999999976
2022-11-22,0.9730549999999943
2022-11-23,0.9847075999999875
2022-11-24,0.15353889999999906
2022-11-25,0.5192429499999961
2022-11-28,-0.3936639999999854
2022-11-29,1.190695899999977
2022-11-30,-1.9120877000000012
2022-12-01,1.039497100000007
2022-12-02,-2.6499704999999896
2022-12-05,-2.62311425000002
2022-12-06,-1.173432249999978
2022-12-07,0.6718801999999935
2022-12-08,0.6906884000000095
2022-12-09,-0.41646655000000143
2022-12-12,-0.6498523999999994
2022-12-13,3.151582899999988
2022-12-14,-0.8955100999999855
2022-12-15,-2.950433200000013
2022-12-16,-1.2820944000000056
2022-12-19,1.2134198000000087
2022-12-20,0.38852905000000576
2022-12-21,2.788201999999996
2022-12-22,-0.31561760000000516
2022-12-23,1.5805232000000056
2022-12-26,0.0
2022-12-27,0.3940043999999985
2022-12-28,0.799570199999993
2022-12-29,0.9753452000000078
2022-12-30,-1.861600000000004
2023-01-02,1.1630300000000007
2023-01-03,0.11868999999999771
2023-01-04,-0.6824767999999984
2023-01-05,0.3931360000000072
2023-01-06,1.4958317999999977
2023-01-09,0.5739939999999967
2023-01-10,0.36967220000001255
2023-01-11,1.0604225999999823
2023-01-12,2.0507210000000113
2023-01-13,1.63360759999999
2023-01-16,-0.09516759999999938
2023-01-17,1.1375348000000032
2023-01-18,-2.7028712000000086
2023-01-19,-2.807319999999994
2023-01-20,2.062621600000004
2023-01-23,0.3362124000000132
2023-01-24,0.8412939999999918
2023-01-25,-0.30531039999999177
2023-01-26,0.9990355999999861
2023-01-27,0.5481776000000155
2023-01-30,-0.20019200000001808
2023-01-31,-0.17165499999999045
2023-02-01,2.0981023999999886
2023-02-02,1.2075360000000144
2023-02-03,-2.2091236000000025
2023-02-06,-2.404479200000014
2023-02-07,1.8255002000000222
2023-02-08,-0.1417845000000026
2023-02-09,2.1119874999999944
2023-02-10,-0.1725770000000013
2023-02-13,1.4452816000000086
2023-02-14,1.6162300999999946
2023-02-15,-0.17739899999999714
2023-02-16,1.1559371999999992
2023-02-17,0.5014800000000013
2023-02-20,-0.19678799999999932
2023-02-21,-1.140314200000016
2023-02-22,-0.07230610000000788
2023-02-23,0.03862830000000536
2023-02-24,-2.3706646999999945
2023-02-27,1.0336104000000053
2023-02-28,0.2997125000000049
2023-03-01,1.3348459999999802
2023-03-02,1.3728552000000036
2023-03-03,2.661517800000003
2023-03-06,-0.3156231999999993
2023-03-07,-2.065747000000004
2023-03-08,1.1868978000000072
2023-03-09,-2.4554272000000057
2023-03-10,-7.52451899999999
2023-03-13,-8.254101199999996
2023-03-14,5.324254699999997
2023-03-15,-7.5078382000000135
2023-03-16,3.8502243000000043
2023-03-17,-2.0449456000000055
2023-03-20,1.3590747000000112
2023-03-21,2.359892500000005
2023-03-22,-0.3431245000000204
2023-03-23,-1.1173347999999914
2023-03-24,0.09669000000000115
2023-03-27,2.436938399999997
2023-03-28,1.0869670000000016
2023-03-29,1.4091389999999993
2023-03-30,0.7668695999999973
2023-03-31,0.24361499999999853
2023-04-03,-0.6040555999999911
2023-04-04,-0.7904996000000007
2023-04-05,-1.6006004000000027
2023-04-06,0.6522299999999986
2023-04-07,0.0
2023-04-10,1.154499999999999
2023-04-11,0.19025360000000735
2023-04-12,0.3861760000000018
2023-04-13,0.9827879999999933
2023-04-14,0.5418360000000024
2023-04-17,0.7292750000000027
2023-04-18,0.24290709999999852
2023-04-19,-0.5236320000000052
2023-04-20,-0.3111844000000098
2023-04-21,-0.1235715999999883
2023-04-24,-0.08196720000000685
2023-04-25,-1.231232299999998
2023-04-26,-1.3458300000000027
2023-04-27,0.9320558000000126
2023-04-28,-0.04563600000001431
2023-05-01,0.7974999999999967
2023-05-02,-2.194626999999999
2023-05-03,1.1012960000000034
2023-05-04,-0.17922199999999144
2023-05-05,3.439622400000002
2023-05-08,-0.12608360000000732
2023-05-09,-0.6933497999999985
2023-05-10,1.9660199999999965
2023-05-11,-0.33987719999999216
2023-05-12,0.37298980000001297
2023-05-15,2.0208076999999847
2023-05-16,-0.4215704999999918
2023-05-17,-0.9241691999999968
2023-05-18,0.10503279999998877
2023-05-19,-0.279562399999999
2023-05-22,-0.8276935999999925
2023-05-23,-1.7883250000000188
2023-05-24,0.027773000000012506
2023-05-25,0.14441559999999593
2023-05-26,3.920118699999989
2023-05-29,0.43404440000001016
2023-05-30,-1.2010476000000032
2023-05-31,-1.9542779999999866
2023-06-01,2.6414245999999992
2023-06-02,1.5708168000000045
2023-06-05,0.662343999999996
2023-06-06,1.4169839999999898
2023-06-07,0.6341460000000028
2023-06-08,-0.03685440000000817
2023-06-09,0.8496928000000062
2023-06-12,0.47300400000000775
2023-06-13,1.6778897999999811
2023-06-14,1.778047600000016
2023-06-15,-0.3174143000000166
2023-06-16,1.3762686000000024
2023-06-19,-0.460545099999983
2023-06-20,-2.0653216000000088
2023-06-21,1.877899600000005
2023-06-22,-0.921790000000002
2023-06-23,-1.411905999999994
2023-06-26,0.9013047999999804
2023-06-27,0.8282864000000183
2023-06-28,0.010692999999982475
2023-06-29,0.2713432000000077
2023-06-30,0.34008059999999
2023-07-03,0.9970064000000156
2023-07-04,-0.2797904000000104
2023-07-05,0.1406248000000022
2023-07-06,-4.70526960000001
2023-07-07,1.97398
2023-07-10,0.7686232000000222
2023-07-11,0.5024535999999863
2023-07-12,1.3661222999999947
2023-07-13,0.5297410000000127
2023-07-14,1.6420472000000088
2023-07-17,-0.1764195000000095
2023-07-18,-0.25342599999998944
2023-07-19,0.20299439999999394
2023-07-20,-1.1145799999999977
2023-07-21,-1.0137280000000113
2023-07-24,2.177258000000014
2023-07-25,-1.1238870000000127
2023-07-26,0.37207880000000193
2023-07-27,1.6148385999999875
2023-07-28,1.9438463999999978
2023-07-31,-0.7042961999999793
2023-08-01,-2.0206116000000134
2023-08-02,-2.1367422000000036
2023-08-03,-3.327768800000007
2023-08-04,2.3907176000000265
2023-08-07,0.3584249999999934
2023-08-08,-1.6728730000000003
2023-08-09,1.259677999999993
2023-08-10,0.831329599999995
2023-08-11,0.8235714000000178
2023-08-14,0.010095999999988645
2023-08-15,-1.062441599999997
2023-08-16,0.36987599999999476
2023-08-17,-0.254602399999994
2023-08-18,0.1468319999999956
2023-08-21,1.3437532000000076
2023-08-22,1.2864632000000007
2023-08-23,0.4192674
2023-08-24,-0.3695148000000149
2023-08-25,0.9418575000000041
2023-08-28,-0.11173980000000071
2023-08-29,-0.07291199999998516
2023-08-30,0.4563291999999842
2023-08-31,-2.790723799999972
2023-09-01,-0.028826000000000407
2023-09-04,-1.0335807999999982
2023-09-05,-1.4795376000000084
2023-09-06,-1.5311216000000094
2023-09-07,-0.7853412000000024
2023-09-08,1.1391136000000068
2023-09-11,3.0071561999999994
2023-09-12,0.6037793999999805
2023-09-13,0.2957850000000163
2023-09-14,1.2999604000000164
2023-09-15,0.7664095999999885
2023-09-18,-0.857774800000026
2023-09-19,1.0616824000002478
2023-09-20,1.1913155999997456
2023-09-21,-1.141063999999993
2023-09-22,-0.4959039999999918
2023-09-25,-1.9797163999997487
2023-09-26,-1.0962295999999907
2023-09-27,-1.3770232000000173
2023-09-28,0.699911999999725
2023-09-29,2.2905260000000185
2023-10-02,-2.0669340000000096
2023-10-03,-1.0655519999999856
2023-10-04,-1.0718119999999844
2023-10-05,-1.726471599999839
2023-10-06,1.4633340000000163
2023-10-09,-2.3444964000002027
2023-10-10,2.0709810000000166
2023-10-11,0.3290250000001923
2023-10-12,0.20205759999979622
2023-10-13,-1.4067951999999804
2023-10-16,1.743739999999987
2023-10-17,0.9101640000000027
2023-10-18,-1.1983519999999883
2023-10-19,-0.0642456000000021
2023-10-20,-0.6430282000000038
2023-10-23,0.36437760000001024
2023-10-24,-0.1699919999998371
2023-10-25,0.6910077000000009
2023-10-26,-0.10420190000002905
2023-10-27,0.05380000000002419
2023-10-30,0.6506679999999758
2023-10-31,0.748535999999875
2023-11-01,-0.8735171000000275
2023-11-02,1.364737600000031
2023-11-03,-0.283144800000018
2023-11-06,0.22458800000000945
2023-11-07,0.18215820000000651
2023-11-08,-0.8979256000000062
2023-11-09,-0.16368320000000022
2023-11-10,1.3308683999999933
2023-11-13,-0.3134869999999832
2023-11-14,-0.4075984999999983
2023-11-15,1.0563199999999926
2023-11-16,-0.463650799999994
2023-11-17,0.3018263999999931
2023-11-20,0.914150399999997
2023-11-21,-0.8352179999999996
2023-11-22,0.39641799999999966
2023-11-23,-0.07409994000000297
2023-11-24,0.935397330000011
2023-11-27,-0.23998516000001313
2023-11-28,-0.4650961199999984
2023-11-29,-1.2225418099999932
2023-11-30,-1.0505920200000047
2023-12-01,1.187828199999999
2023-12-04,-2.153881999999993
2023-12-05,0.4974812000000005
2023-12-06,1.039475010000004
2023-12-07,-1.69166052999979
2023-12-08,1.6480610599997816
2023-12-11,0.09622536000021908
2023-12-12,0.7281234399997806
2023-12-13,0.41648048000021837
2023-12-14,0.1828645600000043
2023-12-15,-0.3966805100002123
2023-12-18,0.18435492999998832
2023-12-19,1.1925081600000014
2023-12-20,-0.6331144000000025
2023-12-21,0.1201378000000083
2023-12-22,0.22845125000000083
2023-12-25,0.0
2023-12-26,0.05474999999999427
2023-12-27,1.0373170800002447
2023-12-28,-0.09091526000023636
2023-12-29,-0.16384596000001592
2024-01-01,0.0
2024-01-02,-0.067344359999987
2024-01-03,-1.0723436400000033
2024-01-04,0.6285610400002756
2024-01-05,2.029336999999705
2024-01-08,1.857341200000014
2024-01-09,-1.8443833999999961
2024-01-10,0.202245980000303
2024-01-11,0.600756399999701
2024-01-12,1.8772506999999983
2024-01-15,-0.36001443999999827
2024-01-16,-2.7215796000000183
2024-01-17,-0.5327361599997039
2024-01-18,1.0312478399997758
2024-01-19,0.8846945600002344
2024-01-22,-0.11236354000001347
2024-01-23,-1.1784236500002327
2024-01-24,1.4371744999999752
2024-01-25,0.11366112000000957
2024-01-26,1.7340805600000178
2024-01-29,-0.4162629200000078
2024-01-30,-0.12391685999999653
2024-01-31,-0.47166938000000547
2024-02-01,0.6641310600002641
2024-02-02,0.14250599999998756
2024-02-05,0.14115575999973737
2024-02-06,1.0649791600002623
2024-02-07,0.29393196000000055
2024-02-08,-0.017125520000291362
2024-02-09,1.579150200000283
2024-02-12,-0.014333139999995251
2024-02-13,-2.380572400000286
2024-02-14,2.5198739200002858
2024-02-15,2.4856561199999962
2024-02-16,0.4569693999997222
2024-02-19,0.10763549999999716
2024-02-20,-1.513024539999994
2024-02-21,1.9515843600000011
2024-02-22,1.4068223200002934
2024-02-23,0.7405589599997
2024-02-26,-0.8272369199999857
2024-02-27,0.385318780000306
2024-02-28,-1.534093060000319
2024-02-29,0.773872940000004
2024-03-01,1.4449147000003393
2024-03-04,0.18676892999999975
2024-03-05,0.1464963500000048
2024-03-06,0.5116471899999946
2024-03-07,0.04803874999999441
2024-03-08,-0.4519423299999913
2024-03-11,-1.2891875200000007
2024-03-12,2.0523934099999956
2024-03-13,2.25834669
2024-03-14,0.22230648000000516
2024-03-15,-0.41767970000000776
2024-03-18,-1.65368538999999
2024-03-19,0.4536524000000012
2024-03-20,1.8040641400000081
2024-03-21,-0.051805220000014626
2024-03-22,-0.36368153999998126
2024-03-25,1.9738690599999869
2024-03-26,2.3156514799999948
2024-03-27,2.641551849999995
2024-03-28,-3.4715357999999776
