,breakout_ens
1972-10-18,0.0
1972-10-19,0.0
1972-10-20,0.0
1972-10-23,0.0
1972-10-24,0.0
1972-10-25,0.0
1972-10-26,0.0
1972-10-27,0.0
1972-10-30,0.0
1972-10-31,0.0
1972-11-01,0.0
1972-11-02,-0.029070753249571327
1972-11-03,-0.06832926862040817
1972-11-06,-0.7716517841311459
1972-11-07,-0.0021387248254991654
1972-11-08,0.6768335020336219
1972-11-09,-0.18704249204421405
1972-11-10,-0.3939762046827201
1972-11-13,2.248808701044225
1972-11-14,-0.3478000000000043
1972-11-15,1.41
1972-11-16,-1.647210659726304
1972-11-17,0.2439208344692486
1972-11-20,-1.7533059496849384
1972-11-21,0.9211119627028412
1972-11-22,-0.2721324278725957
1972-11-23,-0.004178720121282315
1972-11-24,1.6549524062805347
1972-11-27,1.8278947177844593
1972-11-28,-1.577111386986456
1972-11-29,-2.7711823850025055
1972-11-30,3.859199999999994
1972-12-01,3.685
1972-12-04,7.705
1972-12-05,0.6558320000135319
1972-12-06,-3.42
1972-12-07,1.425
1972-12-08,2.85
1972-12-11,-2.85
1972-12-12,1.14
1972-12-13,-2.851512952278585
1972-12-14,-0.58
1972-12-15,-1.4529808908928523
1972-12-18,-7.201671123344749
1972-12-19,1.2166875932600874
1972-12-20,4.566600000000005
1972-12-21,1.3317086331729144
1972-12-22,-2.9
1972-12-25,0.0
1972-12-26,0.58
1972-12-27,-0.15079999999999474
1972-12-28,0.0
1972-12-29,2.61
1973-01-01,0.0
1973-01-02,-2.61
1973-01-03,0.4407999999999947
1973-01-04,-2.9
1973-01-05,-1.74
1973-01-08,-2.9
1973-01-09,2.32
1973-01-10,1.74
1973-01-11,-6.09
1973-01-12,-0.87
1973-01-15,0.0
1973-01-16,2.749200000000005
1973-01-17,-1.879200000000005
1973-01-18,-0.58
1973-01-19,0.87
1973-01-22,0.87
1973-01-23,2.32
1973-01-24,0.87
1973-01-25,0.0
1973-01-26,-3.77
1973-01-29,-0.87
1973-01-30,-0.58
1973-01-31,0.58
1973-02-01,-2.61
1973-02-02,2.32
1973-02-05,1.74
1973-02-06,-2.03
1973-02-07,-0.58
1973-02-08,0.0
1973-02-09,1.45
1973-02-12,3.77
1973-02-13,1.45
1973-02-14,-3.0524148901059935
1973-02-15,0.7433999999999946
1973-02-16,1.475
1973-02-19,-0.003183650516853773
1973-02-20,1.22
1973-02-21,6.096726367073729
1973-02-22,2.52
1973-02-23,-3.465
1973-02-26,-1.2616401191350242
1973-02-27,-0.9632655268310849
1973-02-28,1.9767422230945584
1973-03-01,6.796650547823446
1973-03-02,-2.8
1973-03-05,3.3180000000000067
1973-03-06,0.18033036323390392
1973-03-07,0.7050155002656925
1973-03-08,-4.446694337611621
1973-03-09,1.17
1973-03-12,-3.9
1973-03-13,-0.78
1973-03-14,1.948340798958491
1973-03-15,1.5766939807911038
1973-03-16,0.40170949976385195
1973-03-19,-2.9099327262337367
1973-03-20,1.29
1973-03-21,0.4283699332951941
1973-03-22,5.2150820517330985
1973-03-23,-3.15
1973-03-26,-1.35
1973-03-27,-3.151631629127479
1973-03-28,3.858400000000008
1973-03-29,0.23659999999999173
1973-03-30,0.906762715978117
1973-04-02,10.225004226274143
1973-04-03,-3.8416662741987992
1973-04-04,2.85
1973-04-05,-2.621999999999991
1973-04-06,-1.425
1973-04-09,6.65
1973-04-10,-2.6030000000000086
1973-04-11,-1.1969999999999912
1973-04-12,2.85
1973-04-13,0.24699999999999137
1973-04-16,3.325
1973-04-17,-1.4266414226079265
1973-04-18,5.75670266637099
1973-04-19,1.47
1973-04-20,-0.0016366574815257157
1973-04-23,4.948360632383193
1973-04-24,-4.501642631181715
1973-04-25,8.08
1973-04-26,-7.575
1973-04-27,-1.0166894166414733
1973-04-30,9.7
1973-05-01,9.206366507487719
1973-05-02,-6.445221815805402
1973-05-03,5.778008692210907
1973-05-04,-0.425
1973-05-07,7.225
1973-05-08,2.125
1973-05-09,0.85
1973-05-10,-10.20179537457737
1973-05-11,0.852842667213493
1973-05-14,3.28
1973-05-15,0.41
1973-05-16,-4.1
1973-05-17,-1.23
1973-05-18,6.97
1973-05-21,12.71
1973-05-22,2.0425729498865315
1973-05-23,1.17
1973-05-24,1.95
1973-05-25,12.866167680652964
1973-05-28,0.0
1973-05-29,12.8
1973-05-30,-12.0
1973-05-31,3.9796754777787737
1973-06-01,7.0
1973-06-04,14.35
1973-06-05,13.988863034945144
1973-06-06,-13.009296907585718
1973-06-07,-12.216904382496589
1973-06-08,4.3079041027379255
1973-06-11,9.427600000000004
1973-06-12,2.0873999999999957
1973-06-13,-2.94
1973-06-14,-9.555
1973-06-15,-7.600210682303203
1973-06-18,9.16233343850854
1973-06-19,3.9046595333763148
1973-06-20,-6.16
1973-06-21,5.72
1973-06-22,-5.72
1973-06-25,1.98
1973-06-26,-6.6
1973-06-27,-0.66
1973-06-28,-8.694399999999996
1973-06-29,6.048645917224694
1973-07-02,8.488272565917189
1973-07-03,0.6091148505983549
1973-07-04,0.0
1973-07-05,-7.41
1973-07-06,1.95
1973-07-09,0.975
1973-07-10,-3.51
1973-07-11,8.088600000000003
1973-07-12,1.2713999999999963
1973-07-13,4.68
1973-07-16,6.63
1973-07-17,-4.095
1973-07-18,1.17
1973-07-19,8.19
1973-07-20,7.8
1973-07-23,6.24
1973-07-24,-3.9033246600962577
1973-07-25,7.2
1973-07-26,4.8
1973-07-27,-8.003444614865945
1973-07-30,8.61
1973-07-31,8.2
1973-08-01,-2.87
1973-08-02,-1.23
1973-08-03,7.79
1973-08-06,8.2
1973-08-07,8.2
1973-08-08,7.79
1973-08-09,-2.05
1973-08-10,7.79
1973-08-13,8.2
1973-08-14,8.2
1973-08-15,-8.2
1973-08-16,-8.203951421293407
1973-08-17,-1.2079057466493612
1973-08-20,-3.8
1973-08-21,-7.22
1973-08-22,-7.60406807887039
1973-08-23,-7.4041226096728545
1973-08-24,7.2
1973-08-27,-7.384197302519427
1973-08-28,-7.0
1973-08-29,0.5207541564818826
1973-08-30,-8.16
1973-08-31,0.68
1973-09-03,0.0
1973-09-04,-5.78
1973-09-05,-6.8
1973-09-06,3.7311745420471074
1973-09-07,7.04
1973-09-10,-2.2489343128812864
1973-09-11,2.7
1973-09-12,-5.55
1973-09-13,1.3454900893440895
1973-09-14,4.93
1973-09-17,5.940429074885677
1973-09-18,-5.6
1973-09-19,-0.4246192727618368
1973-09-20,0.81
1973-09-21,-1.35
1973-09-24,5.67
1973-09-25,1.35
1973-09-26,-4.86
1973-09-27,-0.81
1973-09-28,1.08
1973-10-01,-2.43
1973-10-02,-3.24
1973-10-03,5.13
1973-10-04,-4.32
1973-10-05,0.81
1973-10-08,0.0
1973-10-09,5.67
1973-10-10,4.05
1973-10-11,0.54
1973-10-12,-5.67
1973-10-15,-5.4
1973-10-16,-1.755
1973-10-17,2.835
1973-10-18,0.27
1973-10-19,-1.89
1973-10-22,-2.16
1973-10-23,0.0
1973-10-24,0.81
1973-10-25,2.7
1973-10-26,-3.51
1973-10-29,-5.4
1973-10-30,0.0
1973-10-31,1.35
1973-11-01,0.81
1973-11-02,-0.27
1973-11-05,1.35
1973-11-06,-1.755
1973-11-07,0.405
1973-11-08,0.675
1973-11-09,0.135
1973-11-12,3.24
1973-11-13,0.945
1973-11-14,-1.0850136430162667
1973-11-15,0.414991177865176
1973-11-16,0.28499119877327517
1973-11-19,1.7949924255345502
1973-11-20,6.194958052203747
1973-11-21,2.56
1973-11-22,0.0
1973-11-23,-1.28
1973-11-26,-5.76
1973-11-27,0.32
1973-11-28,6.4
1973-11-29,2.24
1973-11-30,-1.6
1973-12-03,-1.76
1973-12-04,3.034872607978376
1973-12-05,-4.455
1973-12-06,3.465
1973-12-07,0.825
1973-12-10,0.15985344942894808
1973-12-11,5.259673290874457
1973-12-12,-3.24
1973-12-13,1.08
1973-12-14,0.5296577010007989
1973-12-17,1.509662538658683
1973-12-18,-4.210360700373909
1973-12-19,2.52
1973-12-20,-0.00518176955891914
1973-12-21,-1.2951833840751439
1973-12-24,-0.010366056366471879
1973-12-25,0.0
1973-12-26,-5.06
1973-12-27,2.99
1973-12-28,-0.6951975682949485
1973-12-31,-1.88519861592664
1974-01-01,-0.005195755772701925
1974-01-02,3.675
1974-01-03,-0.98
1974-01-04,3.1798087483052604
1974-01-07,7.239598624423979
1974-01-08,2.08
1974-01-09,-6.76
1974-01-10,9.88
1974-01-11,-1.825236696542616
1974-01-14,3.315
1974-01-15,1.53
1974-01-16,1.275
1974-01-17,4.074777638159343
1974-01-18,-2.605226088035396
1974-01-21,-0.795
1974-01-22,-6.630243741772373
1974-01-23,-4.86
1974-01-24,1.89
1974-01-25,10.8
1974-01-28,-0.5452591126055473
1974-01-29,-3.975
1974-01-30,2.12
1974-01-31,1.59
1974-02-01,0.53
1974-02-04,-1.325
1974-02-05,-1.325
1974-02-06,-1.0652021795330338
1974-02-07,1.884798750915092
1974-02-08,4.669801105609505
1974-02-11,4.76
1974-02-12,-0.005132878029762882
1974-02-13,-4.275
1974-02-14,3.99
1974-02-15,3.42
1974-02-18,-0.005023850746551622
1974-02-19,11.6
1974-02-20,8.7
1974-02-21,1.45
1974-02-22,10.44
1974-02-25,11.6
1974-02-26,-0.8800566139030785
1974-02-27,-11.2
1974-02-28,-11.23048086944791
1974-03-01,8.729654942908958
1974-03-04,-9.205128730980338
1974-03-05,-9.015439861967085
1974-03-06,-3.7851557552979194
1974-03-07,7.995
1974-03-08,-8.205173718021038
1974-03-11,-2.405142329036818
1974-03-12,4.68
1974-03-13,-1.755
1974-03-14,-1.56
1974-03-15,-7.8
1974-03-18,3.705
1974-03-19,-0.39
1974-03-20,-2.73
1974-03-21,0.0
1974-03-22,1.755
1974-03-25,-7.605
1974-03-26,-0.0051183326987607435
1974-03-27,-6.46
1974-03-28,1.1297842113740444
1974-03-29,-0.72
1974-04-01,-7.2
1974-04-02,-7.215348600183141
1974-04-03,6.589753043624028
1974-04-04,-3.885249639964978
1974-04-05,-1.310088141534996
1974-04-08,1.26
1974-04-09,3.774974132266607
1974-04-10,0.2649787583350186
1974-04-11,-3.64
1974-04-12,0.0
1974-04-15,5.2
1974-04-16,-1.95
1974-04-17,-1.43
1974-04-18,0.52
1974-04-19,0.52
1974-04-22,0.65
1974-04-23,-0.39
1974-04-24,2.08
1974-04-25,5.2
1974-04-26,-1.17
1974-04-29,-3.51
1974-04-30,0.52
1974-05-01,-3.9
1974-05-02,0.78
1974-05-03,-3.38
1974-05-06,-5.2
1974-05-07,-0.004628805111865879
1974-05-08,1.4953674181255037
1974-05-09,-0.96
1974-05-10,2.64
1974-05-13,1.7954081253277383
1974-05-14,-1.38
1974-05-15,0.92
1974-05-16,2.415
1974-05-17,0.46
1974-05-20,-3.91
1974-05-21,1.955
1974-05-22,-1.61
1974-05-23,-1.38
1974-05-24,0.23
1974-05-27,0.0
1974-05-28,1.265
1974-05-29,3.795
1974-05-30,-1.495
1974-05-31,-3.45
1974-06-03,-1.955
1974-06-04,0.92
1974-06-05,2.99
1974-06-06,-0.805
1974-06-07,1.84
1974-06-10,-0.46
1974-06-11,-1.38
1974-06-12,1.725
1974-06-13,-0.575
1974-06-14,-0.23
1974-06-17,4.485
1974-06-18,-1.61
1974-06-19,3.45
1974-06-20,0.69
1974-06-21,4.6
1974-06-24,4.6
1974-06-25,-3.68
1974-06-26,4.6
1974-06-27,-1.265
1974-06-28,-0.6986143461156807
1974-07-01,4.995657958421053
1974-07-02,-0.10177399262798648
1974-07-03,2.151304863919374
1974-07-04,-0.0043376128154339185
1974-07-05,-0.6
1974-07-08,5.99137930724127
1974-07-09,-4.32
1974-07-10,-4.64
1974-07-11,1.76
1974-07-12,5.595608769897339
1974-07-15,5.94
1974-07-16,-1.984421434997886
1974-07-17,-0.5144220164200846
1974-07-18,6.995537831966662
1974-07-19,7.2
1974-07-22,-1.0844903542040805
1974-07-23,6.100484092184271
1974-07-24,7.595448207219731
1974-07-25,7.8
1974-07-26,7.8
1974-07-29,7.8
1974-07-30,-7.41
1974-07-31,7.605
1974-08-01,-7.8
1974-08-02,-7.809578362045689
1974-08-05,-5.554778283175541
1974-08-06,6.8351891127065025
1974-08-07,7.0
1974-08-08,-1.4
1974-08-09,-7.0
1974-08-12,-7.0
1974-08-13,6.995078637337138
1974-08-14,6.8
1974-08-15,-3.74
1974-08-16,6.8
1974-08-19,-2.38
1974-08-20,-6.8
1974-08-21,-1.02
1974-08-22,6.8
1974-08-23,4.08
1974-08-26,-6.8
1974-08-27,-6.12
1974-08-28,3.91
1974-08-29,-3.91
1974-08-30,-0.85
1974-09-02,0.0
1974-09-03,-6.8
1974-09-04,-3.91
1974-09-05,5.44
1974-09-06,2.38
1974-09-09,6.8
1974-09-10,-2.21
1974-09-11,3.23
1974-09-12,4.76
1974-09-13,-3.91
1974-09-16,-6.8
1974-09-17,-2.89
1974-09-18,1.87
1974-09-19,2.89
1974-09-20,-1.36
1974-09-23,6.8
1974-09-24,6.8
1974-09-25,-2.72
1974-09-26,6.8
1974-09-27,6.8
1974-09-30,6.8
1974-10-01,-6.8
1974-10-02,5.1
1974-10-03,6.8
1974-10-04,-0.85
1974-10-07,-6.8
1974-10-08,-6.8
1974-10-09,3.57
1974-10-10,4.59
1974-10-11,-4.93
1974-10-14,6.46
1974-10-15,0.17
1974-10-16,-1.36
1974-10-17,-3.91
1974-10-18,-1.36
1974-10-21,3.06
1974-10-22,1.3543969421952788
1974-10-23,-4.2
1974-10-24,-3.85
1974-10-25,-2.45
1974-10-28,1.9193734193778795
1974-10-29,5.9343840115881905
1974-10-30,0.555
1974-10-31,-0.555
1974-11-01,-2.9655797209133063
1974-11-04,-1.52
1974-11-05,-0.005548205189597986
1974-11-06,-2.34
1974-11-07,-0.39
1974-11-08,0.5795494272765955
1974-11-11,1.994586979060307
1974-11-12,-5.125
1974-11-13,-0.41
1974-11-14,1.2246504731621426
1974-11-15,-3.9953192207156016
1974-11-18,-8.6
1974-11-19,-4.73
1974-11-20,8.385
1974-11-21,-8.6
1974-11-22,3.429223335310222
1974-11-25,-1.23
1974-11-26,3.28
1974-11-27,1.23
1974-11-28,0.0
1974-11-29,2.665
1974-12-02,-1.23
1974-12-03,2.665
1974-12-04,-6.97
1974-12-05,1.025
1974-12-06,-7.175
1974-12-09,-4.720353498103146
1974-12-10,2.194685842020267
1974-12-11,0.78
1974-12-12,-0.78
1974-12-13,-3.12
1974-12-16,-4.68
1974-12-17,-3.9
1974-12-18,3.5047130559980753
1974-12-19,-0.5752665949846792
1974-12-20,-0.555
1974-12-23,-4.44
1974-12-24,-0.7452427396054462
1974-12-25,0.0
1974-12-26,-5.76
1974-12-27,4.31472297405105
1974-12-30,-2.110562167754226
1974-12-31,1.98
1975-01-01,-0.005278333249172431
1975-01-02,3.84
1975-01-03,-0.96
1975-01-06,2.72
1975-01-07,-4.0
1975-01-08,-1.44
1975-01-09,0.16
1975-01-10,1.44
1975-01-13,-2.08
1975-01-14,-0.8
1975-01-15,-0.64
1975-01-16,-0.48
1975-01-17,-6.4
1975-01-20,-4.810461798709814
1975-01-21,5.244746902978482
1975-01-22,-3.7858093964843635
1975-01-23,5.07
1975-01-24,2.3294001121306387
1975-01-27,-3.36
1975-01-28,2.4
1975-01-29,2.52
1975-01-30,-1.32
1975-01-31,-0.96
1975-02-03,-1.08
1975-02-04,2.28
1975-02-05,-1.08
1975-02-06,0.12
1975-02-07,1.2
1975-02-10,-2.04
1975-02-11,0.48
1975-02-12,-0.72
1975-02-13,0.24
1975-02-14,0.12
1975-02-17,0.0
1975-02-18,-1.2
1975-02-19,-4.8
1975-02-20,-1.92
1975-02-21,-1.8
1975-02-24,0.96
1975-02-25,-1.44
1975-02-26,-1.6852360135734956
1975-02-27,-3.3402560473440324
1975-02-28,-2.2052290367329257
1975-03-03,3.1447873749510395
1975-03-04,-1.4051928040385753
1975-03-05,1.9898345437591605
1975-03-06,1.98
1975-03-07,-1.71
1975-03-10,-0.09
1975-03-11,3.6
1975-03-12,0.9848215021427602
1975-03-13,-2.805
1975-03-14,-1.02
1975-03-17,0.51
1975-03-18,-0.68
1975-03-19,0.255
1975-03-20,0.34
1975-03-21,3.23
1975-03-24,-0.935
1975-03-25,0.51
1975-03-26,2.975
1975-03-27,-1.87
1975-03-28,0.0
1975-03-31,2.125
1975-04-01,-0.17
1975-04-02,-0.85
1975-04-03,-1.1099819433923486
1975-04-04,0.9850563217979629
1975-04-07,-0.665
1975-04-08,1.0401283573549216
1975-04-09,0.795167290486627
1975-04-10,-4.099830762080134
1975-04-11,-0.77
1975-04-14,-1.43
1975-04-15,-1.21
1975-04-16,0.0
1975-04-17,1.98
1975-04-18,-1.43
1975-04-21,0.22
1975-04-22,-1.87
1975-04-23,1.21
1975-04-24,1.87
1975-04-25,2.2
1975-04-28,-0.11
1975-04-29,-3.08
1975-04-30,-0.88
1975-05-01,-4.4
1975-05-02,0.11
1975-05-05,-1.54
1975-05-06,2.42
1975-05-07,-1.5443928977857841
1975-05-08,-0.315
1975-05-09,-1.3693833665818098
1975-05-12,1.5
1975-05-13,0.9956478006912323
1975-05-14,-0.38
1975-05-15,-0.76
1975-05-16,-0.665
1975-05-19,2.28
1975-05-20,0.57
1975-05-21,1.14
1975-05-22,-1.14
1975-05-23,-0.76
1975-05-26,0.0
1975-05-27,-2.85
1975-05-28,0.38
1975-05-29,-0.76
1975-05-30,0.38
1975-06-02,-1.52
1975-06-03,0.6609055753647545
1975-06-04,0.18
1975-06-05,-0.63
1975-06-06,-0.09
1975-06-09,0.9860691389404276
1975-06-10,-0.51
1975-06-11,0.085
1975-06-12,-0.255
1975-06-13,1.36
1975-06-16,1.53
1975-06-17,1.87
1975-06-18,-1.02
1975-06-19,-0.255
1975-06-20,2.125
1975-06-23,-1.7
1975-06-24,0.34
1975-06-25,-1.445
1975-06-26,-1.105
1975-06-27,-1.87
1975-06-30,-0.68
1975-07-01,0.425
1975-07-02,0.9533699592398418
1975-07-03,1.36
1975-07-04,0.0
1975-07-07,-0.85
1975-07-08,3.4
1975-07-09,1.02
1975-07-10,0.17
1975-07-11,3.311290482283712
1975-07-14,-1.7137180711830458
1975-07-15,1.611270382866469
1975-07-16,2.09625705254337
1975-07-17,-3.052535118041339
1975-07-18,-2.875
1975-07-21,3.795
1975-07-22,-1.38
1975-07-23,-1.84
1975-07-24,3.68
1975-07-25,2.526146062243846
1975-07-28,4.7961403263459035
1975-07-29,4.875
1975-07-30,-5.003894052937415
1975-07-31,-1.3
1975-08-01,2.21
1975-08-04,4.156117590373401
1975-08-05,-1.0838752691888562
1975-08-06,3.6322071162809495
1975-08-07,5.996051972517515
1975-08-08,-2.793951889870104
1975-08-11,-1.12
1975-08-12,5.756012009973595
1975-08-13,3.2960343720679854
1975-08-14,3.3920452446645655
1975-08-15,1.2560593067020487
1975-08-18,-5.557904665099424
1975-08-19,5.46
1975-08-20,6.435
1975-08-21,-3.514015151662901
1975-08-22,0.2
1975-08-25,-1.6039907714180466
1975-08-26,-8.2
1975-08-27,3.28
1975-08-28,-4.92
1975-08-29,-4.51
1975-09-01,0.0
1975-09-02,-5.945
1975-09-03,1.845
1975-09-04,-0.205
1975-09-05,2.05
1975-09-08,-2.665
1975-09-09,-6.56
1975-09-10,3.28
1975-09-11,-1.845
1975-09-12,8.2
1975-09-15,0.2009180923164992
1975-09-16,4.8
1975-09-17,7.2
1975-09-18,-3.6
1975-09-19,-1.6
1975-09-22,-3.2
1975-09-23,-3.2
1975-09-24,1.4
1975-09-25,1.8
1975-09-26,1.0
1975-09-29,-2.8
1975-09-30,0.2
1975-10-01,2.3959868945357417
1975-10-02,-7.794013617623332
1975-10-03,1.68
1975-10-06,-1.05
1975-10-07,1.26
1975-10-08,1.05
1975-10-09,-0.21
1975-10-10,0.21
1975-10-13,-6.303978159061293
1975-10-14,3.01
1975-10-15,-3.01
1975-10-16,2.15
1975-10-17,-3.01
1975-10-20,1.29
1975-10-21,-3.87
1975-10-22,2.15
1975-10-23,1.29
1975-10-24,-0.645
1975-10-27,-4.085
1975-10-28,0.43
1975-10-29,1.935
1975-10-30,1.505
1975-10-31,-1.72
1975-11-03,-8.6
1975-11-04,0.42204023457548306
1975-11-05,2.05
1975-11-06,-2.46
1975-11-07,-0.003940394532689743
1975-11-10,-0.2
1975-11-11,-2.2
1975-11-12,-1.8
1975-11-13,0.9961132844768537
1975-11-14,2.145
1975-11-17,-1.5638804557122261
1975-11-18,-2.4738359720697565
1975-11-19,-2.4088377360389734
1975-11-20,0.17619773267057814
1975-11-21,3.5
1975-11-24,5.9423101403955645
1975-11-25,-2.6477027460182647
1975-11-26,0.775
1975-11-27,0.0
1975-11-28,-0.775
1975-12-01,0.62
1975-12-02,-0.155
1975-12-03,-0.465
1975-12-04,3.1
1975-12-05,-2.325
1975-12-08,-2.48
1975-12-09,1.705
1975-12-10,-1.24
1975-12-11,0.31
1975-12-12,-4.495
1975-12-15,-0.7787759213742054
1975-12-16,1.8
1975-12-17,2.0962190409450487
1975-12-18,-0.87
1975-12-19,1.015
1975-12-22,0.87
1975-12-23,-2.03
1975-12-24,-0.29
1975-12-25,0.0
1975-12-26,0.0
1975-12-29,-1.595
1975-12-30,0.145
1975-12-31,2.465
1976-01-01,-0.003703808928039339
1976-01-02,-1.12
1976-01-05,1.12
1976-01-06,0.0
1976-01-07,2.52
1976-01-08,0.42
1976-01-09,-1.26
1976-01-12,1.54
1976-01-13,0.42
1976-01-14,-0.14
1976-01-15,-0.56
1976-01-16,0.14
1976-01-19,0.976414450276365
1976-01-20,-0.007165347283297037
1976-01-21,-1.5535858795807351
1976-01-22,-0.96
1976-01-23,0.96
1976-01-26,-6.403621562236881
1976-01-27,2.6363713081399185
1976-01-28,0.9563747639539567
1976-01-29,0.31
1976-01-30,0.93
1976-02-02,1.55
1976-02-03,-0.31
1976-02-04,-0.775
1976-02-05,-0.62
1976-02-06,0.775
1976-02-09,-0.62
1976-02-10,1.86
1976-02-11,1.24
1976-02-12,3.1
1976-02-13,-1.24
1976-02-16,0.0
1976-02-17,0.62
1976-02-18,-1.0885943041320594
1976-02-19,0.15640625807115144
1976-02-20,-0.49858658042634457
1976-02-23,0.6764231313865067
1976-02-24,-0.7035621609391887
1976-02-25,1.436441699559356
1976-02-26,-0.7435586010869284
1976-02-27,2.0864581120720134
1976-03-01,-0.9785279783897068
1976-03-02,-5.003550720107264
1976-03-03,1.435
1976-03-04,1.23
1976-03-05,-0.615
1976-03-08,-1.845
1976-03-09,1.23
1976-03-10,-1.025
1976-03-11,-2.05
1976-03-12,-1.23
1976-03-15,-2.46
1976-03-16,-0.205
1976-03-17,2.251540671860019
1976-03-18,0.9930800699909648
1976-03-19,-0.95
1976-03-22,0.76
1976-03-23,-2.47
1976-03-24,0.7566243848434161
1976-03-25,-0.5583446847692247
1976-03-26,-0.36
1976-03-29,-1.623284474896541
1976-03-30,1.396718894530482
1976-03-31,-0.8532721461113388
1976-04-01,-0.165
1976-04-02,0.32678407541606247
1976-04-05,0.64
1976-04-06,1.12
1976-04-07,-0.64
1976-04-08,1.5969670113084442
1976-04-09,-0.31
1976-04-12,0.155
1976-04-13,-1.395
1976-04-14,0.775
1976-04-15,1.55
1976-04-16,0.0
1976-04-19,-0.465
1976-04-20,0.62
1976-04-21,-0.155
1976-04-22,0.465
1976-04-23,-0.93
1976-04-26,-0.62
1976-04-27,-1.55
1976-04-28,1.395
1976-04-29,-1.085
1976-04-30,-0.155
1976-05-03,0.93
1976-05-04,-0.62
1976-05-05,0.62
1976-05-06,0.155
1976-05-07,0.31
1976-05-10,0.155
1976-05-11,0.155
1976-05-12,1.705
1976-05-13,1.085
1976-05-14,0.0
1976-05-17,-1.705
1976-05-18,-0.93
1976-05-19,-0.62
1976-05-20,-0.775
1976-05-21,0.155
1976-05-24,2.48
1976-05-25,0.465
1976-05-26,2.322756203445154
1976-05-27,1.437767722810662
1976-05-28,-1.984472881947225
1976-05-31,-0.0022232293153746445
1976-06-01,1.98
1976-06-02,-2.164442841482662
1976-06-03,0.57
1976-06-04,1.3233443289098588
1976-06-07,8.195405988271746
1976-06-08,-0.43229711224263073
1976-06-09,4.2
1976-06-10,1.05
1976-06-11,-4.412254841549973
1976-06-14,-0.645
1976-06-15,-3.87
1976-06-16,1.29
1976-06-17,-2.795
1976-06-18,-0.215
1976-06-21,8.6
1976-06-22,0.43
1976-06-23,-4.73
1976-06-24,3.01
1976-06-25,-1.935
1976-06-28,-0.645
1976-06-29,-3.44
1976-06-30,-3.44
1976-07-01,7.042906873562592
1976-07-02,3.222609635681092
1976-07-05,0.0
1976-07-06,8.4
1976-07-07,-8.4
1976-07-08,1.6749421734116756
1976-07-09,-0.6
1976-07-12,-2.6
1976-07-13,0.2
1976-07-14,7.6
1976-07-15,-4.0
1976-07-16,-1.0
1976-07-19,-5.4
1976-07-20,3.0
1976-07-21,-2.4
1976-07-22,-8.0
1976-07-23,2.389384304620302
1976-07-26,-3.78
1976-07-27,-0.7253287365556029
1976-07-28,0.34
1976-07-29,-0.68
1976-07-30,-0.6826397265728118
1976-08-02,-2.31
1976-08-03,1.9774107274779946
1976-08-04,2.7173982084974795
1976-08-05,0.62
1976-08-06,-1.55
1976-08-09,-1.395
1976-08-10,0.3073906756267249
1976-08-11,-0.9
1976-08-12,1.05
1976-08-13,4.8
1976-08-16,-1.3552462681519948
1976-08-17,-2.8
1976-08-18,2.3773532001835074
1976-08-19,2.835
1976-08-20,-0.675
1976-08-23,2.43
1976-08-24,-1.08
1976-08-25,-1.215
1976-08-26,0.675
1976-08-27,2.16
1976-08-30,-2.025
1976-08-31,0.405
1976-09-01,2.565
1976-09-02,2.565
1976-09-03,0.54
1976-09-06,-0.0026679704022988704
1976-09-07,5.6
1976-09-08,-2.665487730483162
1976-09-09,-0.7527452955025702
1976-09-10,-0.46774251784496984
1976-09-13,-1.6054903700972725
1976-09-14,-2.0427522491431116
1976-09-15,0.7
1976-09-16,0.175
1976-09-17,-4.202761487890907
1976-09-20,-0.18
1976-09-21,-1.62
1976-09-22,-3.24
1976-09-23,-0.36
1976-09-24,-3.24
1976-09-27,-1.08
1976-09-28,1.2572098628091026
1976-09-29,-2.8027970114096834
1976-09-30,-0.5127958269748475
1976-10-01,-1.3255939978582092
1976-10-04,3.0972567884126403
1976-10-05,0.2945357406940855
1976-10-06,0.98
1976-10-07,1.9572588784068365
1976-10-08,-2.43
1976-10-11,-2.7027678516725726
1976-10-12,0.257232130522258
1976-10-13,4.122185389119638
1976-10-14,-4.325740646252931
1976-10-15,-0.9957453449779045
1976-10-18,-0.0028720109716951965
1976-10-19,0.76
1976-10-20,0.095
1976-10-21,-0.1928483586107557
1976-10-22,0.27
1976-10-25,0.54
1976-10-26,-0.63
1976-10-27,-0.09
1976-10-28,-2.25
1976-10-29,-0.2728734255657772
1976-11-01,-0.5128739829204061
1976-11-02,-0.002873422707269697
1976-11-03,0.3
1976-11-04,0.0
1976-11-05,-0.7528690293936321
1976-11-08,-0.35
1976-11-09,-1.472861275763783
1976-11-10,0.5171380399086519
1976-11-11,-1.9229024075830519
1976-11-12,-0.16790240758305197
1976-11-15,-0.1528996753833189
1976-11-16,0.9841611421034271
1976-11-17,-0.21
1976-11-18,0.175
1976-11-19,0.3470794318216015
1976-11-22,0.45
1976-11-23,0.18
1976-11-24,0.09
1976-11-25,0.0
1976-11-26,-0.12
1976-11-29,-0.33
1976-11-30,-0.15
1976-12-01,-0.18
1976-12-02,0.03
1976-12-03,0.21
1976-12-06,0.57
1976-12-07,-0.3
1976-12-08,0.3
1976-12-09,-0.12
1976-12-10,-0.06
1976-12-13,0.0
1976-12-14,0.18
1976-12-15,-0.3
1976-12-16,-0.03
1976-12-17,-0.24
1976-12-20,0.12
1976-12-21,0.03
1976-12-22,0.18
1976-12-23,0.12
1976-12-24,0.0
1976-12-27,0.45
1976-12-28,0.15
1976-12-29,0.0
1976-12-30,0.0
1976-12-31,0.0
1977-01-03,-0.15
1977-01-04,0.51
1977-01-05,0.03
1977-01-06,0.4770459132784133
1977-01-07,-0.04090817344317339
1977-01-10,0.8970309063558223
1977-01-11,-0.6559510661355256
1977-01-12,-0.06297494987306204
1977-01-13,-0.46095394777058574
1977-01-14,0.4470217167600927
1977-01-17,0.3170211121594627
1977-01-18,-0.5129803656196164
1977-01-19,0.2670242605984125
1977-01-20,-0.38
1977-01-21,-0.19297448760716895
1977-01-24,0.8
1977-01-25,-0.002970661779588813
1977-01-26,-0.5279710394004401
1977-01-27,-0.55
1977-01-28,-0.55
1977-01-31,0.44
1977-02-01,0.22
1977-02-02,-0.55
1977-02-03,1.21
1977-02-04,0.77
1977-02-07,0.33
1977-02-08,-0.55
1977-02-09,0.33
1977-02-10,0.44
1977-02-11,-0.7729421706835328
1977-02-14,-0.345
1977-02-15,0.69
1977-02-16,1.495
1977-02-17,0.805
1977-02-18,0.345
1977-02-21,-0.002848086331957189
1977-02-22,-1.8
1977-02-23,0.12
1977-02-24,0.96
1977-02-25,-0.72
1977-02-28,-1.08
1977-03-01,-0.72
1977-03-02,-1.56
1977-03-03,0.48
1977-03-04,0.48
1977-03-07,0.48
1977-03-08,1.08
1977-03-09,-0.24
1977-03-10,-1.08
1977-03-11,0.48
1977-03-14,-1.8026833482448583
1977-03-15,0.45478471789219765
1977-03-16,1.1524605464400894
1977-03-17,-0.3025363295973825
1977-03-18,0.18746369873896432
1977-03-21,0.18
1977-03-22,-0.09
1977-03-23,-0.27
1977-03-24,-0.0024368478945820493
1977-03-25,0.255
1977-03-28,-0.935
1977-03-29,-0.5997923099743976
1977-03-30,-1.0547974627186156
1977-03-31,-0.06963331186188694
1977-04-01,0.32537853817195517
1977-04-04,-0.5422950955761165
1977-04-05,-0.08688350425167139
1977-04-06,0.12040860115923187
1977-04-07,0.08770303078843218
1977-04-08,-0.0022961728424754444
1977-04-11,0.05
1977-04-12,0.09269718717508185
1977-04-13,0.0
1977-04-14,0.0
1977-04-15,0.0
1977-04-18,0.0
1977-04-19,0.0
1977-04-20,-0.0022941007503600374
1977-04-21,0.017707826590788782
1977-04-22,0.08552065332049852
1977-04-25,0.45547293587480053
1977-04-26,-0.1844895157477226
1977-04-27,0.31776870668533364
1977-04-28,-0.5444286926523637
1977-04-29,-0.05721334087399096
1977-05-02,-0.002194164717150727
1977-05-03,0.78
1977-05-04,1.295569154614437
1977-05-05,-0.0022136562863801995
1977-05-06,-0.8044089671065312
1977-05-09,0.8078031042777494
1977-05-10,1.9927810218763298
1977-05-11,-0.6021996093335215
1977-05-12,-1.5771915711702604
1977-05-13,1.32
1977-05-16,0.5478021386391022
1977-05-17,0.227899162291216
1977-05-18,-1.3241818061156565
1977-05-19,0.0
1977-05-20,1.6879018111729607
1977-05-23,-1.8921067990798837
1977-05-24,-1.96
1977-05-25,1.54
1977-05-26,0.56
1977-05-27,0.14
1977-05-30,0.0
1977-05-31,-2.52
1977-06-01,-0.14
1977-06-02,0.0
1977-06-03,-0.98
1977-06-06,0.14
1977-06-07,0.42
1977-06-08,3.36
1977-06-09,0.84
1977-06-10,3.36
1977-06-13,0.98
1977-06-14,-0.14
1977-06-15,-0.5641789132280204
1977-06-16,1.195841025319884
1977-06-17,1.7579318451039843
1977-06-20,-1.8191086597074415
1977-06-21,3.5
1977-06-22,1.225
1977-06-23,-0.7038668358098975
1977-06-24,-0.556930007775447
1977-06-27,-3.043895375240556
1977-06-28,-1.0
1977-06-29,2.0
1977-06-30,4.2
1977-07-01,2.772957742647869
1977-07-04,0.0
1977-07-05,-7.2
1977-07-06,-0.8
1977-07-07,6.0
1977-07-08,-0.8
1977-07-11,7.0
1977-07-12,1.0
1977-07-13,-2.2
1977-07-14,-1.8
1977-07-15,3.0
1977-07-18,4.8
1977-07-19,-1.8
1977-07-20,2.6
1977-07-21,-0.6
1977-07-22,-1.6021325936126711
1977-07-25,1.845
1977-07-26,3.0707637775454435
1977-07-27,1.5007624638064223
1977-07-28,3.5957401215327356
1977-07-29,3.28786739386996
1977-08-01,-1.2042394062604818
1977-08-02,0.24788329398775613
1977-08-03,-2.2992434349208635
1977-08-04,-1.06
1977-08-05,-2.1221275112671742
1977-08-08,4.86
1977-08-09,0.27
1977-08-10,-0.8142740595780591
1977-08-11,1.6778618113853272
1977-08-12,0.5657311143614042
1977-08-15,6.780723847500284
1977-08-16,1.525
1977-08-17,0.915
1977-08-18,1.520744880305555
1977-08-19,1.255744149423887
1977-08-22,2.2707408227960264
1977-08-23,0.3307472848656132
1977-08-24,-3.454259431111899
1977-08-25,-1.065
1977-08-26,1.4178713285840083
1977-08-29,2.5157423529921057
1977-08-30,-1.8542617194571331
1977-08-31,1.14
1977-09-01,-1.5242556498535103
1977-09-02,-1.9521300963724386
1977-09-05,-0.002114504346769103
1977-09-06,-5.2
1977-09-07,-0.8
1977-09-08,-2.8021288016399626
1977-09-09,-2.43
1977-09-12,-3.6471372219561013
1977-09-13,0.82
1977-09-14,4.1
1977-09-15,0.82
1977-09-16,0.41
1977-09-19,-2.8741614702491574
1977-09-20,-4.62
1977-09-21,-7.98
1977-09-22,6.297884152057456
1977-09-23,-0.8384532511083431
1977-09-26,2.37
1977-09-27,5.925
1977-09-28,-0.397121322555907
1977-09-29,-5.07
1977-09-30,1.1657334110555553
1977-10-03,-4.18
1977-10-04,-6.84
1977-10-05,3.4091942004762816
1977-10-06,-6.037179449546331
1977-10-07,-1.4087207937918584
1977-10-10,3.63
1977-10-11,3.295624760277651
1977-10-12,0.637813105841554
1977-10-13,4.095
1977-10-14,-1.575
1977-10-17,-1.26
1977-10-18,-0.945
1977-10-19,-0.945
1977-10-20,2.52
1977-10-21,0.945
1977-10-24,-2.52
1977-10-25,2.52
1977-10-26,-2.835
1977-10-27,2.52
1977-10-28,-2.52
1977-10-31,-3.465
1977-11-01,-3.465
1977-11-02,-2.2071956475506656
1977-11-03,4.95559475105518
1977-11-04,1.7911895021103608
1977-11-07,-3.6422110038759725
1977-11-08,1.3705789179794026
1977-11-09,0.7927969215621125
1977-11-10,1.3
1977-11-11,2.3377961052189313
1977-11-14,-2.55
1977-11-15,-1.0222051140731412
1977-11-16,-4.50222591236107
1977-11-17,1.7061022959642786
1977-11-18,-0.6772238957635389
1977-11-21,1.0977858082339358
1977-11-22,3.01
1977-11-23,0.21057373142912142
1977-11-24,0.0
1977-11-25,-1.845
1977-11-28,2.87
1977-11-29,1.2277722433832245
1977-11-30,0.4
1977-12-01,0.2
1977-12-02,0.0
1977-12-05,1.2
1977-12-06,0.2
1977-12-07,-0.2
1977-12-08,0.5977874534221881
1977-12-09,-0.6172105902427586
1977-12-12,3.777780317764215
1977-12-13,-0.43
1977-12-14,1.075
1977-12-15,-0.6472167634792282
1977-12-16,-1.5444411846934953
1977-12-19,-0.46
1977-12-20,-1.84
1977-12-21,0.0
1977-12-22,-0.46
1977-12-23,-0.23
1977-12-26,-0.0021883584600548246
1977-12-27,-1.41
1977-12-28,0.47
1977-12-29,0.47
1977-12-30,-0.9421808058584347
1978-01-02,0.0
1978-01-03,-1.68
1978-01-04,-0.72
1978-01-05,0.48
1978-01-06,1.2
1978-01-09,-0.96
1978-01-10,-0.24
1978-01-11,-0.96
1978-01-12,-0.24
1978-01-13,-0.48
1978-01-16,0.48
1978-01-17,2.64
1978-01-18,0.72
1978-01-19,-0.96
1978-01-20,-1.44
1978-01-23,-0.96
1978-01-24,0.72
1978-01-25,0.0
1978-01-26,0.96
1978-01-27,0.24
1978-01-30,1.68
1978-01-31,1.2
1978-02-01,0.48
1978-02-02,-0.96
1978-02-03,0.24
1978-02-06,-0.24
1978-02-07,0.24
1978-02-08,0.0
1978-02-09,-0.96
1978-02-10,-1.68
1978-02-13,1.44
1978-02-14,0.48
1978-02-15,0.0
1978-02-16,0.24
1978-02-17,0.48
1978-02-20,0.0
1978-02-21,0.0
1978-02-22,-1.2
1978-02-23,0.24
1978-02-24,-0.72
1978-02-27,0.48
1978-02-28,0.24
1978-03-01,-1.2
1978-03-02,-1.44
1978-03-03,-2.88
1978-03-06,-2.651375320978192
1978-03-07,-2.7414343998775177
1978-03-08,-0.9114102923572345
1978-03-09,0.5925010302786439
1978-03-10,0.6444086261318123
1978-03-13,-3.2257465500276936
1978-03-14,-0.7128302720622354
1978-03-15,-0.8505302676092641
1978-03-16,0.046434391989505074
1978-03-17,-0.925453624559555
1978-03-20,0.46972571874915114
1978-03-21,0.05824111414539392
1978-03-22,-0.08176820279152879
1978-03-23,-0.0017725094793053617
1978-03-24,-0.00351260697328786
1978-03-27,0.21
1978-03-28,-0.07844853167941429
1978-03-29,-0.6535216051106075
1978-03-30,0.42
1978-03-31,0.595
1978-04-03,-0.56
1978-04-04,0.175
1978-04-05,-0.14177976989695543
1978-04-06,-0.16
1978-04-07,0.32
1978-04-10,0.5182398692969297
1978-04-11,-0.0467601307030704
1978-04-12,-0.5517648996591702
1978-04-13,-1.155
1978-04-14,0.66
1978-04-17,0.11
1978-04-18,0.44
1978-04-19,0.055
1978-04-20,0.0
1978-04-21,-0.5517853545601994
1978-04-24,-1.74
1978-04-25,0.36
1978-04-26,-1.2
1978-04-27,0.48
1978-04-28,-0.18
1978-05-01,-0.7218427436625422
1978-05-02,0.10815732208415063
1978-05-03,0.2981612518306814
1978-05-04,0.6731479258945053
1978-05-05,0.5981360060002149
1978-05-08,-0.56
1978-05-09,0.35
1978-05-10,0.105
1978-05-11,0.525
1978-05-12,-0.175
1978-05-15,0.56
1978-05-16,-0.175
1978-05-17,0.14
1978-05-18,0.245
1978-05-19,-0.245
1978-05-22,-0.035
1978-05-23,1.225
1978-05-24,0.0
1978-05-25,0.8030024196827967
1978-05-26,0.03800269519419655
1978-05-29,-0.001995233484052574
1978-05-30,0.5
1978-05-31,-0.15197499382697396
1978-06-01,-1.0469839290066996
1978-06-02,-1.14
1978-06-05,0.84
1978-06-06,-0.24
1978-06-07,-0.9
1978-06-08,-0.18
1978-06-09,-0.36
1978-06-12,0.54
1978-06-13,-0.18
1978-06-14,-0.84
1978-06-15,-0.48
1978-06-16,0.0
1978-06-19,0.54
1978-06-20,0.36
1978-06-21,-0.42
1978-06-22,1.02
1978-06-23,-0.18
1978-06-26,-0.54
1978-06-27,-0.42
1978-06-28,-1.1420164345256445
1978-06-29,0.05097604316862148
1978-06-30,0.30632875039007423
1978-07-03,-0.6820299586207396
1978-07-04,-0.0040511354905657425
1978-07-05,0.25
1978-07-06,-0.002022210453134426
1978-07-07,-0.1620232716442131
1978-07-10,-0.019033270938108318
1978-07-11,-0.04201403489524279
1978-07-12,-0.004063142838340874
1978-07-13,0.0259676421903277
1978-07-14,-0.10604534295484697
1978-07-17,0.5209612586942025
1978-07-18,1.075894054661597
1978-07-19,-0.4441122998254822
1978-07-20,-0.26411090344034993
1978-07-21,-0.07910082100990999
1978-07-24,1.3558795065500395
1978-07-25,0.47087830471787406
1978-07-26,-1.1611460617534526
1978-07-27,0.84
1978-07-28,-0.006144422752965441
1978-07-31,-0.13909340141144216
1978-08-01,1.3009204976304631
1978-08-02,3.0958726410927273
1978-08-03,0.32793609899790394
1978-08-04,0.6738204798933243
1978-08-07,3.3237977845889994
1978-08-08,-1.4020683905257079
1978-08-09,-1.02706970816726
1978-08-10,-0.21413944279131986
1978-08-11,5.495787503357152
1978-08-14,-3.45
1978-08-15,-5.98
1978-08-16,4.137825070049586
1978-08-17,-1.35
1978-08-18,-1.8
1978-08-21,-0.225
1978-08-22,0.9
1978-08-23,1.125
1978-08-24,-1.8
1978-08-25,0.45
1978-08-28,2.025
1978-08-29,3.375
1978-08-30,-1.575
1978-08-31,0.9
1978-09-01,-0.22935878854255187
1978-09-04,-0.004358788542551869
1978-09-05,1.96
1978-09-06,-0.0021805924208072405
1978-09-07,-1.0065440820955862
1978-09-08,-0.5321806551987487
1978-09-11,-2.164368726848564
1978-09-12,-0.5621817688928927
1978-09-13,2.2778153031942794
1978-09-14,1.4478141802861817
1978-09-15,4.715602937719448
1978-09-18,-1.22
1978-09-19,-3.6622067998515764
1978-09-20,-2.79
1978-09-21,4.03
1978-09-22,1.24
1978-09-25,-1.24
1978-09-26,-0.6222146813754745
1978-09-27,-3.1522199264485207
1978-09-28,-3.52
1978-09-29,-0.32
1978-10-02,-4.16
1978-10-03,1.28
1978-10-04,-0.64
1978-10-05,0.0
1978-10-06,3.84
1978-10-09,-4.8
1978-10-10,0.64
1978-10-11,-0.64
1978-10-12,-4.8
1978-10-13,2.873207611465349
1978-10-16,-1.8322659653176514
1978-10-17,3.3
1978-10-18,3.2954415715011596
1978-10-19,0.87
1978-10-20,0.87
1978-10-23,0.0
1978-10-24,-1.45
1978-10-25,0.0
1978-10-26,-4.64
1978-10-27,-1.74
1978-10-30,2.32
1978-10-31,0.87
1978-11-01,0.29
1978-11-02,-0.87
1978-11-03,0.29
1978-11-06,4.64
1978-11-07,-0.0023074165464499084
1978-11-08,1.14
1978-11-09,1.71
1978-11-10,0.855
1978-11-13,1.995
1978-11-14,-1.14
1978-11-15,0.0
1978-11-16,-1.14
1978-11-17,-1.425
1978-11-20,-0.285
1978-11-21,1.7077597720396402
1978-11-22,-1.74
1978-11-23,0.0
1978-11-24,-1.45
1978-11-27,1.74
1978-11-28,1.16
1978-11-29,0.0
1978-11-30,-1.45216200600606
1978-12-01,-1.475
1978-12-04,1.18
1978-12-05,0.885
1978-12-06,0.882885348048959
1978-12-07,-1.202106562547579
1978-12-08,-1.527090051424336
1978-12-11,2.79
1978-12-12,1.55
1978-12-13,-0.62
1978-12-14,2.7879173314980563
1978-12-15,-2.205
1978-12-18,-3.465
1978-12-19,0.63
1978-12-20,0.0
1978-12-21,0.315
1978-12-22,0.0
1978-12-25,-0.0020378083270637627
1978-12-26,-0.32
1978-12-27,0.32
1978-12-28,-0.9620340280961102
1978-12-29,1.297970552281642
1979-01-01,-0.0019799294141815416
1979-01-02,0.0
1979-01-03,1.34
1979-01-04,3.3480446662197347
1979-01-05,1.36
1979-01-08,-1.7058479948529983
1979-01-09,2.1280491576897136
1979-01-10,0.7161034722403694
1979-01-11,-1.4877366292745777
1979-01-12,-2.7319222412946695
1979-01-15,-1.975
1979-01-16,1.58
1979-01-17,-0.395
1979-01-18,1.185
1979-01-19,-2.7687777106658404
1979-01-22,-2.025
1979-01-23,-0.81
1979-01-24,0.0
1979-01-25,0.0
1979-01-26,0.81
1979-01-29,-1.62
1979-01-30,-2.835
1979-01-31,0.81
1979-02-01,3.645
1979-02-02,-2.43
1979-02-05,-1.62
1979-02-06,1.215
1979-02-07,-2.43
1979-02-08,1.2132752519137202
1979-02-09,-3.6
1979-02-12,-0.006768957169360095
1979-02-13,1.1383081454109796
1979-02-14,-4.501689023054279
1979-02-15,-1.120137755745577
1979-02-16,-0.34168773914184125
1979-02-19,-0.0033618947855272308
1979-02-20,-1.95
1979-02-21,-1.3050163533126053
1979-02-22,-0.9333377542199969
1979-02-23,1.4966592735791762
1979-02-26,2.316664530228333
1979-02-27,0.27500646643778737
1979-02-28,-0.795
1979-03-01,0.0
1979-03-02,2.385
1979-03-05,-0.0016389143186522246
1979-03-06,-1.3
1979-03-07,0.26
1979-03-08,2.08
1979-03-09,1.04
1979-03-12,1.82
1979-03-13,2.34
1979-03-14,-1.04
1979-03-15,-2.34
1979-03-16,-0.52
1979-03-19,-0.78
1979-03-20,-1.3
1979-03-21,0.0
1979-03-22,-0.26
1979-03-23,1.04
1979-03-26,-2.34
1979-03-27,0.0
1979-03-28,-3.38
1979-03-29,1.56
1979-03-30,-1.56
1979-04-02,-1.0415068730094372
1979-04-03,2.0369798750878156
1979-04-04,-0.9830028975165914
1979-04-05,-0.47
1979-04-06,-0.7064985027286698
1979-04-09,-0.9214997177086844
1979-04-10,0.6720125389356878
1979-04-11,-0.6464605746713624
1979-04-12,1.2585365975150098
1979-04-13,-0.001461923715091612
1979-04-16,1.4
1979-04-17,-2.4
1979-04-18,1.1971051516573106
1979-04-19,0.948550313389756
1979-04-20,-0.185
1979-04-23,-1.11
1979-04-24,-2.96
1979-04-25,-0.18892838225376907
1979-04-26,-0.0013064401537874043
1979-04-27,-0.49630152435696684
1979-04-30,-1.922628688523182
1979-05-01,-0.7526291290604601
1979-05-02,-1.2626373389157686
1979-05-03,1.427349066509035
1979-05-04,-0.4826523088325167
1979-05-07,2.3086400139848244
1979-05-08,-1.4713551755615024
1979-05-09,-0.8
1979-05-10,0.19864482595374575
1979-05-11,1.2336284491009535
1979-05-14,-0.09
1979-05-15,0.36
1979-05-16,0.99
1979-05-17,-0.81
1979-05-18,0.09
1979-05-21,-0.99
1979-05-22,0.09
1979-05-23,0.45
1979-05-24,0.36
1979-05-25,0.09
1979-05-28,0.0
1979-05-29,-1.71
1979-05-30,0.45
1979-05-31,-0.27
1979-06-01,0.09
1979-06-04,-1.26
1979-06-05,0.6286232488553236
1979-06-06,-0.9363785273712378
1979-06-07,-0.3213698071005447
1979-06-08,-1.6514104129725418
1979-06-11,-1.4028592840396554
1979-06-12,0.7171169146282167
1979-06-13,-1.15
1979-06-14,-1.2530619679787631
1979-06-15,-0.8415495058804346
1979-06-18,0.6618688339761317
1979-06-19,-0.175
1979-06-20,-0.8766559221425823
1979-06-21,-0.5816987695457765
1979-06-22,-0.4967626208691073
1979-06-25,0.2563746308464101
1979-06-26,0.0
1979-06-27,-0.0018881188418116215
1979-06-28,-0.16
1979-06-29,0.04
1979-07-02,0.1150988582455868
1979-07-03,0.04
1979-07-04,0.0
1979-07-05,0.17
1979-07-06,-0.09
1979-07-09,0.1
1979-07-10,-0.145
1979-07-11,0.065
1979-07-12,-0.195
1979-07-13,0.105
1979-07-16,-0.04
1979-07-17,0.065
1979-07-18,0.08
1979-07-19,-0.15
1979-07-20,0.115
1979-07-23,-0.195
1979-07-24,-0.105
1979-07-25,-0.14
1979-07-26,-0.02
1979-07-27,-0.2
1979-07-30,-0.19766740926223958
1979-07-31,-0.005334651727448365
1979-08-01,-0.24269107301502185
1979-08-02,0.5972345253567093
1979-08-03,-0.18276779232118054
1979-08-06,0.32222599135212643
1979-08-07,0.08445268794897037
1979-08-08,-0.5627817149229875
1979-08-09,-0.135
1979-08-10,0.04221968306256538
1979-08-13,1.3471873749515817
1979-08-14,-2.20287964632571
1979-08-15,0.0
1979-08-16,-0.66
1979-08-17,0.18
1979-08-20,0.2371200929355043
1979-08-21,-2.08
1979-08-22,1.17
1979-08-23,0.52
1979-08-24,-0.65
1979-08-27,0.13
1979-08-28,0.585
1979-08-29,-0.91
1979-08-30,-0.065
1979-08-31,0.0
1979-09-03,0.0
1979-09-04,2.6
1979-09-05,-0.0030110082329435077
1979-09-06,1.3969721665383497
1979-09-07,-0.2280273096327651
1979-09-10,-1.6030427445836053
1979-09-11,1.275
1979-09-12,-0.1730517386450204
1979-09-13,-3.0630918969153416
1979-09-14,1.9
1979-09-17,-0.19
1979-09-18,-0.665
1979-09-19,0.57
1979-09-20,-1.14
1979-09-21,0.57
1979-09-24,-0.475
1979-09-25,1.805
1979-09-26,0.0
1979-09-27,-3.423176094058989
1979-09-28,1.2
1979-10-01,-3.2
1979-10-02,1.2
1979-10-03,-0.9
1979-10-04,-0.4
1979-10-05,0.9
1979-10-08,1.1
1979-10-09,1.5
1979-10-10,0.2
1979-10-11,0.3
1979-10-12,-0.2
1979-10-15,2.1
1979-10-16,-0.4
1979-10-17,-1.0
1979-10-18,0.0
1979-10-19,-2.6
1979-10-22,-0.6
1979-10-23,0.2
1979-10-24,2.0
1979-10-25,2.3
1979-10-26,3.8
1979-10-29,-0.3
1979-10-30,-0.9
1979-10-31,0.0
1979-11-01,1.5966240618453706
1979-11-02,-0.7383767555483413
1979-11-05,-0.6633755918378892
1979-11-06,1.261619921772305
1979-11-07,-0.6033806427584102
1979-11-08,0.24661919284075692
1979-11-09,-0.0033777573561085397
1979-11-12,-1.7617674377754626
1979-11-13,-2.465
1979-11-14,-3.48
1979-11-15,0.87
1979-11-16,1.16
1979-11-19,-1.595
1979-11-20,-1.16
1979-11-21,-1.595
1979-11-22,-0.003415576865505358
1979-11-23,1.68
1979-11-26,2.656565372704352
1979-11-27,-0.13843388427464673
1979-11-28,-0.52
1979-11-29,1.17
1979-11-30,-1.82
1979-12-03,0.78
1979-12-04,-0.26
1979-12-05,0.26
1979-12-06,1.43
1979-12-07,-0.39
1979-12-10,-0.39
1979-12-11,-1.17
1979-12-12,0.65
1979-12-13,1.17
1979-12-14,0.0
1979-12-17,0.91
1979-12-18,0.26
1979-12-19,-1.3
1979-12-20,-1.3
1979-12-21,-0.52
1979-12-24,0.0
1979-12-25,0.0
1979-12-26,-2.99
1979-12-27,1.82
1979-12-28,-1.04
1979-12-31,0.78
1980-01-01,0.0
1980-01-02,1.17
1980-01-03,-0.26
1980-01-04,-0.13
1980-01-07,0.0
1980-01-08,0.0
1980-01-09,5.2
1980-01-10,2.6
1980-01-11,-2.34
1980-01-14,0.39
1980-01-15,-0.523509163819178
1980-01-16,0.1279862064840154
1980-01-17,-3.197047589060653
1980-01-18,1.55
1980-01-21,-0.465
1980-01-22,0.62
1980-01-23,-3.103531101400541
1980-01-24,1.76
1980-01-25,1.12
1980-01-28,-0.48
1980-01-29,-0.64
1980-01-30,-1.28
1980-01-31,-0.16
1980-02-01,-0.48353200284410713
1980-02-04,-1.32
1980-02-05,0.825
1980-02-06,0.33
1980-02-07,0.495
1980-02-08,0.99
1980-02-11,-1.1585180581140195
1980-02-12,0.0
1980-02-13,-1.1935138139390988
1980-02-14,0.875
1980-02-15,0.175
1980-02-18,-0.003482604668962963
1980-02-19,1.08
1980-02-20,-0.543460017230518
1980-02-21,-0.7434376654718937
1980-02-22,0.3765788928145153
1980-02-25,-1.9568254953494608
1980-02-26,1.435
1980-02-27,1.025
1980-02-28,2.6616603932758536
1980-02-29,2.73
1980-03-03,3.3567130477782343
1980-03-04,-3.016584815501284
1980-03-05,-1.8
1980-03-06,2.6967829645863906
1980-03-07,-1.3832158445553377
1980-03-10,1.8736638940910564
1980-03-11,-0.2513300746569399
1980-03-12,-3.3245179159653717
1980-03-13,2.7
1980-03-14,-1.08
1980-03-17,2.1537970702710276
1980-03-18,1.396928821009282
1980-03-19,-2.0041974280697383
1980-03-20,1.1969922285590626
1980-03-21,0.9090240423564263
1980-03-24,4.086024460308187
1980-03-25,0.33
1980-03-26,2.958105215459796
1980-03-27,5.9441006123751885
1980-03-28,-0.72
1980-03-31,4.314260406910906
1980-04-01,-1.485708034927095
1980-04-02,-1.9056479335312833
1980-04-03,-6.63283741813168
1980-04-04,0.0
1980-04-07,0.395
1980-04-08,-5.135
1980-04-09,-0.79
1980-04-10,3.95
1980-04-11,-1.975
1980-04-14,1.58
1980-04-15,-0.79
1980-04-16,0.395
1980-04-17,4.345
1980-04-18,2.37
1980-04-21,-3.555
1980-04-22,0.0
1980-04-23,2.37
1980-04-24,-1.185
1980-04-25,-3.95
1980-04-28,7.11
1980-04-29,0.0
1980-04-30,-3.95
1980-05-01,0.79
1980-05-02,-2.37
1980-05-05,-9.085
1980-05-06,3.1501443784930645
1980-05-07,2.62254441018274
1980-05-08,-5.92
1980-05-09,2.9525843406438064
1980-05-12,9.937490852834728
1980-05-13,-4.567083093885481
1980-05-14,-0.315
1980-05-15,-2.52
1980-05-16,5.985
1980-05-19,-1.89
1980-05-20,-2.52
1980-05-21,0.945
1980-05-22,-1.89
1980-05-23,0.0
1980-05-26,0.0
1980-05-27,-1.89
1980-05-28,4.725
1980-05-29,4.41
1980-05-30,-1.89
1980-06-02,5.04
1980-06-03,-2.52
1980-06-04,0.0
1980-06-05,1.89
1980-06-06,-0.6345347812596758
1980-06-09,-0.9794188074278506
1980-06-10,-0.00440462801365682
1980-06-11,0.6856057431023465
1980-06-12,0.7034121595924727
1980-06-13,-2.9643927519413755
1980-06-16,-4.18
1980-06-17,1.52
1980-06-18,2.28
1980-06-19,1.1378116243370975
1980-06-20,-1.9271897292594573
1980-06-23,-3.512170798585842
1980-06-24,1.185
1980-06-25,-3.16
1980-06-26,1.975
1980-06-27,1.58
1980-06-30,-5.135
1980-07-01,-6.765545719875777
1980-07-02,-9.085
1980-07-03,-4.366411393587322
1980-07-04,-0.004111830421306705
1980-07-07,-1.34
1980-07-08,-4.028240008757325
1980-07-09,7.553716129639561
1980-07-10,-7.216899224843998
1980-07-11,-6.508579908685356
1980-07-14,-9.611155435806346
1980-07-15,1.059422436822461
1980-07-16,-2.702235676928229
1980-07-17,-1.929482142785482
1980-07-18,2.305494128772076
1980-07-21,6.040342610569052
1980-07-22,-2.326980970522362
1980-07-23,-4.422357057683269
1980-07-24,1.370276551897244
1980-07-25,2.98760587259796
1980-07-28,-1.87
1980-07-29,-1.4324077383230382
1980-07-30,0.735
1980-07-31,-4.2024837273071505
1980-08-01,-1.704978455319054
1980-08-04,2.787480506703771
1980-08-05,-1.3625309954354485
1980-08-06,-0.64
1980-08-07,-0.00252847722349897
1980-08-08,1.34746322030196
1980-08-11,1.4
1980-08-12,-2.8
1980-08-13,0.7673651436436435
1980-08-14,1.4923454348086476
1980-08-15,0.84
1980-08-18,-0.96
1980-08-19,-0.54
1980-08-20,0.18
1980-08-21,-1.08
1980-08-22,0.5373121540823856
1980-08-25,-1.2127056953149609
1980-08-26,-1.15
1980-08-27,0.49727089063005153
1980-08-28,-0.22772610934246634
1980-08-29,-1.042753994440795
1980-09-01,-0.002753994440794946
1980-09-02,-0.3
1980-09-03,0.147262653319412
1980-09-04,0.1972690791622213
1980-09-05,-0.10272940229493588
1980-09-08,-0.21273492386764972
1980-09-09,0.16725064422335167
1980-09-10,0.04
1980-09-11,-0.03274961841527456
1980-09-12,0.0
1980-09-15,0.0
1980-09-16,0.0
1980-09-17,0.0
1980-09-18,0.0
1980-09-19,0.0
1980-09-22,0.0
1980-09-23,0.0
1980-09-24,0.0
1980-09-25,0.0
1980-09-26,0.0
1980-09-29,0.0
1980-09-30,0.0
1980-10-01,0.0
1980-10-02,0.0
1980-10-03,0.0
1980-10-06,0.0
1980-10-07,0.0
1980-10-08,0.0
1980-10-09,0.0
1980-10-10,0.0
1980-10-13,0.0
1980-10-14,0.0
1980-10-15,0.0
1980-10-16,0.0
1980-10-17,0.0
1980-10-20,0.0
1980-10-21,0.0
1980-10-22,0.0
1980-10-23,-0.00573623770271527
1980-10-24,0.07426028813412114
1980-10-27,-0.6658390768736461
1980-10-28,0.33
1980-10-29,-0.03292154671757113
1980-10-30,-0.21584670031509193
1980-10-31,-0.2758501383634355
1980-11-03,0.27207763831763354
1980-11-04,-0.005839313659740886
1980-11-05,1.47
1980-11-06,-0.6358609636290609
1980-11-07,-0.08584418978736139
1980-11-10,0.08418132748332387
1980-11-11,0.3941942156526713
1980-11-12,1.3112825508195358
1980-11-13,-1.1308055735464957
1980-11-14,2.826245740849728
1980-11-17,1.3470834093396267
1980-11-18,2.316227645885034
1980-11-19,1.8641552499342553
1980-11-20,5.751135379543476
1980-11-21,1.365
1980-11-24,-3.9059432213880334
1980-11-25,3.69
1980-11-26,-0.0029794668184689975
1980-11-27,-0.008934490500527038
1980-11-28,4.725
1980-12-01,-2.7059815939297533
1980-12-02,-5.173014116425245
1980-12-03,0.0
1980-12-04,-3.36
1980-12-05,-2.16
1980-12-08,-0.48300260574138654
1980-12-09,-9.803073661879418
1980-12-10,-8.509371525947975
1980-12-11,-9.415906878304067
1980-12-12,2.080894481540176
1980-12-15,7.196758906678867
1980-12-16,-0.8911882753481521
1980-12-17,4.05
1980-12-18,-2.4
1980-12-19,1.35
1980-12-22,1.65
1980-12-23,1.5
1980-12-24,-1.65
1980-12-25,0.0
1980-12-26,0.0
1980-12-29,-1.2
1980-12-30,-0.15
1980-12-31,3.75
1981-01-01,0.0
1981-01-02,1.95
1981-01-05,-0.15
1981-01-06,1.5
1981-01-07,0.4434391447566169
1981-01-08,-0.8065632922904319
1981-01-09,-2.553291630755049
1981-01-12,0.875
1981-01-13,0.3467284865173864
1981-01-14,2.15345494597937
1981-01-15,-1.333267814004729
1981-01-16,5.06671380690118
1981-01-19,0.2
1981-01-20,1.3967512721951032
1981-01-21,-2.056508297534911
1981-01-22,-3.6582662470798977
1981-01-23,-8.58
1981-01-26,3.293363569771583
1981-01-27,3.146676742121963
1981-01-28,-1.845
1981-01-29,-4.51
1981-01-30,2.4566493831055745
1981-02-02,1.4
1981-02-03,5.0
1981-02-04,0.5966397400974864
1981-02-05,1.755
1981-02-06,3.51
1981-02-09,-5.265
1981-02-10,3.315
1981-02-11,0.975
1981-02-12,-2.145
1981-02-13,3.51
1981-02-16,0.0
1981-02-17,2.535
1981-02-18,-2.73
1981-02-19,3.51
1981-02-20,-1.56
1981-02-23,-3.315
1981-02-24,-2.925
1981-02-25,0.0
1981-02-26,-1.56
1981-02-27,0.585
1981-03-02,-7.8
1981-03-03,0.9714961814071214
1981-03-04,-4.373523776465603
1981-03-05,-4.2620865766768885
1981-03-06,1.2179134615719003
1981-03-09,3.7914453324048822
1981-03-10,-1.1270978279265085
1981-03-11,1.1964657638229916
1981-03-12,3.045
1981-03-13,1.8814510860367457
1981-03-16,0.28
1981-03-17,0.56
1981-03-18,0.98
1981-03-19,1.54
1981-03-20,-2.94
1981-03-23,4.9
1981-03-24,0.56
1981-03-25,-0.84
1981-03-26,-2.8
1981-03-27,0.84
1981-03-30,2.24
1981-03-31,2.1
1981-04-01,-2.1
1981-04-02,2.1
1981-04-03,-1.4
1981-04-06,1.96
1981-04-07,5.6
1981-04-08,0.42
1981-04-09,0.7
1981-04-10,-3.6434007317730988
1981-04-13,-1.305
1981-04-14,-1.74
1981-04-15,-0.145
1981-04-16,1.45
1981-04-17,0.0
1981-04-20,0.145
1981-04-21,-0.725
1981-04-22,-1.885
1981-04-23,-0.145
1981-04-24,-1.74
1981-04-27,-0.145
1981-04-28,-3.915
1981-04-29,0.87
1981-04-30,1.16
1981-05-01,1.015
1981-05-04,-2.9
1981-05-05,0.8635003910709873
1981-05-06,1.6167497877998274
1981-05-07,0.0
1981-05-08,-0.26
1981-05-11,-1.56
1981-05-12,-4.033265618129203
1981-05-13,0.4869398743818185
1981-05-14,1.0467342064398455
1981-05-15,0.09673496775690187
1981-05-18,1.4217339090461774
1981-05-19,-1.3532636036657506
1981-05-20,0.08173912123440907
1981-05-21,-2.4832968335648062
1981-05-22,-1.1348132806362166
1981-05-25,-0.006541319483992825
1981-05-26,0.6
1981-05-27,0.19672886983610063
1981-05-28,-0.23154429598795986
1981-05-29,0.3117410924200946
1981-06-01,-0.57327147331158
1981-06-02,-0.2532751295748434
1981-06-03,-0.346557338893225
1981-06-04,-0.016552388848341756
1981-06-05,-0.0065119379107330885
1981-06-08,-0.09651740684451988
1981-06-09,-0.26325870342225993
1981-06-10,-0.5282746070535519
1981-06-11,0.42
1981-06-12,-0.48327000359133687
1981-06-15,-0.665
1981-06-16,0.28
1981-06-17,0.455
1981-06-18,0.035
1981-06-19,-0.035
1981-06-22,0.20678894461029856
1981-06-23,0.23679314494592887
1981-06-24,0.31179137067220314
1981-06-25,1.3467698680576616
1981-06-26,0.8217651830963767
1981-06-29,0.47352697476937633
1981-06-30,-0.49647302523062364
1981-07-01,-2.486482207338516
1981-07-02,-0.5889238520847366
1981-07-03,0.0
1981-07-06,-3.6
1981-07-07,0.63
1981-07-08,-1.35
1981-07-09,0.9
1981-07-10,-1.62
1981-07-13,-3.33
1981-07-14,3.416620273538005
1981-07-15,1.6932422578093136
1981-07-16,0.375
1981-07-17,1.275
1981-07-20,3.0
1981-07-21,-0.75
1981-07-22,-1.05
1981-07-23,0.0
1981-07-24,0.075
1981-07-27,1.275
1981-07-28,-0.3784303918356892
1981-07-29,1.033137454282027
1981-07-30,1.4365988099592362
1981-07-31,-1.4284080223173024
1981-08-03,1.4965980334401578
1981-08-04,1.256606373339069
1981-08-05,2.6331744585209047
1981-08-06,-0.6034140470840561
1981-08-07,1.996595647241277
1981-08-10,3.5031518224143614
1981-08-11,-0.843410426757644
1981-08-12,-0.003410426757644037
1981-08-13,5.993082994891547
1981-08-14,1.76
1981-08-17,-2.5634703158674745
1981-08-18,3.135
1981-08-19,-2.31339645404487
1981-08-20,0.34
1981-08-21,5.433256511850592
1981-08-24,3.42
1981-08-25,2.88
1981-08-26,-3.066624071734669
1981-08-27,3.61
1981-08-28,-2.8533215718313936
1981-08-31,-3.9
1981-09-01,0.0
1981-09-02,0.195
1981-09-03,-2.5416639965121974
1981-09-04,4.51
1981-09-07,0.0
1981-09-08,5.535
1981-09-09,0.6116551161164324
1981-09-10,-0.8466918432476224
1981-09-11,3.513308548310917
1981-09-14,-3.223354695993519
1981-09-15,-2.118353881182845
1981-09-16,1.6766458412736363
1981-09-17,0.9732921017153702
1981-09-18,3.3049436029966444
1981-09-21,3.236645594768945
1981-09-22,-0.8317094311616416
1981-09-23,2.2766508387366144
1981-09-24,-0.8766980363996161
1981-09-25,2.9966772488349074
1981-09-28,1.8233539756949868
1981-09-29,-3.783327274243388
1981-09-30,0.64
1981-10-01,1.9133658804894593
1981-10-02,-2.643268709741137
1981-10-05,-8.378284948340854
1981-10-06,-3.4
1981-10-07,3.74
1981-10-08,3.74
1981-10-09,0.0
1981-10-12,-5.1
1981-10-13,-4.08
1981-10-14,2.04
1981-10-15,4.76
1981-10-16,3.74
1981-10-19,-0.68
1981-10-20,3.4
1981-10-21,-1.02
1981-10-22,3.06
1981-10-23,-4.086388395528586
1981-10-26,1.05
1981-10-27,-1.753187259970827
1981-10-28,-2.488184828247841
1981-10-29,2.52
1981-10-30,0.3536621291631662
1981-11-02,-1.113161132699447
1981-11-03,3.368687173629359
1981-11-04,3.08
1981-11-05,0.3786873926539523
1981-11-06,3.5486854047963403
1981-11-09,1.6168997695032268
1981-11-10,6.963784984470675
1981-11-11,0.42
1981-11-12,-4.62
1981-11-13,2.94
1981-11-16,2.94
1981-11-17,5.0369442572599326
1981-11-18,2.55
1981-11-19,-2.5530336771535223
1981-11-20,0.0
1981-11-23,8.593926230035295
1981-11-24,10.56
1981-11-25,2.64
1981-11-26,0.0
1981-11-27,3.52
1981-11-30,4.4
1981-12-01,-5.28
1981-12-02,1.3170174545411952
1981-12-03,1.305
1981-12-04,-2.61
1981-12-07,11.31
1981-12-08,5.646092104947556
1981-12-09,7.14
1981-12-10,11.76
1981-12-11,-5.47196997851265
1981-12-14,8.794009874741125
1981-12-15,8.187070407057671
1981-12-16,-8.857957247103196
1981-12-17,-6.477829830006812
1981-12-18,4.19409315808128
1981-12-21,3.06
1981-12-22,-1.02
1981-12-23,3.06
1981-12-24,-6.46
1981-12-25,0.0
1981-12-28,-11.9
1981-12-29,5.1
1981-12-30,-0.68
1981-12-31,-1.36
1982-01-01,0.0
1982-01-04,-2.38
1982-01-05,3.06
1982-01-06,-4.76
1982-01-07,0.0
1982-01-08,4.76
1982-01-11,3.06
1982-01-12,1.36
1982-01-13,-0.0029911253617029296
1982-01-14,0.34200907670678066
1982-01-15,1.3970090702989633
1982-01-18,-3.2009867305585056
1982-01-19,4.38
1982-01-20,-1.46
1982-01-21,-4.745
1982-01-22,-1.46
1982-01-25,4.015
1982-01-26,-2.92
1982-01-27,-8.03
1982-01-28,2.92
1982-01-29,-5.475
1982-02-01,-8.76596760196805
1982-02-02,0.6921473647268487
1982-02-03,0.0
1982-02-04,-0.65
1982-02-05,3.25
1982-02-08,4.55
1982-02-09,1.625
1982-02-10,-4.225
1982-02-11,0.65
1982-02-12,1.625
1982-02-15,0.0
1982-02-16,0.65
1982-02-17,-0.65
1982-02-18,1.3
1982-02-19,8.125
1982-02-22,0.325
1982-02-23,2.275
1982-02-24,-0.65
1982-02-25,0.0
1982-02-26,-1.95
1982-03-01,-0.9779081841553232
1982-03-02,-2.3158228329302317
1982-03-03,3.4
1982-03-04,4.08
1982-03-05,5.097108848250115
1982-03-08,6.9
1982-03-09,-1.725
1982-03-10,-2.76
1982-03-11,-0.002855478845478414
1982-03-12,6.6442665422839715
1982-03-15,-5.76
1982-03-16,2.88
1982-03-17,-3.96
1982-03-18,-3.24
1982-03-19,-1.8
1982-03-22,-1.8
1982-03-23,1.8
1982-03-24,-1.44
1982-03-25,1.08
1982-03-26,-1.44
1982-03-29,-4.32
1982-03-30,-0.36
1982-03-31,-1.08
1982-04-01,1.44
1982-04-02,-4.68
1982-04-05,-5.04
1982-04-06,0.36
1982-04-07,3.96
1982-04-08,-2.16
1982-04-09,-0.0025544279825427153
1982-04-12,0.71
1982-04-13,-0.357541968706932
1982-04-14,1.75
1982-04-15,0.0
1982-04-16,0.0
1982-04-19,0.0
1982-04-20,-2.45
1982-04-21,2.45
1982-04-22,2.8
1982-04-23,-2.45
1982-04-26,0.35
1982-04-27,1.4
1982-04-28,0.35
1982-04-29,0.35
1982-04-30,3.15
1982-05-03,6.3
1982-05-04,2.1
1982-05-05,2.1
1982-05-06,0.35
1982-05-07,-1.754512037488936
1982-05-10,4.317763228510722
1982-05-11,-0.3672369994554196
1982-05-12,-0.7467130386315974
1982-05-13,1.9205468962479195
1982-05-14,-3.954421552031503
1982-05-17,0.81
1982-05-18,0.8078261022333739
1982-05-19,-1.6443506906597367
1982-05-20,-1.6821753453298685
1982-05-21,0.8478369532875448
1982-05-24,2.145699002842558
1982-05-25,7.037843502125613
1982-05-26,-1.78
1982-05-27,2.225
1982-05-28,-1.335
1982-05-31,-0.004287308775309934
1982-06-01,6.37
1982-06-02,-1.3671503492970178
1982-06-03,3.6735445103638322
1982-06-04,3.7978499228743354
1982-06-07,-6.244320971653091
1982-06-08,0.49
1982-06-09,-2.45
1982-06-10,-1.47
1982-06-11,-7.35
1982-06-14,7.84
1982-06-15,5.377202329796286
1982-06-16,4.14
1982-06-17,6.44
1982-06-18,-0.46
1982-06-21,-1.84
1982-06-22,-3.22
1982-06-23,1.38
1982-06-24,-2.3
1982-06-25,0.92
1982-06-28,5.52
1982-06-29,-0.46
1982-06-30,4.6
1982-07-01,-1.38
1982-07-02,3.133255262463085
1982-07-05,-0.004191017012331224
1982-07-06,7.05
1982-07-07,4.697896962591661
1982-07-08,-4.277108124209341
1982-07-09,-2.88
1982-07-12,1.44
1982-07-13,-2.4
1982-07-14,0.0
1982-07-15,1.917892187510878
1982-07-16,2.4228947375546226
1982-07-19,5.3878898750597894
1982-07-20,0.99
1982-07-21,-1.98
1982-07-22,4.45290805358286
1982-07-23,3.0
1982-07-26,5.497905141280087
1982-07-27,0.0
1982-07-28,6.055812290535515
1982-07-29,-4.12
1982-07-30,4.635
1982-08-02,-4.12
1982-08-03,-1.545
1982-08-04,-2.575
1982-08-05,8.24
1982-08-06,9.785
1982-08-09,2.0537583473009
1982-08-10,2.0
1982-08-11,2.5
1982-08-12,20.0
1982-08-13,-4.036701605514489
1982-08-16,11.617835303047478
1982-08-17,2.451366313047597
1982-08-18,-7.02
1982-08-19,5.845726943056173
1982-08-20,-0.76
1982-08-23,-4.56
1982-08-24,-4.94
1982-08-25,-5.32
1982-08-26,8.357915494151973
1982-08-27,5.620822350132043
1982-08-30,2.555
1982-08-31,-4.015
1982-09-01,0.0
1982-09-02,-3.285
1982-09-03,2.19
1982-09-06,0.0
1982-09-07,9.125
1982-09-08,2.19
1982-09-09,1.46
1982-09-10,3.285
1982-09-13,-8.03204868725115
1982-09-14,-2.59
1982-09-15,1.11
1982-09-16,2.22
1982-09-17,4.44
1982-09-20,-1.48
1982-09-21,1.11
1982-09-22,2.96
1982-09-23,-3.7
1982-09-24,-5.18
1982-09-27,-1.48
1982-09-28,2.96
1982-09-29,1.11
1982-09-30,2.59
1982-10-01,2.96
1982-10-04,3.695099131953598
1982-10-05,-1.01
1982-10-06,-1.13
1982-10-07,-5.86
1982-10-08,3.505
1982-10-11,-5.49
1982-10-12,5.876505409011864
1982-10-13,-4.824026835935903
1982-10-14,3.7484623841809475
1982-10-15,2.0679836174106216
1982-10-18,0.985
1982-10-19,-0.84
1982-10-20,-1.825
1982-10-21,3.0075
1982-10-22,5.335
1982-10-25,5.7575
1982-10-26,0.045
1982-10-27,0.8525
1982-10-28,-0.3225
1982-10-29,2.9275
1982-11-01,1.8875
1982-11-02,-0.0040016650468157906
1982-11-03,-1.1225
1982-11-04,-4.0175
1982-11-05,-7.3275
1982-11-08,-1.4765840689085177
1982-11-09,1.395
1982-11-10,-1.295
1982-11-11,-4.54
1982-11-12,2.4475
1982-11-15,1.4980917019272837
1982-11-16,-2.8525
1982-11-17,-1.6675
1982-11-18,-2.0975
1982-11-19,-2.278184687336724
1982-11-22,0.105
1982-11-23,-0.63
1982-11-24,-0.735
1982-11-25,0.0
1982-11-26,0.005
1982-11-29,4.81
1982-11-30,0.39512151726139144
1982-12-01,1.905
1982-12-02,2.08
1982-12-03,1.815
1982-12-06,-3.94
1982-12-07,-4.345
1982-12-08,-0.625
1982-12-09,-4.425
1982-12-10,0.9960124425151673
1982-12-13,-1.395
1982-12-14,3.99
1982-12-15,0.16801648401327537
1982-12-16,0.975
1982-12-17,-0.43
1982-12-20,-0.15
1982-12-21,1.115
1982-12-22,0.695
1982-12-23,-1.1
1982-12-24,0.0
1982-12-27,-2.285
1982-12-28,-3.48
1982-12-29,0.67
1982-12-30,0.605
1982-12-31,0.0
1983-01-03,-0.51
1983-01-04,0.9048063481172602
1983-01-05,-2.2825
1983-01-06,-1.02
1983-01-07,-1.375
1983-01-10,-1.955
1983-01-11,2.265
1983-01-12,-6.5575
1983-01-13,1.5463567967225453
1983-01-14,-2.0674902980387886
1983-01-17,-0.252014725357748
1983-01-18,0.245
1983-01-19,1.01
1983-01-20,0.23798400001506248
1983-01-21,-2.36
1983-01-24,-2.05
1983-01-25,0.32
1983-01-26,-3.24
1983-01-27,-1.5320223915311855
1983-01-28,2.235
1983-01-31,-2.5360969850066617
1983-02-01,0.59
1983-02-02,0.8779823387417298
1983-02-03,-0.17201670335081654
1983-02-04,0.55
1983-02-07,1.82
1983-02-08,-0.42
1983-02-09,-2.41
1983-02-10,-1.4220234878071778
1983-02-11,0.08595865703723754
1983-02-14,-2.68
1983-02-15,0.9512911971959622
1983-02-16,2.115946010109735
1983-02-17,-1.3820393081868103
1983-02-18,0.7159505213212195
1983-02-21,-0.002010539875365576
1983-02-22,4.3
1983-02-23,-0.3020275537282801
1983-02-24,-0.565
1983-02-25,3.145
1983-02-28,2.687947359097527
1983-03-01,-1.1261811796993457
1983-03-02,-1.925
1983-03-03,-0.13173063243064434
1983-03-04,-0.3275
1983-03-07,-1.444566251665475
1983-03-08,0.2225
1983-03-09,-1.4325
1983-03-10,-0.09457561813443821
1983-03-11,-0.9725
1983-03-14,0.1975
1983-03-15,0.7804314559323088
1983-03-16,-2.935
1983-03-17,-0.7812670498616912
1983-03-18,0.27541325755548746
1983-03-21,-0.7395879229517353
1983-03-22,-0.5916758459034704
1983-03-23,-1.289640870812285
1983-03-24,0.6285773875631453
1983-03-25,-0.7021414964094028
1983-03-28,-0.1921373846440489
1983-03-29,0.7307163404957425
1983-03-30,0.5453509115759775
1983-03-31,-0.3396445737832573
1983-04-01,0.0
1983-04-04,0.3575
1983-04-05,1.2503630999335131
1983-04-06,0.2603700643013209
1983-04-07,-0.49405078715178363
1983-04-08,-0.5221338911766032
1983-04-11,1.4978596049812716
1983-04-12,-0.1621401727536428
1983-04-13,0.655
1983-04-14,1.47784975765744
1983-04-15,-0.675
1983-04-18,0.75
1983-04-19,-1.725
1983-04-20,0.20785222162948833
1983-04-21,-1.1
1983-04-22,0.455
1983-04-25,0.27
1983-04-26,0.685
1983-04-27,0.8429725948153517
1983-04-28,-0.025
1983-04-29,0.6706885256974384
1983-05-02,0.21048500287153002
1983-05-03,0.2275
1983-05-04,1.5455021747014681
1983-05-05,-0.7525
1983-05-06,0.5055469397518216
1983-05-09,-1.9487320484724344
1983-05-10,1.625
1983-05-11,-2.10204872233181
1983-05-12,-1.8
1983-05-13,0.45
1983-05-16,-2.5520721513413522
1983-05-17,-0.2010369862761381
1983-05-18,-0.36
1983-05-19,-1.86
1983-05-20,-1.5463231964877524
1983-05-23,0.03294573911708222
1983-05-24,0.3804476142109263
1983-05-25,-0.3375
1983-05-26,-0.9645557184397457
1983-05-27,-0.1475
1983-05-30,-0.0020464729471330397
1983-05-31,-2.6975
1983-06-01,0.7075
1983-06-02,0.03293473308662321
1983-06-03,-0.2366748223686826
1983-06-06,0.54
1983-06-07,-1.0820524714973736
1983-06-08,-1.235
1983-06-09,0.8337594980903446
1983-06-10,-0.125
1983-06-13,1.8125
1983-06-14,-0.4415971117556816
1983-06-15,0.3
1983-06-16,0.75
1983-06-17,-0.45
1983-06-20,-0.9
1983-06-21,0.25
1983-06-22,-0.35
1983-06-23,-0.2
1983-06-24,-1.2
1983-06-27,-0.9041746242452035
1983-06-28,0.524306762821883
1983-06-29,0.4479113061438986
1983-06-30,0.0975
1983-07-01,0.008248265125511203
1983-07-04,0.0
1983-07-05,-2.0375
1983-07-06,0.9354043621486754
1983-07-07,-0.6470967154173458
1983-07-08,-0.5945931720594818
1983-07-11,2.081805887384188
1983-07-12,0.345
1983-07-13,-0.10940823117814631
1983-07-14,-0.45720487970596096
1983-07-15,1.1577824428090386
1983-07-18,1.83276468406383
1983-07-19,2.7603910227647503
1983-07-20,3.422616685936926
1983-07-21,0.43
1983-07-22,2.2651536967487775
1983-07-25,-1.2024347504621684
1983-07-26,-3.4024847481358806
1983-07-27,0.7614909620799993
1983-07-28,2.875
1983-07-29,-1.3425
1983-08-01,4.1875
1983-08-02,1.2975
1983-08-03,3.2398521305512205
1983-08-04,-1.6601563924497171
1983-08-05,3.484807043416756
1983-08-08,-1.3375
1983-08-09,-1.143689982291518
1983-08-10,5.0
1983-08-11,0.25
1983-08-12,0.0
1983-08-15,4.997193495986868
1983-08-16,-1.5672681774814456
1983-08-17,-2.6
1983-08-18,-4.16
1983-08-19,2.6
1983-08-22,5.2
1983-08-23,2.86
1983-08-24,-2.343531638021494
1983-08-25,-2.36
1983-08-26,2.7175
1983-08-29,-3.2725
1983-08-30,-5.3
1983-08-31,3.746878178018748
1983-09-01,-2.7531459293999
1983-09-02,2.5525
1983-09-05,0.0
1983-09-06,3.015
1983-09-07,-0.495
1983-09-08,0.6575
1983-09-09,1.5275
1983-09-12,-0.9875
1983-09-13,-2.4375
1983-09-14,-1.9425
1983-09-15,-4.1925
1983-09-16,2.1825
1983-09-19,4.37
1983-09-20,-0.8133077992521864
1983-09-21,4.496393711810749
1983-09-22,-3.943395711741793
1983-09-23,-2.143417532792852
1983-09-26,-1.955
1983-09-27,2.106549463429817
1983-09-28,-2.525
1983-09-29,1.2
1983-09-30,1.4714196864723295
1983-10-03,-0.95
1983-10-04,-2.4
1983-10-05,2.525
1983-10-06,0.6
1983-10-07,-1.525
1983-10-10,-0.9125
1983-10-11,0.075
1983-10-12,-0.7125
1983-10-13,3.3
1983-10-14,-1.1125
1983-10-17,-0.7
1983-10-18,-1.675
1983-10-19,-0.325
1983-10-20,-0.6410877130533774
1983-10-21,0.95
1983-10-24,-2.8
1983-10-25,0.85
1983-10-26,-2.9536024986594698
1983-10-27,0.265
1983-10-28,-0.31
1983-10-31,-0.245
1983-11-01,0.866420851274112
1983-11-02,1.77
1983-11-03,-0.23
1983-11-04,0.44641609944430016
1983-11-07,1.8714286644860072
1983-11-08,1.7564286644860072
1983-11-09,-1.578570368659675
1983-11-10,0.6864293294098446
1983-11-11,-1.4371657691127124
1983-11-14,-1.81
1983-11-15,1.8216527026321276
1983-11-16,-2.75
1983-11-17,0.6
1983-11-18,-1.6535987409662638
1983-11-21,-0.695
1983-11-22,-0.075
1983-11-23,2.07
1983-11-24,0.0
1983-11-25,1.435
1983-11-28,-0.545
1983-11-29,0.03140828574236862
1983-11-30,-1.8435657337459825
1983-12-01,0.8864340896559342
1983-12-02,-2.023565910344066
1983-12-05,-2.625
1983-12-06,-1.0
1983-12-07,1.1
1983-12-08,-0.925
1983-12-09,1.65
1983-12-12,1.0
1983-12-13,-0.95
1983-12-14,0.4964300845715272
1983-12-15,1.1464300845715272
1983-12-16,-0.325
1983-12-19,2.8714345964391152
1983-12-20,0.0
1983-12-21,-0.5635608594499492
1983-12-22,0.9364501544090494
1983-12-23,1.6464567966596548
1983-12-26,0.0
1983-12-27,1.065
1983-12-28,-1.6285395652489132
1983-12-29,0.03646451835727947
1983-12-30,0.22647580224253963
1984-01-02,-0.007041508547941145
1984-01-03,-3.57
1984-01-04,0.37
1984-01-05,0.69
1984-01-06,2.876482294447387
1984-01-09,-2.735
1984-01-10,2.045
1984-01-11,0.455
1984-01-12,-0.3885205514968629
1984-01-13,0.10647781883983222
1984-01-16,-7.2
1984-01-17,3.112207124397994
1984-01-18,-0.033500107884346424
1984-01-19,-0.28
1984-01-20,-0.845
1984-01-23,1.01
1984-01-24,4.246596126501133
1984-01-25,-2.795
1984-01-26,-0.6759971576208333
1984-01-27,-0.4825
1984-01-30,-0.8208906458454459
1984-01-31,-2.31
1984-02-01,1.275
1984-02-02,1.74
1984-02-03,-0.15
1984-02-06,1.0016024401548813
1984-02-07,0.245
1984-02-08,-1.7675
1984-02-09,-0.56
1984-02-10,-1.5925
1984-02-13,-1.1375
1984-02-14,-0.4725
1984-02-15,0.46359133114399204
1984-02-16,0.0
1984-02-17,-4.588463110808184
1984-02-20,0.0
1984-02-21,1.0825
1984-02-22,1.6725
1984-02-23,-4.0275
1984-02-24,1.3925
1984-02-27,0.0725
1984-02-28,-1.213269366540902
1984-02-29,3.975
1984-03-01,-0.08843185110705623
1984-03-02,2.985
1984-03-05,0.0
1984-03-06,-0.72
1984-03-07,-2.04
1984-03-08,0.6117713406795359
1984-03-09,1.43
1984-03-12,1.506598084947725
1984-03-13,-0.34680118014795813
1984-03-14,0.9091222740535412
1984-03-15,-1.3273126765139962
1984-03-16,-1.0233786685141057
1984-03-19,0.03167614261143308
1984-03-20,1.0933808217867957
1984-03-21,1.3466908669536926
1984-03-22,1.3803826663307666
1984-03-23,0.43093709817701925
1984-03-26,2.460957555537111
1984-03-27,0.2167779440377192
1984-03-28,-0.7969907764685836
1984-03-29,-2.61
1984-03-30,1.215
1984-04-02,5.0025
1984-04-03,2.775
1984-04-04,0.8295581858067091
1984-04-05,-4.575
1984-04-06,-1.44
1984-04-09,3.25
1984-04-10,-1.725
1984-04-11,-2.4482641682404034
1984-04-12,0.3200000000000074
1984-04-13,-0.02500000000000964
1984-04-16,-3.054999999999993
1984-04-17,1.4899999999999984
1984-04-18,3.176331543155719
1984-04-19,3.5871428417888143
1984-04-20,-0.002857158211184364
1984-04-23,5.69219689663994
1984-04-24,-7.989999999999992
1984-04-25,-0.003113057375539817
1984-04-26,-3.3349999999999795
1984-04-27,1.4235261997477202
1984-04-30,0.5749999999999693
1984-05-01,1.9000000000000221
1984-05-02,1.9923016408854402
1984-05-03,-2.900000000000007
1984-05-04,1.127500000000007
1984-05-07,-2.0975000000000104
1984-05-08,-0.8924999999999677
1984-05-09,-4.362500000000028
1984-05-10,-2.855000000000009
1984-05-11,-3.6199999999999743
1984-05-14,-1.5325
1984-05-15,2.2825618859214054
1984-05-16,4.330173280756573
1984-05-17,-1.5973538962240592
1984-05-18,1.2400000000000138
1984-05-21,5.339999999999989
1984-05-22,-1.3873505455421986
1984-05-23,-0.3000000000000256
1984-05-24,1.3150000000000341
1984-05-25,0.49499999999998123
1984-05-28,0.0
1984-05-29,-1.3500000000000185
1984-05-30,-1.719999999999991
1984-05-31,-1.1321519189420486
1984-06-01,1.1700000000000237
1984-06-04,-0.3394636393421428
1984-06-05,-1.5850000000000126
1984-06-06,-2.1949999999999905
1984-06-07,1.1300000000000034
1984-06-08,-1.895000000000008
1984-06-11,1.8149999999999955
1984-06-12,0.5700000000000148
1984-06-13,4.8
1984-06-14,-1.1300000000000034
1984-06-15,1.20782769487518
1984-06-18,3.7400000000000255
1984-06-19,4.8249999999999815
1984-06-20,-2.6729939667910005
1984-06-21,-2.09749999999999
1984-06-22,-1.127500000000002
1984-06-25,-2.994999999999993
1984-06-26,-3.132499999999993
1984-06-27,0.4350000000000136
1984-06-28,0.5324999999999677
1984-06-29,7.885801716496472
1984-07-02,-0.7241788985232025
1984-07-03,-5.1699999999999715
1984-07-04,-0.006079181357513231
1984-07-05,-6.1825000000000045
1984-07-06,1.18788068924288
1984-07-09,4.4128558242539
1984-07-10,-4.232182504140356
1984-07-11,-2.9593734001924035
1984-07-12,2.250615715335311
1984-07-13,-1.0149999999999761
1984-07-16,-1.0596855729427646
1984-07-17,0.15999999999996248
1984-07-18,0.8903283127360524
1984-07-19,0.8449999999999949
1984-07-20,-2.042499999999973
1984-07-23,-0.5174999999999965
1984-07-24,-1.3171679589349765
1984-07-25,-0.6671700224681986
1984-07-26,1.6922344926070354
1984-07-27,-1.0400000000000291
1984-07-30,0.017834511745596724
1984-07-31,1.9600000000000222
1984-08-01,0.480230423740299
1984-08-02,2.2600000000000295
1984-08-03,1.656853941845485
1984-08-06,-2.384999999999968
1984-08-07,-0.33750000000004093
1984-08-08,-0.3674999999999477
1984-08-09,1.7699999999999476
1984-08-10,-0.22749999999994996
1984-08-13,-0.34000000000004094
1984-08-14,2.044999999999993
1984-08-15,-0.8242540557158146
1984-08-16,0.4850000000000142
1984-08-17,-1.8600000000000312
1984-08-20,-2.9249999999999714
1984-08-21,1.3650000000000253
1984-08-22,2.227723698535929
1984-08-23,-1.0400000000000313
1984-08-24,1.1600000000000512
1984-08-27,-0.7800000000000256
1984-08-28,-0.71
1984-08-29,-2.1100000000000056
1984-08-30,0.72000000000002
1984-08-31,0.3299999999999858
1984-09-03,0.0
1984-09-04,-1.179999999999983
1984-09-05,0.7700000000000198
1984-09-06,2.16
1984-09-07,1.419999999999963
1984-09-10,3.75
1984-09-11,0.29999999999999427
1984-09-12,-0.9199999999999574
1984-09-13,0.34678703043069853
1984-09-14,1.8575000000000028
1984-09-17,-1.579851497922045
1984-09-18,1.7349999999999746
1984-09-19,3.772499999999946
1984-09-20,-1.0374999999999859
1984-09-21,-2.980709072223998
1984-09-24,-2.3350000000000195
1984-09-25,-1.1799999999999602
1984-09-26,0.5899999999999517
1984-09-27,2.780000000000014
1984-09-28,-4.753301895355417
1984-10-01,-1.0549999999999404
1984-10-02,0.7925
1984-10-03,-0.39250000000001134
1984-10-04,0.9574999999999971
1984-10-05,1.8824999999999517
1984-10-08,0.010000000000011368
1984-10-09,-0.43250000000000566
1984-10-10,0.4200000000000511
1984-10-11,0.29249999999994036
1984-10-12,2.335000000000057
1984-10-15,-1.8474999999999913
1984-10-16,0.5174999999999744
1984-10-17,0.2524999999999829
1984-10-18,2.58000000000004
1984-10-19,1.57
1984-10-22,-0.44499319238084384
1984-10-23,1.6350000000000513
1984-10-24,1.4891192026162463
1984-10-25,-3.115000000000024
1984-10-26,-3.3900000000000206
1984-10-29,0.045000000000006826
1984-10-30,3.9
1984-10-31,-0.525
1984-11-01,2.860000000000037
1984-11-02,0.15999999999998982
1984-11-05,2.444999999999993
1984-11-06,0.6299999999999761
1984-11-07,-2.1849999999999494
1984-11-08,-2.994999999999996
1984-11-09,2.0699999999999417
1984-11-12,0.915000000000058
1984-11-13,-2.5650000000000244
1984-11-14,-0.4797007610398061
1984-11-15,1.6799999999999728
1984-11-16,0.4450000000000238
1984-11-19,1.0449999999999657
1984-11-20,1.954999999999993
1984-11-21,3.214999999999976
1984-11-22,-0.002263559882548919
1984-11-23,2.9950000000000103
1984-11-26,-0.9
1984-11-27,-0.8800000000000069
1984-11-28,-0.3025290762159688
1984-11-29,-0.4399999999999722
1984-11-30,-4.45
1984-12-03,0.8749999999999601
1984-12-04,1.1150000000000517
1984-12-05,-1.69999999999998
1984-12-06,-2.5600000000000476
1984-12-07,-3.7349999999999883
1984-12-10,1.890000000000032
1984-12-11,1.8577369481877999
1984-12-12,-0.3800000000000278
1984-12-13,-3.182257023380536
1984-12-14,4.124999999999996
1984-12-17,1.6090567425761872
1984-12-18,2.314999999999976
1984-12-19,-1.227250044783565
1984-12-20,-0.7024999999999881
1984-12-21,0.527500000000016
1984-12-24,1.052500000000004
1984-12-25,-0.0022449453928693837
1984-12-26,-2.352500000000012
1984-12-27,-0.6125
1984-12-28,0.2625000000000199
1984-12-31,-1.6547074821123262
1985-01-01,0.0
1985-01-02,-1.3275000000000716
1985-01-03,0.7275000000000438
1985-01-04,-0.7950000000000278
1985-01-07,3.8121942145239305
1985-01-08,-0.39749999999992724
1985-01-09,1.0728448200613352
1985-01-10,-0.1725000000000091
1985-01-11,-2.3721462535351656
1985-01-14,-0.009999999999990905
1985-01-15,1.8324999999999134
1985-01-16,-0.6324999999999955
1985-01-17,-0.13249999999992723
1985-01-18,2.5599999999999317
1985-01-21,0.0525
1985-01-22,2.1850000000000773
1985-01-23,0.38999999999993634
1985-01-24,3.0725000000000544
1985-01-25,-0.6425000000000409
1985-01-28,-0.91272389650067
1985-01-29,0.5974999999999846
1985-01-30,-0.06122539358257209
1985-01-31,-1.7550000000000407
1985-02-01,-4.664999999999939
1985-02-04,0.09743522508449756
1985-02-05,1.2900000000000091
1985-02-06,-2.4650000000000865
1985-02-07,-1.1599999999999637
1985-02-08,1.100000000000041
1985-02-11,-1.120000000000082
1985-02-12,-0.3049999999999363
1985-02-13,0.6000000000000273
1985-02-14,2.719999999999982
1985-02-15,-1.2639510928786784
1985-02-18,0.0
1985-02-19,-0.005000000000031832
1985-02-20,-3.1849999999999543
1985-02-21,-1.7886302414586805
1985-02-22,-1.9350000000000045
1985-02-25,0.2950000000000273
1985-02-26,1.105000000000009
1985-02-27,-3.4300000000000725
1985-02-28,-1.2605127392788766
1985-03-01,-0.5899999999999682
1985-03-04,-1.250000000000016
1985-03-05,2.020000000000012
1985-03-06,-1.5999999999999681
1985-03-07,-0.6969666047928978
1985-03-08,3.729999999999976
1985-03-11,1.0663662054259393
1985-03-12,-0.9599999999999352
1985-03-13,-2.1000000000000307
1985-03-14,-0.3671273724103106
1985-03-15,0.7075000000000029
1985-03-18,-0.839999999999946
1985-03-19,1.1599999999999488
1985-03-20,1.7000000000000226
1985-03-21,0.6427972447827756
1985-03-22,-0.4050000000000136
1985-03-25,0.07750000000002046
1985-03-26,1.539999999999991
1985-03-27,-0.2800000000000159
1985-03-28,0.670000000000025
1985-03-29,1.4325000000000045
1985-04-01,-0.1612451975157084
1985-04-02,-0.1080917596584681
1985-04-03,-0.13901822610390466
1985-04-04,-0.5390166996977841
1985-04-05,-0.001514949929620359
1985-04-08,0.37249999999995453
1985-04-09,0.6345043459814822
1985-04-10,0.3235023539652865
1985-04-11,2.284025740309104
1985-04-12,-0.3849999999999625
1985-04-15,0.16402883060934842
1985-04-16,1.830000000000024
1985-04-17,-2.189999999999986
1985-04-18,3.439999999999976
1985-04-19,-0.8899999999999796
1985-04-22,1.8464929813794202
1985-04-23,-2.9424999999999693
1985-04-24,1.5475000000000034
1985-04-25,-2.342500000000004
1985-04-26,-0.3963958015405793
1985-04-29,-2.274999999999976
1985-04-30,0.9549999999999728
1985-05-01,1.1050000000000273
1985-05-02,-0.6050000000000307
1985-05-03,2.7325000000000443
1985-05-06,1.3064727303187844
1985-05-07,1.430000000000017
1985-05-08,-1.419999999999983
1985-05-09,2.9399999999999493
1985-05-10,2.1650000000000307
1985-05-13,-0.8300000000000476
1985-05-14,3.360000000000048
1985-05-15,-1.550000000000007
1985-05-16,2.0677445527025715
1985-05-17,-1.5453791760417024
1985-05-20,5.085000000000016
1985-05-21,-1.37499999999998
1985-05-22,-0.7500000000000518
1985-05-23,-0.6499999999999644
1985-05-24,1.558866771333596
1985-05-27,0.0
1985-05-28,0.444999999999996
1985-05-29,-0.6922411837856607
1985-05-30,1.9838725919744333
1985-05-31,1.3438723643264547
1985-06-03,4.356244257228186
1985-06-04,0.21887054964113337
1985-06-05,6.661726225488123
1985-06-06,-1.556303193465388
1985-06-07,-7.200000000000008
1985-06-10,-0.05342211700102615
1985-06-11,1.8624999999999796
1985-06-12,-0.6674999999999829
1985-06-13,-1.4225000000000205
1985-06-14,3.912499999999986
1985-06-17,-1.1424999999999763
1985-06-18,2.5799999999999628
1985-06-19,-3.1124999999999385
1985-06-20,-2.0425000000000444
1985-06-21,-2.42500000000001
1985-06-24,-1.1500000000000683
1985-06-25,-1.1799999999999282
1985-06-26,-1.1725000000000683
1985-06-27,2.777500000000004
1985-06-28,1.7575000000000343
1985-07-01,-0.3850000000000307
1985-07-02,-0.2730028069413461
1985-07-03,-0.5261396419603687
1985-07-04,0.0
1985-07-05,6.280000000000007
1985-07-08,-2.5525000000000038
1985-07-09,-1.2525000000000206
1985-07-10,-0.8586884126269295
1985-07-11,-3.49002260421681
1985-07-12,1.5238032811412168
1985-07-15,-0.7400000000000119
1985-07-16,0.8799999999999683
1985-07-17,0.14376180745240955
1985-07-18,-4.800000000000035
1985-07-19,-0.851252163195344
1985-07-22,-2.045000000000024
1985-07-23,-0.4237513019501517
1985-07-24,-1.1812532434255363
1985-07-25,0.4812442423767281
1985-07-26,-1.709999999999984
1985-07-29,-1.8737616697036452
1985-07-30,-0.44250000000000805
1985-07-31,1.4112269158650597
1985-08-01,1.799999999999996
1985-08-02,-2.822499999999996
1985-08-05,0.4012241317248716
1985-08-06,0.2550000000000238
1985-08-07,2.440000000000012
1985-08-08,2.0412233974976774
1985-08-09,1.0049999999999244
1985-08-12,-0.024999999999908505
1985-08-13,-1.872500000000024
1985-08-14,1.419999999999972
1985-08-15,0.06499999999995626
1985-08-16,1.6718894869937742
1985-08-19,1.2199999999999322
1985-08-20,0.6699999999999882
1985-08-21,1.250000000000016
1985-08-22,-0.49250000000003186
1985-08-23,-0.824194566234612
1985-08-26,-1.2199999999999522
1985-08-27,1.75999999999996
1985-08-28,-0.9250000000000437
1985-08-29,1.1249999999999878
1985-08-30,-3.2072255202021567
1985-09-02,0.0
1985-09-03,0.8850000000000592
1985-09-04,1.7550000000000272
1985-09-05,-1.5950000000001001
1985-09-06,-5.741355963261148
1985-09-09,-0.26152318442036554
1985-09-10,0.9400000000000238
1985-09-11,-0.0975
1985-09-12,-0.26750000000007157
1985-09-13,3.0975000000000437
1985-09-16,0.8152295838615871
1985-09-17,-0.7925000000000614
1985-09-18,-0.8324999999999898
1985-09-19,-0.06750000000000682
1985-09-20,2.22
1985-09-23,0.9299999999999556
1985-09-24,1.035
1985-09-25,0.4875
1985-09-26,0.5185370990061232
1985-09-27,-1.662285581302393
1985-09-30,0.6475000000000438
1985-10-01,0.9968695880910511
1985-10-02,-1.5300000000000238
1985-10-03,0.6285377350056482
1985-10-04,-0.810000000000008
1985-10-07,-1.8272641234401408
1985-10-08,1.0735188597599807
1985-10-09,-0.36000000000001814
1985-10-10,0.25349863147817225
1985-10-11,0.3049999999998954
1985-10-14,0.7100000000000409
1985-10-15,0.20874437035823246
1985-10-16,1.5424999999999487
1985-10-17,1.849999999999995
1985-10-18,0.8875000000001022
1985-10-21,-0.467500000000092
1985-10-22,1.028790952006115
1985-10-23,-0.5
1985-10-24,-1.1200000000000228
1985-10-25,-0.5000000000000796
1985-10-28,-1.167071354776096
1985-10-29,5.160000000000094
1985-10-30,2.095876334703348
1985-10-31,1.592499999999925
1985-11-01,0.35295916783460196
1985-11-04,0.3424999999999523
1985-11-05,2.0024999999999658
1985-11-06,-0.1525
1985-11-07,0.3534481440602583
1985-11-08,3.6330374426502368
1985-11-11,-0.339999999999867
1985-11-12,3.9899999999999407
1985-11-13,-2.379999999999926
1985-11-14,-1.2600000000000295
1985-11-15,-1.9605661833225314
1985-11-18,6.659999999999933
1985-11-19,-0.4509677125152352
1985-11-20,-1.1275000000001023
1985-11-21,0.8849999999999658
1985-11-22,-0.289999999999925
1985-11-25,-0.2400000000000614
1985-11-26,0.2950000000001091
1985-11-27,2.0824999999998703
1985-11-28,-0.0015208747262636462
1985-11-29,1.5700000000001502
1985-12-02,-3.6050000000000075
1985-12-03,0.665
1985-12-04,2.318478397710835
1985-12-05,-0.4640216022891101
1985-12-06,-1.2040124429994066
1985-12-09,5.217499999999959
1985-12-10,3.013491292994743
1985-12-11,5.010990002817063
1985-12-12,-1.5742170100270063
1985-12-13,0.5834873470260471
1985-12-16,1.1899999999999125
1985-12-17,4.1974999999999945
1985-12-18,-2.1649999999999125
1985-12-19,1.1924999999999815
1985-12-20,1.3449999999999873
1985-12-23,-1.8375000000001254
1985-12-24,0.23250000000011253
1985-12-25,0.0
1985-12-26,1.1149999999999125
1985-12-27,1.6275000000000688
1985-12-30,-1.058878289091227
1985-12-31,0.06750000000010914
1986-01-01,0.0
1986-01-02,-2.0525000000000886
1986-01-03,-1.2600000000000138
1986-01-06,-0.38249999999989087
1986-01-07,4.762499999999899
1986-01-08,-5.559999999999912
1986-01-09,-2.411697295718396
1986-01-10,-2.519999999999993
1986-01-13,-5.670000000000095
1986-01-14,2.183839352250972
1986-01-15,3.200000000000094
1986-01-16,-0.21500000000006875
1986-01-17,-0.024999999999968714
1986-01-20,-1.3299999999999814
1986-01-21,1.8934337364130553
1986-01-22,-1.3999999999999124
1986-01-23,2.539999999999906
1986-01-24,0.7850000000000374
1986-01-27,2.8199999999999807
1986-01-28,2.1499999999999497
1986-01-29,-1.9465645123763071
1986-01-30,-0.27
1986-01-31,0.9784404128849298
1986-02-03,1.710000000000025
1986-02-04,1.2584688269066282
1986-02-05,-1.8250000000000688
1986-02-06,-1.7599999999999811
1986-02-07,-1.9365230770448834
1986-02-10,2.794999999999925
1986-02-11,1.4749999999999688
1986-02-12,-0.08499999999989996
1986-02-13,0.5727734919403609
1986-02-14,3.6970213376971546
1986-02-17,-0.0015224904610650594
1986-02-18,1.6900000000000408
1986-02-19,-1.24
1986-02-20,0.2284775342658092
1986-02-21,3.9849999999999794
1986-02-24,3.038488078442781
1986-02-25,-0.7500000000000603
1986-02-26,1.7550000000001493
1986-02-27,5.534999999999899
1986-02-28,0.7650000000000751
1986-03-03,3.674999999999898
1986-03-04,1.7850000000000408
1986-03-05,-5.685000000000068
1986-03-06,2.830905130960642
1986-03-07,1.6624999999999657
1986-03-10,5.724999999999986
1986-03-11,0.24999999999995223
1986-03-12,-0.052499999999904505
1986-03-13,-0.3625000000001091
1986-03-14,1.075000000000075
1986-03-17,-0.8349999999999523
1986-03-18,-1.3075000000001091
1986-03-19,0.41500000000007503
1986-03-20,0.9499999999999658
1986-03-21,-0.8774999999999386
1986-03-24,3.012500000000041
1986-03-25,0.0025000000000477483
1986-03-26,2.0178799704326327
1986-03-27,3.425000000000074
1986-03-28,0.0
1986-03-31,2.9574999999999925
1986-04-01,0.145
1986-04-02,0.06249999999993351
1986-04-03,-2.197499999999963
1986-04-04,-0.34750000000003783
1986-04-07,0.320000000000133
1986-04-08,4.630000000000009
1986-04-09,1.132499999999963
1986-04-10,-0.037499999999985226
1986-04-11,-1.8975000000000295
1986-04-14,3.437499999999941
1986-04-15,-1.972499999999978
1986-04-16,4.76499999999994
1986-04-17,-2.4674999999999927
1986-04-18,-2.3724999999999916
1986-04-21,-1.2549999999998596
1986-04-22,-4.187499999999993
1986-04-23,-3.7120008158748923
1986-04-24,-3.807500000000034
1986-04-25,-1.592073251005172
1986-04-28,4.310000000000044
1986-04-29,1.7875000000000447
1986-04-30,1.4630481781834932
1986-05-01,-2.5100000000000824
1986-05-02,-1.2116523966479513
1986-05-05,3.4100000000000756
1986-05-06,-1.0900000000000383
1986-05-07,-1.1099999999999688
1986-05-08,2.688259542506339
1986-05-09,-3.1817395055119637
1986-05-12,-3.751792465579952
1986-05-13,2.329999999999981
1986-05-14,-2.019999999999894
1986-05-15,-3.8564856738238342
1986-05-16,-3.8823453835368062
1986-05-19,-1.019999999999983
1986-05-20,1.41
1986-05-21,-0.22999999999989768
1986-05-22,0.7353875182091013
1986-05-23,0.8449999999999283
1986-05-26,0.0
1986-05-27,1.995000000000087
1986-05-28,-1.870000000000051
1986-05-29,-4.334999999999959
1986-05-30,-1.4798182675851057
1986-06-02,-3.8275000000000103
1986-06-03,2.577888572531739
1986-06-04,-2.962146973940761
1986-06-05,1.0698767189484568
1986-06-06,4.320000000000016
1986-06-09,-2.804806682178868
1986-06-10,0.06999999999996931
1986-06-11,1.0000000000000204
1986-06-12,-0.33499999999996244
1986-06-13,2.98
1986-06-16,0.01999999999999318
1986-06-17,1.2799999999999487
1986-06-18,0.3749999999999898
1986-06-19,-1.3149999999999729
1986-06-20,0.7149999999999898
1986-06-23,0.22499999999992157
1986-06-24,-0.07499999999993177
1986-06-25,0.3033224732780382
1986-06-26,0.08500000000003069
1986-06-27,1.018321738991148
1986-06-30,-0.4649047188669328
1986-07-01,0.07499999999998008
1986-07-02,0.2739366635527508
1986-07-03,1.675000000000068
1986-07-04,-0.006607206391097846
1986-07-07,-0.9250000000000318
1986-07-08,-1.9917134423261382
1986-07-09,1.6732851572913874
1986-07-10,-0.8990053334138969
1986-07-11,0.8507981287549133
1986-07-14,0.9457984573756795
1986-07-15,1.483273728662147
1986-07-16,-0.13500900364421928
1986-07-17,-0.052500000000046045
1986-07-18,0.6375000000001023
1986-07-21,0.8050269248150368
1986-07-22,-0.5874999999999091
1986-07-23,-2.137500000000057
1986-07-24,-1.2750000000000228
1986-07-25,0.7875000000000227
1986-07-28,-2.119938062584629
1986-07-29,3.249999999999966
1986-07-30,0.9125277018579927
1986-07-31,1.6057178994968704
1986-08-01,-0.3974270408183418
1986-08-04,1.1424999999999814
1986-08-05,-1.3249999999999373
1986-08-06,-1.0293161525649348
1986-08-07,0.635683930351086
1986-08-08,0.973180363862941
1986-08-11,1.0407673628885854
1986-08-12,1.4699999999999795
1986-08-13,1.5049580474451034
1986-08-14,-1.021831347822781
1986-08-15,0.6899234088550467
1986-08-18,0.04000000000010914
1986-08-19,2.643162617381097
1986-08-20,1.0100000000000136
1986-08-21,1.397674587038377
1986-08-22,-2.2418355861585275
1986-08-25,2.3931598419130324
1986-08-26,2.4756723156505016
1986-08-27,-3.2811515205161763
1986-08-28,1.0431755092157398
1986-08-29,1.7038581744913335
1986-09-01,-0.0018171367142838274
1986-09-02,-2.675000000000074
1986-09-03,-3.7793209127543146
1986-09-04,1.5163597468312813
1986-09-05,-5.761145071810731
1986-09-08,-3.8377556316959334
1986-09-09,1.1681738892452553
1986-09-10,1.9881690678401196
1986-09-11,-3.161828038221869
1986-09-12,-0.4268204315428095
1986-09-15,2.2763590218613157
1986-09-16,-1.021817288509122
1986-09-17,-0.40182320766209945
1986-09-18,-3.0299999999999945
1986-09-19,-0.5500000000001126
1986-09-22,-0.42
1986-09-23,-3.149999999999999
1986-09-24,1.7563327862011042
1986-09-25,1.51
1986-09-26,-0.6736934891912264
1986-09-29,-6.141897599152196
1986-09-30,3.273635601866547
1986-10-01,0.5112118961992798
1986-10-02,0.6299999999999875
1986-10-03,6.018137579696157
1986-10-06,2.731173041603159
1986-10-07,0.5880595850907332
1986-10-08,-1.2249999999999555
1986-10-09,0.5250000000000119
1986-10-10,-1.2599103225988366
1986-10-13,-0.6749999999999658
1986-10-14,-1.610000000000075
1986-10-15,0.5300000000000341
1986-10-16,-0.9499999999999658
1986-10-17,-1.3169487022850688
1986-10-20,-1.071942283920507
1986-10-21,1.2230603556430393
1986-10-22,1.8500000000001022
1986-10-23,1.4480726581892795
1986-10-24,-1.4000000000000887
1986-10-27,2.0330742694207555
1986-10-28,-0.3919264295963793
1986-10-29,2.080000000000013
1986-10-30,0.7930646798006069
1986-10-31,-0.029999999999952252
1986-11-03,0.15509446051468964
1986-11-04,-0.25193230453455456
1986-11-05,-0.6199999999999335
1986-11-06,-1.0498717122127117
1986-11-07,-1.989999999999832
1986-11-10,1.1799999999999444
1986-11-11,1.0049999999999444
1986-11-12,0.28306172250341527
1986-11-13,0.3744358247904721
1986-11-14,1.6492509194151974
1986-11-17,2.5005667860231613
1986-11-18,-1.6599999999998978
1986-11-19,3.7561490364850463
1986-11-20,-0.2769167694294261
1986-11-21,1.3555826832166842
1986-11-24,1.2530827346250049
1986-11-25,-1.2544144711946206
1986-11-26,0.9956163726495649
1986-11-27,-0.0018825859745507714
1986-11-28,1.085000000000094
1986-12-01,-0.4098395529896561
1986-12-02,5.93811689344704
1986-12-03,1.8650000000001365
1986-12-04,2.7049999999999743
1986-12-05,-2.8918872039895467
1986-12-08,2.5312265184521348
1986-12-09,2.028113534960373
1986-12-10,-0.525
1986-12-11,-0.6299999999998978
1986-12-12,1.5131166026841725
1986-12-15,-1.4618844669381996
1986-12-16,0.5281158712497674
1986-12-17,1.3481217675063544
1986-12-18,2.066241581471961
1986-12-19,0.225
1986-12-22,-1.5815602651776357
1986-12-23,3.1999999999999726
1986-12-24,-0.5802540158346421
1986-12-25,0.0
1986-12-26,-0.5874999999999818
1986-12-29,-1.0775000000001
1986-12-30,-1.5799999999998273
1986-12-31,-0.6475000000001183
1987-01-01,-0.001869991889097062
1987-01-02,7.447499999999992
1987-01-05,5.860607050995734
1987-01-06,-1.3174999999999546
1987-01-07,-2.0825000000000182
1987-01-08,2.0525000000001183
1987-01-09,1.1349999999998908
1987-01-12,-4.677499999999935
1987-01-13,3.4950000000000365
1987-01-14,-1.2084304900044034
1987-01-15,3.2049999999999725
1987-01-16,2.527500000000018
1987-01-19,1.827500000000018
1987-01-20,0.7950000000000181
1987-01-21,-1.3224246765130212
1987-01-22,2.279999999999909
1987-01-23,-2.744999999999936
1987-01-26,-4.039999999999991
1987-01-27,0.9700000000000455
1987-01-28,2.715
1987-01-29,-1.7950000000000363
1987-01-30,-3.0850000000000364
1987-02-02,-1.58
1987-02-03,-0.5499999999998726
1987-02-04,1.4634454219941797
1987-02-05,6.2784325294151
1987-02-06,0.12500000000012734
1987-02-09,0.4149999999998181
1987-02-10,-3.724999999999991
1987-02-11,0.275
1987-02-12,6.440657057365828
1987-02-13,2.8912941243729495
1987-02-16,-0.0031270641350651285
1987-02-17,-2.215000000000017
1987-02-18,1.4034330600651925
1987-02-19,0.6909350462476525
1987-02-20,-4.200000000000051
1987-02-23,1.625
1987-02-24,0.8124999999999404
1987-02-25,1.8000000000001364
1987-02-26,1.4249999999998808
1987-02-27,-0.9125000000000596
1987-03-02,-2.2749999999998636
1987-03-03,2.237499999999983
1987-03-04,0.9838132386488777
1987-03-05,-4.424999999999957
1987-03-06,-5.299999999999899
1987-03-09,-1.2515778084017513
1987-03-10,0.7399999999999404
1987-03-11,-0.44
1987-03-12,0.8564674354022934
1987-03-13,3.0200000000000546
1987-03-16,-1.5300000000001637
1987-03-17,-0.6900000000000455
1987-03-18,1.310000000000082
1987-03-19,2.7300000000001
1987-03-20,-1.65
1987-03-23,-2.113582410125357
1987-03-24,-1.0499999999999818
1987-03-25,-1.8883950670338645
1987-03-26,1.5149999999999806
1987-03-27,-5.900000000000165
1987-03-30,-8.49250000000003
1987-03-31,2.390514546874794
1987-04-01,-3.5049999999999635
1987-04-02,0.25931153718229366
1987-04-03,1.3875000000000717
1987-04-06,0.9449999999999203
1987-04-07,-6.033504421620846
1987-04-08,0.017500000000096043
1987-04-09,-8.217500000000015
1987-04-10,-3.5724409904391625
1987-04-13,-7.447504071836282
1987-04-14,-5.761210575609183
1987-04-15,6.375602774975666
1987-04-16,1.4135992007043476
1987-04-17,-0.0037272276047544185
1987-04-20,-4.854999999999956
1987-04-21,1.082958470671287
1987-04-22,0.42000000000005805
1987-04-23,-3.276485628551982
1987-04-24,-2.192965686249045
1987-04-27,1.8750000000000615
1987-04-28,0.48461456466728425
1987-04-29,-1.896601712866631
1987-04-30,0.1610136713016692
1987-05-01,0.45749999999999436
1987-05-04,-3.0689874187960613
1987-05-05,0.8035151641171064
1987-05-06,-1.19898652394345
1987-05-07,-2.482500000000014
1987-05-08,-1.9111455009893483
1987-05-11,-6.0849869902248335
1987-05-12,2.701751067086891
1987-05-13,1.4066850710804772
1987-05-14,-2.46169532871472
1987-05-15,-2.7113887327730213
1987-05-18,3.3681932940553048
1987-05-19,-1.0430905739847727
1987-05-20,1.2034456192256404
1987-05-21,-0.7449999999999863
1987-05-22,0.14499999999997953
1987-05-25,0.0
1987-05-26,2.2500000000000275
1987-05-27,-0.9149999999999981
1987-05-28,0.8099999999999727
1987-05-29,0.30999999999999317
1987-06-01,0.9650000000000187
1987-06-02,-1.980000000000017
1987-06-03,-0.3149999999999608
1987-06-04,0.05499999999997613
1987-06-05,-0.09000000000001705
1987-06-08,0.005000000000011937
1987-06-09,0.43500000000000855
1987-06-10,0.6049999999999915
1987-06-11,-0.8299999999999778
1987-06-12,-0.6650000000000069
1987-06-15,-2.5700000000000274
1987-06-16,-0.839999999999988
1987-06-17,1.5480719196404549
1987-06-18,1.0737849751504245
1987-06-19,-0.3574999999999846
1987-06-22,2.647500000000022
1987-06-23,-0.6247457084246901
1987-06-24,-1.182499999999993
1987-06-25,0.8049999999999841
1987-06-26,-0.36999999999998184
1987-06-29,1.8624999999999887
1987-06-30,-0.790000000000009
1987-07-01,1.0625000000000229
1987-07-02,-0.31717557281378145
1987-07-03,0.0
1987-07-06,0.7650000000000091
1987-07-07,0.30031224216045566
1987-07-08,0.9052937287354472
1987-07-09,-0.6772030125705222
1987-07-10,0.4402971070521164
1987-07-13,0.650290369523412
1987-07-14,-0.5972128976745645
1987-07-15,-0.30500000000000227
1987-07-16,1.0555635523991322
1987-07-17,1.31277678761777
1987-07-20,-2.5797544517476743
1987-07-21,1.562500000000011
1987-07-22,-0.6600000000000024
1987-07-23,-0.3922726661502317
1987-07-24,-0.1322720034636141
1987-07-27,-0.2322716419167703
1987-07-28,-1.2922786528971815
1987-07-29,2.3175
1987-07-30,0.10020310141333814
1987-07-31,-0.9522977807947902
1987-08-03,0.27750000000003866
1987-08-04,3.252671768565741
1987-08-05,0.29249999999995
1987-08-06,0.7076675756425449
1987-08-07,0.5103341325000503
1987-08-10,-0.9723339029317897
1987-08-11,-0.1948304776057185
1987-08-12,0.862674281767585
1987-08-13,-0.24215330788136943
1987-08-14,-2.7681316223919987
1987-08-17,0.9575000000000318
1987-08-18,0.12999999999994996
1987-08-19,-3.2498518457375547
1987-08-20,1.9899999999999889
1987-08-21,-0.3649999999999841
1987-08-24,0.622499999999959
1987-08-25,-0.15485275592681405
1987-08-26,-2.3898587137991556
1987-08-27,-1.1399999999999773
1987-08-28,1.327641025044201
1987-08-31,2.3975000000000253
1987-09-01,0.9275000000000204
1987-09-02,-3.5923629627079903
1987-09-03,1.0696531490873014
1987-09-04,-0.8672273109859435
1987-09-07,-0.0023625272964136563
1987-09-08,-5.032500000000015
1987-09-09,-1.439854895979945
1987-09-10,-1.1400000000000206
1987-09-11,0.8199999999999965
1987-09-14,-2.239999999999993
1987-09-15,0.6599999999999989
1987-09-16,-3.439999999999986
1987-09-17,-0.5454304897177269
1987-09-18,0.2600000000000063
1987-09-21,1.900000000000002
1987-09-22,2.279999999999998
1987-09-23,-0.5999999999999976
1987-09-24,1.4099999999999904
1987-09-25,-0.4899999999999972
1987-09-28,-3.7099999999999986
1987-09-29,-2.372383934323098
1987-09-30,1.942615838288665
1987-10-01,-3.7499999999999987
1987-10-02,-0.5671611874121885
1987-10-05,0.2
1987-10-06,2.025
1987-10-07,-0.41739907632133016
1987-10-08,-0.955
1987-10-09,1.3025
1987-10-12,1.01
1987-10-13,-2.2875
1987-10-14,-1.375
1987-10-15,-0.14239973101357387
1987-10-16,1.7775
1987-10-19,4.88006746358037
1987-10-20,-0.8521619575143149
1987-10-21,-0.43268126419115455
1987-10-22,0.155
1987-10-23,0.62
1987-10-26,1.395
1987-10-27,-0.9377416844460734
1987-10-28,0.3799999999999932
1987-10-29,-0.9250000000000035
1987-10-30,0.5250000000000024
1987-11-02,-1.2700000000000011
1987-11-03,1.3345578541344525
1987-11-04,0.8075
1987-11-05,-0.36500000000000055
1987-11-06,-1.6950000000000027
1987-11-09,-0.09999999999999716
1987-11-10,0.5874999999999898
1987-11-11,-1.074999999999996
1987-11-12,0.07250000000000512
1987-11-13,-1.0618265228272177
1987-11-16,-0.0028134472061254103
1987-11-17,-0.7199999999999931
1987-11-18,0.21453045090819864
1987-11-19,0.6675908063114624
1987-11-20,0.44499999999998185
1987-11-23,0.04000000000002046
1987-11-24,-1.367407487289442
1987-11-25,-2.2474132175835475
1987-11-26,-0.004821043639128526
1987-11-27,-2.135000000000004
1987-11-30,2.1801654545521814
1987-12-01,-0.19483316059621875
1987-12-02,1.577577180303141
1987-12-03,0.7151560311044567
1987-12-04,0.2550000000000102
1987-12-07,-1.3128833621194627
1987-12-08,-0.29
1987-12-09,6.8212102632969615e-15
1987-12-10,-0.8874191620796961
1987-12-11,-0.4300000000000372
1987-12-14,0.1400000000000116
1987-12-15,2.5400000000000036
1987-12-16,0.5225848839365824
1987-12-17,-1.095000000000007
1987-12-18,1.1799999999999897
1987-12-21,-0.31500000000001194
1987-12-22,-1.1473985258992982
1987-12-23,0.7150000000000035
1987-12-24,-0.28238233510219846
1987-12-25,0.0
1987-12-28,-0.1899999999999949
1987-12-29,0.5926244943434298
1987-12-30,0.4449999999999762
1987-12-31,-0.7053667762288257
1988-01-01,0.0
1988-01-04,-1.092499999999993
1988-01-05,1.1299999999999764
1988-01-06,-1.517569201665609
1988-01-07,-1.1572357170824072
1988-01-08,-1.6548226607653356
1988-01-11,0.8600000000000136
1988-01-12,0.16258457560290068
1988-01-13,0.48008392364073876
1988-01-14,-0.14239816887070994
1988-01-15,3.085112491988077
1988-01-18,-0.4325
1988-01-19,-0.19731966499293543
1988-01-20,0.5851837296743367
1988-01-21,1.2152103718977416
1988-01-22,0.5474736751816184
1988-01-25,0.27779813980539253
1988-01-26,-1.0749999999999922
1988-01-27,2.3749999999999947
1988-01-28,0.5499999999999858
1988-01-29,0.6125000000000256
1988-02-01,-0.15744846120981387
1988-02-02,1.464872563772742
1988-02-03,-1.1900000000000368
1988-02-04,0.29999999999998295
1988-02-05,2.1100000000000643
1988-02-08,-1.0200000000000438
1988-02-09,0.4707790973092952
1988-02-10,1.0349999999999515
1988-02-11,-1.1071604202447314
1988-02-12,-2.4221594632209635
1988-02-15,-0.023620109115326523
1988-02-16,-0.3299999999999284
1988-02-17,0.1499999999999642
1988-02-18,0.6699999999999801
1988-02-19,0.532854001932021
1988-02-22,0.33000000000000795
1988-02-23,1.2399999999999602
1988-02-24,-0.21696011665002776
1988-02-25,-0.5549342329115212
1988-02-26,0.8249999999999682
1988-02-29,0.572500000000041
1988-03-01,0.31805041401603223
1988-03-02,0.7499999999999744
1988-03-03,0.23
1988-03-04,-3.9250000000000504
1988-03-07,0.18500000000004602
1988-03-08,-0.8449999999999745
1988-03-09,0.19
1988-03-10,-1.4075000000000308
1988-03-11,1.3725000000000205
1988-03-14,-0.042499999999964184
1988-03-15,-0.14000000000009208
1988-03-16,-1.4975000000000205
1988-03-17,1.9150000000000769
1988-03-18,-2.5375000000000307
1988-03-21,-1.0799999999999488
1988-03-22,0.2299999999998823
1988-03-23,-0.7574999999999744
1988-03-24,-0.23999999999991817
1988-03-25,0.5799999999999079
1988-03-28,-1.9124999999998933
1988-03-29,0.19
1988-03-30,-0.6675000000000564
1988-03-31,0.40999999999996417
1988-04-01,0.0
1988-04-04,-2.7524999999999333
1988-04-05,0.2930488045901766
1988-04-06,1.0499999999999772
1988-04-07,0.9300000000000591
1988-04-08,2.109999999999914
1988-04-11,-1.2399266621928586
1988-04-12,0.9830566583401341
1988-04-13,-0.06999999999996419
1988-04-14,-1.8499999999999888
1988-04-15,-1.659999999999968
1988-04-18,-0.6900000000000438
1988-04-19,0.4200000000000159
1988-04-20,0.11000000000000797
1988-04-21,0.029999999999936335
1988-04-22,0.620000000000008
1988-04-25,-0.23000000000000795
1988-04-26,0.010000000000035834
1988-04-27,0.25840044256576417
1988-04-28,-1.3300000000000516
1988-04-29,-0.06160197931401515
1988-05-02,-1.0116038138092434
1988-05-03,0.8550000000000161
1988-05-04,0.11306663970757037
1988-05-05,-0.004999999999938769
1988-05-06,-1.520000000000027
1988-05-09,-0.21141919413615082
1988-05-10,-0.7799999999999897
1988-05-11,0.036545029772752605
1988-05-12,0.41682761916852484
1988-05-13,0.7109132525877409
1988-05-16,-1.3412919131141263
1988-05-17,-1.5141638745016708
1988-05-18,-0.879327718345529
1988-05-19,-0.33220799182991123
1988-05-20,-0.48999999999996363
1988-05-23,0.5649999999999544
1988-05-24,-0.3499999999999955
1988-05-25,0.615000000000041
1988-05-26,0.13999999999995907
1988-05-27,-0.44679657778607007
1988-05-30,0.0
1988-05-31,-0.8450000000000238
1988-06-01,1.680000000000017
1988-06-02,-0.5650000000000273
1988-06-03,-0.38999999999998636
1988-06-06,-1.2999999999999914
1988-06-07,-1.6500000000000037
1988-06-08,1.394999999999983
1988-06-09,-0.5849999999999728
1988-06-10,-0.2171416993615632
1988-06-13,0.18285745707509668
1988-06-14,1.0349999999999966
1988-06-15,-1.2950000000000101
1988-06-16,-2.5299999999999896
1988-06-17,-2.1275411974012686
1988-06-20,-0.6199999999999931
1988-06-21,-0.7049999999999728
1988-06-22,0.9022374115612215
1988-06-23,0.17000000000002385
1988-06-24,-0.05499999999998806
1988-06-27,-0.892795587775126
1988-06-28,0.7749999999999915
1988-06-29,0.3999999999999914
1988-06-30,0.29499999999999144
1988-07-01,0.015462458553897183
1988-07-04,-0.004120120066541222
1988-07-05,-0.3200000000000409
1988-07-06,-0.4799999999999682
1988-07-07,0.13499999999997955
1988-07-08,-0.5900000000000136
1988-07-11,0.6100000000000251
1988-07-12,-0.535
1988-07-13,-0.5450000000000046
1988-07-14,-0.275
1988-07-15,0.35000000000002046
1988-07-18,-0.185000000000025
1988-07-19,0.6749999999999886
1988-07-20,0.01
1988-07-21,-0.6749999999999932
1988-07-22,0.43000000000000455
1988-07-25,0.33499999999997954
1988-07-26,0.11500000000003184
1988-07-27,-0.7650000000000023
1988-07-28,0.22999999999996362
1988-07-29,0.18000000000004093
1988-08-01,0.09043094383617271
1988-08-02,0.2500000000000091
1988-08-03,-0.075
1988-08-04,0.1299999999999477
1988-08-05,-1.4449999999999705
1988-08-08,0.5150000000000204
1988-08-09,-0.9199999999999978
1988-08-10,-0.8388885836338256
1988-08-11,-0.1350000000000034
1988-08-12,0.2499999999999659
1988-08-15,-0.633068498069871
1988-08-16,0.5511202043056571
1988-08-17,-0.065
1988-08-18,-0.03855385939111941
1988-08-19,0.013667185016491555
1988-08-22,0.47999999999999887
1988-08-23,0.2725000000000063
1988-08-24,-0.5549999999999989
1988-08-25,-0.01605448737945881
1988-08-26,0.3225
1988-08-29,0.365
1988-08-30,-0.41
1988-08-31,-0.41
1988-09-01,-0.3475
1988-09-02,0.5625
1988-09-05,0.0
1988-09-06,-0.2175
1988-09-07,0.1725
1988-09-08,0.04
1988-09-09,0.53
1988-09-12,-0.1687065332929909
1988-09-13,-0.04250000000000625
1988-09-14,0.11139236511083273
1988-09-15,0.22128318582967982
1988-09-16,0.38999999999999774
1988-09-19,0.38999999999999774
1988-09-20,-0.20492835507445742
1988-09-21,0.06000000000000227
1988-09-22,-0.5149999999999818
1988-09-23,0.45005728622885566
1988-09-26,0.5015714450092355
1988-09-27,-1.034962489968876
1988-09-28,-0.1125
1988-09-29,0.7625000000000172
1988-09-30,1.3325398671219568
1988-10-03,-0.50351719279586
1988-10-04,-1.0350000000000006
1988-10-05,0.11249999999998465
1988-10-06,-0.8549999999999761
1988-10-07,2.681497853379467
1988-10-10,-0.11500000000002501
1988-10-11,-0.6324999999999636
1988-10-12,-1.1424776578277336
1988-10-13,-0.0049999999999954525
1988-10-14,1.1600000000000252
1988-10-17,-0.17841113439327558
1988-10-18,0.6749999999999545
1988-10-19,-0.33749999999996017
1988-10-20,0.11250000000000569
1988-10-21,-0.25666608178793393
1988-10-24,-0.13000000000000683
1988-10-25,1.2900000000000376
1988-10-26,-0.0500000000000171
1988-10-27,1.8599999999999963
1988-10-28,-0.059999999999962486
1988-10-31,0.9166150459012465
1988-11-01,-0.7100000000000278
1988-11-02,-0.9333674532356161
1988-11-03,0.2750166519801869
1988-11-04,-2.6633783599275414
1988-11-07,-1.6558668317699097
1988-11-08,0.11000000000005003
1988-11-09,-0.26498170597467385
1988-11-10,-0.2649838474084379
1988-11-11,-1.3534251185770212
1988-11-14,0.7232407137792296
1988-11-15,-0.2499999999999801
1988-11-16,-1.0499809342889177
1988-11-17,-0.20498549465186436
1988-11-18,0.1465781724210018
1988-11-21,-0.35500000000007503
1988-11-22,-0.7849999999999829
1988-11-23,0.02
1988-11-24,0.0
1988-11-25,-1.7299999999999962
1988-11-28,0.6383354439932369
1988-11-29,0.6374999999999462
1988-11-30,1.2165334948974342
1988-12-01,0.09499999999997498
1988-12-02,-2.0275
1988-12-05,0.8763906182574128
1988-12-06,1.6916159465539191
1988-12-07,-0.34999335536495735
1988-12-08,-0.024999999999996587
1988-12-09,0.010000000000006821
1988-12-12,-0.11500000000000853
1988-12-13,-0.595002920090044
1988-12-14,-0.4700000000000222
1988-12-15,-0.1050073203199035
1988-12-16,0.12498898262653325
1988-12-19,0.18497692582588524
1988-12-20,0.17498331117102642
1988-12-21,0.7050000000000035
1988-12-22,-0.07002854520610774
1988-12-23,0.17997486652314
1988-12-26,-0.005024554685587421
1988-12-27,-0.9899999999999981
1988-12-28,-0.3650242044361334
1988-12-29,-0.21505032579639508
1988-12-30,0.5749742051290179
1989-01-02,-0.008620148158414494
1989-01-03,-0.6349999999999886
1989-01-04,1.2216234645816562
1989-01-05,0.12749999999999773
1989-01-06,-0.18613571624513248
1989-01-09,-0.1825295888504022
1989-01-10,-0.15252958885039197
1989-01-11,-0.2875303313011469
1989-01-12,0.6624706840169078
1989-01-13,1.3299687217432992
1989-01-16,-3.7750736569352945
1989-01-17,-0.9453043522561893
1989-01-18,2.1750000000000127
1989-01-19,-0.5700846039475287
1989-01-20,-0.16999999999999602
1989-01-23,-0.39000000000001195
1989-01-24,1.4000000000000086
1989-01-25,-0.8435869261678277
1989-01-26,0.05749999999998749
1989-01-27,0.3375000000000228
1989-01-30,-0.1050000000000125
1989-01-31,2.0674999999999897
1989-02-01,-0.8086366793188449
1989-02-02,-0.7624999999999728
1989-02-03,-0.04000000000001023
1989-02-06,-1.3674999999999966
1989-02-07,0.44250000000001877
1989-02-08,-0.43825692800400134
1989-02-09,-0.7150000000000103
1989-02-10,-0.47499999999999826
1989-02-13,-0.425
1989-02-14,0.37000000000001537
1989-02-15,0.21618236185288256
1989-02-16,-0.10499999999996588
1989-02-17,0.4999999999999727
1989-02-20,0.0
1989-02-21,-0.5549999999999846
1989-02-22,-0.18750000000002218
1989-02-23,-0.9974999999999657
1989-02-24,0.18749999999996417
1989-02-27,0.5969756387068469
1989-02-28,0.1899999999999966
1989-03-01,-0.04000000000000682
1989-03-02,0.3200000000000273
1989-03-03,-0.5900000000000171
1989-03-06,-0.34345579058672815
1989-03-07,0.48000000000000226
1989-03-08,-0.09425835993550473
1989-03-09,0.9158150720473449
1989-03-10,-0.4200000000000068
1989-03-13,0.615863240954924
1989-03-14,-0.2999999999999795
1989-03-15,0.22586588256781118
1989-03-16,-0.06402880635405633
1989-03-17,-0.30892318075344716
1989-03-20,0.5326430329733856
1989-03-21,-0.636721638111829
1989-03-22,-1.2774999999999954
1989-03-23,-1.252500000000004
1989-03-24,0.0
1989-03-27,-3.327499999999992
1989-03-28,0.18642921480148553
1989-03-29,-0.9075
1989-03-30,-2.58
1989-03-31,0.9924576441522098
1989-04-03,-0.8432846780775254
1989-04-04,0.45619812332265053
1989-04-05,-0.0931055425992596
1989-04-06,0.7820042225996976
1989-04-07,-0.0875
1989-04-10,-0.16777626298974213
1989-04-11,0.125
1989-04-12,0.6972678826229493
1989-04-13,0.0225
1989-04-14,0.41
1989-04-17,1.155
1989-04-18,-0.73
1989-04-19,-0.67
1989-04-20,0.18199272271660705
1989-04-21,1.035
1989-04-24,-1.35
1989-04-25,-0.6325262594348502
1989-04-26,0.16
1989-04-27,0.2
1989-04-28,-0.44
1989-05-01,0.9175216731197017
1989-05-02,-0.315
1989-05-03,0.07
1989-05-04,-0.105
1989-05-05,0.175
1989-05-08,-0.28
1989-05-09,0.0
1989-05-10,-0.105
1989-05-11,-0.28
1989-05-12,-0.14
1989-05-15,0.28
1989-05-16,-0.6687013690958874
1989-05-17,-0.218660087761839
1989-05-18,0.3776649993048054
1989-05-19,0.4099999999999995
1989-05-22,-0.4849999999999995
1989-05-23,-0.48481715929833485
1989-05-24,-0.4075000000000063
1989-05-25,-0.051168498409507955
1989-05-26,-0.07489896419270684
1989-05-29,0.0
1989-05-30,-0.019999999999997728
1989-05-31,0.12694359890063506
1989-06-01,-0.04737208702297343
1989-06-02,1.5776463583734261
1989-06-05,0.3900000000000068
1989-06-06,-0.019999999999994317
1989-06-07,0.5026899081121589
1989-06-08,0.24499999999998748
1989-06-09,0.6510055998095945
1989-06-12,-0.3223151826024954
1989-06-13,-1.0005755445292166
1989-06-14,-0.13750000000000856
1989-06-15,-1.2099999999999709
1989-06-16,-0.5025000000000034
1989-06-19,-1.15
1989-06-20,0.7801488107307766
1989-06-21,-0.3300000000000154
1989-06-22,-0.21244025574317352
1989-06-23,1.3575000000000255
1989-06-26,1.089999999999983
1989-06-27,0.28852829263243523
1989-06-28,-0.655000000000025
1989-06-29,0.6875009643317288
1989-06-30,0.10258059557680471
1989-07-03,0.02000000000000455
1989-07-04,-0.00653460509339445
1989-07-05,-0.2124999999999801
1989-07-06,0.4848726796438135
1989-07-07,0.7323689492690938
1989-07-10,-0.3227520750498727
1989-07-11,-0.35000000000002557
1989-07-12,0.27854782783317805
1989-07-13,0.11671292021453215
1989-07-14,-0.3550000000000068
1989-07-17,-0.8699999999999761
1989-07-18,-1.5988857162667858
1989-07-19,1.4350000000000596
1989-07-20,1.1649999999999523
1989-07-21,-1.5250000000000319
1989-07-24,-0.12790940777905918
1989-07-25,1.119999999999996
1989-07-26,-0.002911672243187614
1989-07-27,1.4470878982977082
1989-07-28,1.3899999999999322
1989-07-31,0.7370635159537934
1989-08-01,0.7299999999999364
1989-08-02,-0.9329354617532488
1989-08-03,-0.560000000000008
1989-08-04,-3.802940646709937
1989-08-07,-0.4390237190344676
1989-08-08,0.35205425436979876
1989-08-09,-0.20999999999997612
1989-08-10,0.22000000000004438
1989-08-11,-2.2630138384544836
1989-08-14,-2.419999999999925
1989-08-15,0.26282438609219844
1989-08-16,1.2216735764192506
1989-08-17,-0.5000000000000568
1989-08-18,0.1375000000000199
1989-08-21,-0.45
1989-08-22,-1.337500000000017
1989-08-23,0.8000000000000568
1989-08-24,0.5841615203298024
1989-08-25,0.024999999999948844
1989-08-28,-0.4000000000000057
1989-08-29,-0.19999999999994034
1989-08-30,0.07499999999997442
1989-08-31,-0.5250000000000056
1989-09-01,1.5000000000000284
1989-09-04,-0.003928983450155755
1989-09-05,-0.5250000000000341
1989-09-06,-0.4549999999999841
1989-09-07,0.0449999999999477
1989-09-08,0.26500000000000906
1989-09-11,0.37000000000000455
1989-09-12,0.31000000000003636
1989-09-13,0.20499999999999546
1989-09-14,-0.025
1989-09-15,0.4549999999999841
1989-09-18,0.2700000000000045
1989-09-19,0.1
1989-09-20,-0.665000000000009
1989-09-21,-0.7950000000000046
1989-09-22,0.1
1989-09-25,-1.0100000000000136
1989-09-26,0.3400000000000205
1989-09-27,-0.08500000000002501
1989-09-28,-0.8138902136417693
1989-09-29,-0.0683314920127685
1989-10-02,-0.7775000000000118
1989-10-03,0.5461144194393596
1989-10-04,0.2525000000000205
1989-10-05,-0.09499999999999317
1989-10-06,0.9670111123413591
1989-10-09,0.5074999999999819
1989-10-10,0.010000000000010232
1989-10-11,-0.317499999999992
1989-10-12,0.15999999999998407
1989-10-13,0.314999999999992
1989-10-16,-0.27750000000000224
1989-10-17,-0.2574999999999818
1989-10-18,0.010000000000002274
1989-10-19,-0.0950000000000182
1989-10-20,-0.12633833613154524
1989-10-23,0.4320451172488228
1989-10-24,0.3416628116359
1989-10-25,-0.08500000000002729
1989-10-26,-0.28679045016665583
1989-10-27,-0.5700000000000136
1989-10-30,0.1770443751605545
1989-10-31,0.015
1989-11-01,0.28499999999996817
1989-11-02,0.1870437974150078
1989-11-03,-0.7249999999999773
1989-11-06,-0.5329564667589204
1989-11-07,1.2400000000000069
1989-11-08,0.29204451064029335
1989-11-09,-0.39499999999998864
1989-11-10,-0.07295475673523684
1989-11-13,-0.2979531706513695
1989-11-14,0.3749999999999568
1989-11-15,0.6998934456457834
1989-11-16,0.19664322549377217
1989-11-17,-0.6304506664041459
1989-11-20,-0.18544885831536648
1989-11-21,0.457051470146146
1989-11-22,0.3375000000000045
1989-11-23,-0.006715478613130244
1989-11-24,-0.005000000000014188
1989-11-27,-1.8450000000000226
1989-11-28,0.2225000000000199
1989-11-29,0.08000000000001992
1989-11-30,0.49500000000000566
1989-12-01,0.2850000000000057
1989-12-04,0.07499999999999431
1989-12-05,0.27249999999997443
1989-12-06,-0.058662323086184825
1989-12-07,-0.8879047979170106
1989-12-08,0.9025000000000204
1989-12-11,0.275
1989-12-12,-0.08000000000000683
1989-12-13,0.28960098681924956
1989-12-14,0.7138488168455164
1989-12-15,0.2700000000000068
1989-12-18,0.6171068576451431
1989-12-19,-0.17155778239182787
1989-12-20,-0.16288633013747164
1989-12-21,-0.5799999999999443
1989-12-22,-0.9700000000000161
1989-12-25,-0.002845957189867112
1989-12-26,-2.349999999999988
1989-12-27,0.04999999999999204
1989-12-28,1.04
1989-12-29,0.12999999999997217
1990-01-01,-0.0027738988437575832
1990-01-02,-1.2449999999999444
1990-01-03,-0.12000000000004374
1990-01-04,1.0122301249589816
1990-01-05,-0.30357634957630636
1990-01-08,0.2472581493613513
1990-01-09,-0.19314367373195837
1990-01-10,-0.5374999999999761
1990-01-11,-0.6324999999999761
1990-01-12,0.7274999999999864
1990-01-15,-1.1025000000000205
1990-01-16,-0.7841587394221101
1990-01-17,-0.20354299014412955
1990-01-18,-0.47999999999998183
1990-01-19,0.3309231206660384
1990-01-22,-1.0158786659466434
1990-01-23,0.6625
1990-01-24,-0.8013410199957699
1990-01-25,-0.959999999999988
1990-01-26,0.12663618374564514
1990-01-29,0.1
1990-01-30,-0.2062670560313442
1990-01-31,-0.8975000000000022
1990-02-01,-0.38000000000000095
1990-02-02,-0.575826398984155
1990-02-05,-0.425
1990-02-06,1.119999999999982
1990-02-07,0.5248827341993314
1990-02-08,-0.3333420112169076
1990-02-09,-0.7125000000000015
1990-02-12,1.4599999999999762
1990-02-13,-0.5976146073762306
1990-02-14,0.6850000000000187
1990-02-15,0.9495154295023569
1990-02-16,-0.3975000000000068
1990-02-19,0.0
1990-02-20,1.4000000000000237
1990-02-21,0.2875000000000086
1990-02-22,0.8374999999999847
1990-02-23,0.3699596150928011
1990-02-26,-1.0504746626108536
1990-02-27,-0.7774595414254866
1990-02-28,1.0900000000000187
1990-03-01,0.44255724802126234
1990-03-02,-0.07244251070888486
1990-03-05,0.9626171957622234
1990-03-06,-0.9623729482005736
1990-03-07,-0.8623675943097885
1990-03-08,1.0519027982119529
1990-03-09,1.524999999999993
1990-03-12,1.2850000000000272
1990-03-13,0.06499999999995225
1990-03-14,-2.299999999999968
1990-03-15,0.6600000000000205
1990-03-16,0.021876372355361048
1990-03-19,2.0750000000000512
1990-03-20,0.010000000000025556
1990-03-21,-0.8400000000000198
1990-03-22,0.009999999999968735
1990-03-23,-0.9299999999999545
1990-03-26,0.2699999999999943
1990-03-27,-0.42
1990-03-28,-2.0219070775578682
1990-03-29,1.1800000000000113
1990-03-30,1.0300000000000114
1990-04-02,2.0599999999999747
1990-04-03,1.0650000000000455
1990-04-04,0.08499999999996871
1990-04-05,0.26000000000002554
1990-04-06,-1.2650000000000257
1990-04-09,0.7199999999999858
1990-04-10,0.9450000000000455
1990-04-11,0.12024945326132037
1990-04-12,-0.643529954445695
1990-04-13,0.0
1990-04-16,2.730000000000007
1990-04-17,2.4650000000000203
1990-04-18,0.5282453044752854
1990-04-19,1.575
1990-04-20,-0.5566518497713304
1990-04-23,-0.11663186779156773
1990-04-24,-0.05435622241450691
1990-04-25,2.2383975247040206
1990-04-26,2.512167921885406
1990-04-27,0.27749999999999203
1990-04-30,-0.9541061031294216
1990-05-01,-0.4667904051373934
1990-05-02,2.214999999999959
1990-05-03,-2.4353052607385557
1990-05-04,-3.909999999999941
1990-05-07,1.7742949918378614
1990-05-08,-0.5581992458079332
1990-05-09,3.735889185210789
1990-05-10,1.104999999999984
1990-05-11,-0.11499999999993289
1990-05-14,-0.8799073615269896
1990-05-15,-3.3243820805042845
1990-05-16,-2.001619047915612
1990-05-17,1.6960966549522731
1990-05-18,-2.7250000000000396
1990-05-21,-4.078343903954679
1990-05-22,-0.04663585468735427
1990-05-23,0.7199999999999944
1990-05-24,2.5441979209856163
1990-05-25,3.8133467895868387
1990-05-28,-0.003291444639770763
1990-05-29,-0.9950000000000045
1990-05-30,-3.205000000000025
1990-05-31,-0.9308404239921554
1990-06-01,-2.267806782501606
1990-06-04,-0.822500000000012
1990-06-05,3.3172126380177205
1990-06-06,-0.22762255362134365
1990-06-07,4.534426195661419
1990-06-08,-0.26529049015968015
1990-06-11,2.2422341995604045
1990-06-12,1.2849999999999961
1990-06-13,-2.034999999999998
1990-06-14,-1.0550000000000102
1990-06-15,-2.347712998004127
1990-06-18,2.875
1990-06-19,0.345
1990-06-20,-1.035
1990-06-21,0.805
1990-06-22,-1.38
1990-06-25,2.99
1990-06-26,-0.575
1990-06-27,0.345
1990-06-28,1.495
1990-06-29,0.345
1990-07-02,1.13205704268849
1990-07-03,0.1104558923865686
1990-07-04,-0.004832108410059941
1990-07-05,-5.09500000000001
1990-07-06,-4.3524999999999885
1990-07-09,0.18855255838320856
1990-07-10,0.054999999999994886
1990-07-11,-1.882499999999995
1990-07-12,-1.3645006135704445
1990-07-13,0.8279979510134551
1990-07-16,-2.5797798944053483
1990-07-17,-1.0390980005660453
1990-07-18,-0.9620532397108259
1990-07-19,0.005447163365353728
1990-07-20,-0.3200000000000136
1990-07-23,1.382770205509431
1990-07-24,-0.8570747767221337
1990-07-25,-0.09707246347132227
1990-07-26,0.6499999999999965
1990-07-27,-0.13223635719559204
1990-07-30,0.5099999999999932
1990-07-31,0.010418806686799845
1990-08-01,-0.7950000000000477
1990-08-02,-1.3673251139518983
1990-08-03,-0.4521208782004185
1990-08-06,-1.1396283241131655
1990-08-07,-0.7646248891942865
1990-08-08,-0.36538412967077294
1990-08-09,0.4949999999999568
1990-08-10,-0.3921281568729848
1990-08-13,-0.15249999999997044
1990-08-14,0.30286404570469216
1990-08-15,0.35536329693466107
1990-08-16,-0.5509355502911535
1990-08-17,0.09786713968698159
1990-08-20,0.021646773048166028
1990-08-21,-0.32500000000002954
1990-08-22,0.03500000000003638
1990-08-23,0.139999999999975
1990-08-24,-0.22999999999998863
1990-08-27,0.20000000000000226
1990-08-28,-0.3429652051318462
1990-08-29,-0.09000000000000509
1990-08-30,-0.255
1990-08-31,0.045000000000030696
1990-09-03,0.0
1990-09-04,0.02999999999998465
1990-09-05,0.18937081316360738
1990-09-06,0.050000000000015345
1990-09-07,-0.1475000000000394
1990-09-10,0.06250000000001212
1990-09-11,0.04276224184475289
1990-09-12,0.04250000000000341
1990-09-13,-0.07499999999998125
1990-09-14,0.042499999999969305
1990-09-17,0.07269931844086336
1990-09-18,-0.0125
1990-09-19,-0.12750000000000342
1990-09-20,0.027500000000011935
1990-09-21,0.01019685905160329
1990-09-24,-0.14500000000002217
1990-09-25,-0.12749999999998807
1990-09-26,-0.06499999999997272
1990-09-27,0.11999999999999827
1990-09-28,-0.1574999999999966
1990-10-01,-0.04250000000002405
1990-10-02,-0.12500000000001535
1990-10-03,-0.05
1990-10-04,-0.1399999999999727
1990-10-05,0.03749999999998806
1990-10-08,0.03961827883295681
1990-10-09,-0.10999999999996116
1990-10-10,-0.23249999999999318
1990-10-11,0.01999999999997499
1990-10-12,-0.02749999999997499
1990-10-15,-0.04250000000000018
1990-10-16,0.02749999999996362
1990-10-17,0.08499999999998864
1990-10-18,0.19000000000002956
1990-10-19,0.2849999999999818
1990-10-22,0.09750000000000454
1990-10-23,0.07411264351014873
1990-10-24,-0.035
1990-10-25,0.07499999999996362
1990-10-26,0.007136712928185445
1990-10-29,-0.2499999999999858
1990-10-30,-0.11500000000005116
1990-10-31,0.19500000000003126
1990-11-01,0.33223367567995143
1990-11-02,-0.09499999999994543
1990-11-05,0.08499999999997612
1990-11-06,-0.036034298616941234
1990-11-07,-0.2274999999999363
1990-11-08,0.08499999999997215
1990-11-09,0.7572501263185727
1990-11-12,0.685000000000018
1990-11-13,0.2972675935814403
1990-11-14,0.1375
1990-11-15,0.1507019177900396
1990-11-16,0.612285128746532
1990-11-19,-0.3250000000000563
1990-11-20,0.6473037078120987
1990-11-21,1.2399999999999796
1990-11-22,-0.002392023414513365
1990-11-23,-0.01999999999993861
1990-11-26,-0.07589662913401399
1990-11-27,-0.7949999999999631
1990-11-28,-0.03988765966618343
1990-11-29,-0.4552056036194067
1990-11-30,0.4275
1990-12-03,0.4550000000000717
1990-12-04,0.4272955615330399
1990-12-05,0.2742986919946008
1990-12-06,0.002306317134588228
1990-12-07,3.484999999999991
1990-12-10,-0.2300000000000182
1990-12-11,0.8850000000000181
1990-12-12,0.6700000000000181
1990-12-13,-1.6400000000000363
1990-12-14,-1.8699999999998909
1990-12-17,0.7899999999998727
1990-12-18,0.6850000000001637
1990-12-19,-0.02
1990-12-20,-0.8449999999999364
1990-12-21,-0.8199999999999363
1990-12-24,-2.0900000000000363
1990-12-25,0.0
1990-12-26,0.6900000000000819
1990-12-27,0.41
1990-12-28,-1.3950000000000362
1990-12-31,0.9049999999998545
1991-01-01,0.0
1991-01-02,2.2650000000000365
1991-01-03,1.3450000000000364
1991-01-04,-1.4850000000001
1991-01-07,-2.6049999999998272
1991-01-08,-0.1477005062788347
1991-01-09,-2.9399999999999316
1991-01-10,1.6821762853042996
1991-01-11,-0.4559514887764617
1991-01-14,-0.9773215789455071
1991-01-15,0.8974999999999796
1991-01-16,-0.5551738850159779
1991-01-17,2.4499999999999376
1991-01-18,0.6550000000000126
1991-01-21,0.21750000000001252
1991-01-22,-0.5550000000000126
1991-01-23,0.8749999999999687
1991-01-24,0.49000000000006877
1991-01-25,-1.3272992218105022
1991-01-28,0.11022097946004543
1991-01-29,0.4402204326110489
1991-01-30,0.19022172441885304
1991-01-31,0.5800000000000688
1991-02-01,2.430257731667602
1991-02-04,0.6650000000000688
1991-02-05,0.370256621100565
1991-02-06,-0.10749999999989995
1991-02-07,-0.1459615729928333
1991-02-08,1.0550000000000137
1991-02-11,0.5773514654845592
1991-02-12,0.4300000000000147
1991-02-13,0.24499999999994826
1991-02-14,-0.11764431675594327
1991-02-15,-0.08090428946681405
1991-02-18,-0.0032192120498597877
1991-02-19,-1.777500000000051
1991-02-20,-1.032500000000017
1991-02-21,-1.2125000000000343
1991-02-22,-1.3900000000000343
1991-02-25,-0.1650000000000171
1991-02-26,-1.817499999999821
1991-02-27,0.0648378224371918
1991-02-28,-0.9850000000000161
1991-03-01,-2.927499999999992
1991-03-04,0.5513930592780124
1991-03-05,1.1853070984261307
1991-03-06,-0.6019896186883652
1991-03-07,0.923022361874405
1991-03-08,-1.4826992062064515
1991-03-11,0.4480235583839746
1991-03-12,-0.27500000000006253
1991-03-13,0.8972933254187895
1991-03-14,0.6931048090061914
1991-03-15,-2.012702812664557
1991-03-18,-1.5432387186407248
1991-03-19,-1.6849999999999636
1991-03-20,0.709733349760032
1991-03-21,0.5097382775781065
1991-03-22,0.4650000000000068
1991-03-25,-0.195
1991-03-26,-0.08431079557685432
1991-03-27,0.7006926247465515
1991-03-28,0.6750000000000068
1991-03-29,-0.001807242320469803
1991-04-01,0.4500000000000307
1991-04-02,0.7050000000000205
1991-04-03,0.09749999999997612
1991-04-04,0.6374999999999829
1991-04-05,0.0075
1991-04-08,0.20250000000002386
1991-04-09,-0.9224999999999829
1991-04-10,-1.0950000000000513
1991-04-11,0.22500000000006137
1991-04-12,1.3274999999999897
1991-04-15,0.06570601677736053
1991-04-16,-0.09750000000003069
1991-04-17,0.11000000000000683
1991-04-18,-0.9000000000000374
1991-04-19,-0.3075
1991-04-22,-0.67
1991-04-23,0.445
1991-04-24,0.6074999999999828
1991-04-25,-0.1725
1991-04-26,-0.0924333215136917
1991-04-29,-0.3575
1991-04-30,0.5225000000000358
1991-05-01,-0.15182658335028018
1991-05-02,0.735696823864012
1991-05-03,-0.6896855734817225
1991-05-06,-0.26677056215434564
1991-05-07,-0.13000000000004092
1991-05-08,-0.1117707651006099
1991-05-09,0.09324895163274186
1991-05-10,-1.4617685569547152
1991-05-13,0.4282302204696319
1991-05-14,-1.171774416478691
1991-05-15,0.433225961593367
1991-05-16,0.2982288777704237
1991-05-17,0.4397391691605178
1991-05-20,-0.37
1991-05-21,0.7682433072212069
1991-05-22,0.24499999999997726
1991-05-23,-0.5216751061944418
1991-05-24,0.3300000000000409
1991-05-27,-0.0023416534945459528
1991-05-28,1.289999999999918
1991-05-29,0.640000000000046
1991-05-30,0.9683205354554137
1991-05-31,-1.6640241376328522
1991-06-03,-2.1299999999999715
1991-06-04,0.8899999999998692
1991-06-05,-0.6199999999999091
1991-06-06,-1.3600000000000227
1991-06-07,-1.4900000000000229
1991-06-10,1.8000000000000111
1991-06-11,0.12999999999994882
1991-06-12,-1.3599999999998809
1991-06-13,0.43706419278512915
1991-06-14,0.6333166140492744
1991-06-17,1.03
1991-06-18,0.11999999999992042
1991-06-19,-1.3016991905494022
1991-06-20,1.7499999999999203
1991-06-21,0.32500000000002843
1991-06-24,-1.6974999999999203
1991-06-25,-0.2200000000001137
1991-06-26,-0.21
1991-06-27,1.347500000000091
1991-06-28,3.759999999999972
1991-07-01,-2.3247301878454487
1991-07-02,0.5562479596863359
1991-07-03,0.13000000000008186
1991-07-04,0.0
1991-07-05,0.019999999999933515
1991-07-08,1.7302564239757396
1991-07-09,-0.5100000000000409
1991-07-10,-0.5322388363421579
1991-07-11,1.4299999999999164
1991-07-12,-0.4994415913161924
1991-07-15,-0.8575000000000359
1991-07-16,-3.0
1991-07-17,-0.7470414098944858
1991-07-18,1.9225
1991-07-19,1.4108233411672382
1991-07-22,-2.0025
1991-07-23,-2.8047459232869367
1991-07-24,1.2630494589817054
1991-07-25,0.09750000000000796
1991-07-26,-0.6972279409584441
1991-07-29,-1.3347350503267263
1991-07-30,0.6729595463776608
1991-07-31,-0.18700112335216143
1991-08-01,-0.7652804729791222
1991-08-02,2.790425261583173
1991-08-05,0.8976065202437077
1991-08-06,1.9226086050514326
1991-08-07,0.30000000000005117
1991-08-08,-0.7599999999999602
1991-08-09,0.14771436754483216
1991-08-12,0.17713587399688674
1991-08-13,1.0977083243772232
1991-08-14,2.7601843111458946
1991-08-15,-0.5475
1991-08-16,1.1490369503800142
1991-08-19,0.25718190744696645
1991-08-20,0.8577114741196905
1991-08-21,-0.402286144879229
1991-08-22,0.065
1991-08-23,-2.4650781088547653
1991-08-26,-1.7974999999999515
1991-08-27,0.815000000000087
1991-08-28,2.722499999999797
1991-08-29,2.5825000000001257
1991-08-30,-2.592500000000126
1991-09-02,0.0
1991-09-03,1.045000000000193
1991-09-04,-0.005000000000154614
1991-09-05,0.05000000000017394
1991-09-06,2.489999999999797
1991-09-09,1.1575000000001738
1991-09-10,0.18269508378276453
1991-09-11,-0.09729521216256663
1991-09-12,2.0377106036403583
1991-09-13,1.3375000000000454
1991-09-16,0.8400000000001022
1991-09-17,0.7927335187842582
1991-09-18,-0.29220779589970447
1991-09-19,-0.30265309139923724
1991-09-20,1.6000000000000252
1991-09-23,-0.09219655281053862
1991-09-24,0.03735216767480611
1991-09-25,-0.1771762554391492
1991-09-26,1.3525000000000273
1991-09-27,2.8424999999998093
1991-09-30,1.7550000000002728
1991-10-01,0.4849999999999045
1991-10-02,-1.3721516870202448
1991-10-03,0.8500000000000284
1991-10-04,2.9224452111299652
1991-10-07,-0.44000000000025574
1991-10-08,-1.0149999999999004
1991-10-09,-4.219999999999829
1991-10-10,-2.9176056973725935
1991-10-11,4.9300000000001845
1991-10-14,0.5502679983027242
1991-10-15,-0.040000000000027285
1991-10-16,0.7300000000000273
1991-10-17,-3.8200000000000545
1991-10-18,1.2799999999997815
1991-10-21,-3.519999999999713
1991-10-22,-2.0826834870298465
1991-10-23,-1.12500000000015
1991-10-24,1.9600000000001498
1991-10-25,-1.2274999999999046
1991-10-28,1.9424999999998092
1991-10-29,4.197500000000178
1991-10-30,0.46724601662062354
1991-10-31,0.5149999999997817
1991-11-01,0.2500000000002456
1991-11-04,-0.46500000000012276
1991-11-05,-1.4377428410155155
1991-11-06,1.5199999999999319
1991-11-07,3.982499999999959
1991-11-08,0.31750000000012274
1991-11-11,1.0900000000000272
1991-11-12,2.512499999999959
1991-11-13,0.3849999999998363
1991-11-14,3.6650000000002043
1991-11-15,1.3832442817933472
1991-11-18,0.07
1991-11-19,0.1199999999999085
1991-11-20,-2.0599999999998433
1991-11-21,-1.0602094080141775
1991-11-22,-1.590000000000026
1991-11-25,-0.9900000000002354
1991-11-26,1.3400000000001175
1991-11-27,-0.1500000000001177
1991-11-28,0.0
1991-11-29,1.8400000000001442
1991-12-02,2.399999999999934
1991-12-03,2.4599999999999342
1991-12-04,4.670000000000078
1991-12-05,-0.7300000000000915
1991-12-06,-1.5099999999997908
1991-12-09,1.770000000000026
1991-12-10,-0.6000000000000262
1991-12-11,0.08999999999979082
1991-12-12,0.9800000000002353
1991-12-13,-2.060000000000144
1991-12-16,0.7300000000001177
1991-12-17,1.1199999999999084
1991-12-18,-1.039999999999817
1991-12-19,3.3199999999999346
1991-12-20,5.209999999999987
1991-12-23,2.220000000000026
1991-12-24,0.27
1991-12-25,-0.0026323488336319778
1991-12-26,1.1249999999999085
1991-12-27,0.9523694802945379
1991-12-30,2.4173738616387572
1991-12-31,2.1449999999999343
1992-01-01,0.0
1992-01-02,-3.470000000000052
1992-01-03,-2.2676102614707356
1992-01-06,0.72
1992-01-07,3.4100000000000787
1992-01-08,-0.6726069858006809
1992-01-09,-1.6476062817974435
1992-01-10,-3.37521307043725
1992-01-13,-2.6172603516803457
1992-01-14,-8.202600076718019
1992-01-15,1.0709513468888385
1992-01-16,-2.9800967038519772
1992-01-17,0.13241449801050115
1992-01-20,2.4250000000000362
1992-01-21,0.9874181115341071
1992-01-22,-0.812579439841731
1992-01-23,-2.7600791001610414
1992-01-24,-0.8325866012044051
1992-01-27,0.4949999999999363
1992-01-28,3.759831093154993
1992-01-29,-4.1280270635555505
1992-01-30,-2.1601640102201114
1992-01-31,1.047417994889926
1992-02-03,-0.7475848834923849
1992-02-04,2.3624271664830587
1992-02-05,1.9874345260844262
1992-02-06,0.884869389418904
1992-02-07,0.8724408183385002
1992-02-10,1.442441983921417
1992-02-11,-5.760000000000036
1992-02-12,0.29198922737253824
1992-02-13,-3.1899999999999276
1992-02-14,-0.8508968790310187
1992-02-17,0.0
1992-02-18,-1.065000000000017
1992-02-19,1.167575481603847
1992-02-20,0.9470039262178088
1992-02-21,-3.1400000000000636
1992-02-24,-0.47246893749212154
1992-02-25,0.3075287468626703
1992-02-26,2.7674999999999796
1992-02-27,0.6975127449722279
1992-02-28,4.062500000000051
1992-03-02,-1.9000000000000374
1992-03-03,-1.0650271907713116
1992-03-04,-0.1725
1992-03-05,-2.0225000000000453
1992-03-06,1.2400723104546207
1992-03-09,1.6475971699665564
1992-03-10,-1.5199148326337821
1992-03-11,-2.5350000000000223
1992-03-12,-4.452499999999925
1992-03-13,-2.9235294724022216
1992-03-16,-0.2999999999999272
1992-03-17,1.8999999999998953
1992-03-18,-0.247669745000403
1992-03-19,0.24000000000004373
1992-03-20,-1.479999999999988
1992-03-23,1.0299999999999363
1992-03-24,1.2350000000000516
1992-03-25,0.8299999999999722
1992-03-26,-0.45000000000003587
1992-03-27,-0.6349999999999564
1992-03-30,-1.3749999999999563
1992-03-31,-0.7941902565271773
1992-04-01,1.0379054026889183
1992-04-02,-0.1520889376544462
1992-04-03,1.9829277535283782
1992-04-06,0.8679689761482831
1992-04-07,-2.7470530250134626
1992-04-08,-1.7901963143738475
1992-04-09,2.627985048730273
1992-04-10,-0.5340348285499673
1992-04-13,0.3980807039787742
1992-04-14,-0.07000000000003581
1992-04-15,-0.025
1992-04-16,-1.699649574066015
1992-04-17,-0.001890579454613961
1992-04-20,-1.9299999999999546
1992-04-21,0.22499999999996817
1992-04-22,-1.0518238998119784
1992-04-23,0.026357689616552826
1992-04-24,0.7300000000000182
1992-04-27,-0.911717566324758
1992-04-28,0.7415881044288686
1992-04-29,-0.315
1992-04-30,-0.2265120967491978
1992-05-01,1.6684514127647792
1992-05-04,-0.31999999999996814
1992-05-05,0.08499999999995908
1992-05-06,1.0622431207588254
1992-05-07,-0.43324661073004817
1992-05-08,1.7525000000000666
1992-05-11,0.577244487723799
1992-05-12,1.4725000000000228
1992-05-13,1.2597180282909286
1992-05-14,-0.21663193951482226
1992-05-15,1.3710339670998084
1992-05-18,0.6572196478448485
1992-05-19,2.3133002443819515
1992-05-20,-1.2628099887773272
1992-05-21,-4.27000000000008
1992-05-22,1.6000000000000318
1992-05-25,0.0
1992-05-26,-2.470000000000032
1992-05-27,1.0500000000001435
1992-05-28,1.64999999999996
1992-05-29,1.5650000000000162
1992-06-01,-2.2849999999999757
1992-06-02,2.154999999999833
1992-06-03,0.8432658577407656
1992-06-04,-0.4829091429235775
1992-06-05,0.8982363573474341
1992-06-08,1.0020940426015637
1992-06-09,-0.5233827500195998
1992-06-10,-0.35040239394717254
1992-06-11,0.3657358090427519
1992-06-12,1.5595946119614852
1992-06-15,-1.1450000000000717
1992-06-16,1.9437189642024026
1992-06-17,0.8821052550035026
1992-06-18,1.4530836259191826
1992-06-19,-1.7633007016665545
1992-06-22,0.43500000000002276
1992-06-23,-1.194835450977606
1992-06-24,2.7074999999998566
1992-06-25,2.628036492006792
1992-06-26,-0.37499999999980904
1992-06-29,0.929999999999809
1992-06-30,-0.747499999999809
1992-07-01,2.054294421141256
1992-07-02,8.027042869357135
1992-07-03,-0.011254795634357167
1992-07-06,0.7699999999999432
1992-07-07,1.827882307621489
1992-07-08,-1.6421206561493775
1992-07-09,-0.1121195239069006
1992-07-10,0.39788365619112875
1992-07-13,-1.0542435278301157
1992-07-14,0.7628718611384666
1992-07-15,3.2978713414460334
1992-07-16,1.3228713414460902
1992-07-17,-0.9242605886117193
1992-07-20,0.29786464279399727
1992-07-21,0.5078646427943043
1992-07-22,3.0457352261901085
1992-07-23,9.23786421491121
1992-07-24,0.16828656459254449
1992-07-27,1.2028618113853453
1992-07-28,2.0978614397591917
1992-07-29,1.0228679100315319
1992-07-30,-5.372133792058304
1992-07-31,-0.1886011809178266
1992-08-03,-0.6821361161184403
1992-08-04,3.4728635852616048
1992-08-05,1.6278617550451664
1992-08-06,0.9978587915918553
1992-08-07,5.557847364868349
1992-08-10,2.0800000000000636
1992-08-11,-0.6050000000001831
1992-08-12,-0.4749999999999602
1992-08-13,-3.839999999999873
1992-08-14,0.36250754684323666
1992-08-17,-2.174999999999923
1992-08-18,4.824999999999899
1992-08-19,1.800000000000017
1992-08-20,-0.07828076940327565
1992-08-21,-4.334999999999992
1992-08-24,-7.860000000000128
1992-08-25,-2.3368778432695745
1992-08-26,2.3875
1992-08-27,3.5999999999998806
1992-08-28,3.212500000000034
1992-08-31,0.7625000000000343
1992-09-01,1.3499999999999148
1992-09-02,0.5625000000000171
1992-09-03,-0.14999999999992325
1992-09-04,4.699999999999949
1992-09-07,0.0
1992-09-08,1.5499999999999148
1992-09-09,0.46250000000004254
1992-09-10,1.5875000000000596
1992-09-11,-2.125000000000034
1992-09-14,1.950000000000017
1992-09-15,-3.9874999999999576
1992-09-16,-0.6772674993032741
1992-09-17,1.6475
1992-09-18,0.025000000000042655
1992-09-21,-1.0734593390170195
1992-09-22,-1.8700000000000363
1992-09-23,-1.3350000000000182
1992-09-24,1.4850000000001
1992-09-25,3.1024999999998455
1992-09-28,3.6500000000002
1992-09-29,-1.4550000000001637
1992-09-30,-0.055
1992-10-01,5.585000000000008
1992-10-02,0.675
1992-10-05,1.1500000000001638
1992-10-06,-2.6920250769696565
1992-10-07,-6.612500000000045
1992-10-08,2.304245152769634
1992-10-09,-3.017264281872156
1992-10-12,-0.37226247102047555
1992-10-13,0.1899999999997908
1992-10-14,-0.31226519672656533
1992-10-15,1.5300000000000182
1992-10-16,-0.4549999999999727
1992-10-19,-3.665000000000009
1992-10-20,-8.539999999999871
1992-10-21,3.868923132108453
1992-10-22,0.5577914989205709
1992-10-23,-2.0522088630451587
1992-10-26,0.6627911006997329
1992-10-27,2.592791536112133
1992-10-28,-0.4259171075704224
1992-10-29,-0.9049999999999385
1992-10-30,-2.040000000000089
1992-11-02,-4.439999999999918
1992-11-03,0.14499999999992497
1992-11-04,1.2350000000000478
1992-11-05,1.4600000000000477
1992-11-06,-4.315000000000055
1992-11-09,-0.06999999999989086
1992-11-10,2.6999999999999313
1992-11-11,0.16499999999991816
1992-11-12,0.9950000000000272
1992-11-13,-3.49037544678086
1992-11-16,-0.917500000000041
1992-11-17,-0.29222927790028
1992-11-18,2.4205439798348793
1992-11-19,-1.0374999999998908
1992-11-20,0.9224999999999728
1992-11-23,-3.431999437912404
1992-11-24,1.3632588663901093
1992-11-25,-0.905000000000041
1992-11-26,-0.002247483134241844
1992-11-27,-1.8724999999999314
1992-11-30,0.25499999999989087
1992-12-01,1.2075000000000615
1992-12-02,0.24999999999989087
1992-12-03,0.7300000000000136
1992-12-04,3.3449999999999926
1992-12-07,2.292500000000089
1992-12-08,1.0524999999999523
1992-12-09,-1.0647323375938957
1992-12-10,-0.8747345196491819
1992-12-11,-2.1260073972684532
1992-12-14,-0.45
1992-12-15,0.9549999999999658
1992-12-16,2.427807596962534
1992-12-17,0.6000000000000955
1992-12-18,0.38499999999998635
1992-12-21,1.0428073721876363
1992-12-22,1.3685049936239375
1992-12-23,-1.5021926278123774
1992-12-24,-0.4799999999998818
1992-12-25,-0.005800075409802146
1992-12-28,-0.6399999999999444
1992-12-29,2.2253089735864133
1992-12-30,1.032500000000016
1992-12-31,-1.4604155727101162
1993-01-01,-0.005574131249678604
1993-01-04,4.919999999999932
1993-01-05,-0.7221557740779465
1993-01-06,-1.0871565943622439
1993-01-07,-5.105799969306702
1993-01-08,1.5478720592721997
1993-01-11,1.5899999999999546
1993-01-12,-2.4620817612219055
1993-01-13,2.214999999999873
1993-01-14,1.7800000000000182
1993-01-15,2.070000000000182
1993-01-18,-0.9500000000001637
1993-01-19,-1.22
1993-01-20,0.42138525582363934
1993-01-21,-0.16499999999998075
1993-01-22,2.9413722061712972
1993-01-25,3.919999999999877
1993-01-26,-0.11499999999992838
1993-01-27,0.8449999999999283
1993-01-28,3.086435443891962
1993-01-29,2.046437340389845
1993-02-01,1.7149999999998407
1993-02-02,-1.8585619533894675
1993-02-03,1.0461306153528285
1993-02-04,4.521130615353091
1993-02-05,6.348082648945398
1993-02-08,-2.1855154705155897
1993-02-09,-2.818801091271831
1993-02-10,-4.309999999999989
1993-02-11,2.906377887105027
1993-02-12,0.2962515667854142
1993-02-15,-0.048641715334237064
1993-02-16,1.4400000000000432
1993-02-17,3.398176576106845
1993-02-18,6.396359238434589
1993-02-19,1.0476909163354287
1993-02-22,2.5466748518994673
1993-02-23,6.555019996949559
1993-02-24,-3.310586420833861
1993-02-25,0.36420488656701655
1993-02-26,-1.440788348799886
1993-03-01,-2.577500000000029
1993-03-02,0.061165709498831586
1993-03-03,4.73249999999999
1993-03-04,1.9774999999998841
1993-03-05,-2.7149999999998355
1993-03-08,0.8199999999998454
1993-03-09,-2.502499999999884
1993-03-10,-1.7250000000001933
1993-03-11,2.1325000000000385
1993-03-12,-4.6174999999999615
1993-03-15,-3.100149871206937
1993-03-16,3.322221376107591
1993-03-17,-1.4175256777353566
1993-03-18,2.595000000000145
1993-03-19,-2.145000000000034
1993-03-22,0.9600000000000596
1993-03-23,0.3749999999998978
1993-03-24,-3.479999999999881
1993-03-25,0.02725765287242933
1993-03-26,-3.291368527302921
1993-03-29,0.2250000000000171
1993-03-30,2.8486382339855765
1993-03-31,-0.006361138577742948
1993-04-01,-0.5799999999999232
1993-04-02,-4.528663895695645
1993-04-05,2.4311517511632914
1993-04-06,1.2936512643886824
1993-04-07,-1.442499999999923
1993-04-08,3.922310261892356
1993-04-09,0.0
1993-04-12,-0.40749999999990616
1993-04-13,-0.9776831064157012
1993-04-14,4.916147465056676
1993-04-15,-0.5030886400766571
1993-04-16,2.8838163429816204
1993-04-19,-0.7915409615274064
1993-04-20,-1.5213373972233073
1993-04-21,4.2649846631361
1993-04-22,2.748442518146848
1993-04-23,-0.17250000000010632
1993-04-26,-1.8375000000001063
1993-04-27,-0.14499999999981647
1993-04-28,-0.4275000000001739
1993-04-29,2.281168795523051
1993-04-30,-4.962707197574126
1993-05-03,2.6275000000001256
1993-05-04,2.7774999999999324
1993-05-05,0.17000000000008697
1993-05-06,0.5414142860100565
1993-05-07,0.475
1993-05-10,3.636477168950115
1993-05-11,-1.5013064150051927
1993-05-12,-4.448558398691554
1993-05-13,-0.8950000000000433
1993-05-14,0.21
1993-05-17,-1.230086666038944
1993-05-18,-2.8099999999999246
1993-05-19,4.109999999999848
1993-05-20,-1.459999999999903
1993-05-21,-1.9599999999998488
1993-05-24,0.011494448322011616
1993-05-25,1.4437080099478388
1993-05-26,0.8600000000000227
1993-05-27,1.3787164808819021
1993-05-28,-1.5197717131619972
1993-05-31,-0.0025625387406798344
1993-06-01,10.280000000000097
1993-06-02,0.878680479031012
1993-06-03,1.9473769262016125
1993-06-04,-5.807629550782382
1993-06-07,-1.6763200624122847
1993-06-08,0.810000000000191
1993-06-09,1.8899999999998092
1993-06-10,2.0800000000000836
1993-06-11,8.140000000000096
1993-06-14,0.7799999999998328
1993-06-15,1.3400000000002148
1993-06-16,-1.7813309396495622
1993-06-17,-1.555
1993-06-18,-3.6600000000001307
1993-06-21,0.8350000000000476
1993-06-22,-0.6963360699879944
1993-06-23,-0.001331439435468672
1993-06-24,1.3999999999999404
1993-06-25,3.3203950720726834
1993-06-28,2.1475000000000244
1993-06-29,-0.31059550529696917
1993-06-30,-5.986350067125949
1993-07-01,-8.962887779433983
1993-07-02,-1.0800793024749957
1993-07-05,-0.002895777899195408
1993-07-06,-9.762499999999818
1993-07-07,0.8118606593590888
1993-07-08,5.286813191687573
1993-07-09,2.5806254317591795
1993-07-12,4.3353051608532285
1993-07-13,-0.3932391948315618
1993-07-14,1.257032234388624
1993-07-15,1.525
1993-07-16,-2.594999999999872
1993-07-19,-0.9533208373178356
1993-07-20,-2.7199999999999576
1993-07-21,-4.105000000000185
1993-07-22,-5.551018904671294
1993-07-23,-1.505437957272867
1993-07-26,2.6949999999999084
1993-07-27,-1.252499999999791
1993-07-28,3.297500000000026
1993-07-29,5.790826327435463
1993-07-30,0.2525000000000915
1993-08-02,-4.8925000000000525
1993-08-03,0.5224999999999085
1993-08-04,-0.0375
1993-08-05,2.495000000000144
1993-08-06,0.027500000000026194
1993-08-09,3.7999999999999345
1993-08-10,-2.769999999999817
1993-08-11,0.2724999999999085
1993-08-12,1.7349999999999082
1993-08-13,2.7249999999999344
1993-08-16,2.701667080054121
1993-08-17,-1.5625
1993-08-18,1.4099999999999084
1993-08-19,2.564999999999961
1993-08-20,1.4757619781787978
1993-08-23,-1.3967437578597284
1993-08-24,4.775000000000197
1993-08-25,1.7424999999999082
1993-08-26,5.518237341851833
1993-08-27,-2.385
1993-08-30,2.239999999999817
1993-08-31,1.5675
1993-09-01,-0.0017767583447233246
1993-09-02,3.472500000000052
1993-09-03,4.6957151895437965
1993-09-06,-0.0017845634648996523
1993-09-07,4.707500000000144
1993-09-08,-1.6117997424731918
1993-09-09,-6.251801436375062
1993-09-10,3.6672079962098003
1993-09-13,-2.353633688777332
1993-09-14,-3.2600000000001876
1993-09-15,-0.6888743508805537
1993-09-16,0.5924999999998977
1993-09-17,-4.067499999999818
1993-09-20,-1.5474999999999204
1993-09-21,0.3550000000001819
1993-09-22,-2.0775
1993-09-23,-1.7453218290226244
1993-09-24,0.5550879077285842
1993-09-27,7.059999999999989
1993-09-28,2.6181194668407914
1993-09-29,-1.06188642730439
1993-09-30,-4.58999999999994
1993-10-01,4.488094430473852
1993-10-04,4.400000000000214
1993-10-05,-0.9119378819441263
1993-10-06,-0.5650000000000835
1993-10-07,-2.115
1993-10-08,4.344999999999881
1993-10-11,-2.1149999999998093
1993-10-12,-0.2550000000001074
1993-10-13,-3.4
1993-10-14,2.5150000000000476
1993-10-15,1.6949999999998326
1993-10-18,-6.624999999999773
1993-10-19,-0.67699318404846
1993-10-20,1.478006323221972
1993-10-21,-3.6550000000000713
1993-10-22,-0.5990166181458393
1993-10-25,-4.429036568698952
1993-10-26,1.7279817156504764
1993-10-27,-0.9420183124976578
1993-10-28,1.6329767770717565
1993-10-29,-2.1020262164437726
1993-11-01,-5.447025923541474
1993-11-02,-3.974778764580457
1993-11-03,0.5859404064708097
1993-11-04,-2.482032166668276
1993-11-05,-3.5640620753380468
1993-11-08,3.6779847420061857
1993-11-09,1.25819344258285
1993-11-10,-3.9071126363921813
1993-11-11,-0.8763972560483508
1993-11-12,4.267862009548573
1993-11-15,0.03221783494148498
1993-11-16,1.5378604580292747
1993-11-17,0.2600000000000921
1993-11-18,-2.5821407685000564
1993-11-19,-3.387139110359542
1993-11-22,-1.78213898524298
1993-11-23,3.032860295837566
1993-11-24,-0.5376715661238823
1993-11-25,-0.002135435417036381
1993-11-26,1.7700000000001062
1993-11-29,-0.17213471570151637
1993-11-30,-1.9971351004348692
1993-12-01,1.1378631255586698
1993-12-02,0.3207161615374479
1993-12-03,-0.7021439302476664
1993-12-06,3.352856315917271
1993-12-07,0.21324329251710053
1993-12-08,0.5807076568555455
1993-12-09,0.7557078986102694
1993-12-10,-1.6942897245799828
1993-12-13,-2.009298538644005
1993-12-14,-0.8921490263164865
1993-12-15,0.16070407040806944
1993-12-16,-0.08929592959215796
1993-12-17,1.430701639702443
1993-12-20,0.16570163970250656
1993-12-21,-0.06429982251881322
1993-12-22,3.4707209467707663
1993-12-23,0.6035825143724566
1993-12-24,-0.004254082991139872
1993-12-27,0.555
1993-12-28,0.4657593694378672
1993-12-29,0.008686436916754456
1993-12-30,-2.646297428428656
1993-12-31,-0.46628721044358845
1994-01-03,-2.3850000000000544
1994-01-04,0.6634126561465612
1994-01-05,0.618757939698619
1994-01-06,2.588757939698789
1994-01-07,5.206738657933272
1994-01-10,-2.041684200384673
1994-01-11,2.060000000000014
1994-01-12,-1.6174999999999728
1994-01-13,1.9050000000000071
1994-01-14,0.038335735857829165
1994-01-17,0.17499999999989085
1994-01-18,-1.0849999999999251
1994-01-19,-3.2349999999999386
1994-01-20,-0.4195631337725752
1994-01-21,2.447455475602961
1994-01-24,1.3300000000000667
1994-01-25,-0.9600283898443436
1994-01-26,-0.4125
1994-01-27,0.34449398910873563
1994-01-28,-2.6025286954930182
1994-01-31,-1.5750000000000768
1994-02-01,-3.2249999999998975
1994-02-02,1.0499999999998466
1994-02-03,-1.5749999999998978
1994-02-04,-4.875000000000008
1994-02-07,0.6750000000000426
1994-02-08,1.5724087506806697
1994-02-09,4.750000000000159
1994-02-10,-0.3675912493192314
1994-02-11,2.3200000000000816
1994-02-14,0.45
1994-02-15,-2.434273047095376
1994-02-16,2.5299999999998817
1994-02-17,-8.220000000000043
1994-02-18,-2.566701524527753
1994-02-21,-0.0025803401499087495
1994-02-22,1.5100000000000686
1994-02-23,-1.6726052804469027
1994-02-24,-2.1674999999999716
1994-02-25,-0.0031581952752621914
1994-02-28,0.3399999999999284
1994-03-01,-0.8126488794872082
1994-03-02,-0.8126512080113971
1994-03-03,-4.037037929243138
1994-03-04,-2.533097449436715
1994-03-07,1.6298457875245604
1994-03-08,-3.262500000000037
1994-03-09,-2.345156115060267
1994-03-10,-2.073927830227483
1994-03-11,0.7475
1994-03-14,5.960327478296246
1994-03-15,-1.1645823362340149
1994-03-16,1.0700000000000092
1994-03-17,0.4598147043915995
1994-03-18,-1.509999999999983
1994-03-21,-2.1906609190793223
1994-03-22,-0.5749999999999864
1994-03-23,0.03224725147325889
1994-03-24,-1.1400000000000035
1994-03-25,-1.6299999999999943
1994-03-28,1.499999999999998
1994-03-29,-2.035000000000007
1994-03-30,-0.7549999999999945
1994-03-31,-3.8278223211098377
1994-04-01,-1.2272189878883315
1994-04-04,-0.36337514702167156
1994-04-05,3.660694917789762
1994-04-06,0.5639173148952838
1994-04-07,-2.5275000000000105
1994-04-08,-0.26858265071537785
1994-04-11,-1.2800000000000051
1994-04-12,1.564999999999993
1994-04-13,-0.05999999999999318
1994-04-14,-3.257499999999997
1994-04-15,1.1714416224962312
1994-04-18,-4.1775
1994-04-19,-0.18465704319186632
1994-04-20,1.9375
1994-04-21,1.573209289173447
1994-04-22,-2.105
1994-04-25,1.3832032550313595
1994-04-26,0.025
1994-04-27,0.0
1994-04-28,1.6375
1994-04-29,1.2225
1994-05-02,-1.6275
1994-05-03,-4.7075
1994-05-04,0.8199529208149767
1994-05-05,-3.0575
1994-05-06,0.09119116050425966
1994-05-09,-1.5119116804489743
1994-05-10,1.3825
1994-05-11,0.07559202680507056
1994-05-12,1.4875
1994-05-13,-0.1
1994-05-16,3.1625
1994-05-17,0.5980117661996905
1994-05-18,1.005
1994-05-19,0.035
1994-05-20,0.635
1994-05-23,2.9575
1994-05-24,-3.2125
1994-05-25,-1.4575
1994-05-26,-0.8625
1994-05-27,0.7225
1994-05-30,0.0
1994-05-31,4.3975
1994-06-01,0.98
1994-06-02,0.8377893354461708
1994-06-03,-3.0397719085631394
1994-06-06,-3.555
1994-06-07,0.215
1994-06-08,1.55
1994-06-09,0.2225
1994-06-10,1.5425
1994-06-13,0.8247599718013956
1994-06-14,0.8499999999999994
1994-06-15,1.985000000000011
1994-06-16,-0.15500000000000907
1994-06-17,1.4353130759788522
1994-06-20,-5.62745891991669
1994-06-21,-4.7675240261383385
1994-06-22,-3.7301495205035393
1994-06-23,-0.46015274945240325
1994-06-24,-0.03999999999999145
1994-06-27,-2.395000000000012
1994-06-28,3.8322930239188486
1994-06-29,-3.370548530503553
1994-06-30,0.012222243345837044
1994-07-01,-0.7423244080554672
1994-07-04,-0.0027644955783143587
1994-07-05,-3.050000000000008
1994-07-06,0.28
1994-07-07,-0.5578611111754431
1994-07-08,-0.42500000000000054
1994-07-11,-0.4600000000000063
1994-07-12,-0.12785852268769718
1994-07-13,0.35000000000000514
1994-07-14,0.8700000000000017
1994-07-15,-0.47
1994-07-18,0.7321401874427383
1994-07-19,-0.2700000000000068
1994-07-20,-0.9699999999999903
1994-07-21,-0.7000000000000011
1994-07-22,-0.19777701731674494
1994-07-25,0.555000000000001
1994-07-26,0.2600000000000051
1994-07-27,-0.8100000000000023
1994-07-28,0.3472179443014999
1994-07-29,1.700000000000007
1994-08-01,-0.14000000000001026
1994-08-02,0.17499999999999716
1994-08-03,-0.3027883055240953
1994-08-04,-0.239999999999996
1994-08-05,-0.9027880855646622
1994-08-08,0.489999999999996
1994-08-09,-0.3577950160121902
1994-08-10,0.24999999999999598
1994-08-11,-0.3300000000000023
1994-08-12,0.16220887385570662
1994-08-15,-0.1600000000000051
1994-08-16,0.9112490198646219
1994-08-17,0.4249999999999972
1994-08-18,-0.8699999999999994
1994-08-19,0.14499999999999091
1994-08-22,-0.2918566814468758
1994-08-23,0.17000000000000226
1994-08-24,0.7249999999999864
1994-08-25,-0.5750000000000126
1994-08-26,0.3622056864246109
1994-08-29,-0.07500000000001819
1994-08-30,0.3200000000000205
1994-08-31,0.27720558354623276
1994-09-01,0.0007717153772877454
1994-09-02,-0.18029511886469138
1994-09-05,0.0
1994-09-06,-0.5524999999999863
1994-09-07,-0.3225000000000023
1994-09-08,0.02000000000001023
1994-09-09,-1.480000000000001
1994-09-12,-0.17250000000000226
1994-09-13,0.2074999999999818
1994-09-14,0.36000000000000226
1994-09-15,0.49500000000000455
1994-09-16,-1.707499999999993
1994-09-19,0.3371757811695515
1994-09-20,-0.37032277012039233
1994-09-21,-0.4103195328057931
1994-09-22,0.21298171765259977
1994-09-23,-0.07682484668027346
1994-09-26,0.025
1994-09-27,-0.15780456393749123
1994-09-28,0.34719931511324265
1994-09-29,-0.42779971397870553
1994-09-30,-0.009027142870888944
1994-10-03,-0.5077981028778686
1994-10-04,-0.125
1994-10-05,-0.395
1994-10-06,0.335
1994-10-07,0.7159590274292277
1994-10-10,0.1857933205022103
1994-10-11,0.03970627927362282
1994-10-12,-0.33029421436769874
1994-10-13,-0.012499999999992042
1994-10-14,-0.3800000000000063
1994-10-17,0.202499999999996
1994-10-18,0.2950000000000091
1994-10-19,-0.05500000000000683
1994-10-20,-0.7674999999999954
1994-10-21,0.14499999999999091
1994-10-24,-0.24999999999999373
1994-10-25,0.20721275294437907
1994-10-26,-0.015000000000009095
1994-10-27,-0.5327755604925014
1994-10-28,0.6584850377965649
1994-10-31,0.1175
1994-11-01,0.1725000000000091
1994-11-02,0.04222314363847068
1994-11-03,0.13694652145009728
1994-11-04,-0.15777694731593683
1994-11-07,-0.3152780917556343
1994-11-08,-0.354275033900008
1994-11-09,-0.6077792179916901
1994-11-10,-0.19250000000002387
1994-11-11,0.8925000000000068
1994-11-14,0.32999999999998975
1994-11-15,0.46166781012595365
1994-11-16,0.4822275462873292
1994-11-17,-0.45277339541641515
1994-11-18,0.374453221013538
1994-11-21,-0.19524792339445315
1994-11-22,0.9795012769946227
1994-11-23,1.547499999999983
1994-11-24,0.0
1994-11-25,-0.8025000000000152
1994-11-28,-0.050253719045649424
1994-11-29,0.34699532265501853
1994-11-30,-0.28800496929764946
1994-12-01,-0.0027524281989648076
1994-12-02,-1.3030085729175593
1994-12-05,-1.3840248142989229
1994-12-06,0.7409511737892968
1994-12-07,-1.6950000000000045
1994-12-08,0.010929815610424715
1994-12-09,-0.1125
1994-12-12,-0.1875
1994-12-13,0.95
1994-12-14,1.8125
1994-12-15,-0.1375
1994-12-16,-1.0625
1994-12-19,0.8837054766528218
1994-12-20,-0.8875
1994-12-21,-0.795000000000013
1994-12-22,-0.17249999999998808
1994-12-23,-1.2350000000000052
1994-12-26,0.0
1994-12-27,0.17499999999999433
1994-12-28,-0.157499999999996
1994-12-29,1.0024999999999948
1994-12-30,0.25000000000000283
1995-01-02,0.0
1995-01-03,0.5300000000000039
1995-01-04,-0.4500000000000028
1995-01-05,-1.6650000000000038
1995-01-06,-0.867500000000001
1995-01-09,-0.0974999999999909
1995-01-10,0.3624999999999972
1995-01-11,0.15500000000000114
1995-01-12,-0.9449999999999961
1995-01-13,1.447410632313577
1995-01-16,-0.026348110575655562
1995-01-17,-0.310000000000004
1995-01-18,0.07999999999999488
1995-01-19,-0.06500000000000114
1995-01-20,0.3550000000000068
1995-01-23,-1.059999999999996
1995-01-24,-0.030000000000001133
1995-01-25,-0.3650000000000119
1995-01-26,-0.034999999999992634
1995-01-27,1.1500000000000046
1995-01-30,0.045000000000001136
1995-01-31,0.20499999999998691
1995-02-01,-0.9285695534887963
1995-02-02,-0.5650000000000052
1995-02-03,2.004999999999998
1995-02-06,-2.357499999999992
1995-02-07,1.0307275243727272
1995-02-08,-0.25048926193582294
1995-02-09,-0.5700000000000045
1995-02-10,-0.6500000000000024
1995-02-13,0.17500000000002272
1995-02-14,-0.1400000000000114
1995-02-15,0.7443731586932815
1995-02-16,0.6517620087406885
1995-02-17,0.04540713403854773
1995-02-20,-0.0036425138723322563
1995-02-21,0.3099999999999846
1995-02-22,0.8050000000000171
1995-02-23,-0.9402825658290326
1995-02-24,0.9299999999999682
1995-02-27,1.238107848474298
1995-02-28,0.666756568408958
1995-03-01,0.04999999999998011
1995-03-02,-0.8568504463377601
1995-03-03,0.26499999999998636
1995-03-06,-1.9274999999999523
1995-03-07,-0.9939842494041667
1995-03-08,0.6925000000000137
1995-03-09,1.538650923395729
1995-03-10,1.0450000000000443
1995-03-13,-0.12249999999998636
1995-03-14,1.9088716410137718
1995-03-15,-0.6168470588042669
1995-03-16,0.641381535766424
1995-03-17,-1.5831953496414062
1995-03-20,0.07138327023265342
1995-03-21,0.03148329647717564
1995-03-22,-0.9100000000000181
1995-03-23,-0.57
1995-03-24,3.1800000000000774
1995-03-27,0.32999999999993634
1995-03-28,-2.6550000000000273
1995-03-29,0.7350000000000727
1995-03-30,-0.9210913511694024
1995-03-31,-1.3699999999999364
1995-04-03,1.1549999999999228
1995-04-04,0.43780120579909915
1995-04-05,0.23890767086546447
1995-04-06,1.075000000000091
1995-04-07,-0.46000000000008184
1995-04-10,-0.5299999999999272
1995-04-11,0.29891924190918473
1995-04-12,1.1568998728105209
1995-04-13,2.538902038287521
1995-04-14,0.0
1995-04-17,0.34499999999996417
1995-04-18,0.7319615002777878
1995-04-19,-0.6499999999999716
1995-04-20,0.5767138181262194
1995-04-21,0.009999999999948841
1995-04-24,-0.02302968400012314
1995-04-25,-1.0250000000000126
1995-04-26,-0.3949999999999562
1995-04-27,-0.3611422826530824
1995-04-28,-1.145000000000075
1995-05-01,-1.5799999999999523
1995-05-02,1.4800000000000888
1995-05-03,3.9499999999999313
1995-05-04,3.2899999999999925
1995-05-05,6.769999999999925
1995-05-08,-1.0644583241501409
1995-05-09,2.475000000000034
1995-05-10,-1.9225000000000738
1995-05-11,-1.0124999999999205
1995-05-12,-0.38750000000001134
1995-05-15,2.5674999999999715
1995-05-16,0.8574999999999716
1995-05-17,-0.23455546656440585
1995-05-18,-2.518653216485202
1995-05-19,0.6875
1995-05-22,-1.6174999999999562
1995-05-23,0.4662714995199534
1995-05-24,3.7350846818715935
1995-05-25,1.2513197902499094
1995-05-26,-0.4230728810617361
1995-05-29,-0.0012033893409336078
1995-05-30,3.5949999999999926
1995-05-31,0.05500000000010914
1995-06-01,2.8899999999999455
1995-06-02,2.251211414055006
1995-06-05,0.7411963858051007
1995-06-06,-0.5850000000000136
1995-06-07,-3.7456837189154673
1995-06-08,-1.4150000000000147
1995-06-09,-5.417499999999918
1995-06-12,0.6676706027796284
1995-06-13,6.225
1995-06-14,-0.7615305089149279
1995-06-15,-0.8899999999999745
1995-06-16,-0.3338764602712902
1995-06-19,1.4100000000001127
1995-06-20,-0.5899999999999641
1995-06-21,0.6610522996860559
1995-06-22,2.438540381655577
1995-06-23,-0.5924999999999642
1995-06-26,-0.7483930497053825
1995-06-27,-0.8675000000000627
1995-06-28,0.9625000000000626
1995-06-29,-3.7627248214499533
1995-06-30,1.3780285728611763
1995-07-03,0.18250000000001138
1995-07-04,0.0
1995-07-05,0.35249999999990905
1995-07-06,3.6525000000000967
1995-07-07,0.4699999999999204
1995-07-10,0.0925
1995-07-11,-1.4874999999999716
1995-07-12,-0.010000000000051159
1995-07-13,-0.34589029751584893
1995-07-14,-1.627500000000025
1995-07-17,-2.3400000000000816
1995-07-18,-1.2750000000000252
1995-07-19,-3.732500000000019
1995-07-20,0.027500000000043746
1995-07-21,-2.2950000000000372
1995-07-24,1.3290301581090478
1995-07-25,0.6225000000000627
1995-07-26,-1.1394045121151755
1995-07-27,1.6450000000000737
1995-07-28,-1.0934869870404038
1995-07-31,1.4249999999998926
1995-08-01,-1.2861307181787618
1995-08-02,1.4999999999999847
1995-08-03,-1.804999999999949
1995-08-04,0.7850000000000102
1995-08-07,0.46999999999996417
1995-08-08,-0.005
1995-08-09,-0.7549999999999744
1995-08-10,-0.7270171187374876
1995-08-11,-2.269999999999913
1995-08-14,0.1565582151647147
1995-08-15,0.03000000000003183
1995-08-16,1.037875562445911
1995-08-17,-0.6620156655284386
1995-08-18,0.16163422184684587
1995-08-21,0.6750000000000518
1995-08-22,-0.6849999999999801
1995-08-23,-0.21500000000003583
1995-08-24,1.6100000000000239
1995-08-25,2.0099999999999323
1995-08-28,0.3050000000000438
1995-08-29,-0.5799999999999801
1995-08-30,0.725000000000016
1995-08-31,0.6399999999999801
1995-09-01,1.0779347330866111
1995-09-04,-0.0020652669133767983
1995-09-05,0.8049999999999443
1995-09-06,0.19792794478433318
1995-09-07,-0.6799999999999443
1995-09-08,-0.5320725427349693
1995-09-11,0.03161082465106575
1995-09-12,1.392899624993358
1995-09-13,-0.34000000000004094
1995-09-14,1.9809947297993638
1995-09-15,-0.5300000000000102
1995-09-18,-0.5572089745980405
1995-09-19,0.40750000000001024
1995-09-20,0.5966063560008383
1995-09-21,-2.137499999999983
1995-09-22,-0.6549999999999602
1995-09-25,-0.28
1995-09-26,-0.6325000000000114
1995-09-27,-0.06250000000005115
1995-09-28,0.2615941621503126
1995-09-29,2.6727594054238124
1995-10-02,0.3324999999999562
1995-10-03,0.8102568624549331
1995-10-04,0.8999999999999687
1995-10-05,0.6550000000001126
1995-10-06,0.06688229027751381
1995-10-09,-0.01648941545157779
1995-10-10,-0.3147631797477285
1995-10-11,0.5916300625767354
1995-10-12,0.9474999999998971
1995-10-13,2.919181637243269
1995-10-16,0.0999999999999282
1995-10-17,0.012696117379397014
1995-10-18,-0.49250000000001526
1995-10-19,0.5301955921728495
1995-10-20,-1.631299215180057
1995-10-23,-1.3773066751203875
1995-10-24,2.285389858600019
1995-10-25,0.4476951407331671
1995-10-26,-3.5246092766198873
1995-10-27,0.6276930035360682
1995-10-30,1.5326931112388984
1995-10-31,-0.21961054522525575
1995-11-01,1.7753913649426813
1995-11-02,2.532694727387292
1995-11-03,-1.824613337777932
1995-11-06,0.0576918713275356
1995-11-07,-0.9573074640086101
1995-11-08,0.560383102151194
1995-11-09,-1.4373088826759615
1995-11-10,-0.44230172022889364
1995-11-13,-0.17729905509317412
1995-11-14,-2.299614185775801
1995-11-15,-1.0373333859087024
1995-11-16,3.8349999999998903
1995-11-17,1.555384093783303
1995-11-20,-0.27730577880112445
1995-11-21,-0.9123055718859173
1995-11-22,-0.554610402702981
1995-11-23,-0.002304997353875969
1995-11-24,1.1300000000001658
1995-11-27,-0.16730582125071783
1995-11-28,-0.3589999999999988
1995-11-29,4.228541298617071
1995-11-30,3.2799999999999883
1995-12-01,1.7526979265160216
1995-12-04,4.1326984644486835
1995-12-05,0.614999999999893
1995-12-06,-0.630000000000017
1995-12-07,-1.5123005551139659
1995-12-08,1.1899999999999789
1995-12-11,2.664999999999933
1995-12-12,0.0500000000000694
1995-12-13,0.30770172953388725
1995-12-14,0.30500000000000177
1995-12-15,-0.08729815461061184
1995-12-18,-0.3373076348642311
1995-12-19,5.904789022588443
1995-12-20,-2.5496638012642707
1995-12-21,-1.4819192588474173
1995-12-22,6.014999999999911
1995-12-25,-0.006951789055002848
1995-12-26,1.570000000000132
1995-12-27,-1.6175000000001034
1995-12-28,-0.45965040038838945
1995-12-29,3.2024999999999615
1996-01-01,0.0
1996-01-02,2.5525000000001192
1996-01-03,1.6925000000000137
1996-01-04,-0.0350000000000663
1996-01-05,-1.8625000000000296
1996-01-08,-3.334999999999999
1996-01-09,1.9778228515329521
1996-01-10,-6.34499999999994
1996-01-11,-2.5572748982656597
1996-01-12,4.1148030389166905
1996-01-15,1.8576304097066207
1996-01-16,-3.585000000000048
1996-01-17,2.0278269739786783
1996-01-18,5.095000000000091
1996-01-19,2.8475000000000454
1996-01-22,-4.0049454323661235
1996-01-23,-1.189940290243707
1996-01-24,0.6275000000000139
1996-01-25,-2.9099999999999944
1996-01-26,2.937478663309869
1996-01-29,2.5650000000000444
1996-01-30,3.0900000000000243
1996-01-31,1.4567606333108714
1996-02-01,-0.1650000000000046
1996-02-02,0.790000000000044
1996-02-05,-1.5800000000000078
1996-02-06,0.5834798616232041
1996-02-07,0.12260846337459633
1996-02-08,0.41000000000005915
1996-02-09,1.6644473325482834
1996-02-12,1.8424999999999807
1996-02-13,0.5651367592268565
1996-02-14,1.5074999999999898
1996-02-15,-1.5341906645550627
1996-02-16,0.900000000000031
1996-02-19,0.0
1996-02-20,-5.7949999999999
1996-02-21,1.1324999999999015
1996-02-22,2.3695252099541637
1996-02-23,1.0862170588261157
1996-02-26,0.29999999999993743
1996-02-27,-2.535239187107708
1996-02-28,-2.5352629277307877
1996-02-29,-1.8760732979741888
1996-03-01,0.44499999999996576
1996-03-04,0.01949017055612163
1996-03-05,0.3494851836436116
1996-03-06,-0.13069635255474005
1996-03-07,3.3155211041376282
1996-03-08,-3.7220000000000275
1996-03-11,2.4348987302498
1996-03-12,-1.5549999999999935
1996-03-13,0.15750000000000233
1996-03-14,1.7667265708766418
1996-03-15,-3.417499999999996
1996-03-18,2.3749999999999876
1996-03-19,-0.9975000000000073
1996-03-20,1.7124999999999941
1996-03-21,-0.18799999999998976
1996-03-22,0.3705000000000047
1996-03-25,1.219176856538099
1996-03-26,2.5995015286861722
1996-03-27,-0.1280000000000023
1996-03-28,-0.3199999999999919
1996-03-29,5.568000000000005
1996-04-01,2.1699791252868703
1996-04-02,0.764999999999993
1996-04-03,3.0250000000000137
1996-04-04,3.6899999999999977
1996-04-05,-0.898065806966231
1996-04-08,4.068294184642423
1996-04-09,-0.03745542366129058
1996-04-10,6.51192540935159
1996-04-11,-4.320386716475662
1996-04-12,0.35153276851692045
1996-04-15,-0.9159999999999956
1996-04-16,-3.9880259574319314
1996-04-17,1.9155203263255371
1996-04-18,4.459999999999998
1996-04-19,-1.2723166559309471
1996-04-22,1.8350000000000066
1996-04-23,-0.0800000000000023
1996-04-24,0.348000000000002
1996-04-25,1.9620000000000013
1996-04-26,-3.1393299722159984
1996-04-29,-3.105000000000001
1996-04-30,2.8349999999999986
1996-05-01,4.335
1996-05-02,-6.557537887609228
1996-05-03,2.9674367561904
1996-05-06,0.7388773910694243
1996-05-07,-0.2960000000000142
1996-05-08,3.326000000000008
1996-05-09,0.3600000000000004
1996-05-10,3.4099999999999957
1996-05-13,3.284000000000012
1996-05-14,0.06599999999999369
1996-05-15,2.2839999999999843
1996-05-16,3.1510862957653623
1996-05-17,-1.2100000000000013
1996-05-20,-4.1800000000000015
1996-05-21,-1.4328528862070784
1996-05-22,0.6650000000000065
1996-05-23,4.255999999999985
1996-05-24,1.3320661335950772
1996-05-27,0.0
1996-05-28,1.7639999999999902
1996-05-29,-4.743999999999994
1996-05-30,-0.3729815164610872
1996-05-31,0.6050000000000113
1996-06-03,-3.330000000000005
1996-06-04,1.6100000000000028
1996-06-05,-2.1760000000000055
1996-06-06,2.2060000000000004
1996-06-07,0.4899999999999929
1996-06-10,2.270000000000009
1996-06-11,-2.551000000000001
1996-06-12,-1.0540000000000027
1996-06-13,-0.738633137950113
1996-06-14,-0.15465670316120558
1996-06-17,0.015000000000002046
1996-06-18,4.66499999999999
1996-06-19,-0.7049999999999919
1996-06-20,-0.4600000000000065
1996-06-21,0.6799999999999923
1996-06-24,-1.3649999999999958
1996-06-25,1.8749999999999982
1996-06-26,-1.2249999999999912
1996-06-27,-0.8849999999999884
1996-06-28,3.604999999999994
1996-07-01,2.276756964238469
1996-07-02,-1.7400000000000007
1996-07-03,0.28000000000000136
1996-07-04,0.0
1996-07-05,-5.270000000000015
1996-07-08,-0.2900000000000032
1996-07-09,3.5350000000000183
1996-07-10,0.359999999999977
1996-07-11,3.5000000000000275
1996-07-12,4.154999999999997
1996-07-15,-2.1350000000000056
1996-07-16,-3.9599999999999884
1996-07-17,-2.4835419345835477
1996-07-18,-1.3899845673737266
1996-07-19,-0.4639999999999803
1996-07-22,-2.619847239700852
1996-07-23,1.5719456217964973
1996-07-24,-1.7959999999999905
1996-07-25,-0.49000000000000843
1996-07-26,-0.5500000000000052
1996-07-29,2.301879745928572
1996-07-30,-0.27099999999999025
1996-07-31,-0.6840000000000022
1996-08-01,3.6800000000000055
1996-08-02,-0.2581355209694818
1996-08-05,0.22595067348280312
1996-08-06,0.8600000000000037
1996-08-07,0.4785484603646167
1996-08-08,1.7658978668618732
1996-08-09,0.8424999999999869
1996-08-12,3.5025000000000195
1996-08-13,1.513075059252783
1996-08-14,0.1124999999999932
1996-08-15,0.37165442558000217
1996-08-16,0.18898178263320137
1996-08-19,0.5875000000000016
1996-08-20,0.18596802322341988
1996-08-21,-0.5229999999999976
1996-08-22,0.9129999999999909
1996-08-23,-1.5443264104865642
1996-08-26,0.3019999999999921
1996-08-27,1.3150000000000015
1996-08-28,-0.8369999999999893
1996-08-29,-1.5999999999999939
1996-08-30,-2.9580000000000166
1996-09-02,-0.004353921558854539
1996-09-03,0.8780000000000029
1996-09-04,-2.3740359231124324
1996-09-05,-0.5755000000000088
1996-09-06,2.2935782264157867
1996-09-09,0.6625000000000014
1996-09-10,0.8500000000000076
1996-09-11,-1.6020000000000048
1996-09-12,2.1374999999999944
1996-09-13,1.2770000000000146
1996-09-16,-2.8275000000000157
1996-09-17,-0.34918094765167956
1996-09-18,0.44049999999999545
1996-09-19,-1.3154999999999897
1996-09-20,-0.6175000000000032
1996-09-23,0.4030000000000054
1996-09-24,1.019499999999995
1996-09-25,0.40549999999999664
1996-09-26,-0.6099999999999931
1996-09-27,-0.62242480404844
1996-09-30,-1.476999999999998
1996-10-01,1.722564494406408
1996-10-02,-0.15094592899874382
1996-10-03,-0.3549999999999883
1996-10-04,0.8850095110085723
1996-10-07,0.8755658538417194
1996-10-08,-0.358952370766941
1996-10-09,-1.9899999999999929
1996-10-10,-1.797500000000033
1996-10-11,-2.7199999999999744
1996-10-14,-2.8185166508548636
1996-10-15,-0.002546448224131324
1996-10-16,-3.54396091639505
1996-10-17,4.476999999999943
1996-10-18,-0.25534338015986235
1996-10-21,-1.2199999999999833
1996-10-22,-2.2889492164288323
1996-10-23,-0.7850000000000003
1996-10-24,-1.2044768399438903
1996-10-25,-0.8499999999999952
1996-10-28,1.8610667682013586
1996-10-29,-0.3050000000000251
1996-10-30,-1.970000000000002
1996-10-31,1.9900000000000408
1996-11-01,1.1749999999999718
1996-11-04,1.1982334704987434
1996-11-05,0.1236822282579218
1996-11-06,0.13650000000000662
1996-11-07,0.1662020963212156
1996-11-08,1.1130210530813542
1996-11-11,-0.25899999999999673
1996-11-12,0.9202568973827169
1996-11-13,-0.08399999999999673
1996-11-14,1.9595051702590236
1996-11-15,-0.41250000000004977
1996-11-18,0.2255580268465893
1996-11-19,1.0300000000000107
1996-11-20,1.1871846929171546
1996-11-21,0.9465656930169168
1996-11-22,-0.5749999999999
1996-11-25,0.47499999999990405
1996-11-26,0.853825671511499
1996-11-27,0.060000000000003155
1996-11-28,0.0
1996-11-29,1.450000000000039
1996-12-02,0.5275427271587934
1996-12-03,0.29365731491982294
1996-12-04,-1.522786280690813
1996-12-05,-2.772500000000059
1996-12-06,-2.28136467771662
1996-12-09,2.927500000000029
1996-12-10,1.0020668896577827
1996-12-11,-4.408000000000072
1996-12-12,-1.2968286474032389
1996-12-13,2.8979999999999806
1996-12-16,-0.1666027481074474
1996-12-17,1.445600093211289
1996-12-18,-1.1325000000000156
1996-12-19,2.2619999999999854
1996-12-20,0.6598525716035745
1996-12-23,0.48249999999995963
1996-12-24,0.19499999999999512
1996-12-25,-0.0026786682810452664
1996-12-26,-0.1269999999999979
1996-12-27,0.4400000000000144
1996-12-30,0.05749999999999841
1996-12-31,-3.175500000000004
1997-01-01,-0.0031444689149323995
1997-01-02,-1.2649999999999617
1997-01-03,2.818786009555267
1997-01-06,0.5475000000000418
1997-01-07,0.4749999999999911
1997-01-08,0.429349488412659
1997-01-09,0.9799999999999538
1997-01-10,-0.648271491496842
1997-01-13,-0.06310233240514612
1997-01-14,2.6250000000000275
1997-01-15,-0.11056919351945368
1997-01-16,-0.8709999999999619
1997-01-17,0.9109999999999545
1997-01-20,-0.11312477690208549
1997-01-21,2.05400000000001
1997-01-22,0.13600000000001197
1997-01-23,0.5460259444092462
1997-01-24,-1.1859999999999506
1997-01-27,-1.4240000000000304
1997-01-28,1.4439999999999937
1997-01-29,-0.8228740114037909
1997-01-30,0.9449999999999631
1997-01-31,1.5500000000000544
1997-02-03,1.1839999999999862
1997-02-04,0.6474429883099931
1997-02-05,0.5399999999999819
1997-02-06,0.2162904424278703
1997-02-07,1.200000000000009
1997-02-10,1.012482732849242
1997-02-11,0.23400000000002724
1997-02-12,0.7459999999999828
1997-02-13,0.9889999999999792
1997-02-14,1.8234378958237827
1997-02-17,0.0
1997-02-18,-0.5910000000000061
1997-02-19,1.834051322643781
1997-02-20,0.6635131871743751
1997-02-21,1.5680309709481723
1997-02-24,-0.7654860039592466
1997-02-25,0.07699999999998436
1997-02-26,-5.28339929135998
1997-02-27,-8.999703775074453
1997-02-28,3.3987059493626353
1997-03-03,-0.8734052646396814
1997-03-04,-0.2149999999999865
1997-03-05,-1.8299999999999954
1997-03-06,1.404999999999975
1997-03-07,2.076978776381084
1997-03-10,1.469999999999969
1997-03-11,-1.1199999999999672
1997-03-12,-1.5550000000000035
1997-03-13,-0.31499999999998846
1997-03-14,2.2621500146753943
1997-03-17,0.2970474572490993
1997-03-18,0.49499999999998273
1997-03-19,1.142499999999998
1997-03-20,1.0247985988357668
1997-03-21,-0.14533649064879559
1997-03-24,1.0784999999999911
1997-03-25,1.2700000000000053
1997-03-26,0.3985964040759992
1997-03-27,-0.6115000000000027
1997-03-28,-0.0028087061981870703
1997-03-31,-1.554999999999999
1997-04-01,0.07219547713335694
1997-04-02,-1.0776801752970964
1997-04-03,-2.7245000000000026
1997-04-04,0.18499999999999764
1997-04-07,3.9370000000000025
1997-04-08,0.2254999999999966
1997-04-09,0.09639563294378245
1997-04-10,0.4499999999999989
1997-04-11,-1.3000000000000052
1997-04-14,0.21000000000000307
1997-04-15,0.03732400504738253
1997-04-16,-1.0600000000000018
1997-04-17,1.379378239861478
1997-04-18,1.2929999999999895
1997-04-21,0.16000000000000272
1997-04-22,0.6849999999999994
1997-04-23,0.21931537443004304
1997-04-24,-1.541000000000007
1997-04-25,-0.9624454010171378
1997-04-28,-4.843999999999994
1997-04-29,2.407235676910953
1997-04-30,0.9855522598316532
1997-05-01,0.725000000000005
1997-05-02,1.1649999999999947
1997-05-05,-0.4000000000000016
1997-05-06,-0.5954088456289834
1997-05-07,-1.434385669332492
1997-05-08,1.4142762707384917
1997-05-09,0.20510866945282577
1997-05-12,-0.309999999999999
1997-05-13,0.42291063899889325
1997-05-14,0.2594999999999963
1997-05-15,0.5506476514033191
1997-05-16,0.0801002193573014
1997-05-19,0.49315047643312354
1997-05-20,-0.04821474470162627
1997-05-21,1.077682163718136
1997-05-22,0.12732979819826792
1997-05-23,-0.7247633007204334
1997-05-26,-0.00222447278017015
1997-05-27,-1.042499999999988
1997-05-28,-0.045000000000009116
1997-05-29,0.3225764105418175
1997-05-30,-0.35249999999999565
1997-06-02,0.7402327228791269
1997-06-03,-0.03499999999999804
1997-06-04,-0.1499999999999939
1997-06-05,-2.19527200613784
1997-06-06,0.17999999999999683
1997-06-09,0.41838352205754437
1997-06-10,0.5250000000000039
1997-06-11,0.6839999999999944
1997-06-12,1.2627805037169422
1997-06-13,0.5149999999999989
1997-06-16,0.853428147535984
1997-06-17,0.8839999999999875
1997-06-18,1.601213330844319
1997-06-19,-2.37256721318108
1997-06-20,0.24931859631354977
1997-06-23,0.6874520609430247
1997-06-24,0.3278189766450053
1997-06-25,-0.5190000000000057
1997-06-26,-0.02349999999999036
1997-06-27,0.7974999999999525
1997-06-30,0.23529877903112267
1997-07-01,2.9734999999999956
1997-07-02,-1.9534997402891123
1997-07-03,2.6950000000000216
1997-07-04,0.0
1997-07-07,3.2039999999999664
1997-07-08,1.1660000000000004
1997-07-09,0.260240273118147
1997-07-10,1.9914635498871676
1997-07-11,0.4459597270584536
1997-07-14,-2.338537592464995
1997-07-15,-7.624833702689672
1997-07-16,8.283246838946067
1997-07-17,-0.062149521780638976
1997-07-18,-1.5825469404265353
1997-07-21,0.4524901292217825
1997-07-22,3.7999999999999963
1997-07-23,0.4700000000000086
1997-07-24,1.3100000000000012
1997-07-25,0.18000000000002128
1997-07-28,-0.4900000000000317
1997-07-29,1.287407257824292
1997-07-30,0.7888121142133694
1997-07-31,-0.2850000000000236
1997-08-01,-4.534314540655383
1997-08-04,0.8119875274798716
1997-08-05,0.644000000000061
1997-08-06,1.2359999999999718
1997-08-07,-1.8127613034733834
1997-08-08,-1.876000000000066
1997-08-11,0.8383762856398773
1997-08-12,0.3752992209644666
1997-08-13,0.8623257355211553
1997-08-14,2.187000000000016
1997-08-15,-0.025636635149564956
1997-08-18,0.5243966463680952
1997-08-19,0.3870000000000008
1997-08-20,0.5521169538012436
1997-08-21,-2.359999999999979
1997-08-22,1.3899999999999864
1997-08-25,-0.4320000000000092
1997-08-26,-0.4680178619895048
1997-08-27,1.1049999999999682
1997-08-28,0.915000000000075
1997-08-29,-1.7100000000000393
1997-09-01,0.0
1997-09-02,2.1349999999999834
1997-09-03,-0.07249999999994171
1997-09-04,-1.3500000000000327
1997-09-05,-0.3774999999999777
1997-09-08,1.2323757332756857
1997-09-09,0.2874999999999676
1997-09-10,0.4474999999999946
1997-09-11,-0.44249999999997836
1997-09-12,1.7134999999999683
1997-09-15,0.40490595693338366
1997-09-16,3.6975000000000118
1997-09-17,0.1248887702520167
1997-09-18,0.520000000000047
1997-09-19,-0.39000000000000346
1997-09-22,2.152500000000009
1997-09-23,-2.9225000000000354
1997-09-24,1.0625000000000329
1997-09-25,-1.570030013180101
1997-09-26,0.547500000000006
1997-09-29,1.8600000000000303
1997-09-30,1.199999999999996
1997-10-01,2.039999999999989
1997-10-02,0.5775000000000059
1997-10-03,-0.2024999999999979
1997-10-06,2.0550000000000117
1997-10-07,1.2324280703877173
1997-10-08,-2.9726179144419653
1997-10-09,0.25599999999996664
1997-10-10,-0.40999999999998205
1997-10-13,0.16174942391366928
1997-10-14,2.8007345998627002
1997-10-15,0.09500000000002073
1997-10-16,-0.6200000000000008
1997-10-17,-1.9259162246913692
1997-10-20,2.4893925537099575
1997-10-21,0.7780000000000021
1997-10-22,0.754499999999972
1997-10-23,-3.530827458354579
1997-10-24,-5.11803811316743
1997-10-27,-29.3324271706237
1997-10-28,10.76720581151361
1997-10-29,-0.31499999999995487
1997-10-30,-0.3357961203267477
1997-10-31,0.6196248248211398
1997-11-03,1.1530000000000196
1997-11-04,-0.2879999999999446
1997-11-05,-0.28250000000006337
1997-11-06,0.21722948403482323
1997-11-07,-0.21299999999999944
1997-11-10,-0.5524999999999726
1997-11-11,0.0
1997-11-12,-0.8425000000000272
1997-11-13,0.23497688204281814
1997-11-14,0.13706359731277928
1997-11-17,1.4929205255704612
1997-11-18,-0.11751365578402145
1997-11-19,0.61700000000001
1997-11-20,-0.4419999999999648
1997-11-21,1.242000000000011
1997-11-24,-0.9144613871969767
1997-11-25,-0.09800000000004033
1997-11-26,0.5625801493900874
1997-11-27,0.0
1997-11-28,-0.060000000000051415
1997-12-01,1.1109999999999993
1997-12-02,0.5415503762108963
1997-12-03,0.42847760017454994
1997-12-04,-0.21500000000004374
1997-12-05,-1.4534387891705183
1997-12-08,-0.506933397071445
1997-12-09,0.2724999999998909
1997-12-10,1.1924999999999664
1997-12-11,0.8875359502519247
1997-12-12,1.0974573893938537
1997-12-15,-0.2850000000000125
1997-12-16,0.11000000000000082
1997-12-17,0.6095583325299077
1997-12-18,-0.029999999999929788
1997-12-19,-0.2040903646056057
1997-12-22,0.2659999999998869
1997-12-23,-0.786
1997-12-24,0.4969263808775609
1997-12-25,0.0
1997-12-26,0.48999999999994215
1997-12-29,0.8860000000000455
1997-12-30,-0.8010000000000125
1997-12-31,0.739516407676238
1998-01-01,0.0
1998-01-02,2.4550000000000805
1998-01-05,3.8089468139043943
1998-01-06,-0.1968315796790828
1998-01-07,-1.058505318084323
1998-01-08,0.7349999999999024
1998-01-09,-2.4280666129904405
1998-01-12,-1.6150628530731812
1998-01-13,2.8813142632792412
1998-01-14,-1.0620000000000112
1998-01-15,-0.9980000000000468
1998-01-16,0.22800000000002618
1998-01-19,0.0
1998-01-20,-0.18999999999996303
1998-01-21,-1.400000000000037
1998-01-22,0.3420000000000833
1998-01-23,-2.962467073295476
1998-01-26,1.6948904784425125
1998-01-27,-1.6194999999999393
1998-01-28,-1.5379999999999994
1998-01-29,0.3299999999999945
1998-01-30,1.0974806754294437
1998-02-02,0.6004999999999907
1998-02-03,0.7770000000000821
1998-02-04,-0.18000000000007108
1998-02-05,-0.894499999999978
1998-02-06,-0.5154999999999992
1998-02-09,-1.2125000000000503
1998-02-10,0.9700000000000392
1998-02-11,1.3299999999999788
1998-02-12,-0.18249999999992683
1998-02-13,0.03697545022867598
1998-02-16,0.0
1998-02-17,0.3554999999999365
1998-02-18,-2.050500000000011
1998-02-19,0.17550000000007396
1998-02-20,-1.8775000000000102
1998-02-23,-0.9030000000000501
1998-02-24,-0.6694999999999932
1998-02-25,0.7969999999999761
1998-02-26,0.1630000000000322
1998-02-27,1.1175000000000408
1998-03-02,-0.8255000000000593
1998-03-03,-1.3250263114083192
1998-03-04,-0.7549999999999635
1998-03-05,-0.6872097630066659
1998-03-06,1.2450000000000154
1998-03-09,0.00947525691168789
1998-03-10,0.22300000000000048
1998-03-11,1.8500000000000052
1998-03-12,1.0149999999999832
1998-03-13,-1.105000000000031
1998-03-16,0.1800000000000072
1998-03-17,0.1200000000000553
1998-03-18,0.42999999999996835
1998-03-19,-0.0900000000000291
1998-03-20,0.4430000000000294
1998-03-23,1.0049999999999992
1998-03-24,-0.1500000000000307
1998-03-25,-0.5977740579965798
1998-03-26,0.10860779517115274
1998-03-27,-0.6457564091824266
1998-03-30,-0.07000000000000646
1998-03-31,0.8949999999999844
1998-04-01,0.8996359673114621
1998-04-02,0.560000000000013
1998-04-03,0.00823898805035191
1998-04-06,0.8699999999999934
1998-04-07,0.07132451471703195
1998-04-08,0.10672624619775062
1998-04-09,0.4873358793849717
1998-04-10,0.0
1998-04-13,-0.8250000000000418
1998-04-14,1.5800000000000354
1998-04-15,-0.22323425777583805
1998-04-16,-0.4949999999999416
1998-04-17,0.4939999999999454
1998-04-20,0.7054044281382503
1998-04-21,-0.7024639456575846
1998-04-22,1.50800000000003
1998-04-23,-0.7235923760516785
1998-04-24,-1.0000000000000235
1998-04-27,-1.6480000000000037
1998-04-28,0.685614659110266
1998-04-29,0.6175000000000386
1998-04-30,1.757033003500985
1998-05-01,0.847585810262047
1998-05-04,0.15702938567985655
1998-05-05,-1.6224999999999739
1998-05-06,-0.2900000000000275
1998-05-07,-0.5555787820681386
1998-05-08,1.6964999999999937
1998-05-11,1.4750000000000194
1998-05-12,-0.2175000000000038
1998-05-13,-0.5650000000000118
1998-05-14,-0.20749999999997615
1998-05-15,0.7277544517335897
1998-05-18,-4.173096426431324
1998-05-19,0.8934241848002972
1998-05-20,-1.9173759251496552
1998-05-21,0.5293975862866935
1998-05-22,-0.10230064347757578
1998-05-25,0.0
1998-05-26,-2.9875000000000274
1998-05-27,-0.44485142456856164
1998-05-28,0.46935062701199526
1998-05-29,0.4126550071207386
1998-06-01,-2.842345758960205
1998-06-02,3.2386108814169425
1998-06-03,1.8452507384079602
1998-06-04,0.7001904431078916
1998-06-05,0.6851411712883934
1998-06-08,0.6840000000000003
1998-06-09,-0.8764999999999987
1998-06-10,-0.8998709440734968
1998-06-11,-3.1248700076565896
1998-06-12,0.6842113650267949
1998-06-15,-0.10329675635248117
1998-06-16,-1.152381214705107
1998-06-17,-0.8100000000000608
1998-06-18,-1.52542244267581
1998-06-19,-2.420000000000021
1998-06-22,0.6630528159824873
1998-06-23,-2.147340395514459
1998-06-24,-1.437338602331483
1998-06-25,0.42865227663839073
1998-06-26,-0.2883335454021814
1998-06-29,2.721
1998-06-30,-0.15493421878956626
1998-07-01,1.9377634103815917
1998-07-02,0.3155978872944365
1998-07-03,0.0
1998-07-06,1.2949999999999438
1998-07-07,-0.5299999999999762
1998-07-08,-0.38599999999997475
1998-07-09,0.6678424972379609
1998-07-10,2.2559999999999376
1998-07-13,-0.5433744926994293
1998-07-14,1.7860000000000273
1998-07-15,0.66
1998-07-16,-0.206000000000071
1998-07-17,-0.7999200384384024
1998-07-20,2.285000000000008
1998-07-21,-0.4249999999999289
1998-07-22,0.0579999999999639
1998-07-23,0.06893834474440738
1998-07-24,0.6674999999999645
1998-07-27,-0.7398363545845799
1998-07-28,-0.6875000000000825
1998-07-29,0.09031481400435899
1998-07-30,0.08647617081840299
1998-07-31,1.3199999999999998
1998-08-03,0.4308069519162063
1998-08-04,-0.21249999999996053
1998-08-05,-0.2936780083899078
1998-08-06,1.0033219831755527
1998-08-07,-1.9159999999999506
1998-08-10,-1.8101836765160864
1998-08-11,-1.3775000000000004
1998-08-12,0.030806935395704137
1998-08-13,2.8355538349446205
1998-08-14,-0.5387166524275522
1998-08-17,-1.5406813149765999
1998-08-18,0.410499999999994
1998-08-19,-0.382680943013736
1998-08-20,-2.322999999999964
1998-08-21,-2.5809340642172653
1998-08-24,0.23858510866538324
1998-08-25,2.015000000000051
1998-08-26,1.0985173123928569
1998-08-27,0.893500000000056
1998-08-28,2.8038096685183933
1998-08-31,2.0151456783216295
1998-09-01,-1.5478173607833343
1998-09-02,-0.8300000000000742
1998-09-03,-1.980000000000017
1998-09-04,0.04000000000008244
1998-09-07,-0.002123427305048073
1998-09-08,-2.4750000000000205
1998-09-09,2.9028467351248572
1998-09-10,2.392267871349128
1998-09-11,-0.2071412044914404
1998-09-14,0.08139840654706433
1998-09-15,-0.7574999999999732
1998-09-16,1.6445000000000363
1998-09-17,1.3305000000000111
1998-09-18,2.704999999999957
1998-09-21,0.16676192651856964
1998-09-22,-1.3294999999999406
1998-09-23,1.8373077009346581
1998-09-24,-0.7271974113375534
1998-09-25,-0.237499999999995
1998-09-28,-1.6452091624158232
1998-09-29,0.945499999999924
1998-09-30,3.574500000000041
1998-10-01,3.248000000000031
1998-10-02,-0.1025000000000519
1998-10-05,-0.784999999999944
1998-10-06,-1.2802149998896268
1998-10-07,-5.9394999999999785
1998-10-08,-4.3432592316481955
1998-10-09,-5.857692139971504
1998-10-12,0.8046718111637848
1998-10-13,-3.704999999999965
1998-10-14,2.0457334117041235
1998-10-15,0.7122955947194033
1998-10-16,2.7645000000000146
1998-10-19,1.4462847546778002
1998-10-20,0.6276882212353275
1998-10-21,0.10999999999999235
1998-10-22,-0.47299999999995745
1998-10-23,-0.4970000000000411
1998-10-26,-0.5349999999999341
1998-10-27,0.770729056599186
1998-10-28,0.1409999999999845
1998-10-29,0.11649999999999518
1998-10-30,1.1035000000000306
1998-11-02,0.45749999999997853
1998-11-03,0.776499999999978
1998-11-04,-0.4503058661709911
1998-11-05,-0.1289999999999735
1998-11-06,-0.4328078129038726
1998-11-09,0.21717873897023857
1998-11-10,-2.0203015946242053
1998-11-11,-0.6149999999999771
1998-11-12,1.0324999999999567
1998-11-13,1.337514560838823
1998-11-16,0.32818291531119703
1998-11-17,0.4049999999999515
1998-11-18,-0.5440000000000168
1998-11-19,0.3550000000000448
1998-11-20,1.3247005502977869
1998-11-23,0.9146765399302287
1998-11-24,-0.30550000000003413
1998-11-25,0.06550000000004702
1998-11-26,-0.007073001065583723
1998-11-27,-0.731999999999965
1998-11-30,-0.8150000000000207
1998-12-01,1.4094999999999778
1998-12-02,1.7504999999999877
1998-12-03,0.3600000000000376
1998-12-04,-0.5104022951036005
1998-12-07,0.6312622245160829
1998-12-08,2.695769214510608
1998-12-09,0.8714999999999812
1998-12-10,1.1789843432031861
1998-12-11,-0.5677098760513616
1998-12-14,0.5823040455962967
1998-12-15,0.4880060804111873
1998-12-16,3.2523050928412682
1998-12-17,0.09231570531069784
1998-12-18,1.659464672189643
1998-12-21,-0.16766670991703325
1998-12-22,-0.20698792841129374
1998-12-23,-1.7931415285962233
1998-12-24,-1.500285512570073
1998-12-25,0.0
1998-12-28,3.067499999999935
1998-12-29,0.5570088974041886
1998-12-30,2.8535626935205647
1998-12-31,1.1224999999999297
1999-01-01,0.0
1999-01-04,2.235000000000009
1999-01-05,0.0704999999999638
1999-01-06,-3.802499999999936
1999-01-07,0.6416089420693182
1999-01-08,-2.8526131317790453
1999-01-11,-2.4812956123063685
1999-01-12,-3.768000000000018
1999-01-13,-10.332101908616599
1999-01-14,-2.3695411545817753
1999-01-15,7.257179906448525
1999-01-18,-0.010870577719607937
1999-01-19,1.7789999999999715
1999-01-20,-1.0839999999999805
1999-01-21,-0.219999999999988
1999-01-22,-0.0610000000000367
1999-01-25,-0.5625201311009304
1999-01-26,0.5984812511945703
1999-01-27,0.22500000000000364
1999-01-28,0.20648251244031537
1999-01-29,1.3174830282651842
1999-02-01,-0.8254556407067608
1999-02-02,-0.8000000000000116
1999-02-03,0.5475282572653298
1999-02-04,-0.17999999999998995
1999-02-05,-0.6603049457122662
1999-02-08,-0.5299999999999795
1999-02-09,0.5321919841976677
1999-02-10,-1.1938268368182323
1999-02-11,2.0549999999999824
1999-02-12,1.2060000000000137
1999-02-15,-0.04709391423984447
1999-02-16,1.4850000000000005
1999-02-17,0.5100020586268742
1999-02-18,-1.4978615668976016
1999-02-19,0.2949999999999985
1999-02-22,0.932499999999992
1999-02-23,-0.4657316552788801
1999-02-24,3.559637366704613
1999-02-25,0.9699999999999996
1999-02-26,2.475
1999-03-01,-0.7104424596759786
1999-03-02,-3.6480000000000055
1999-03-03,0.8154784627519619
1999-03-04,-0.08010790010767149
1999-03-05,0.5499999999999765
1999-03-08,-1.9364999999999921
1999-03-09,0.1608079829375513
1999-03-10,-0.009999999999999818
1999-03-11,-0.010000000000000774
1999-03-12,2.396499999999986
1999-03-15,0.7183466776309733
1999-03-16,-2.657499999999992
1999-03-17,-0.36500000000000804
1999-03-18,0.2355405032404269
1999-03-19,-2.1574999999999958
1999-03-22,-1.5168911821639433
1999-03-23,2.9930173431599183
1999-03-24,0.1723120656738567
1999-03-25,0.5674999999999829
1999-03-26,0.5640000000000014
1999-03-29,2.483500000000006
1999-03-30,-0.49675213276401237
1999-03-31,4.6174999999999935
1999-04-01,1.5311294811837417
1999-04-02,-0.44250000000000683
1999-04-05,2.941000000000009
1999-04-06,-0.2475000000000055
1999-04-07,0.5575
1999-04-08,-0.4984999999999885
1999-04-09,-1.9626565180589026
1999-04-12,3.1620000000000013
1999-04-13,-0.8220000000000058
1999-04-14,-0.7923070358952362
1999-04-15,-1.207500000000016
1999-04-16,2.583000000000004
1999-04-19,1.7444999999997555
1999-04-20,-2.569499999999992
1999-04-21,1.969499999999991
1999-04-22,3.6300000000000145
1999-04-23,0.20249999999998125
1999-04-26,2.632500000000019
1999-04-27,1.1374999999999986
1999-04-28,0.9780000000000025
1999-04-29,0.7445257957133886
1999-04-30,0.997499999999992
1999-05-03,0.29764941328129035
1999-05-04,-2.034499999999988
1999-05-05,0.7795000000000072
1999-05-06,-0.45199999999999435
1999-05-07,1.8956887489939285
1999-05-10,-0.16181424152104373
1999-05-11,-0.07250000000001441
1999-05-12,-1.0424999999999807
1999-05-13,-0.1606699697776181
1999-05-14,0.5132111370945501
1999-05-17,-0.42978226850187284
1999-05-18,2.224500000000004
1999-05-19,0.30859570689987126
1999-05-20,0.614999999999973
1999-05-21,-2.265228344607454
1999-05-24,3.488499999999999
1999-05-25,-8.37249999999975
1999-05-26,-0.06823448742721061
1999-05-27,-3.068149232084442
1999-05-28,-0.04399999999997535
1999-05-31,0.0
1999-06-01,1.5074999999999843
1999-06-02,1.4099999999999837
1999-06-03,-2.912499999999998
1999-06-04,4.023237212432511
1999-06-07,1.8714999999999942
1999-06-08,-1.579674350215834
1999-06-09,0.8625000000000568
1999-06-10,0.7805587337326471
1999-06-11,3.2799999999999727
1999-06-14,-0.32999999999997254
1999-06-15,3.4399999999999693
1999-06-16,1.2900000000000544
1999-06-17,-0.16000000000004802
1999-06-18,-1.5479607556717812
1999-06-21,1.6650000000000342
1999-06-22,2.884999999999964
1999-06-23,-0.9099999999999855
1999-06-24,1.5100000000000087
1999-06-25,-1.5849999999999802
1999-06-28,2.1725000000000088
1999-06-29,-1.0975000000000052
1999-06-30,-0.6500000000000317
1999-07-01,4.985000000000004
1999-07-02,4.417229838325735
1999-07-05,-0.003535664591623528
1999-07-06,4.559999999999964
1999-07-07,0.9565611454792546
1999-07-08,2.4937499999999635
1999-07-09,0.8807221637011076
1999-07-12,-3.000249999999947
1999-07-13,1.3924999999999996
1999-07-14,-0.42904612654564
1999-07-15,-2.223749999999982
1999-07-16,3.7789999999999546
1999-07-19,-1.3689085561558119
1999-07-20,-3.45875
1999-07-21,-3.871018024892868
1999-07-22,0.3822179355215403
1999-07-23,-4.21035884689157
1999-07-26,3.726599178066194
1999-07-27,3.8937450966159295
1999-07-28,0.8740473680694923
1999-07-29,-2.576750000000015
1999-07-30,-0.3945000000000097
1999-08-02,-4.766249999999995
1999-08-03,-1.6322452127268607
1999-08-04,-2.126749999999996
1999-08-05,-0.9516301284801529
1999-08-06,0.9855000000000156
1999-08-09,1.4537499999999786
1999-08-10,-1.9962500000000092
1999-08-11,6.51035519136405
1999-08-12,2.476820666656983
1999-08-13,-0.1850497819484551
1999-08-16,-0.6067701804987031
1999-08-17,-1.0487500000000014
1999-08-18,-0.2955623321537081
1999-08-19,1.3157500000000075
1999-08-20,0.6312500000000076
1999-08-23,0.8567499999999812
1999-08-24,1.6007500000000197
1999-08-25,-1.3920000000000015
1999-08-26,0.4038549998879098
1999-08-27,0.1092500000000021
1999-08-30,0.3109988985285859
1999-08-31,0.783646265785101
1999-09-01,-0.1599999999999859
1999-09-02,-0.2659668572459584
1999-09-03,0.43424999999998026
1999-09-06,0.0
1999-09-07,-0.99924999999998
1999-09-08,1.2567499999999807
1999-09-09,0.8917980420686415
1999-09-10,1.912499999999976
1999-09-13,0.2723640112587874
1999-09-14,0.28749999999999143
1999-09-15,1.7750594401427435
1999-09-16,-2.697936235601559
1999-09-17,2.129999999999989
1999-09-20,2.269895583246328
1999-09-21,-0.3650937129742856
1999-09-22,1.1149999999999975
1999-09-23,0.7774050694227831
1999-09-24,-1.148449504592383
1999-09-27,-1.0051037846109525
1999-09-28,-2.4375000000000093
1999-09-29,0.247500000000001
1999-09-30,3.2024999999999983
1999-10-01,-0.5449999999999966
1999-10-04,-2.132499999999997
1999-10-05,1.5723697079841918
1999-10-06,-0.6676316240453802
1999-10-07,1.5299999999999938
1999-10-08,2.8598525382377757
1999-10-11,-0.13
1999-10-12,-1.4726498229913292
1999-10-13,-3.1575000000000037
1999-10-14,-2.74287447950204
1999-10-15,-1.354407263041702
1999-10-18,-1.4101575063856748
1999-10-19,3.1400000000000023
1999-10-20,0.7250000000000056
1999-10-21,0.188000000000005
1999-10-22,1.3848536926130202
1999-10-25,-1.8476508219455112
1999-10-26,-0.2000000000000025
1999-10-27,1.032499999999993
1999-10-28,0.9825
1999-10-29,2.6523514939412145
1999-11-01,-0.420148299300091
1999-11-02,1.2395
1999-11-03,2.0753626509624774
1999-11-04,1.0150000000000021
1999-11-05,-0.7906360406738057
1999-11-08,2.5379999999999856
1999-11-09,0.029140438057245668
1999-11-10,3.4618696143038115
1999-11-11,0.525
1999-11-12,1.517999999999999
1999-11-15,-0.8550068001151839
1999-11-16,-0.42026584319192983
1999-11-17,2.3594999999999993
1999-11-18,-0.14710941697024754
1999-11-19,0.5557499999999949
1999-11-22,-2.17011095260395
1999-11-23,-0.04574999999999352
1999-11-24,1.7320863999586669
1999-11-25,0.0
1999-11-26,-1.4127499999999986
1999-11-29,-0.8462499999999951
1999-11-30,1.2499999999999913
1999-12-01,-3.5422499999999912
1999-12-02,-1.4743750000000069
1999-12-03,5.004919292853736
1999-12-06,-2.6698453673722646
1999-12-07,1.9643750000000058
1999-12-08,1.5632500000000045
1999-12-09,3.607999999999996
1999-12-10,0.802624999999994
1999-12-13,1.5062500000000032
1999-12-14,-2.6612499999999963
1999-12-15,1.3876250000000026
1999-12-16,-1.272499999999999
1999-12-17,-0.5224263202602563
1999-12-20,-1.8187499999999859
1999-12-21,1.0081249999999928
1999-12-22,-1.7395931889478313
1999-12-23,-1.8246249999997195
1999-12-24,-0.006588167906747003
1999-12-27,-4.656000000000286
1999-12-28,2.0875000000000012
1999-12-29,0.10500000000000223
1999-12-30,-0.5765000000000066
1999-12-31,0.5666762512591182
2000-01-03,4.048999999999716
2000-01-04,-5.248749999999985
2000-01-05,0.42361196260989886
2000-01-06,-1.4854999999999856
2000-01-07,-0.47951164469735574
2000-01-10,0.5462499999999945
2000-01-11,-0.933357758251776
2000-01-12,-7.585500000000205
2000-01-13,-0.7619270415568132
2000-01-14,1.2393888765550176
2000-01-17,-0.00254923426245621
2000-01-18,0.6162500000000086
2000-01-19,-1.1001759679293595
2000-01-20,-0.12505078117207855
2000-01-21,-2.067505861641243
2000-01-24,-2.923305616628642
2000-01-25,-0.5238037719409511
2000-01-26,3.145124999999966
2000-01-27,-2.0022106119063983
2000-01-28,0.3193023324968163
2000-01-31,1.6049579696286287
2000-02-01,-0.9654877097498387
2000-02-02,1.627567305038287
2000-02-03,3.409249999999991
2000-02-04,0.628750000000028
2000-02-07,-0.22812499999996816
2000-02-08,0.6561333699731938
2000-02-09,-0.2293749999999932
2000-02-10,-1.0731250000000505
2000-02-11,1.5312500000000497
2000-02-14,-0.18250000000005012
2000-02-15,1.3138720224904425
2000-02-16,-0.20250000000002047
2000-02-17,0.6285000000002547
2000-02-18,0.3993750000000168
2000-02-21,-0.002764433988932915
2000-02-22,-2.4675000000002756
2000-02-23,4.238124999999959
2000-02-24,-1.1431503445615003
2000-02-25,1.615000000000046
2000-02-28,0.34926878611044276
2000-02-29,-1.197500000000031
2000-03-01,1.0924999999999974
2000-03-02,1.3335419032982812
2000-03-03,-0.7187499999999796
2000-03-06,-0.7052499999999631
2000-03-07,3.7937499999999678
2000-03-08,-0.28599999999970793
2000-03-09,-1.2840000000003287
2000-03-10,-0.8112499999999544
2000-03-13,-3.8909999999999743
2000-03-14,-1.9525000000000305
2000-03-15,1.212796689117987
2000-03-16,0.6273142587649736
2000-03-17,-1.1879158233507243
2000-03-20,1.5741588351928115
2000-03-21,2.011902310379831
2000-03-22,1.2499999999996763
2000-03-23,2.443375000000317
2000-03-24,-0.3577591947181477
2000-03-27,0.8124999999999869
2000-03-28,1.0814999999999897
2000-03-29,-1.7663806911057407
2000-03-30,-1.7884999999999593
2000-03-31,1.4784999999999613
2000-04-03,-1.1380557874857637
2000-04-04,-2.056000000000026
2000-04-05,-0.3097306818947503
2000-04-06,1.5569328932660533
2000-04-07,2.3000000000000065
2000-04-10,0.9699999999999844
2000-04-11,-1.8430622654454016
2000-04-12,-2.322500000000292
2000-04-13,-1.1750000000000091
2000-04-14,-2.5999999999996932
2000-04-17,1.157297281492138
2000-04-18,2.5884917999069046
2000-04-19,-0.9575000000002765
2000-04-20,1.0649999999999988
2000-04-21,0.0
2000-04-24,-1.4139999999997177
2000-04-25,-0.9850000000000011
2000-04-26,0.9614999999999965
2000-04-27,-0.45
2000-04-28,1.8675000000000028
2000-05-01,-0.7125000000002849
2000-05-02,-1.711996692993199
2000-05-03,-3.721499999999996
2000-05-04,-0.7869909093894919
2000-05-05,-2.5813631278594014
2000-05-08,1.2248195367081247
2000-05-09,0.18220240942824498
2000-05-10,-3.4400000000002615
2000-05-11,1.328809777053209
2000-05-12,-1.3926250000002536
2000-05-15,4.0067326373078025
2000-05-16,1.1360765632052932
2000-05-17,-1.2361249999997344
2000-05-18,-1.0151250000002492
2000-05-19,-0.4692499999997457
2000-05-22,1.581749999999988
2000-05-23,0.425750000000014
2000-05-24,1.2080000000000013
2000-05-25,1.3849999999999727
2000-05-26,-0.5583747799921263
2000-05-29,0.0
2000-05-30,2.7776250000002554
2000-05-31,0.3890467491356779
2000-06-01,0.26030028611234046
2000-06-02,-1.7685925349671812
2000-06-05,0.17887499999999557
2000-06-06,-4.9762499999999985
2000-06-07,-0.929458524772266
2000-06-08,-0.9737071274416269
2000-06-09,0.2521522655382868
2000-06-12,6.259999999999998
2000-06-13,0.20966958005245373
2000-06-14,2.15822841618016
2000-06-15,-2.39849999999999
2000-06-16,-0.317500000000183
2000-06-19,1.0261689256601212
2000-06-20,0.7988667480812902
2000-06-21,-0.9594669383187105
2000-06-22,-1.1622499999999976
2000-06-23,0.35928190019501877
2000-06-26,0.9151489038034788
2000-06-27,-0.9588035114030654
2000-06-28,3.5388749999999987
2000-06-29,1.0051412496239265
2000-06-30,5.378293162659442
2000-07-03,7.425904518049675
2000-07-04,-0.0031695079535544496
2000-07-05,0.11312500000000998
2000-07-06,0.6477500000000062
2000-07-07,0.13999999999998747
2000-07-10,2.012499999999998
2000-07-11,0.5471817197560991
2000-07-12,-0.7193935044809875
2000-07-13,1.2356250000000055
2000-07-14,1.1088613946540393
2000-07-17,1.5481249999998399
2000-07-18,-1.1561138804043816
2000-07-19,-2.0300000000000105
2000-07-20,2.0652500000000025
2000-07-21,-0.9764999999999993
2000-07-24,0.8046249999998384
2000-07-25,1.3459583623523552
2000-07-26,1.2856249999998226
2000-07-27,0.4143750000001966
2000-07-28,-0.4750135472620863
2000-07-31,0.5418750000002079
2000-08-01,0.8087083556274588
2000-08-02,-0.3431314320114966
2000-08-03,-0.009749999999999181
2000-08-04,3.2268669005751023
2000-08-07,-0.358756507332009
2000-08-08,-0.26687499999999487
2000-08-09,1.1039898835776392
2000-08-10,1.191182159011094
2000-08-11,1.7874999999999588
2000-08-14,-0.2800045198918913
2000-08-15,0.944816927499012
2000-08-16,-0.7999999999999865
2000-08-17,1.228750000000025
2000-08-18,-2.404289903813559
2000-08-21,1.4185817420214972
2000-08-22,1.0999999999999595
2000-08-23,1.283008051849638
2000-08-24,1.577499999999977
2000-08-25,-1.065490205003799
2000-08-28,-2.4965713539700634
2000-08-29,-4.07999999999983
2000-08-30,2.6992500000000517
2000-08-31,0.11624999999999308
2000-09-01,2.606249999999964
2000-09-04,-0.0031102863378145574
2000-09-05,-4.0087499999999725
2000-09-06,-0.3725000000000409
2000-09-07,-0.36509529921218054
2000-09-08,0.6292499999999781
2000-09-11,0.6949999999997654
2000-09-12,1.3700000000002563
2000-09-13,0.9074999999997266
2000-09-14,0.9725000000002499
2000-09-15,-2.9837499999999966
2000-09-18,-1.6573312449822284
2000-09-19,2.309999999999965
2000-09-20,-2.5387499999999483
2000-09-21,5.911715561524033e-15
2000-09-22,-1.3680000000000472
2000-09-25,1.1730000000000533
2000-09-26,-0.07574339756591897
2000-09-27,-0.031999999999966146
2000-09-28,-1.3410466984295757
2000-09-29,-0.43826024216525855
2000-10-02,0.04500000000008004
2000-10-03,-2.7432500000000815
2000-10-04,-3.2792499999999025
2000-10-05,1.2624999999999211
2000-10-06,0.8217500000000743
2000-10-09,1.1173011834152993
2000-10-10,-0.8130000000000444
2000-10-11,0.06625474558490003
2000-10-12,-4.007557985065163
2000-10-13,1.024999999999958
2000-10-16,0.8474999999999971
2000-10-17,-0.10625000000001673
2000-10-18,1.4159999999999984
2000-10-19,1.2075615212933843
2000-10-20,1.0250000000000563
2000-10-23,1.1910000000000651
2000-10-24,-1.911167462461432
2000-10-25,-2.303749999999926
2000-10-26,-0.7240000000001041
2000-10-27,1.4740000000000735
2000-10-30,0.24166620061868588
2000-10-31,-2.374499999999943
2000-11-01,0.00951284899297318
2000-11-02,-2.049500000000048
2000-11-03,-5.090525452567902
2000-11-06,-1.5164137995601261
2000-11-07,0.8822681008636667
2000-11-08,-1.9324999999999994
2000-11-09,2.38315797455861
2000-11-10,4.308749999999909
2000-11-13,2.106135960430588
2000-11-14,1.4409819616077881
2000-11-15,2.4000000000000092
2000-11-16,-0.3093749999999814
2000-11-17,-1.3392500000000138
2000-11-20,2.0161249999999535
2000-11-21,0.872500000000046
2000-11-22,1.967633991263998
2000-11-23,-0.003115999136010183
2000-11-24,-1.293750000000004
2000-11-27,1.303124999999912
2000-11-28,0.5612500000000685
2000-11-29,3.343500000000063
2000-11-30,-0.07735533722618927
2000-12-01,-0.529000000000068
2000-12-04,0.6650000000000079
2000-12-05,2.4506250000001004
2000-12-06,2.750664838987161
2000-12-07,2.6128856350515353
2000-12-08,-2.852500000000024
2000-12-11,-0.7549999999999013
2000-12-12,-0.7900000000000026
2000-12-13,4.8124999999998765
2000-12-14,0.17250000000003674
2000-12-15,1.4149999999999643
2000-12-18,-0.2124999999998794
2000-12-19,-2.705097256592894
2000-12-20,-2.471711658383505
2000-12-21,-1.9938884339855338
2000-12-22,1.0993750000000095
2000-12-25,0.0
2000-12-26,0.20687499999992554
2000-12-27,-2.8644999999999743
2000-12-28,-1.0573749999999729
2000-12-29,-1.3294999999999975
2001-01-01,-0.002324327215386746
2001-01-02,2.678249999999898
2001-01-03,-3.1020253335203782
2001-01-04,1.4816627046474677
2001-01-05,3.9417128899217473
2001-01-08,1.3734557661161406
2001-01-09,-2.5474999999999937
2001-01-10,-3.773749999999973
2001-01-11,1.2325000000000168
2001-01-12,-2.4066190930045424
2001-01-15,-0.0031271642541915753
2001-01-16,-0.23749999999997654
2001-01-17,2.854999999999937
2001-01-18,2.5661135340132426
2001-01-19,0.33162500000003425
2001-01-22,-0.7918750000000148
2001-01-23,-0.2658535216518145
2001-01-24,1.8491449023999103
2001-01-25,1.115625000000012
2001-01-26,1.2222778605653857
2001-01-29,1.517278621507386
2001-01-30,-0.4537179905644464
2001-01-31,1.9422928837084048
2001-02-01,-1.5816993778308637
2001-02-02,-1.8891250000000228
2001-02-05,0.4299999999999958
2001-02-06,-0.11837500000004349
2001-02-07,1.1576293614088309
2001-02-08,1.5907830771237446
2001-02-09,-0.17385250417729833
2001-02-12,1.3255428719582907
2001-02-13,-0.7338306183546961
2001-02-14,-2.4350596286402637
2001-02-15,0.05205352787778532
2001-02-16,0.9175000000000006
2001-02-19,-0.0032110735872704
2001-02-20,0.4277499999999428
2001-02-21,-0.493999999999924
2001-02-22,0.8268749999999777
2001-02-23,2.055095788225485
2001-02-26,1.0557257686893873
2001-02-27,-0.09177032438771497
2001-02-28,-1.5769556397094624
2001-03-01,-0.517624999999961
2001-03-02,0.5725000000000048
2001-03-05,0.8157213914419326
2001-03-06,-1.2801249999999964
2001-03-07,3.1962499999999836
2001-03-08,-0.0018608371927063781
2001-03-09,-0.1308750000000211
2001-03-12,-0.6921634554629694
2001-03-13,2.928750000000019
2001-03-14,2.6043749999999948
2001-03-15,4.608749999999992
2001-03-16,4.229159109585549
2001-03-19,-0.7297352988822162
2001-03-20,0.3350000000000082
2001-03-21,0.9518017760305697
2001-03-22,0.8075000000000199
2001-03-23,-0.9800000000000326
2001-03-26,-0.4674999999999389
2001-03-27,-3.172500000000014
2001-03-28,1.7450000000000343
2001-03-29,1.822499999999974
2001-03-30,5.362500000000009
2001-04-02,-2.067499999999969
2001-04-03,-0.16499999999999873
2001-04-04,-0.8075000000000556
2001-04-05,-1.4024999999999457
2001-04-06,4.152499999999996
2001-04-09,1.7421238494506393
2001-04-10,0.5724999999999997
2001-04-11,-1.6558098652894195
2001-04-12,-1.7718749999999592
2001-04-13,0.0
2001-04-16,-2.043750000000042
2001-04-17,5.793472082903302
2001-04-18,2.0194610131259574
2001-04-19,-0.8742240812405601
2001-04-20,-1.1584698418910055
2001-04-23,3.9062500000000284
2001-04-24,4.770000000000011
2001-04-25,-2.217861668359575
2001-04-26,-0.5910000000000375
2001-04-27,0.47250000000003817
2001-04-30,-0.7750000000000032
2001-05-01,-0.10525000000003638
2001-05-02,-1.269749999999996
2001-05-03,2.158750000000027
2001-05-04,-1.0912499999999954
2001-05-07,3.2637499999999764
2001-05-08,2.1297500000000387
2001-05-09,0.49124999999996816
2001-05-10,2.8752499999999963
2001-05-11,-1.48902969012734
2001-05-14,-0.16209723933163658
2001-05-15,-0.4593250448109266
2001-05-16,0.4487623817799723
2001-05-17,6.682108279720161
2001-05-18,-0.36765759922427105
2001-05-21,5.654874999999992
2001-05-22,1.1700000000000117
2001-05-23,-2.9912500000000115
2001-05-24,-1.306031659173903
2001-05-25,1.2625000000000122
2001-05-28,0.0
2001-05-29,0.6756250000000098
2001-05-30,-2.943875000000006
2001-05-31,-0.25237499999999635
2001-06-01,-3.122500000000027
2001-06-04,1.8231247085341387
2001-06-05,1.2604999999999815
2001-06-06,-0.4379999999999958
2001-06-07,-0.29262499999999675
2001-06-08,2.5258679742381673
2001-06-11,-0.25562499999997396
2001-06-12,-0.7938750000000274
2001-06-13,2.7018750000000074
2001-06-14,-0.8187386634823837
2001-06-15,4.621374999999997
2001-06-18,-0.31075000000000114
2001-06-19,-2.3670603834922455
2001-06-20,1.365000000000022
2001-06-21,1.8092499999999871
2001-06-22,1.068750000000018
2001-06-25,1.8031206920307123
2001-06-26,-0.11049999999998282
2001-06-27,-2.6895000000000078
2001-06-28,-1.6454999999999986
2001-06-29,0.9200000000000197
2001-07-02,-0.9856296020890201
2001-07-03,-2.134138437328116
2001-07-04,0.0
2001-07-05,-3.3000000000000016
2001-07-06,-2.8450000000000006
2001-07-09,-1.0837500000000013
2001-07-10,-4.8460000000000045
2001-07-11,-8.163749999999979
2001-07-12,-9.005873392355106
2001-07-13,5.759144567315857
2001-07-16,5.6619058854321125
2001-07-17,0.8257311801263524
2001-07-18,2.073388462527855
2001-07-19,-0.526319884518369
2001-07-20,4.626249999999994
2001-07-23,1.502718120097047
2001-07-24,-2.061250000000012
2001-07-25,-2.7366249999999837
2001-07-26,0.8128749999999787
2001-07-27,-0.14062499999998837
2001-07-30,1.665470521114009
2001-07-31,0.037499999999981264
2001-08-01,-1.1890613062076834
2001-08-02,1.8137443260347632
2001-08-03,0.7694999999999683
2001-08-06,0.20550000000002128
2001-08-07,-0.5355000000000362
2001-08-08,2.248000000000027
2001-08-09,-1.6204999999999947
2001-08-10,0.6424999999999756
2001-08-13,-0.4274999999999785
2001-08-14,-0.2730661743978302
2001-08-15,1.4485957090052595
2001-08-16,1.728670157594473
2001-08-17,1.0500000000000393
2001-08-20,-0.28750000000004433
2001-08-21,-1.4599999999999849
2001-08-22,0.6785865777256982
2001-08-23,-0.5500000000000164
2001-08-24,1.3934999999999644
2001-08-27,-1.6434999999999986
2001-08-28,1.357539190520138
2001-08-29,0.7518750000000238
2001-08-30,-2.0188074968301217
2001-08-31,-0.49250000000005956
2001-09-03,0.0
2001-09-04,-3.3500000000000196
2001-09-05,-0.046249999999974443
2001-09-06,1.7362499999999899
2001-09-07,-0.654999999999936
2001-09-10,-2.123737472425256
2001-09-11,-5.234374999999981
2001-09-12,-0.01575216255880809
2001-09-13,5.125624999999956
2001-09-14,2.7416250000000453
2001-09-17,1.8137944608000482
2001-09-18,-0.17062880566744984
2001-09-19,0.9946265183917391
2001-09-20,-1.252490068940841
2001-09-21,2.0874999999999897
2001-09-24,0.05750986948630068
2001-09-25,-0.7499850070648214
2001-09-26,0.5238630852662128
2001-09-27,2.0650141923542114
2001-09-28,0.7200000000000272
2001-10-01,2.561549719085104
2001-10-02,0.7063943285595191
2001-10-03,-0.12561640753183959
2001-10-04,-1.9374999999998692
2001-10-05,-1.4804794338785787
2001-10-08,-0.65
2001-10-09,1.833750000000071
2001-10-10,1.8712499999999996
2001-10-11,-1.3637439351798482
2001-10-12,3.8268705252024757
2001-10-15,3.929999999999921
2001-10-16,2.4625000000000834
2001-10-17,-0.12750000000010367
2001-10-18,1.268845140156962
2001-10-19,-2.179267298772032
2001-10-22,1.0769999999999562
2001-10-23,-1.0853159787564375
2001-10-24,-0.37675000000004366
2001-10-25,0.8536249999999167
2001-10-26,0.6920016925479754
2001-10-29,2.012829320224174
2001-10-30,0.7052283149735465
2001-10-31,3.8085000000000604
2001-11-01,0.3464875356937761
2001-11-02,-2.9779756022193453
2001-11-05,4.62046021847212
2001-11-06,1.2043636496424117
2001-11-07,3.1737508657311593
2001-11-08,-2.8912499999999777
2001-11-09,-1.6449991934273864
2001-11-12,-0.002984440627318786
2001-11-13,-3.2856249999998797
2001-11-14,-1.6681203408215657
2001-11-15,-6.7301915611091765
2001-11-16,-2.8667286278483513
2001-11-19,3.4211473264230285
2001-11-20,-2.090835788346874
2001-11-21,-1.2406249999999561
2001-11-22,-0.00245731601558386
2001-11-23,-0.832125000000044
2001-11-26,2.4650174935020273
2001-11-27,-1.7987499999999572
2001-11-28,2.0434999999999777
2001-11-29,0.6731795452420826
2001-11-30,-0.9352498245370974
2001-12-03,2.526385368524787
2001-12-04,1.2835000000000254
2001-12-05,-2.516250000000059
2001-12-06,-0.3962499999999528
2001-12-07,-0.31625000000003894
2001-12-10,0.1377500000000156
2001-12-11,2.525763632895725
2001-12-12,2.990000000000013
2001-12-13,0.3085000000000011
2001-12-14,-0.44725000000001347
2001-12-17,1.0423146648627888
2001-12-18,0.7002499999999887
2001-12-19,1.0854632899614298
2001-12-20,-2.2235000000000147
2001-12-21,3.4875682681885904
2001-12-24,0.8887499999999786
2001-12-25,0.0
2001-12-26,-0.9564999999999987
2001-12-27,0.42125
2001-12-28,-1.5511524676614936
2001-12-31,1.6724999999999877
2002-01-01,-0.0023783116239099594
2002-01-02,1.7375000000000096
2002-01-03,-0.051249999999986355
2002-01-04,-2.8433484512455163
2002-01-07,0.09224999999998336
2002-01-08,-1.9509999999999912
2002-01-09,-0.6290000000000328
2002-01-10,-1.0149999999999582
2002-01-11,1.794157484515594
2002-01-14,0.035776985461829613
2002-01-15,-0.7325000000000135
2002-01-16,-0.6862499999999887
2002-01-17,3.9574999999999845
2002-01-18,0.49250000000000943
2002-01-21,0.0
2002-01-22,1.1262500000000182
2002-01-23,-0.3312500000000269
2002-01-24,0.001250000000028831
2002-01-25,-0.33853149907908914
2002-01-28,-0.05499999999998417
2002-01-29,0.2890041401047113
2002-01-30,2.571250000000024
2002-01-31,-0.4259921181392924
2002-02-01,1.4950000000000045
2002-02-04,-0.1909897295720107
2002-02-05,1.569999999999983
2002-02-06,2.6637500000000096
2002-02-07,-1.9162500000000018
2002-02-08,2.388389919806422
2002-02-11,0.0951904409100471
2002-02-12,-0.06031693374581232
2002-02-13,-3.0056250000000033
2002-02-14,0.30750000000000494
2002-02-15,3.3104749796149497
2002-02-18,-0.0028183727730959124
2002-02-19,-1.3903750000000048
2002-02-20,-0.7743749999999932
2002-02-21,0.11062500000000171
2002-02-22,1.379589577925786
2002-02-25,4.578500000000025
2002-02-26,-0.22099587529058048
2002-02-27,0.020690746565165074
2002-02-28,-1.6490542840310425
2002-03-01,-0.814999999999989
2002-03-04,1.1089999999999975
2002-03-05,-0.8175000000000363
2002-03-06,0.6803750000000052
2002-03-07,-1.4185799111551654
2002-03-08,-1.9143749999999857
2002-03-11,-0.4542494839867276
2002-03-12,-1.500125554290873
2002-03-13,2.991875000000009
2002-03-14,-2.1906250000000274
2002-03-15,4.188292137067378
2002-03-18,-0.2220000000000244
2002-03-19,0.3575000000000564
2002-03-20,0.06325000000003801
2002-03-21,1.3443076473612967
2002-03-22,0.5243954894283906
2002-03-25,2.976658929887402
2002-03-26,-0.8694643496904522
2002-03-27,0.4064999999999938
2002-03-28,1.790000000000019
2002-03-29,0.0
2002-04-01,-0.2302500000000147
2002-04-02,0.04250000000003729
2002-04-03,2.418749999999968
2002-04-04,0.0037500000000136426
2002-04-05,2.1102499999999997
2002-04-08,-1.561250000000008
2002-04-09,0.17225000000002944
2002-04-10,0.7012499999999854
2002-04-11,-1.1760000000000121
2002-04-12,-0.1577082432295566
2002-04-15,0.2137500000000081
2002-04-16,-1.3452499999999705
2002-04-17,-5.5000000000000275
2002-04-18,2.773482793645265
2002-04-19,0.37449435967963174
2002-04-22,-0.34624999999995726
2002-04-23,-1.126875000000013
2002-04-24,1.7631249999999794
2002-04-25,-1.9355556342312414
2002-04-26,-0.15112499999999218
2002-04-29,0.09562499999997
2002-04-30,-0.8200411226881602
2002-05-01,-3.1722464103450743
2002-05-02,-0.7149903623767178
2002-05-03,1.2086462645261746
2002-05-06,-1.651800745788741
2002-05-07,-3.2074921165568084
2002-05-08,0.3134125356585192
2002-05-09,-0.9725129242231615
2002-05-10,-0.5199999999999741
2002-05-13,-8.520018340918527
2002-05-14,-0.2601357589641555
2002-05-15,1.042500000000024
2002-05-16,2.7000000000000477
2002-05-17,2.039316439780162
2002-05-20,-0.5989857414268144
2002-05-21,0.9910143124756807
2002-05-22,1.094999999999975
2002-05-23,-0.38768198025296796
2002-05-24,1.0224999999999924
2002-05-27,0.0
2002-05-28,-1.330000000000028
2002-05-29,-3.6484999999999776
2002-05-30,0.08666611089456251
2002-05-31,0.21937719722541926
2002-06-03,2.2799999999999274
2002-06-04,-1.977966367220463
2002-06-05,-0.08720685790368471
2002-06-06,1.7367164724215132
2002-06-07,0.17312499999993353
2002-06-10,1.0739111094045823
2002-06-11,2.9687499999999387
2002-06-12,-0.8557499999999939
2002-06-13,-0.49716750424645484
2002-06-14,3.5450000000000337
2002-06-17,-0.11012500000006875
2002-06-18,0.11325000000004964
2002-06-19,1.7712500000000562
2002-06-20,-5.864500000000094
2002-06-21,0.45163213721971557
2002-06-24,-5.725000000000033
2002-06-25,-1.9643232488345288
2002-06-26,0.6762500000000428
2002-06-27,-4.15538419653027
2002-06-28,0.30098922611318174
2002-07-01,-2.28166681898254
2002-07-02,3.6972772685245188
2002-07-03,1.228287334427017
2002-07-04,-0.0017126655729366809
2002-07-05,-3.1900000000000457
2002-07-08,2.90750000000006
2002-07-09,1.9482071449626395
2002-07-10,3.5900000000000842
2002-07-11,2.6024999999999663
2002-07-12,1.0800000000000005
2002-07-15,-2.2425000000000574
2002-07-16,-3.374293773723075
2002-07-17,2.0312078717201336
2002-07-18,1.7812500000000298
2002-07-19,0.9343750000000227
2002-07-22,-0.5117678197078851
2002-07-23,2.035867229678684
2002-07-24,-1.6610000000000011
2002-07-25,0.031137938465689935
2002-07-26,2.201875000000005
2002-07-29,-1.4107500000000313
2002-07-30,-2.956227459556127
2002-07-31,-0.4343750000000731
2002-08-01,1.6865460154011294
2002-08-02,2.339499999999964
2002-08-05,1.4199999999999773
2002-08-06,-1.862499999999963
2002-08-07,2.6788628114536355
2002-08-08,-1.0305000000000146
2002-08-09,1.457499999999957
2002-08-12,-2.4399999999999284
2002-08-13,0.31297702003493927
2002-08-14,-1.4280000000000312
2002-08-15,-1.3925392813202615
2002-08-16,-0.5972840399691884
2002-08-19,1.8299999999999963
2002-08-20,2.837500000000054
2002-08-21,-0.2274999999999832
2002-08-22,-2.144500000000035
2002-08-23,1.469499999999996
2002-08-26,0.6979999999999781
2002-08-27,-1.8299999999999454
2002-08-28,1.2219999999999036
2002-08-29,1.8275000000000272
2002-08-30,0.0730000000000583
2002-09-02,-0.003813303987769438
2002-09-03,1.4875000000000065
2002-09-04,0.7074999999999315
2002-09-05,0.7875000000000195
2002-09-06,-2.822999999999968
2002-09-09,-0.30000000000009147
2002-09-10,0.4880000000000244
2002-09-11,-1.6399999999999781
2002-09-12,3.554237840725279
2002-09-13,2.332999999999904
2002-09-16,0.7495000000001074
2002-09-17,0.8055000000000023
2002-09-18,-0.2730000000000864
2002-09-19,-0.8358242893950308
2002-09-20,-1.5349999999999637
2002-09-23,3.5247683748573277
2002-09-24,-0.37540441969632105
2002-09-25,-1.124000000000087
2002-09-26,0.7922439881260888
2002-09-27,1.139595139875653
2002-09-30,2.6774999999999856
2002-10-01,-1.2979498713249695
2002-10-02,-0.17499999999995589
2002-10-03,0.3424999999999193
2002-10-04,-0.9779615012308515
2002-10-07,0.591214494640141
2002-10-08,0.8799999999999532
2002-10-09,0.7925000000000227
2002-10-10,0.11701768404370103
2002-10-11,-0.7874999999999421
2002-10-14,0.24700318844900981
2002-10-15,-6.393042987523433
2002-10-16,-0.4825000000000323
2002-10-17,-2.2725000000000493
2002-10-18,0.7675000000000523
2002-10-21,-1.5575000000000392
2002-10-22,-0.4753422460363948
2002-10-23,1.0409599290359282
2002-10-24,1.8725000000000471
2002-10-25,1.9381536932103351
2002-10-28,-0.45649188337736585
2002-10-29,1.317500000000015
2002-10-30,-0.13853648827474643
2002-10-31,1.3979999999999837
2002-11-01,-1.375000000000091
2002-11-04,-1.3924999999999055
2002-11-05,-0.1375
2002-11-06,0.7644768179273435
2002-11-07,3.099999999999984
2002-11-08,-0.016594948447844
2002-11-11,0.08
2002-11-12,0.29999999999995147
2002-11-13,0.8750000000000097
2002-11-14,-3.1025000000000307
2002-11-15,-0.7661119192350536
2002-11-18,2.086479041174728
2002-11-19,-0.06750000000003412
2002-11-20,-1.7874999999999956
2002-11-21,-1.4120000000000323
2002-11-22,-1.0329999999999417
2002-11-25,0.6079999999999296
2002-11-26,1.589500000000059
2002-11-27,-3.0700000000000145
2002-11-28,-0.00410765067650507
2002-11-29,0.8125000000000059
2002-12-02,0.07549999999999127
2002-12-03,-0.5234671963602765
2002-12-04,-1.5535217743870786
2002-12-05,2.5355000000000145
2002-12-06,2.4949999999999957
2002-12-09,1.3174999999999482
2002-12-10,0.7520000000000434
2002-12-11,0.6779999999999473
2002-12-12,-0.4779999999999974
2002-12-13,-0.9515835578457253
2002-12-16,-0.9720000000000236
2002-12-17,-0.033000000000065303
2002-12-18,2.2425000000000286
2002-12-19,2.0074999999999634
2002-12-20,0.02248141448207418
2002-12-23,-0.3415000000000366
2002-12-24,0.13500000000003928
2002-12-25,-0.004119885342524454
2002-12-26,-0.3884999999999964
2002-12-27,1.490999999999954
2002-12-30,-1.0884999999999367
2002-12-31,0.9009999999999075
2003-01-01,-0.007187821277900228
2003-01-02,-5.406999999999959
2003-01-03,0.03199999999994834
2003-01-06,-1.3594999999999282
2003-01-07,1.4749999999999428
2003-01-08,-1.502499999999952
2003-01-09,-4.1649755490655105
2003-01-10,-0.701729076052072
2003-01-13,1.8519668204362085
2003-01-14,2.3194033821096696
2003-01-15,-0.226999999999956
2003-01-16,-0.2174999999999659
2003-01-17,0.7299999999999468
2003-01-20,0.0
2003-01-21,-2.2979999999999823
2003-01-22,1.5223307922333693
2003-01-23,0.05599999999998854
2003-01-24,-0.4409999999999384
2003-01-27,-1.3797227238714218
2003-01-28,-1.3774999999999336
2003-01-29,-0.6150000000000226
2003-01-30,0.6699999999999778
2003-01-31,-0.26572086612356044
2003-02-03,-0.24981327644795262
2003-02-04,0.9584999999999831
2003-02-05,-1.11687499999995
2003-02-06,1.022749999999945
2003-02-07,-0.18355158395973437
2003-02-10,-1.2353866576542358
2003-02-11,0.49849999999996397
2003-02-12,2.3208287740366056
2003-02-13,2.1593750000000322
2003-02-14,-1.4714645221069849
2003-02-17,-0.0029141656075139847
2003-02-18,0.858375000000051
2003-02-19,1.9859999999998996
2003-02-20,0.6796250000000663
2003-02-21,-0.49499999999996624
2003-02-24,1.135647241280076
2003-02-25,0.0403749999999256
2003-02-26,1.1393750000000673
2003-02-27,0.6190748008348562
2003-02-28,1.791478367748779
2003-03-03,0.39011806585821923
2003-03-04,0.5381249999999066
2003-03-05,0.1143750000000181
2003-03-06,-1.221250000000027
2003-03-07,1.7056249999999658
2003-03-10,2.5931250000000277
2003-03-11,0.7163755996072085
2003-03-12,-0.6793750000000229
2003-03-13,-5.066874999999971
2003-03-14,1.076049890435559
2003-03-17,-0.945224651425049
2003-03-18,-3.2284999999999053
2003-03-19,-1.5927072842951049
2003-03-20,-1.34332960669043
2003-03-21,-1.5137499999999604
2003-03-24,3.786193707523825
2003-03-25,0.7700013099448115
2003-03-26,0.7248587629308477
2003-03-27,0.11735876293091141
2003-03-28,1.6618127660917301
2003-03-31,-1.6841003989185004
2003-04-01,-0.34875940269843086
2003-04-02,-1.4347089491145983
2003-04-03,0.905477448448266
2003-04-04,-0.9154999999999665
2003-04-07,-1.9819999999999929
2003-04-08,0.5626163413281282
2003-04-09,1.6147124179020953
2003-04-10,0.6350000000000313
2003-04-11,0.6668407344230978
2003-04-14,-1.0254999999999812
2003-04-15,1.255500000000027
2003-04-16,0.8327157739483554
2003-04-17,0.7438224159725696
2003-04-18,0.0
2003-04-21,-0.2809999999999738
2003-04-22,-0.3875000000000394
2003-04-23,1.794392919715523
2003-04-24,3.3312500000000425
2003-04-25,1.1340363944563143
2003-04-28,1.028124999999998
2003-04-29,0.29974529497747204
2003-04-30,3.567125000000101
2003-05-01,0.4573977928458844
2003-05-02,-1.2623300714753631
2003-05-05,0.603582883425055
2003-05-06,1.152540254870439
2003-05-07,3.9341249999999395
2003-05-08,3.499375000000119
2003-05-09,-1.6474999999999982
2003-05-12,-0.06064256491317672
2003-05-13,2.5241987244067947
2003-05-14,-1.2570333519306178
2003-05-15,-6.1513969822495875
2003-05-16,5.877312793598082
2003-05-19,-0.1481251414740135
2003-05-20,3.9350968792052257
2003-05-21,-0.3321249999999604
2003-05-22,1.0583750000000212
2003-05-23,-0.13000000000004924
2003-05-26,0.0
2003-05-27,-3.6996250000000037
2003-05-28,0.7437500000000408
2003-05-29,3.3471562546464457
2003-05-30,-0.009999999999893702
2003-06-02,-0.3050000000000862
2003-06-03,2.076500000000032
2003-06-04,-4.58174756061503
2003-06-05,0.2336939439422548
2003-06-06,-4.145250000000074
2003-06-09,3.2730883457168836
2003-06-10,2.793125000000006
2003-06-11,0.32062499999988453
2003-06-12,-0.7779999999999794
2003-06-13,4.262374999999972
2003-06-16,-2.56812499999999
2003-06-17,-3.465000000000008
2003-06-18,-3.9881249999999455
2003-06-19,2.5079905259467643
2003-06-20,-1.0900000000000285
2003-06-23,2.7174999999999523
2003-06-24,0.885000000000069
2003-06-25,-1.6730000000000906
2003-06-26,-3.0916264138893608
2003-06-27,0.15049999999993177
2003-06-30,0.8378255178786166
2003-07-01,-0.4044999999999643
2003-07-02,-0.12838642439305065
2003-07-03,-0.6755000000000367
2003-07-04,-0.001679751846799502
2003-07-07,-3.2619999999999445
2003-07-08,-0.9747034808522369
2003-07-09,1.2654999999999719
2003-07-10,2.4475000000000633
2003-07-11,2.6832700114640082
2003-07-14,-1.9047293126284452
2003-07-15,-5.51219767128543
2003-07-16,0.6890472999068697
2003-07-17,-0.36573467266239024
2003-07-18,-0.19773467266246078
2003-07-21,-6.244244258262258
2003-07-22,0.4976900833261501
2003-07-23,-1.1591394641298367
2003-07-24,0.12950510574686236
2003-07-25,0.5401299602195287
2003-07-28,-2.8072500000000242
2003-07-29,-3.5096249999999927
2003-07-30,2.3148051989552383
2003-07-31,-3.9180846800965194
2003-08-01,-1.0796477549721026
2003-08-04,-1.7725000000000029
2003-08-05,-0.723807113365493
2003-08-06,1.6537500000000005
2003-08-07,0.47602150035073565
2003-08-08,-0.08625000000001447
2003-08-11,-0.969249999999988
2003-08-12,-3.8924999999999934
2003-08-13,-2.1071109625541684
2003-08-14,0.08425000000001073
2003-08-15,0.04404406564320154
2003-08-18,-3.1492499999999897
2003-08-19,2.4051860703029777
2003-08-20,-1.311917867803861
2003-08-21,-0.46199999999998753
2003-08-22,0.10325000000000828
2003-08-25,-0.9435419653425008
2003-08-26,-0.5093749999999881
2003-08-27,-0.429548519189774
2003-08-28,-0.851374999999991
2003-08-29,-1.13917238680606
2003-09-01,0.0
2003-09-02,-0.12837499999997917
2003-09-03,0.3079214871895233
2003-09-04,0.8668749999999884
2003-09-05,1.4350254176890842
2003-09-08,-1.1662500000000129
2003-09-09,0.4399569537301172
2003-09-10,1.064374999999987
2003-09-11,0.44687499999992253
2003-09-12,1.4321645757277517
2003-09-15,0.5568749999999862
2003-09-16,0.6793749999999101
2003-09-17,0.3306249999999899
2003-09-18,-0.03569181950932259
2003-09-19,0.25292410272286386
2003-09-22,0.32499999999989276
2003-09-23,0.08125000000011444
2003-09-24,1.2624999999998947
2003-09-25,-0.9459656080604997
2003-09-26,-0.17999999999996943
2003-09-29,-0.1146137128193083
2003-09-30,2.555000000000004
2003-10-01,-0.41999999999998533
2003-10-02,-1.7897416500951389
2003-10-03,-3.6012500000001384
2003-10-06,0.6237500000001466
2003-10-07,-1.047252141605752
2003-10-08,0.3049999999999654
2003-10-09,-0.07375000000010824
2003-10-10,2.3029707554760783
2003-10-13,-0.3
2003-10-14,-1.4827499999999956
2003-10-15,-0.01352483600011302
2003-10-16,-1.0935000000000807
2003-10-17,1.5137247533222533
2003-10-20,0.9654758618708064
2003-10-21,0.3837258618707972
2003-10-22,-0.7584999999999399
2003-10-23,-3.374999999999968
2003-10-24,2.286482710222971
2003-10-27,-0.3062500000000071
2003-10-28,1.0437500000000146
2003-10-29,-1.479999999999998
2003-10-30,-1.0586299549633527
2003-10-31,0.7175000000001188
2003-11-03,0.20100000000000864
2003-11-04,1.9674999999998757
2003-11-05,-1.4009061051406815
2003-11-06,-0.27874999999999484
2003-11-07,-0.7427500000000259
2003-11-10,0.4230142767088906
2003-11-11,0.0
2003-11-12,-1.2962499999999884
2003-11-13,0.9037499999998733
2003-11-14,0.7555392074762235
2003-11-17,0.5862499999999727
2003-11-18,0.17625000000010366
2003-11-19,-0.15645478758449938
2003-11-20,0.6975000000000428
2003-11-21,-0.2348328144186389
2003-11-24,-1.325624999999949
2003-11-25,0.05249999999983607
2003-11-26,-1.5743749999998642
2003-11-27,0.0
2003-11-28,-1.768125000000018
2003-12-01,-1.3149999999999746
2003-12-02,0.9178742060856766
2003-12-03,-0.518499999999958
2003-12-04,1.2118749999999423
2003-12-05,3.1472499999999926
2003-12-08,-0.8124999999999865
2003-12-09,-1.3297500000000781
2003-12-10,0.37000000000006994
2003-12-11,2.4128750000000267
2003-12-12,-1.141874999999999
2003-12-15,-0.6389264713121883
2003-12-16,1.218499999999986
2003-12-17,0.6512499999999807
2003-12-18,0.4550000000000511
2003-12-19,0.14761823979407931
2003-12-22,-0.8339999999998713
2003-12-23,-1.642875000000061
2003-12-24,2.420000000000021
2003-12-25,-0.002290154186919518
2003-12-26,0.5599999999999603
2003-12-29,-1.402749999999964
2003-12-30,-0.34999999999998294
2003-12-31,0.15417912717953608
2004-01-01,-0.0023000076006957173
2004-01-02,-1.2306249999999979
2004-01-05,0.20018410174825363
2004-01-06,2.5924446183503225
2004-01-07,1.2779322478825468
2004-01-08,0.05244501120248615
2004-01-09,3.6130661459082756
2004-01-12,0.10026066298160152
2004-01-13,-0.5662298499502542
2004-01-14,1.1435112611085556
2004-01-15,-0.2183455381479664
2004-01-16,-0.451068339431708
2004-01-19,-0.005666217292679663
2004-01-20,-1.2625000000001967
2004-01-21,-1.7087891302329512
2004-01-22,-0.25131046430432086
2004-01-23,1.6732855833890103
2004-01-26,-1.3880824100047837
2004-01-27,0.5201906652773559
2004-01-28,-4.647499999999939
2004-01-29,-2.3587442687134157
2004-01-30,2.9210000000001903
2004-02-02,-0.16831198332986594
2004-02-03,0.3567500000000183
2004-02-04,-1.4237500000002008
2004-02-05,-0.4211249999997995
2004-02-06,2.9998749999999688
2004-02-09,1.2657499999999742
2004-02-10,-1.2495000000001009
2004-02-11,3.7867724754620733
2004-02-12,-0.08250000000016493
2004-02-13,1.1498258181094796
2004-02-16,-0.007605718878634575
2004-02-17,0.39749999999999125
2004-02-18,-1.180000000000035
2004-02-19,1.1180000000000836
2004-02-20,-0.6829026388834065
2004-02-23,0.1600918645682788
2004-02-24,1.3053956842386643
2004-02-25,0.3624999999999232
2004-02-26,0.09698581509301024
2004-02-27,1.5875811321948974
2004-03-01,1.53509038132069
2004-03-02,-2.814495961075511
2004-03-03,-1.2986250000000736
2004-03-04,2.112347375578577
2004-03-05,6.530749999999892
2004-03-08,0.2303546606032186
2004-03-09,3.962500000000026
2004-03-10,-1.203394017715895
2004-03-11,0.28000000000007713
2004-03-12,0.28136904462886086
2004-03-15,1.3385000000000409
2004-03-16,1.1196604584164631
2004-03-17,1.8900000000000454
2004-03-18,0.13500000000002438
2004-03-19,-0.18500000000002148
2004-03-22,3.894659341334658
2004-03-23,0.20899999999997104
2004-03-24,-3.036500000000003
2004-03-25,-1.7659999999997809
2004-03-26,-4.135040779333271
2004-03-29,-3.950000000000022
2004-03-30,2.353500000000042
2004-03-31,6.096499999999939
2004-04-01,-0.1293840507773384
2004-04-02,-4.385999999999769
2004-04-05,-1.6401259361014073
2004-04-06,0.24350000000003202
2004-04-07,0.19999999999999143
2004-04-08,0.1774999999999991
2004-04-09,0.0
2004-04-12,-3.710999999999792
2004-04-13,-5.966500000000115
2004-04-14,-0.7700404164435182
2004-04-15,-2.588125000000042
2004-04-16,2.42604760989932
2004-04-19,-0.5831249999997845
2004-04-20,-2.098750000000219
2004-04-21,-1.060210723610142
2004-04-22,0.5068750000001657
2004-04-23,-1.0924999999999676
2004-04-26,0.7387499999997937
2004-04-27,2.1348075439223995
2004-04-28,-3.104000000000049
2004-04-29,-1.0607808725021703
2004-04-30,1.4221250000000345
2004-05-03,-0.24271114645990166
2004-05-04,0.24762500000015336
2004-05-05,-1.3070000000001036
2004-05-06,-2.6548749999998944
2004-05-07,-4.180018476156463
2004-05-10,-3.3852195358384436
2004-05-11,1.4830042544099622
2004-05-12,-0.5535042880919172
2004-05-13,-0.8812500000000113
2004-05-14,1.0010997412740557
2004-05-17,1.7305096569002596
2004-05-18,-1.1239999999998862
2004-05-19,0.29274999999988616
2004-05-20,-0.5487500000000161
2004-05-21,-0.46349084178815003
2004-05-24,1.69775
2004-05-25,0.9835000000001083
2004-05-26,0.4362500000000102
2004-05-27,1.0724999999998541
2004-05-28,-0.06224999999986221
2004-05-31,0.0
2004-06-01,0.7910000000000098
2004-06-02,-0.17500000000000512
2004-06-03,-0.2935000000001172
2004-06-04,-0.09999999999988658
2004-06-07,0.15474999999988662
2004-06-08,-0.07856159403461081
2004-06-09,-0.6280000000001579
2004-06-10,-0.3882499999998401
2004-06-11,-0.00250223239947349
2004-06-14,-1.227499999999983
2004-06-15,1.8299999999999836
2004-06-16,0.3057471855941633
2004-06-17,0.5392500000000203
2004-06-18,-0.3062467434894407
2004-06-21,0.8962509958291549
2004-06-22,-0.41274764492005867
2004-06-23,0.07375199470832271
2004-06-24,0.7737156826596935
2004-06-25,-0.24874999999998043
2004-06-28,-3.6052611076646595
2004-06-29,-0.14450863096151492
2004-06-30,1.5211330949789348
2004-07-01,-0.07921116733492746
2004-07-02,2.6427500000000332
2004-07-05,-0.003815298980036522
2004-07-06,-0.5477500000000415
2004-07-07,-0.29000000000018655
2004-07-08,-0.2280360113802531
2004-07-09,0.6212499999997965
2004-07-12,0.09616429505816464
2004-07-13,0.21731971404613282
2004-07-14,0.18802487721823302
2004-07-15,-0.4131249999999809
2004-07-16,3.5299179183793754
2004-07-19,0.9757904872789356
2004-07-20,-1.8250000000000037
2004-07-21,-0.634489411936368
2004-07-22,1.951874999999923
2004-07-23,-0.19812499999997163
2004-07-26,-1.532439161859835
2004-07-27,-1.473266256942651
2004-07-28,2.243249999999714
2004-07-29,0.759851804678232
2004-07-30,1.4779999999999796
2004-08-02,0.43059903541355116
2004-08-03,-0.1978149064051103
2004-08-04,-1.1769030695757896
2004-08-05,0.4431250000000111
2004-08-06,3.6561980142822637
2004-08-09,-1.0296249999999432
2004-08-10,-0.8307892574824335
2004-08-11,1.227592224791429
2004-08-12,1.391077128942185
2004-08-13,1.8551021575665454
2004-08-16,-1.4813410866794097
2004-08-17,-0.021354899098309232
2004-08-18,0.45660668470802623
2004-08-19,-0.5925000000000875
2004-08-20,0.0883931492749237
2004-08-23,-2.9378387361108906
2004-08-24,0.9320000000000022
2004-08-25,1.6149999999999636
2004-08-26,1.857999999999961
2004-08-27,0.8935619564725565
2004-08-30,-1.2230441857031964
2004-08-31,1.523750000000047
2004-09-01,-2.0517017442836316
2004-09-02,-2.379078193738894
2004-09-03,-1.6331249999999204
2004-09-06,-0.0041136902425277415
2004-09-07,0.054374999999994095
2004-09-08,2.533282841420294
2004-09-09,-0.3591250000000278
2004-09-10,0.3641249999999578
2004-09-13,2.9739684955084003
2004-09-14,1.36617382951695
2004-09-15,0.060186495326585154
2004-09-16,3.833435462555582
2004-09-17,0.49562499999997073
2004-09-20,2.478461824788412
2004-09-21,1.7428491427489738
2004-09-22,2.382500000000071
2004-09-23,-0.26777508953853196
2004-09-24,0.4901249999999467
2004-09-27,-0.5952779703823357
2004-09-28,-0.7999999999999283
2004-09-29,-1.0744224919533683
2004-09-30,0.714101020715122
2004-10-01,-0.3775920258715829
2004-10-04,2.364732424259432
2004-10-05,0.07999999999999535
2004-10-06,-2.7983388123662016
2004-10-07,1.394853746277231
2004-10-08,4.379374999999949
2004-10-11,-0.125020610114896
2004-10-12,1.9399999999999282
2004-10-13,-1.3263525814194612
2004-10-14,-1.252000000000027
2004-10-15,-5.124385123143198
2004-10-18,1.7256050715462083
2004-10-19,0.2987500000000215
2004-10-20,-0.4378750000004144
2004-10-21,2.081327916946246
2004-10-22,0.48196496526451
2004-10-25,-1.7974948528925168
2004-10-26,0.20574999999991173
2004-10-27,-3.7324384282794156
2004-10-28,0.9461937821667681
2004-10-29,2.5123750000002616
2004-11-01,-0.1382995078929332
2004-11-02,2.7681250000000084
2004-11-03,0.3153573330953813
2004-11-04,1.282963955797923
2004-11-05,-3.9370380821980673
2004-11-08,-0.3918750000000603
2004-11-09,-0.834374999999949
2004-11-10,0.7514722224235767
2004-11-11,2.04
2004-11-12,0.9264128937313086
2004-11-15,-0.5900000000000021
2004-11-16,-2.1672500000000583
2004-11-17,3.0491045697047086
2004-11-18,-0.14265359605350822
2004-11-19,-0.35625000000004003
2004-11-22,1.3487500000000079
2004-11-23,0.3061249999999656
2004-11-24,1.2438561198597533
2004-11-25,0.0
2004-11-26,0.6657499999999553
2004-11-29,-1.443910046544183
2004-11-30,0.5395803950549779
2004-12-01,3.13273028165077
2004-12-02,-0.20539006231236928
2004-12-03,3.056242735548456
2004-12-06,-0.7414012868573657
2004-12-07,0.5889999999999697
2004-12-08,0.6235000000000016
2004-12-09,-0.5499999999999681
2004-12-10,0.10500000000002747
2004-12-13,-1.653499999999996
2004-12-14,-0.3925000000000673
2004-12-15,4.250336346426964
2004-12-16,-4.073999999999908
2004-12-17,1.2206275401989675
2004-12-20,0.965499999999974
2004-12-21,0.3550000000000357
2004-12-22,-0.06249999999995384
2004-12-23,-0.3880000000000994
2004-12-24,0.0
2004-12-27,-2.852781368309046
2004-12-28,-1.6049999999999762
2004-12-29,1.018732968420948
2004-12-30,2.845499999999893
2004-12-31,1.5895000000000492
2005-01-03,-0.41199999999994813
2005-01-04,-4.5149999999999935
2005-01-05,0.4292487955693831
2005-01-06,-3.8325000000000107
2005-01-07,2.3842996497641473
2005-01-10,1.1225000000000067
2005-01-11,1.1224999999999206
2005-01-12,4.912499999999992
2005-01-13,1.2512583976362253
2005-01-14,1.4499999999999469
2005-01-17,0.0
2005-01-18,0.5150000000000178
2005-01-19,0.32750000000007906
2005-01-20,-1.222500000000036
2005-01-21,1.7574999999999386
2005-01-24,-0.212499999999974
2005-01-25,-3.697499495728548
2005-01-26,0.6393750000000411
2005-01-27,0.2162499999999436
2005-01-28,3.2187500000000635
2005-01-31,0.9172499999999627
2005-02-01,0.20562500000007794
2005-02-02,1.4652833971707295
2005-02-03,-0.7749434341392588
2005-02-04,2.9528151739902504
2005-02-07,-1.4280736178239568
2005-02-08,0.8745056797882581
2005-02-09,2.8937500000000616
2005-02-10,-3.886191350543433
2005-02-11,-0.3943750000001119
2005-02-14,-0.7811814257745964
2005-02-15,-0.9034940212644105
2005-02-16,0.6493750000000779
2005-02-17,0.32624999999998106
2005-02-18,-1.3758749999999513
2005-02-21,0.0
2005-02-22,-4.679375000000087
2005-02-23,0.9952045223417147
2005-02-24,-1.9587500000000253
2005-02-25,-0.75062500000002
2005-02-28,-5.18899999999991
2005-03-01,0.865369447443479
2005-03-02,0.9828469070388606
2005-03-03,0.10679844000144514
2005-03-04,3.9775000000000493
2005-03-07,3.4300000000000175
2005-03-08,-0.17211555321420302
2005-03-09,-5.400726219813283
2005-03-10,-2.177789612950149
2005-03-11,-4.4437547187586395
2005-03-14,-0.9278408321930979
2005-03-15,-5.617508939139114
2005-03-16,1.1605947449935938
2005-03-17,2.7849999999999997
2005-03-18,1.355612661670695
2005-03-21,0.03500000000002649
2005-03-22,0.2901573230920254
2005-03-23,0.2562499999999785
2005-03-24,0.39874999999999317
2005-03-25,0.0
2005-03-28,-1.7649999999999815
2005-03-29,2.198077463718715
2005-03-30,1.5505320958756634
2005-03-31,2.310574977936493
2005-04-01,-1.3374097453708123
2005-04-04,0.6600000000000118
2005-04-05,1.3662499999999973
2005-04-06,0.8125000000000041
2005-04-07,0.952499999999999
2005-04-08,2.3747499999999957
2005-04-11,0.6014208860017477
2005-04-12,0.9999999999999895
2005-04-13,1.059344079929717
2005-04-14,-1.7786400663879554
2005-04-15,1.3200000000000016
2005-04-18,1.3193606200198527
2005-04-19,-1.5024999999999946
2005-04-20,-0.946737989617262
2005-04-21,-0.215498929305553
2005-04-22,1.2209999999999919
2005-04-25,-2.624750000000018
2005-04-26,-1.073749999999991
2005-04-27,2.687500000000004
2005-04-28,1.7884348170856779
2005-04-29,2.5032937917070366
2005-05-02,3.091125000000005
2005-05-03,3.280000000000019
2005-05-04,1.453749999999988
2005-05-05,0.7150000000000141
2005-05-06,-2.36499999999999
2005-05-09,-0.6418750000000052
2005-05-10,-1.541875000000012
2005-05-11,1.9899999999999676
2005-05-12,1.9428389272600612
2005-05-13,0.30300000000001487
2005-05-16,-1.766650881485276
2005-05-17,0.9924337858483647
2005-05-18,0.5512500000000229
2005-05-19,-0.6150000000000156
2005-05-20,-1.9617500000000008
2005-05-23,-5.148124999999986
2005-05-24,2.101430046649073
2005-05-25,-0.15249619052503546
2005-05-26,-1.555993033493443
2005-05-27,3.9067500000000464
2005-05-30,-0.0017451025378295612
2005-05-31,1.5649999999999862
2005-06-01,1.595165405595295
2005-06-02,4.680085556736688
2005-06-03,-3.608046803063937
2005-06-06,-1.2574999999999577
2005-06-07,1.3554999999999278
2005-06-08,0.9100000000000203
2005-06-09,-0.5554999999999757
2005-06-10,0.9074999999999374
2005-06-13,-2.336999999999953
2005-06-14,-1.0467388363439516
2005-06-15,-1.4688629949236234
2005-06-16,1.203137550754151
2005-06-17,-2.6798729014038196
2005-06-20,-2.832500000000003
2005-06-21,4.0991457020793955
2005-06-22,3.945073783600108
2005-06-23,-0.21249999999999927
2005-06-24,-0.5470000000000547
2005-06-27,2.226220937455885
2005-06-28,-0.8281757619791862
2005-06-29,2.035000000000049
2005-06-30,2.87499999999995
2005-07-01,-2.1155645810244037
2005-07-04,-0.029999999999972715
2005-07-05,-6.356000000000015
2005-07-06,0.6399999999999523
2005-07-07,-0.36399999999995025
2005-07-08,2.154999999999971
2005-07-11,2.3790000000000373
2005-07-12,-1.8639999999999877
2005-07-13,-0.29500000000003546
2005-07-14,-0.8874505639779797
2005-07-15,0.3400000000000115
2005-07-18,-0.7124788736651514
2005-07-19,2.7489999999999193
2005-07-20,1.8271655939943623
2005-07-21,-0.200250000000004
2005-07-22,-0.8392436825936653
2005-07-25,-2.3687499999999906
2005-07-26,0.5808172056857276
2005-07-27,0.454874999999982
2005-07-28,1.8459199104965247
2005-07-29,0.997500000000051
2005-08-01,0.213124999999975
2005-08-02,-1.0368749999999878
2005-08-03,2.5159106962061513
2005-08-04,0.19738123313905961
2005-08-05,-0.863750000000018
2005-08-08,-1.8839735357986807
2005-08-09,1.9830200360190546
2005-08-10,0.4770384205670956
2005-08-11,0.7900000000000357
2005-08-12,-0.40152502308170657
2005-08-15,4.218000000000011
2005-08-16,0.6320906464076232
2005-08-17,-3.0660720564010124
2005-08-18,-0.3037499999999971
2005-08-19,-2.8108224306229905
2005-08-22,0.13975863700396568
2005-08-23,-2.2237500000000243
2005-08-24,-1.8035232747840786
2005-08-25,4.72295819911479
2005-08-26,-1.3267205286421093
2005-08-29,-0.4340780573725673
2005-08-30,1.8716714924870574
2005-08-31,3.617169015576457
2005-09-01,-1.440749999999987
2005-09-02,4.015749999999992
2005-09-05,-0.0029298901227103004
2005-09-06,-2.0450000000000035
2005-09-07,-0.3470000000000184
2005-09-08,0.7350000000000206
2005-09-09,1.8743657699174427
2005-09-12,1.1107500000000203
2005-09-13,-1.6537499999999856
2005-09-14,-0.24552195005778119
2005-09-15,0.01625000000002219
2005-09-16,-1.6410061018351545
2005-09-19,1.1294999999999842
2005-09-20,-0.374131389760616
2005-09-21,1.6617499999999985
2005-09-22,-1.742243861432719
2005-09-23,-0.18800000000003703
2005-09-26,-0.4176249999999747
2005-09-27,-0.04750000000001717
2005-09-28,1.9283820899746584
2005-09-29,1.1549999999999638
2005-09-30,-0.12399480727745821
2005-10-03,-1.6360641938619465
2005-10-04,2.2937499999999633
2005-10-05,0.9157500000000329
2005-10-06,-2.883668998625263
2005-10-07,1.6000000000000163
2005-10-10,0.25914109966377585
2005-10-11,-0.7252500000000254
2005-10-12,-6.286636758150299
2005-10-13,0.7876295218131416
2005-10-14,1.3212499999999856
2005-10-17,1.003264341899288
2005-10-18,1.1125000000000056
2005-10-19,0.43523510802571597
2005-10-20,-0.5377500000000071
2005-10-21,0.36399111039288967
2005-10-24,0.9577500000000003
2005-10-25,-0.1518827577263842
2005-10-26,-1.023949878478236
2005-10-27,0.7389975258304822
2005-10-28,2.171247769423462
2005-10-31,1.497499999999983
2005-11-01,0.9227698893666596
2005-11-02,0.8605617481818473
2005-11-03,-0.9495777198896926
2005-11-04,-0.036720795352916044
2005-11-07,0.8642374269582674
2005-11-08,-0.08972341417869298
2005-11-09,1.0871610511832035
2005-11-10,2.320000000000033
2005-11-11,-1.17
2005-11-14,-0.6650000000000146
2005-11-15,1.8895615837312838
2005-11-16,1.048279928206765
2005-11-17,0.8099999999999702
2005-11-18,-0.12000000000001378
2005-11-21,0.30500000000002286
2005-11-22,0.24999999999999378
2005-11-23,1.5205228848249075
2005-11-24,-0.09279472580083276
2005-11-25,1.1759999999999682
2005-11-28,2.055000000000004
2005-11-29,0.3400000000000168
2005-11-30,1.1122261640796491
2005-12-01,0.5072234493064731
2005-12-02,1.9740000000000186
2005-12-05,-3.1250000000000058
2005-12-06,4.008210401337595
2005-12-07,0.03720749770386721
2005-12-08,-2.950999999999967
2005-12-09,-5.389000000000026
2005-12-12,-2.4162488701878804
2005-12-13,-0.8527856589673993
2005-12-14,-2.0749999999999913
2005-12-15,0.14099999999998805
2005-12-16,-1.3159999999999883
2005-12-19,-1.1550000000000162
2005-12-20,2.040999999999999
2005-12-21,1.5821957613305657
2005-12-22,-1.8759999999999741
2005-12-23,-1.7850000000000088
2005-12-26,0.0
2005-12-27,-1.8539999999999897
2005-12-28,-0.8110000000000273
2005-12-29,5.765000000000029
2005-12-30,0.1363772456637016
2006-01-02,0.0
2006-01-03,-3.5650000000000106
2006-01-04,2.3949999999999907
2006-01-05,0.004619423975109788
2006-01-06,2.277999999999999
2006-01-09,1.95
2006-01-10,-2.7237499999999817
2006-01-11,-0.2867500000000201
2006-01-12,1.1555000000000022
2006-01-13,-0.14424999999998747
2006-01-16,-0.0026467724829407437
2006-01-17,2.797499999999987
2006-01-18,2.032499999999991
2006-01-19,1.8119468204967633
2006-01-20,-0.3187499999999995
2006-01-23,-2.2818822331443047
2006-01-24,-2.061563663808976
2006-01-25,-2.8060274180970244
2006-01-26,-0.025258850590475765
2006-01-27,1.3119417170996481
2006-01-30,-0.6687499999999941
2006-01-31,-0.7914354533808046
2006-02-01,0.6250000000000279
2006-02-02,-3.0076880773897234
2006-02-03,-1.672690590723558
2006-02-06,1.7658661205971202
2006-02-07,-0.16750000000002446
2006-02-08,-1.5556548378841417
2006-02-09,-0.358750000000008
2006-02-10,0.7583218132435499
2006-02-13,-0.7576855818385628
2006-02-14,1.50747859163326
2006-02-15,-1.6636406142213893
2006-02-16,1.224999999999996
2006-02-17,0.5599999999999813
2006-02-20,0.0
2006-02-21,-1.4799999999999813
2006-02-22,1.7475047522625469
2006-02-23,-1.110000000000012
2006-02-24,-1.149999999999996
2006-02-27,-0.11518598961742878
2006-02-28,0.050660415237710775
2006-03-01,1.5740000000000138
2006-03-02,-3.461500000000006
2006-03-03,-1.6460609791549357
2006-03-06,-1.4024355169082168
2006-03-07,-0.5693719948433741
2006-03-08,-0.7624999999999987
2006-03-09,-0.4174077084827412
2006-03-10,0.19685428783929815
2006-03-13,1.029749999999984
2006-03-14,0.4152500000000011
2006-03-15,1.5105928001692577
2006-03-16,1.2412499999999786
2006-03-17,-0.7687499999999844
2006-03-20,-1.3031697346426125
2006-03-21,-2.7887500000000163
2006-03-22,-0.9814286617613199
2006-03-23,0.14931817557530702
2006-03-24,0.5862499999999851
2006-03-27,-3.1432067622104105
2006-03-28,0.19654321168941719
2006-03-29,-0.6082613744697647
2006-03-30,-0.15821031349883896
2006-03-31,-2.6092500000000007
2006-04-03,0.934725498666075
2006-04-04,-0.30050000000002086
2006-04-05,-2.3722235293852303
2006-04-06,-2.9664999999999777
2006-04-07,-1.2314786330570209
2006-04-10,0.8663980178971311
2006-04-11,0.46352284757554185
2006-04-12,1.8700000000000077
2006-04-13,-0.466964794944679
2006-04-14,-0.002009522053937961
2006-04-17,0.588000000000013
2006-04-18,0.12199999999998645
2006-04-19,-0.13454619943911378
2006-04-20,0.4200000000000107
2006-04-21,-0.8204999999999719
2006-04-24,0.36549999999999
2006-04-25,0.46249999999999963
2006-04-26,-0.05750000000001623
2006-04-27,0.11500000000001083
2006-04-28,-0.9825000000000126
2006-05-01,0.4800000000000042
2006-05-02,1.9625000000000212
2006-05-03,0.6976355731110544
2006-05-04,1.0905000000000025
2006-05-05,-0.5549032971241915
2006-05-08,1.0275000000000265
2006-05-09,0.16749999999996
2006-05-10,0.1725000000000393
2006-05-11,-1.8955000000000188
2006-05-12,-4.784999999999978
2006-05-15,-1.6915555070089405
2006-05-16,0.899545674639693
2006-05-17,-1.7553108189247943
2006-05-18,-0.1721762622723939
2006-05-19,1.5479814514798218
2006-05-22,-1.092499999999963
2006-05-23,0.6700000000000018
2006-05-24,-0.08250000000000356
2006-05-25,0.8902745195939619
2006-05-26,-0.36850000000000716
2006-05-29,0.17999999999994998
2006-05-30,-0.9589999999999586
2006-05-31,0.7275000000000065
2006-06-01,-0.30000000000004157
2006-06-02,-2.4975000000000023
2006-06-05,1.6666993875373606
2006-06-06,0.8428939417968212
2006-06-07,-0.3200000000000136
2006-06-08,0.3444999999999955
2006-06-09,0.6855000000000006
2006-06-12,-1.190000000000001
2006-06-13,0.367000000000016
2006-06-14,2.0876974058114524
2006-06-15,1.4003336942041076
2006-06-16,-0.4672405212578908
2006-06-19,1.1050000000000162
2006-06-20,0.07523283609185631
2006-06-21,-0.44999999999998497
2006-06-22,0.644485119667913
2006-06-23,0.621249999999987
2006-06-26,1.4135544536510911
2006-06-27,-0.6245749505323049
2006-06-28,0.20500000000000518
2006-06-29,-0.9448085956915393
2006-06-30,-2.3417562684143802
2006-07-03,-1.7325
2006-07-04,0.08000000000004091
2006-07-05,1.6329999999999727
2006-07-06,-1.692999999999971
2006-07-07,1.1104999999999934
2006-07-10,-2.0054999999999983
2006-07-11,-2.372447550425749
2006-07-12,-1.6805301407095106
2006-07-13,1.7355000000000131
2006-07-14,0.04496934370884532
2006-07-17,2.3100000000000183
2006-07-18,2.3398352525651975
2006-07-19,-0.2749613364256721
2006-07-20,0.1150000000000091
2006-07-21,0.7879159336306802
2006-07-24,0.22099999999997955
2006-07-25,-0.10600000000000631
2006-07-26,0.2445871686155497
2006-07-27,-0.16499999999998036
2006-07-28,0.42655667743325915
2006-07-31,-1.9480178673671462
2006-08-01,-1.3479999999999954
2006-08-02,-1.202316303677331
2006-08-03,1.0067500000000023
2006-08-04,0.18279332950406849
2006-08-07,1.822669921885444
2006-08-08,1.12
2006-08-09,-0.7007729918682644
2006-08-10,0.18569236672136114
2006-08-11,5.142486802864391
2006-08-14,0.4700000000000049
2006-08-15,0.8149999999999965
2006-08-16,0.4853067493148232
2006-08-17,0.3434996897238457
2006-08-18,-0.34021526138351066
2006-08-21,-0.09289715206539861
2006-08-22,-0.38214456575637284
2006-08-23,-2.410186311365666
2006-08-24,-1.8475000000000101
2006-08-25,-0.03250000000000204
2006-08-28,1.6175000000000284
2006-08-29,1.3173005904881798
2006-08-30,-2.297499999999999
2006-08-31,-1.5612500000000051
2006-09-01,1.6337499999999947
2006-09-04,-0.002257091218944571
2006-09-05,0.5950000000000029
2006-09-06,-0.8412500000000029
2006-09-07,-2.1562499999999605
2006-09-08,-0.0012500000000227373
2006-09-11,0.10649329402280033
2006-09-12,3.03375000000001
2006-09-13,0.4850000000000021
2006-09-14,0.031416330490853246
2006-09-15,-1.28800344451878
2006-09-18,-2.412499999999966
2006-09-19,0.6925000000000259
2006-09-20,-0.7025000000000371
2006-09-21,-4.390000000000009
2006-09-22,1.7369315606103481
2006-09-25,0.584999999999989
2006-09-26,-1.7839999999999174
2006-09-27,2.094411294333692
2006-09-28,-3.775000000000037
2006-09-29,0.6405244105363634
2006-10-02,-1.1924999999999883
2006-10-03,0.119999999999994
2006-10-04,-1.9742289919136675
2006-10-05,-0.14973306949245777
2006-10-06,-1.453499999999991
2006-10-09,-5.4284313787819904
2006-10-10,3.242871873703494
2006-10-11,-1.982079440354568
2006-10-12,-0.21500000000002856
2006-10-13,-2.5928631654369085
2006-10-16,0.15668698370654413
2006-10-17,-0.4379999999999869
2006-10-18,0.37168892291008665
2006-10-19,-0.5230000000000319
2006-10-20,-0.004500000000000978
2006-10-23,-1.7875326548919879
2006-10-24,0.45367038837860335
2006-10-25,0.8511666419205602
2006-10-26,2.223960154097398
2006-10-27,-0.044999999999955936
2006-10-30,-0.28500000000003184
2006-10-31,1.5300000000000729
2006-11-01,-0.5764415448482381
2006-11-02,-3.165000000000039
2006-11-03,-0.12499999999995344
2006-11-06,-0.6025000000000215
2006-11-07,0.270999999999985
2006-11-08,-0.20000000000000265
2006-11-09,-0.3234999999999631
2006-11-10,0.7509389609242275
2006-11-13,0.5910000000000294
2006-11-14,0.9224999999999712
2006-11-15,-0.43216966773459514
2006-11-16,-1.0989999999999693
2006-11-17,0.167499999999983
2006-11-20,-0.8584999999999385
2006-11-21,0.3509600935356851
2006-11-22,-0.01750000000005116
2006-11-23,-0.12238115578008109
2006-11-24,-1.1174999999999897
2006-11-27,-1.1066162751565973
2006-11-28,1.380116347700799
2006-11-29,0.13599999999996346
2006-11-30,1.3498984488161112
2006-12-01,-0.20000000000009824
2006-12-04,1.4424823131979885
2006-12-05,1.080536691377527
2006-12-06,-0.7599999999999728
2006-12-07,-0.9469999999999781
2006-12-08,-0.295000000000022
2006-12-11,0.6899999999999336
2006-12-12,0.5808551214425159
2006-12-13,-1.4480000000000204
2006-12-14,0.8530000000000291
2006-12-15,0.11
2006-12-18,-0.6046759384632485
2006-12-19,-0.1059999999999653
2006-12-20,0.010835608473893905
2006-12-21,0.7850000000000252
2006-12-22,-1.3574859018712084
2006-12-25,-0.006513199930722658
2006-12-26,-0.16999999999998197
2006-12-27,-0.7900000000000545
2006-12-28,0.31848767876254386
2006-12-29,0.8827825383881611
2007-01-01,-0.004155198041826284
2007-01-02,0.8499999999999661
2007-01-03,-2.4775000000000245
2007-01-04,-0.9699999999999579
2007-01-05,-0.2900000000000702
2007-01-08,-0.19000000000000175
2007-01-09,-1.844999999999998
2007-01-10,0.2850000000000186
2007-01-11,1.2950000000000597
2007-01-12,2.60821258653922
2007-01-15,-0.004501183204131764
2007-01-16,0.014999999999994998
2007-01-17,-0.16499999999995443
2007-01-18,0.8728163911993444
2007-01-19,0.7927011866969409
2007-01-22,-0.01000000000000498
2007-01-23,0.05550523732910339
2007-01-24,-0.5350000000000015
2007-01-25,-1.6450000000000387
2007-01-26,-0.7345153526462346
2007-01-29,-1.0044799412119103
2007-01-30,1.3128489803656813
2007-01-31,0.2289802566174294
2007-02-01,0.12552007330282883
2007-02-02,1.4124999999999837
2007-02-05,-0.20699999999997704
2007-02-06,-0.6025000000000108
2007-02-07,-0.6550000000000169
2007-02-08,1.198000027401311
2007-02-09,-0.34550000000002423
2007-02-12,-0.4649999999999861
2007-02-13,1.7135326868350795
2007-02-14,0.26249999999998724
2007-02-15,0.16213048052189502
2007-02-16,1.2685271988521796
2007-02-19,0.0
2007-02-20,0.1524999999999773
2007-02-21,2.1075000000000257
2007-02-22,0.8000000000000033
2007-02-23,-2.0704999999999902
2007-02-26,-0.9620000000000206
2007-02-27,-3.4326226094492673
2007-02-28,2.4607371463653007
2007-03-01,-1.2239999999999989
2007-03-02,-1.852123054874507
2007-03-05,0.7750000000000168
2007-03-06,-0.2943702446294318
2007-03-07,0.7010000000000038
2007-03-08,0.18999999999998166
2007-03-09,-0.8181446724520154
2007-03-12,-0.707500000000034
2007-03-13,-0.3764999999999908
2007-03-14,0.24150000000001565
2007-03-15,-0.8084999999999992
2007-03-16,0.8187499999999621
2007-03-19,0.8470562211226249
2007-03-20,0.9745000000000297
2007-03-21,0.8779999999999359
2007-03-22,-0.40249999999996133
2007-03-23,-0.19550000000003176
2007-03-26,-1.7374999999999494
2007-03-27,-0.17000000000004845
2007-03-28,-0.3974999999999793
2007-03-29,0.6929999999999951
2007-03-30,-4.564999999999981
2007-04-02,-2.941658164451214
2007-04-03,-0.2491419986525244
2007-04-04,1.7109999999999768
2007-04-05,0.7717082019480104
2007-04-06,-0.5057049810755965
2007-04-09,-0.0574999999999523
2007-04-10,0.8574999999999833
2007-04-11,-0.934362068559164
2007-04-12,0.04499999999995512
2007-04-13,0.5850000000000187
2007-04-16,-0.15350000000001632
2007-04-17,-0.5804911051695254
2007-04-18,0.49012345138895064
2007-04-19,-0.3350000000000068
2007-04-20,-0.209999999999994
2007-04-23,-0.42683406747123137
2007-04-24,0.2820000000000575
2007-04-25,1.262999999999987
2007-04-26,-0.657847749298204
2007-04-27,-0.2068377872775548
2007-04-30,-0.1250000000000191
2007-05-01,0.8021726318651315
2007-05-02,0.3150610754325868
2007-05-03,0.338184260854319
2007-05-04,0.7040000000000389
2007-05-07,0.673211062284057
2007-05-08,-0.6200000000000455
2007-05-09,0.5732095010640073
2007-05-10,-0.7720000000000546
2007-05-11,1.0102160146116324
2007-05-14,-0.21123316823475521
2007-05-15,0.20421691099799344
2007-05-16,0.2032662043566197
2007-05-17,-0.5196158230558859
2007-05-18,-0.5277326511845057
2007-05-21,1.4450000000000112
2007-05-22,-0.7547260902957087
2007-05-23,-0.43000000000001426
2007-05-24,-2.0372525198136464
2007-05-25,1.9348496232437558
2007-05-28,-0.0022484753432420097
2007-05-29,-0.9724999999999735
2007-05-30,1.9099999999999826
2007-05-31,0.7327939295154642
2007-06-01,1.157999999999973
2007-06-04,-1.900210583170077
2007-06-05,-1.2138133271463185
2007-06-06,-1.536942000903508
2007-06-07,-0.5699999999999968
2007-06-08,0.13726962537835613
2007-06-11,0.8899999999999989
2007-06-12,-0.4524294442515212
2007-06-13,-0.061716301677277624
2007-06-14,1.254550098410041
2007-06-15,2.653999999999997
2007-06-18,-0.2238740145736135
2007-06-19,-0.9869999999999952
2007-06-20,-0.9450000000000182
2007-06-21,0.25700000000000706
2007-06-22,-2.211999999999999
2007-06-25,-0.9800000000000059
2007-06-26,0.002000000000003638
2007-06-27,-0.4324637104964452
2007-06-28,0.9349999999999867
2007-06-29,-0.9329999999999993
2007-07-02,0.6813581647491365
2007-07-03,-0.044999999999997174
2007-07-04,-0.005515536689801792
2007-07-05,-0.017000000000010458
2007-07-06,0.9820000000000082
2007-07-09,-0.06370150871751114
2007-07-10,-2.0350000000000006
2007-07-11,-0.04051462522775087
2007-07-12,1.7229999999999974
2007-07-13,-0.06800000000000324
2007-07-16,-0.6799999999999932
2007-07-17,1.4730000000000054
2007-07-18,-0.7730000000000068
2007-07-19,0.5523534583908846
2007-07-20,-1.5979999999999877
2007-07-23,1.4127264504128543
2007-07-24,-1.8951587991914003
2007-07-25,-1.3150000000000162
2007-07-26,-3.4349999999999934
2007-07-27,0.9434700081512277
2007-07-30,0.4103251276726107
2007-07-31,-0.8924999999999891
2007-08-01,-0.14482849240817983
2007-08-02,0.20322915784306161
2007-08-03,-0.6050000000000033
2007-08-06,0.10740719192754661
2007-08-07,-0.525654816709073
2007-08-08,0.060000000000007825
2007-08-09,-0.2750000000000065
2007-08-10,-0.4367516529744405
2007-08-13,0.15
2007-08-14,-0.5026311437386756
2007-08-15,-1.1667312198103015
2007-08-16,-0.46020827686465493
2007-08-17,0.9075000000000002
2007-08-20,-0.4918070272465441
2007-08-21,-0.5066255925818834
2007-08-22,-0.4068209202349096
2007-08-23,0.1825000000000047
2007-08-24,0.6824999999999793
2007-08-27,0.6373806379581952
2007-08-28,0.6600649611651531
2007-08-29,0.3599999999999772
2007-08-30,0.6100000000000222
2007-08-31,0.1516487210086433
2007-09-03,0.0
2007-09-04,-1.4699999999999656
2007-09-05,1.3049999999999777
2007-09-06,0.6823637362665362
2007-09-07,0.08999999999998326
2007-09-10,0.7999999999999907
2007-09-11,0.4641500736472142
2007-09-12,-2.6799999999999864
2007-09-13,0.49000000000003674
2007-09-14,-0.5149999999999803
2007-09-17,-0.7750000000000077
2007-09-18,1.224999999999968
2007-09-19,-0.8699999999999877
2007-09-20,-3.510000000000022
2007-09-21,-0.21999999999993258
2007-09-24,0.48629835659774223
2007-09-25,0.5899999999999829
2007-09-26,-0.35999999999999777
2007-09-27,-0.789999999999988
2007-09-28,1.4873015800499139
2007-10-01,0.9510000000000361
2007-10-02,2.2764999999999724
2007-10-03,0.1606905072755048
2007-10-04,0.6129999999999972
2007-10-05,-0.8073371613752622
2007-10-08,0.2
2007-10-09,0.01699999999997631
2007-10-10,-0.412954697732837
2007-10-11,0.49067555821331815
2007-10-12,-0.7308204423647703
2007-10-15,-1.2149999999999923
2007-10-16,0.2656781896780433
2007-10-17,1.218499999999979
2007-10-18,0.46467818004149974
2007-10-19,0.389500000000028
2007-10-22,-0.43700000000003136
2007-10-23,0.7045000000000229
2007-10-24,0.8457053554032036
2007-10-25,-1.1025000000000162
2007-10-26,1.0279999999999936
2007-10-29,0.4145000000000212
2007-10-30,0.11025156298195966
2007-10-31,-0.503749999999978
2007-11-01,0.9409804347026766
2007-11-02,0.9299270744785488
2007-11-05,-1.3790000000000484
2007-11-06,-0.5974999999999397
2007-11-07,-0.7755412208790793
2007-11-08,-1.0922313141411872
2007-11-09,-0.3617941736083991
2007-11-12,0.42
2007-11-13,-0.0037500000000769886
2007-11-14,-1.0067973907061294
2007-11-15,1.0958072137843
2007-11-16,-0.0022499999999357444
2007-11-19,-0.05400000000004438
2007-11-20,0.027895826346871384
2007-11-21,0.41824999999994217
2007-11-22,-0.0028827818242478
2007-11-23,0.23000000000004775
2007-11-26,2.939999999999963
2007-11-27,-0.7228007759016027
2007-11-28,-0.7630169969442028
2007-11-29,1.8362500000000175
2007-11-30,0.21200000000001284
2007-12-03,1.7229999999999974
2007-12-04,0.1912499999999931
2007-12-05,0.49999999999993
2007-12-06,-0.5112499999999846
2007-12-07,-2.4526409041718376
2007-12-10,-0.27000000000000557
2007-12-11,2.0192499999999427
2007-12-12,-0.9359083023272254
2007-12-13,-1.3305210558176834
2007-12-14,-0.9250000000000071
2007-12-17,-0.07250207254349801
2007-12-18,1.5789974542109102
2007-12-19,1.0290000000000505
2007-12-20,1.1409999999999425
2007-12-21,-2.1354943983671877
2007-12-24,-0.448251747704525
2007-12-25,0.0
2007-12-26,-0.7499999999999318
2007-12-27,-0.4010380140361102
2007-12-28,0.9089999999999585
2007-12-31,0.48313025400816534
2008-01-01,0.0
2008-01-02,2.4990000000000125
2008-01-03,0.9574999999999946
2008-01-04,-0.022168473827514842
2008-01-07,1.0124999999999835
2008-01-08,1.4611018569408127
2008-01-09,-1.0150000000000043
2008-01-10,-0.5142785427608657
2008-01-11,2.698248807960768
2008-01-14,3.1454883705479793
2008-01-15,0.6167203176171886
2008-01-16,-1.1900000000000117
2008-01-17,1.0237499999999844
2008-01-18,0.11928083109219456
2008-01-21,-0.003542085634515818
2008-01-22,2.0220000000000264
2008-01-23,-1.231999999999987
2008-01-24,-1.915881582854248
2008-01-25,1.6544555426700778
2008-01-28,0.3187499999999805
2008-01-29,-0.037500000000006
2008-01-30,-0.8725000000000882
2008-01-31,1.9675000000000946
2008-02-01,1.2787499999999943
2008-02-04,0.6087500000000098
2008-02-05,0.08623317948742902
2008-02-06,-0.26079492392049597
2008-02-07,-0.977500000000041
2008-02-08,2.030489566087509
2008-02-11,0.24825299430705086
2008-02-12,-1.432740954332558
2008-02-13,0.542499999999991
2008-02-14,-1.4517241304111814
2008-02-15,0.6019932279065333
2008-02-18,-0.001722836081660112
2008-02-19,-1.604999999999958
2008-02-20,-0.9037500000000184
2008-02-21,2.769220489503019
2008-02-22,0.06798983550076688
2008-02-25,-0.9499999999999515
2008-02-26,2.2710800670117304
2008-02-27,0.7363585655290239
2008-02-28,5.3124999999999725
2008-02-29,1.5267500000000842
2008-03-03,1.5790379831009131
2008-03-04,-1.841999999999998
2008-03-05,-0.21500000000009134
2008-03-06,-3.611696946208165
2008-03-07,-1.3942872744633856
2008-03-10,3.1339999999999852
2008-03-11,0.8877492993927306
2008-03-12,1.5327500000000127
2008-03-13,0.7284999999999873
2008-03-14,0.832499999999989
2008-03-17,-0.1387499999999818
2008-03-18,2.3715000000000126
2008-03-19,-2.1479826259978783
2008-03-20,-2.4504204173695574
2008-03-21,-0.004524778404608335
2008-03-24,-0.28324999999998035
2008-03-25,2.3758018559954683
2008-03-26,0.16299999999996756
2008-03-27,-0.37125000000000385
2008-03-28,1.0775000000000317
2008-03-31,2.7702942204953263
2008-04-01,0.2877499999999993
2008-04-02,0.7947500000000035
2008-04-03,0.4999999999999771
2008-04-04,1.9261240113873737
2008-04-07,-0.8666360132365164
2008-04-08,-0.7003731262534378
2008-04-09,2.267500000000038
2008-04-10,-0.1157500000000241
2008-04-11,0.7644999999999481
2008-04-14,2.220500000000006
2008-04-15,0.5582499999999833
2008-04-16,-1.6899999999999897
2008-04-17,-0.8662160944535504
2008-04-18,0.08549999999999446
2008-04-21,-3.6549999999999883
2008-04-22,3.096249999999943
2008-04-23,-0.19124999999998946
2008-04-24,-1.1717500000000218
2008-04-25,-0.895
2008-04-28,2.8455000000000603
2008-04-29,-3.428750000000035
2008-04-30,3.9612500000000206
2008-05-01,-1.0137499999999944
2008-05-02,0.18625000000001618
2008-05-05,-1.6987500000000038
2008-05-06,-0.4580240254170844
2008-05-07,-1.5262499999999803
2008-05-08,1.9684908216312529
2008-05-09,0.656904027285156
2008-05-12,3.0544999999999627
2008-05-13,-2.2927908416521428
2008-05-14,-2.121250000000045
2008-05-15,3.402499999999978
2008-05-16,1.329138677286039
2008-05-19,1.2649999999999617
2008-05-20,0.29499999999997556
2008-05-21,1.7962500000000097
2008-05-22,-2.3374999999999804
2008-05-23,0.36149999999996235
2008-05-26,0.0
2008-05-27,-1.0837499999999698
2008-05-28,0.05119256310454002
2008-05-29,-0.46749999999999736
2008-05-30,1.6050000000000015
2008-06-02,1.3625000000000127
2008-06-03,2.124999999999988
2008-06-04,0.028999999999997545
2008-06-05,1.7675455647623977
2008-06-06,-1.1226712815535695
2008-06-09,0.123000000000008
2008-06-10,-3.1455000000000024
2008-06-11,1.8989676678215075
2008-06-12,1.832499999999993
2008-06-13,1.6184213560575746
2008-06-16,0.8764999999999854
2008-06-17,1.7175000000000271
2008-06-18,0.9299999999999919
2008-06-19,-1.602500000000007
2008-06-20,1.3189999999999993
2008-06-23,-1.5915000000000123
2008-06-24,1.0540000000000005
2008-06-25,1.6559999999999928
2008-06-26,1.1300000000000077
2008-06-27,0.2925000000000015
2008-06-30,-2.000999999999984
2008-07-01,-2.963113271282222
2008-07-02,2.52800000000001
2008-07-03,0.014499999999983335
2008-07-04,0.0
2008-07-07,-0.20950000000001617
2008-07-08,-0.2504999999999926
2008-07-09,0.7355000000000222
2008-07-10,-0.3475000000000086
2008-07-11,-0.04304464218782507
2008-07-14,-1.4052722591416782
2008-07-15,-0.06508762933888285
2008-07-16,1.8257499999999975
2008-07-17,-1.2032499999999877
2008-07-18,0.44035993200492635
2008-07-21,1.5355000000000023
2008-07-22,2.610749999999987
2008-07-23,2.2892499999999925
2008-07-24,1.0014940151173366
2008-07-25,-4.049659902952663
2008-07-28,2.1544043047721706
2008-07-29,0.47500000000001696
2008-07-30,0.7239999999999763
2008-07-31,0.9866634777717458
2008-08-01,4.432499999999984
2008-08-04,3.305000000000009
2008-08-05,-1.7285000000000095
2008-08-06,-0.3266093634105836
2008-08-07,-1.377407346118633
2008-08-08,-5.822499999999985
2008-08-11,-1.347046371751006
2008-08-12,0.987499999999996
2008-08-13,-1.3959999999999995
2008-08-14,-0.40650000000000364
2008-08-15,1.1868751624122666
2008-08-18,-0.14775000000000071
2008-08-19,0.009999999999990974
2008-08-20,0.29375000000001256
2008-08-21,0.15473927082099892
2008-08-22,-1.3363870159829894
2008-08-25,1.4962500000000187
2008-08-26,-0.4955000000000102
2008-08-27,0.9717499999999952
2008-08-28,-2.5463155873690653
2008-08-29,-1.7779999999999747
2008-09-01,0.0
2008-09-02,-0.7800000000000106
2008-09-03,0.15993847434902891
2008-09-04,-3.0049999999999635
2008-09-05,1.6311069265103326
2008-09-08,-0.8258940631211787
2008-09-09,0.03431063439965515
2008-09-10,-1.6550000000000014
2008-09-11,-0.42691533369025586
2008-09-12,-1.9500067713468132
2008-09-15,0.7529988797489653
2008-09-16,1.5707342525889463
2008-09-17,-1.8737499999999796
2008-09-18,0.5192295693538467
2008-09-19,-1.952499999999963
2008-09-22,-1.1101076272287351
2008-09-23,-2.402000000000017
2008-09-24,-0.8280000000000082
2008-09-25,0.8702222466045199
2008-09-26,0.3569999999999766
2008-09-29,1.2725000000000122
2008-09-30,0.820009089628537
2008-10-01,0.42350778405525225
2008-10-02,0.35099999999999276
2008-10-03,-0.20859353681915904
2008-10-06,-0.9249999999999593
2008-10-07,-2.6292191827193143
2008-10-08,-2.8241081942732795
2008-10-09,-3.8150000000000195
2008-10-10,0.7804999999999994
2008-10-13,-0.2636242298889978
2008-10-14,-0.3049999999999893
2008-10-15,0.8324999999999935
2008-10-16,-0.08950000000000441
2008-10-17,-0.7260186294958998
2008-10-20,-1.3704999999999896
2008-10-21,1.7317499999999781
2008-10-22,1.0216952557856311
2008-10-23,-0.15349999999999236
2008-10-24,1.0375000000000032
2008-10-27,-1.170000000000008
2008-10-28,-0.7312499999999961
2008-10-29,-2.46275
2008-10-30,1.1952499999999997
2008-10-31,0.41999999999999676
2008-11-03,0.013500000000004456
2008-11-04,0.11625000000000346
2008-11-05,1.6462499999999889
2008-11-06,0.5540000000000034
2008-11-07,0.28875000000000645
2008-11-10,-0.5074999999999974
2008-11-11,0.8615837585275361
2008-11-12,1.3209999999999973
2008-11-13,-0.9059999999999971
2008-11-14,0.3336973994181753
2008-11-17,-0.3749999999999949
2008-11-18,1.726499999999993
2008-11-19,1.3350000000000402
2008-11-20,2.5309999999999526
2008-11-21,1.8975000000000493
2008-11-24,-2.551000000000043
2008-11-25,2.506000000000041
2008-11-26,1.0490000000000046
2008-11-27,-0.005248111838967233
2008-11-28,1.0799999999999954
2008-12-01,3.528953711071007
2008-12-02,0.5049999999999216
2008-12-03,0.5678989430126482
2008-12-04,2.551304493507572
2008-12-05,1.6350000000000084
2008-12-08,-3.277499999999995
2008-12-09,1.0177407221598542
2008-12-10,-2.276249999999993
2008-12-11,0.7362499999999976
2008-12-12,-2.050000000000007
2008-12-15,0.23000000000009777
2008-12-16,1.3014175682152596
2008-12-17,2.3562500000000424
2008-12-18,1.0537500000000881
2008-12-19,-0.5737500000000909
2008-12-22,-0.764999999999946
2008-12-23,-1.092499999999946
2008-12-24,-1.0912500000000143
2008-12-25,0.0
2008-12-26,-0.9937499999999971
2008-12-29,2.971249999999892
2008-12-30,-0.9061814685903553
2008-12-31,-3.106250000000054
2009-01-01,0.0
2009-01-02,-3.518749999999955
2009-01-05,-0.17500000000009946
2009-01-06,-0.924999999999912
2009-01-07,1.6249999999999913
2009-01-08,2.437630937092695
2009-01-09,0.0912500000000648
2009-01-12,4.357499999999873
2009-01-13,1.7137500000000614
2009-01-14,1.0799999999999386
2009-01-15,0.07625000000011255
2009-01-16,-3.7323678015729107
2009-01-19,-0.012551048090423182
2009-01-20,0.011249999999992042
2009-01-21,-3.538750000000048
2009-01-22,-1.1812499999999244
2009-01-23,-0.9012500000000161
2009-01-26,-0.88999999999998
2009-01-27,3.214393452039927
2009-01-28,-2.616000000000031
2009-01-29,-2.3148738070712285
2009-01-30,0.17249999999999965
2009-02-02,2.8562500000001125
2009-02-03,-1.396250000000116
2009-02-04,-0.7036578754343762
2009-02-05,-1.1452499999999575
2009-02-06,-1.8612500000000116
2009-02-09,-0.668750000000108
2009-02-10,3.2015000000000997
2009-02-11,2.2297499999999717
2009-02-12,1.1752500000000337
2009-02-13,-2.6786505089116432
2009-02-16,-0.018412802599943007
2009-02-17,4.9472499999999915
2009-02-18,-0.9047500000000277
2009-02-19,-2.3887499999999724
2009-02-20,1.8334999999999935
2009-02-23,-0.33071862091902715
2009-02-24,-1.0160000000000433
2009-02-25,-2.774000000000018
2009-02-26,-0.38849999999999985
2009-02-27,1.6530303121792007
2009-03-02,4.190750000000019
2009-03-03,-0.702500000000075
2009-03-04,-3.3599999999999377
2009-03-05,4.0004999999999376
2009-03-06,-0.7293916843421929
2009-03-09,-0.762999999999911
2009-03-10,-2.695000000000089
2009-03-11,1.9600000000000726
2009-03-12,-2.612000000000006
2009-03-13,-0.8979999999999847
2009-03-16,-1.24950000000008
2009-03-17,-0.9249999999999345
2009-03-18,4.754605391977626
2009-03-19,-1.537784051545229
2009-03-20,-0.048500000000028826
2009-03-23,0.013500000000000272
2009-03-24,0.28400000000000175
2009-03-25,-0.018443452195679222
2009-03-26,-0.13750000000002047
2009-03-27,0.2213165147134638
2009-03-30,0.7900000000000114
2009-03-31,-2.1399999999999975
2009-04-01,1.3324999999999614
2009-04-02,-1.9349999999999545
2009-04-03,-2.0900000000000842
2009-04-06,-0.4809964377634465
2009-04-07,1.7339999999999456
2009-04-08,0.8050000000000868
2009-04-09,0.4584999999999879
2009-04-10,-0.006022499444614088
2009-04-13,1.4029999999999772
2009-04-14,-0.13050000000000492
2009-04-15,1.9605000000000476
2009-04-16,-0.8985179546375356
2009-04-17,-0.16500000000008114
2009-04-20,1.0830000000000088
2009-04-21,-0.6850000000000093
2009-04-22,-0.5204999999999463
2009-04-23,-0.9960375994015331
2009-04-24,-0.49600000000006905
2009-04-27,-1.0249999999999104
2009-04-28,-0.6890000000000276
2009-04-29,-2.647499999999982
2009-04-30,-1.2422105705474875
2009-05-01,-1.718000000000008
2009-05-04,2.730000000000092
2009-05-05,0.3874999999999106
2009-05-06,0.7200000000000049
2009-05-07,-2.184500000000015
2009-05-08,-0.6154999999999984
2009-05-11,1.0550000000000512
2009-05-12,-1.2019999999999553
2009-05-13,0.48701117740718847
2009-05-14,-0.10199999999996985
2009-05-15,0.8414684952445269
2009-05-18,-0.569999999999994
2009-05-19,-0.3255000000000964
2009-05-20,0.3411407785266853
2009-05-21,-2.220959850992818
2009-05-22,-1.8500000000000478
2009-05-25,-0.006240961450443307
2009-05-26,-0.48000000000004595
2009-05-27,-1.7999999999999206
2009-05-28,-0.6289999999999792
2009-05-29,1.2787566616393293
2009-06-01,-3.268499999999963
2009-06-02,0.14193515309300234
2009-06-03,0.9424999999999616
2009-06-04,-1.635000000000003
2009-06-05,-1.9608433295034196
2009-06-08,-0.7024999999999957
2009-06-09,-0.7150000000000106
2009-06-10,0.15999999999991157
2009-06-11,1.4725000000000914
2009-06-12,0.960000000000012
2009-06-15,1.0424999999999864
2009-06-16,0.16625000000000492
2009-06-17,0.24125000000001648
2009-06-18,-0.5512500000000389
2009-06-19,0.6187500000000363
2009-06-22,1.2162499999999756
2009-06-23,0.022500000000006296
2009-06-24,0.35624999999999324
2009-06-25,1.5527207926364985
2009-06-26,-0.15374999999998384
2009-06-29,0.8187499999999799
2009-06-30,2.3814489216099424
2009-07-01,0.05500574695844464
2009-07-02,0.8770930209695283
2009-07-03,0.0
2009-07-06,1.0959999999999988
2009-07-07,0.3139999999999951
2009-07-08,-0.6246012612198658
2009-07-09,-0.8222500000000124
2009-07-10,-0.041500000000003
2009-07-13,-0.9790672820204839
2009-07-14,-1.4877499999999755
2009-07-15,2.2677499999999964
2009-07-16,1.4012629347395014
2009-07-17,0.3220380427716637
2009-07-20,0.22875000000002438
2009-07-21,1.9374999999999833
2009-07-22,0.9412500000000038
2009-07-23,-3.5762499999999897
2009-07-24,1.7974999999999888
2009-07-27,-1.4462500000000058
2009-07-28,0.8724999999999805
2009-07-29,0.02874999999999509
2009-07-30,-1.87499999999998
2009-07-31,-0.27749999999997815
2009-08-03,-3.331870619323723
2009-08-04,0.3658189468596244
2009-08-05,1.661500000000004
2009-08-06,2.3797499999999765
2009-08-07,2.109657107584195
2009-08-10,0.09325000000001822
2009-08-11,-0.4907499999999939
2009-08-12,-0.296073730082114
2009-08-13,1.8975000000000213
2009-08-14,0.808412508723922
2009-08-17,0.35143645985485855
2009-08-18,0.010249999999975968
2009-08-19,-0.0053296221584913355
2009-08-20,0.7438240340408697
2009-08-21,-0.8426894126815324
2009-08-24,-1.7750000000000083
2009-08-25,0.6900000000000109
2009-08-26,-1.7900000000000007
2009-08-27,-1.30250000000004
2009-08-28,-0.027500000000009094
2009-08-31,-0.7473184700965807
2009-09-01,-0.7799999999999965
2009-09-02,0.7141089745932174
2009-09-03,0.6567407491188205
2009-09-04,2.726999999999931
2009-09-07,-0.004196659734552441
2009-09-08,0.24750000000007458
2009-09-09,-1.5705000000000002
2009-09-10,0.8128577833119234
2009-09-11,-0.7544999999999429
2009-09-14,-0.1930000000000145
2009-09-15,-5.625218829921257
2009-09-16,2.6598999274877455
2009-09-17,1.4882130475708797
2009-09-18,0.4887153189928317
2009-09-21,-0.8155000000000668
2009-09-22,-0.34249999999983444
2009-09-23,0.17549999999990476
2009-09-24,-1.8542499999998905
2009-09-25,0.48549999999993837
2009-09-28,0.05074999999996989
2009-09-29,-0.02374999999991021
2009-09-30,-0.15018357485528158
2009-10-01,0.6519999999998773
2009-10-02,1.3927286579547207
2009-10-05,-0.9775000000000715
2009-10-06,-1.8149999999999145
2009-10-07,1.7106835289977889
2009-10-08,-0.865000000000132
2009-10-09,-2.35500000000012
2009-10-12,-2.66
2009-10-13,2.3930732862589648
2009-10-14,-1.3140000000001333
2009-10-15,0.14291458118298866
2009-10-16,0.6472499999998729
2009-10-19,-0.3887439996264499
2009-10-20,0.6925568571997209
2009-10-21,-1.0670000000002497
2009-10-22,-0.3812499999999994
2009-10-23,-1.8188834939314547
2009-10-26,-1.6987499999999063
2009-10-27,2.1325000000001535
2009-10-28,0.39574999999985594
2009-10-29,0.4305000000000047
2009-10-30,1.0007500000000287
2009-11-02,-2.305992038284451
2009-11-03,-1.2257500000001227
2009-11-04,0.13111130554705883
2009-11-05,0.47299999999998527
2009-11-06,0.2824999999999895
2009-11-09,0.5862500000001416
2009-11-10,0.02324999999974707
2009-11-11,1.1887500000000084
2009-11-12,0.43675000000012576
2009-11-13,0.8077334484043065
2009-11-16,2.1302152807804577
2009-11-17,-0.23014940731695938
2009-11-18,-0.5119999999999792
2009-11-19,0.44700000000014606
2009-11-20,-0.6700000000001436
2009-11-23,1.1457825777626605
2009-11-24,2.6900000000000306
2009-11-25,0.8499999999999687
2009-11-26,0.0
2009-11-27,0.6650000000000355
2009-11-30,-0.15327238222120854
2009-12-01,0.1614767978100557
2009-12-02,0.2849999999999832
2009-12-03,0.5540000000000084
2009-12-04,-3.895249999999793
2009-12-07,1.5789652576621667
2009-12-08,-1.5449999999999189
2009-12-09,0.25120970830129274
2009-12-10,-1.7220000000000182
2009-12-11,-1.3980000000001551
2009-12-14,-0.3670000000000713
2009-12-15,-0.13999999999994261
2009-12-16,0.09500000000017395
2009-12-17,1.1369999999998326
2009-12-18,-1.242300972714649
2009-12-21,-3.394999999999978
2009-12-22,-0.865326877127336
2009-12-23,-0.8150000000000004
2009-12-24,-0.7230000000001482
2009-12-25,-0.00467358375132366
2009-12-28,-2.6657499999998553
2009-12-29,0.8207499999998527
2009-12-30,0.22271512390698095
2009-12-31,-0.6887500000000103
2010-01-01,0.0
2010-01-04,2.0457500000000053
2010-01-05,1.4142499999999973
2010-01-06,1.0407499999999927
2010-01-07,-0.4500000000000171
2010-01-08,0.6616101190449212
2010-01-11,-0.7859999999999967
2010-01-12,2.8725000000001195
2010-01-13,-0.11525000000023379
2010-01-14,1.2120637088686743
2010-01-15,1.4474999999999847
2010-01-18,0.0
2010-01-19,0.1562499999998683
2010-01-20,-0.5194107287341221
2010-01-21,-1.402500000000043
2010-01-22,0.42849999999988925
2010-01-25,0.6437500000001374
2010-01-26,0.6354379271710676
2010-01-27,-2.1464366678319737
2010-01-28,-0.8018614433340797
2010-01-29,0.782215918013386
2010-02-01,1.3149999999999884
2010-02-02,0.021738587373866865
2010-02-03,-1.0200000000000509
2010-02-04,0.6410000000000052
2010-02-05,0.8179084037052659
2010-02-08,-1.32000000000005
2010-02-09,0.22399999999983447
2010-02-10,-1.5081430495650041
2010-02-11,0.5970000000000064
2010-02-12,1.425000000000205
2010-02-15,-0.04845410355976333
2010-02-16,0.8649999999999349
2010-02-17,-1.2569999999999533
2010-02-18,-0.4799999999999857
2010-02-19,-0.5797874299030289
2010-02-22,-0.8419999999999487
2010-02-23,0.4119538869129165
2010-02-24,1.4599999999998143
2010-02-25,2.2109999999999874
2010-02-26,0.6300000000001805
2010-03-01,1.1299999999997996
2010-03-02,0.13177329525764353
2010-03-03,0.07500000000001068
2010-03-04,1.1528420803058328
2010-03-05,0.02400000000015134
2010-03-08,-0.883999999999765
2010-03-09,1.531959035601828
2010-03-10,0.415898406124882
2010-03-11,-0.24803376926997825
2010-03-12,0.8749999999997736
2010-03-15,0.08787828001086924
2010-03-16,1.6500731250617868
2010-03-17,0.6670171327880666
2010-03-18,-1.97124999999977
2010-03-19,-1.8739392723380202
2010-03-22,1.9950000000003343
2010-03-23,2.609999999999651
2010-03-24,-5.239999999999681
2010-03-25,-0.14752529241355944
2010-03-26,1.4700000000002604
2010-03-29,0.9337554260263915
2010-03-30,1.4800000000000129
2010-03-31,2.5521650828251885
2010-04-01,-0.9210974988199673
2010-04-02,-0.20683345092373093
2010-04-05,-3.089999999999989
2010-04-06,2.6551669242885576
2010-04-07,0.02236635790968769
2010-04-08,2.4575849245260373
2010-04-09,0.6975000000000291
2010-04-12,2.3175000000002552
2010-04-13,-0.036250000000065036
2010-04-14,-1.7262500000002023
2010-04-15,-0.4965774748438458
2010-04-16,-0.6199999999999474
2010-04-19,2.762499999999969
2010-04-20,-0.6283032882005384
2010-04-21,1.906249999999973
2010-04-22,-2.1012499999999665
2010-04-23,1.6065257559966064
2010-04-26,1.6450000000000071
2010-04-27,-0.6049999999999695
2010-04-28,-3.5064830634182313
2010-04-29,3.985486162318172
2010-04-30,-1.7469108999721608
2010-05-03,0.3620871313324065
2010-05-04,-3.440000000000213
2010-05-05,-1.8291068022486794
2010-05-06,-0.9092097646952988
2010-05-07,2.3784420828297583
2010-05-10,1.466581700279973
2010-05-11,-1.2503596828411008
2010-05-12,0.5759999999999996
2010-05-13,0.7999999999998164
2010-05-14,2.5399999999999587
2010-05-17,0.24428578532995981
2010-05-18,0.25400000000026923
2010-05-19,-0.3550000000002725
2010-05-20,1.2650000000002326
2010-05-21,0.6109999999997606
2010-05-24,-0.6884307272972768
2010-05-25,0.9200000000000095
2010-05-26,-2.5250000000000803
2010-05-27,-1.869999999999861
2010-05-28,2.8399999999997787
2010-05-31,0.0
2010-06-01,0.7049999999999563
2010-06-02,0.5800000000002665
2010-06-03,-0.6500000000000161
2010-06-04,4.6399999999997465
2010-06-07,1.6128083325678295
2010-06-08,0.008999999999823467
2010-06-09,-0.10499999999982569
2010-06-10,-2.9900000000000015
2010-06-11,1.1309999999998612
2010-06-14,-1.0550000000000461
2010-06-15,-0.20399999999979893
2010-06-16,0.16900000000001086
2010-06-17,2.0759999999998304
2010-06-18,-0.6634725038842788
2010-06-21,1.0600000000000063
2010-06-22,1.7549999999999863
2010-06-23,1.5796894270226074
2010-06-24,-0.18362691495428718
2010-06-25,1.500000000000004
2010-06-28,3.3615423602454957
2010-06-29,1.5559999999999365
2010-06-30,-5.550999999999953
2010-07-01,-2.4551766693386785
2010-07-02,-1.5616889868466575
2010-07-05,0.0
2010-07-06,2.8150000000000626
2010-07-07,-0.5049999999999901
2010-07-08,-1.1235252621863894
2010-07-09,-0.8349999999999811
2010-07-12,0.06999999999978859
2010-07-13,0.21900000000018738
2010-07-14,0.7157121548675124
2010-07-15,1.035000000000009
2010-07-16,0.8689999999999938
2010-07-19,1.0409999999999917
2010-07-20,1.8037891857826136
2010-07-21,0.17999999999996952
2010-07-22,0.5609999999997908
2010-07-23,-1.0609999999998319
2010-07-26,0.7400000000000035
2010-07-27,-0.9450000000001801
2010-07-28,0.9550000000002548
2010-07-29,0.9600000000001876
2010-07-30,1.590999999999787
2010-08-02,0.07562768446036974
2010-08-03,2.0369999999999413
2010-08-04,-1.939999999999981
2010-08-05,0.18000000000022046
2010-08-06,0.29461694995445636
2010-08-09,1.148
2010-08-10,2.1620000000001802
2010-08-11,0.32799999999982066
2010-08-12,-1.8399999999998142
2010-08-13,-0.09827992024996193
2010-08-16,2.772816958732508
2010-08-17,-1.034999999999968
2010-08-18,-0.9199999999999583
2010-08-19,0.8150000000000305
2010-08-20,-2.47300000000009
2010-08-23,-0.3849999999999879
2010-08-24,2.6979999999998006
2010-08-25,-1.7199999999995526
2010-08-26,-0.7750000000002523
2010-08-27,-3.16999999999996
2010-08-30,1.444675149698741
2010-08-31,0.6114605392455827
2010-09-01,-0.9362872251472714
2010-09-02,-0.36000000000038995
2010-09-03,-1.1432962816920553
2010-09-06,0.0
2010-09-07,1.7350000000001835
2010-09-08,-0.41542190256778594
2010-09-09,-2.9640000000000213
2010-09-10,-0.22500000000015294
2010-09-13,1.9939999999999878
2010-09-14,1.8240000000002314
2010-09-15,-0.6589999999998277
2010-09-16,-0.9164809415628891
2010-09-17,0.8450000000002341
2010-09-20,0.7849999999997289
2010-09-21,3.34677229413369
2010-09-22,1.2699999999998208
2010-09-23,-0.032999999999773516
2010-09-24,-0.060241451911374276
2010-09-27,2.552999999999995
2010-09-28,1.011759751178622
2010-09-29,-0.23999999999999122
2010-09-30,-1.252208109418718
2010-10-01,0.5600000000002725
2010-10-04,0.8649999999997393
2010-10-05,1.431318753237477
2010-10-06,1.5118087316400826
2010-10-07,-0.2990000000002836
2010-10-08,2.860000000000036
2010-10-11,0.24399999999999822
2010-10-12,-0.41000000000001213
2010-10-13,1.2778278292906071
2010-10-14,-3.3250000000000792
2010-10-15,-0.4669999999999617
2010-10-18,2.9319999999999995
2010-10-19,-1.2749999999999702
2010-10-20,2.1029999999997298
2010-10-21,-0.9530000000000097
2010-10-22,-0.2999999999998119
2010-10-25,0.023000000000029244
2010-10-26,-3.5287287358110735
2010-10-27,-2.855000000000291
2010-10-28,3.8662500000001905
2010-10-29,2.176750000000043
2010-11-01,0.7345000000000617
2010-11-02,0.9624999999999941
2010-11-03,1.1119582648955586
2010-11-04,4.818575189406861
2010-11-05,-0.39718783465467083
2010-11-08,-1.3931762816639823
2010-11-09,-3.5289999999998254
2010-11-10,1.3734185522701023
2010-11-11,-2.3021786381012053
2010-11-12,-5.585000000000217
2010-11-15,-1.8379053402069068
2010-11-16,-4.373943161264231
2010-11-17,1.9085535866233196
2010-11-18,0.9720000000000311
2010-11-19,-0.9820000000002131
2010-11-22,1.209589498760508
2010-11-23,-1.2370000000000245
2010-11-24,-1.0832622922983894
2010-11-25,-0.004160950559386501
2010-11-26,-1.511999999999989
2010-11-29,0.8224786064143714
2010-11-30,0.873999999999968
2010-12-01,-1.6274999999999948
2010-12-02,-0.4578765666966615
2010-12-03,0.46499999999982355
2010-12-06,1.7937500000001958
2010-12-07,-6.0392823336462325
2010-12-08,-0.47620820164903793
2010-12-09,-1.2450000000000014
2010-12-10,-0.911500000000031
2010-12-13,2.0923274303787567
2010-12-14,-2.221000000000122
2010-12-15,-3.0639999999999112
2010-12-16,1.4506832009844648
2010-12-17,2.459999999999992
2010-12-20,0.22700922768471155
2010-12-21,0.7575000000000003
2010-12-22,0.8845675450635296
2010-12-23,-1.1884999999999846
2010-12-24,0.0
2010-12-27,0.20249999999988
2010-12-28,-0.8965000000000042
2010-12-29,1.3149056070997747
2010-12-30,-0.92225000000011
2010-12-31,2.122250000000133
2011-01-03,0.29112522767903487
2011-01-04,-0.6887499999999883
2011-01-05,0.740501734299041
2011-01-06,-0.5007500000001173
2011-01-07,-0.037460188011834795
2011-01-10,0.9768335231292018
2011-01-11,1.1007499999999946
2011-01-12,2.824250000000007
2011-01-13,0.9087499999999101
2011-01-14,1.8000000000000724
2011-01-17,-0.007732076490930312
2011-01-18,0.5307499999999108
2011-01-19,-2.371999999999895
2011-01-20,0.8457499999999963
2011-01-21,2.0742499999999207
2011-01-24,0.2107026277645354
2011-01-25,-1.6037720361586913
2011-01-26,2.567250000000095
2011-01-27,-0.7472500000000033
2011-01-28,-3.5502500000000974
2011-01-31,2.9337243185336663
2011-02-01,2.8200000000000838
2011-02-02,-0.6745000000000805
2011-02-03,-1.6791262637326076
2011-02-04,1.8012499999999896
2011-02-07,-0.30049999999997706
2011-02-08,-0.9300000000000187
2011-02-09,1.4054999999999864
2011-02-10,-0.4092499999999748
2011-02-11,2.1151851265097577
2011-02-14,-2.0699999999999217
2011-02-15,-4.972572654881518
2011-02-16,1.3392499999999845
2011-02-17,6.538749999999904
2011-02-18,-1.0792815504101216
2011-02-21,0.0
2011-02-22,-5.965499999999972
2011-02-23,0.24049999999996308
2011-02-24,-0.601249999999973
2011-02-25,4.037499999999981
2011-02-28,1.3257499999999334
2011-03-01,-0.49074999999990615
2011-03-02,0.42249999999989823
2011-03-03,2.558750000000008
2011-03-04,-0.39624999999992633
2011-03-07,-0.7342500000000686
2011-03-08,0.7317499999999935
2011-03-09,2.098250000000091
2011-03-10,-4.178750000000082
2011-03-11,-0.524999999999945
2011-03-14,0.38299999999993467
2011-03-15,-6.942145838974512
2011-03-16,-1.5904921747047525
2011-03-17,5.022683622462325
2011-03-18,3.4542496992933063
2011-03-21,2.212500000000019
2011-03-22,0.30969834884277037
2011-03-23,-0.5375000000000284
2011-03-24,0.9650000000000056
2011-03-25,-2.2800000000000242
2011-03-28,-1.772499999999976
2011-03-29,-0.044999999999985815
2011-03-30,0.5102326258519226
2011-03-31,4.7279999999999065
2011-04-01,2.6256593428105255
2011-04-04,1.2577464130266933
2011-04-05,-0.03150000000013806
2011-04-06,-0.147500000000021
2011-04-07,0.07774441594271785
2011-04-08,2.020000000000011
2011-04-11,0.06025486256073635
2011-04-12,-2.9315000000000335
2011-04-13,2.811500000000017
2011-04-14,2.3900000000001205
2011-04-15,2.458526276625769
2011-04-18,1.515999999999891
2011-04-19,2.7299999999999973
2011-04-20,-2.3794103067647345
2011-04-21,1.7677499999998825
2011-04-22,-0.002203977600427369
2011-04-25,3.264500000000078
2011-04-26,0.788188034061401
2011-04-27,-1.1891951533428597
2011-04-28,-3.497500000000141
2011-04-29,7.306282884966554
2011-05-02,-1.1720476338690327
2011-05-03,-1.5905321120441298
2011-05-04,-0.2306058711949948
2011-05-05,-2.9092889440093277
2011-05-06,0.8006101816331745
2011-05-09,3.0929999999999764
2011-05-10,0.21278132576832604
2011-05-11,-4.837000000000038
2011-05-12,0.31358396482911793
2011-05-13,-1.5077500000002115
2011-05-16,1.9176000813862009
2011-05-17,3.251230426300719
2011-05-18,0.44749999999995566
2011-05-19,1.226250000000058
2011-05-20,1.6262499999997464
2011-05-23,-1.3199999999999819
2011-05-24,0.38492657773402744
2011-05-25,1.5211131641992282
2011-05-26,3.5485882886127182
2011-05-27,2.407499999999726
2011-05-30,0.0
2011-05-31,0.2575000000002348
2011-06-01,2.053499999999996
2011-06-02,1.4489999999998118
2011-06-03,-0.16650000000003184
2011-06-06,-4.413499999999778
2011-06-07,1.9424999999997976
2011-06-08,2.8785000000002783
2011-06-09,2.0852544629038676
2011-06-10,-1.171999999999985
2011-06-13,-1.4505000000000225
2011-06-14,-5.060000000000006
2011-06-15,-1.1915042369272588
2011-06-16,-1.2364511932211029
2011-06-17,1.9909999999997876
2011-06-20,0.40170453639032244
2011-06-21,3.470000000000036
2011-06-22,-3.9050000000002485
2011-06-23,0.4199999999999971
2011-06-24,-0.7599999999997135
2011-06-27,-1.6500000000000168
2011-06-28,1.0149999999999786
2011-06-29,-1.2290876117183067
2011-06-30,-4.714999999999948
2011-07-01,-2.8815337601328705
2011-07-04,-0.010074631610697514
2011-07-05,3.7899999999999956
2011-07-06,0.8349999999997914
2011-07-07,0.07500000000019172
2011-07-08,5.289999999999997
2011-07-11,-0.2043531239830569
2011-07-12,2.7349999999997943
2011-07-13,4.145000000000182
2011-07-14,-1.7650000000000095
2011-07-15,1.6200000000000556
2011-07-18,-0.3850000000000307
2011-07-19,2.1900000000000044
2011-07-20,-1.7750000000001935
2011-07-21,-1.0650000000000226
2011-07-22,2.0350000000002524
2011-07-25,-1.3103010529569563
2011-07-26,3.398560172062144
2011-07-27,-1.4489999999997776
2011-07-28,-0.6810000000002209
2011-07-29,1.840000000000031
2011-08-01,3.6049999999999858
2011-08-02,5.076000000000002
2011-08-03,-0.6459999999999998
2011-08-04,-1.12499999999976
2011-08-05,-3.735000000000214
2011-08-08,-2.664278017036594
2011-08-09,2.586833403402143
2011-08-10,2.5462499999997816
2011-08-11,2.658062695033591
2011-08-12,0.8984999999999634
2011-08-15,0.7740000000000029
2011-08-16,1.49152334408176
2011-08-17,1.3124999999998013
2011-08-18,-1.8602206572688917
2011-08-19,1.4087500000000277
2011-08-22,0.006249999999943247
2011-08-23,0.5912499999999928
2011-08-24,-2.802477576190807
2011-08-25,0.4665000000000055
2011-08-26,4.191776563737504
2011-08-29,-0.5710000000000185
2011-08-30,1.8087636385020176
2011-08-31,-0.7737499999998272
2011-09-01,-2.188000000000174
2011-09-02,3.8430144383365192
2011-09-05,0.0
2011-09-06,-1.485000000000018
2011-09-07,-1.1775000000001328
2011-09-08,-0.9638499694883923
2011-09-09,0.8783530849940784
2011-09-12,-0.5749999999997757
2011-09-13,-3.538000000000064
2011-09-14,-0.1597098840993801
2011-09-15,-4.2460000000000235
2011-09-16,-1.0899045016464708
2011-09-19,2.5639999999999494
2011-09-20,-0.3589999999999993
2011-09-21,-0.08279826014808957
2011-09-22,-0.6287808533603012
2011-09-23,-3.6761270611534793
2011-09-26,-1.3950000000000438
2011-09-27,-1.8488482021457049
2011-09-28,-1.4950000000000454
2011-09-29,0.6899999999998124
2011-09-30,-2.9864537951146986
2011-10-03,2.374999999999989
2011-10-04,-0.6849999999999659
2011-10-05,-1.3998621736303616
2011-10-06,-1.5300000000003975
2011-10-07,-2.089999999999796
2011-10-10,-3.12650000000004
2011-10-11,2.708279956650747
2011-10-12,-0.805000000000006
2011-10-13,1.7287499999998526
2011-10-14,-0.9009999999998298
2011-10-17,1.6625000000002168
2011-10-18,0.5572499999998236
2011-10-19,-0.07725000000004528
2011-10-20,0.1012500000000386
2011-10-21,0.07975000000000072
2011-10-24,-0.7647334912120637
2011-10-25,2.7684999999999556
2011-10-26,-1.8122499999999244
2011-10-27,-2.8277500000000573
2011-10-28,2.147499999999995
2011-10-31,2.6336490812919164
2011-11-01,2.999000000000187
2011-11-02,0.3850000000000176
2011-11-03,-0.4227499999999596
2011-11-04,0.6737500000001527
2011-11-07,0.5402499999997727
2011-11-08,-1.253999999999977
2011-11-09,0.6427500000000508
2011-11-10,-2.00649999999984
2011-11-11,-1.8343750000004038
2011-11-14,1.3396250000001593
2011-11-15,0.30406859219241045
2011-11-16,0.5262499999997786
2011-11-17,-0.04024999999994261
2011-11-18,-0.8235000000000054
2011-11-21,0.25976406435909194
2011-11-22,0.38249999999995726
2011-11-23,0.6702499999998003
2011-11-24,0.0
2011-11-25,-1.2749999999997572
2011-11-28,0.18999999999973774
2011-11-29,-0.42650000000000615
2011-11-30,-0.6927264068731762
2011-12-01,-1.0789999999996853
2011-12-02,1.0139999999999525
2011-12-05,0.14500000000023874
2011-12-06,-0.24500000000028058
2011-12-07,2.3510000000000546
2011-12-08,1.910000000000027
2011-12-09,-1.966000000000082
2011-12-12,0.9309999999997827
2011-12-13,0.6300000000002244
2011-12-14,0.24500000000000718
2011-12-15,-0.36600000000023836
2011-12-16,1.6173791933911659
2011-12-19,0.46899999999999303
2011-12-20,-1.8050000000000306
2011-12-21,-0.35900000000001403
2011-12-22,-0.2209999999999408
2011-12-23,-1.9689999999997343
2011-12-26,0.0
2011-12-27,0.9439999999999483
2011-12-28,2.520999999999733
2011-12-29,0.7090000000002665
2011-12-30,1.0659999999997114
2012-01-02,0.0
2012-01-03,-1.4610000000000154
2012-01-04,-0.17561596585979192
2012-01-05,0.27599999999977765
2012-01-06,0.7589999999999633
2012-01-09,0.8000000000002512
2012-01-10,-0.4640000000002583
2012-01-11,1.399999999999971
2012-01-12,-1.6253514454606361
2012-01-13,1.3050000000002147
2012-01-16,0.0
2012-01-17,0.11999999999975597
2012-01-18,-1.7099999999997046
2012-01-19,-1.158524005285707
2012-01-20,-1.8199999999999599
2012-01-23,-0.653959722967887
2012-01-24,1.115000000000015
2012-01-25,3.754999999999699
2012-01-26,2.613811891888077
2012-01-27,1.0700000000000616
2012-01-30,-0.06394738204774474
2012-01-31,1.0899999999996786
2012-02-01,0.751043578944335
2012-02-02,1.164000000000006
2012-02-03,-2.0539999999999443
2012-02-06,0.8500237962704799
2012-02-07,-2.345000000000324
2012-02-08,-0.3739631682810202
2012-02-09,-1.2858881335888745
2012-02-10,-0.05797540921085345
2012-02-13,0.8200000000000371
2012-02-14,0.06299999999996872
2012-02-15,-0.4775087494276179
2012-02-16,-0.65499999999975
2012-02-17,-0.21499999999996078
2012-02-20,0.0
2012-02-21,-1.4300000000003048
2012-02-22,0.6250000000003063
2012-02-23,-0.23300000000027848
2012-02-24,-0.9220000000000191
2012-02-27,1.7900000000002598
2012-02-28,1.0850000000000137
2012-02-29,-0.2500000000000161
2012-03-01,-0.5792269087883177
2012-03-02,1.8519999999997399
2012-03-05,-1.019999999999721
2012-03-06,-0.9050000000002651
2012-03-07,-0.3004496721093368
2012-03-08,0.7100000000002917
2012-03-09,0.21499999999992253
2012-03-12,-0.3699999999999926
2012-03-13,-0.778000000000283
2012-03-14,-5.211999999999645
2012-03-15,1.7001889869482156
2012-03-16,-0.4912499999997781
2012-03-19,-2.3055000000000043
2012-03-20,-2.3393030390939584
2012-03-21,0.8817499999997778
2012-03-22,-0.2094449265728768
2012-03-23,1.2850000000001578
2012-03-26,0.5774999999999116
2012-03-27,0.7449999999999923
2012-03-28,-2.8845000000000574
2012-03-29,-1.0758471354222463
2012-03-30,0.8525000000000194
2012-04-02,1.7566478142560857
2012-04-03,-2.533000000000094
2012-04-04,1.0540909988816847
2012-04-05,0.9390369590574845
2012-04-06,1.0355000000001822
2012-04-09,0.9269999999998312
2012-04-10,-2.029500000000031
2012-04-11,-0.0015074439764251055
2012-04-12,0.5300000000002123
2012-04-13,-1.1845000000001975
2012-04-16,-1.1753213112373229
2012-04-17,0.831249999999944
2012-04-18,-0.21715459544840826
2012-04-19,1.0206845095714627
2012-04-20,0.27350000000010527
2012-04-23,1.09500000000012
2012-04-24,-0.9168126676450825
2012-04-25,-0.4984999999999481
2012-04-26,0.25325403515809375
2012-04-27,2.430000000000122
2012-04-30,0.4060855705974783
2012-05-01,-0.3230448528518937
2012-05-02,-0.4350000000002359
2012-05-03,-0.49999999999999617
2012-05-04,-0.13000000000003856
2012-05-07,0.32500000000000406
2012-05-08,-0.33298157337567547
2012-05-09,-1.5339223411961613
2012-05-10,-1.507349824765852
2012-05-11,0.36982669965341164
2012-05-14,0.6075000000000121
2012-05-15,-0.16669166887506187
2012-05-16,1.3066031584091375
2012-05-17,1.2075000000000187
2012-05-18,0.568750000000068
2012-05-21,0.15616343772519925
2012-05-22,-2.5600000000003007
2012-05-23,1.1217499999999492
2012-05-24,-1.7479226065170714
2012-05-25,1.2336465406878323
2012-05-28,0.0
2012-05-29,0.004999999999926513
2012-05-30,3.098750000000355
2012-05-31,1.1387500000000266
2012-06-01,1.746138129410275
2012-06-04,-1.1412500000000363
2012-06-05,-1.272499999999609
2012-06-06,-1.3114556163262785
2012-06-07,1.4671851839886236
2012-06-08,0.7860000000000085
2012-06-11,0.4687500000002985
2012-06-12,-2.6010000000003832
2012-06-13,1.1700000000000337
2012-06-14,-0.1552499999999316
2012-06-15,0.7272500000002473
2012-06-18,1.6052499999997194
2012-06-19,0.9700000000003495
2012-06-20,-0.8914999999999494
2012-06-21,-0.5174999999999996
2012-06-22,-1.0697500000003761
2012-06-25,4.4660000000003155
2012-06-26,1.3399999999999996
2012-06-27,0.7187499999996505
2012-06-28,1.7806877964553893
2012-06-29,-1.4127338868986203
2012-07-02,3.3662499999996762
2012-07-03,0.14668501738539352
2012-07-04,-0.007379543331199902
2012-07-05,3.571000000000367
2012-07-06,0.07249999999988067
2012-07-09,3.9948500000000466
2012-07-10,-0.537719844730744
2012-07-11,-1.1529549466799816
2012-07-12,2.332999999999629
2012-07-13,0.27324999999998073
2012-07-16,3.991250000000026
2012-07-17,-1.0343781056046988
2012-07-18,2.056250000000099
2012-07-19,-1.4605000000000115
2012-07-20,2.4549999999999477
2012-07-23,-0.9080020138977833
2012-07-24,-0.36874999999968205
2012-07-25,1.4599268726309416
2012-07-26,-1.0790800000000353
2012-07-27,-1.0174999999998948
2012-07-30,3.9229999999999623
2012-07-31,-0.4675000000000669
2012-08-01,-2.603170000000334
2012-08-02,0.5882112472945153
2012-08-03,-0.8605000000003548
2012-08-06,1.0962500000003383
2012-08-07,-2.9486380951409785
2012-08-08,1.817500000000067
2012-08-09,1.122499999999933
2012-08-10,-0.7114999999999836
2012-08-13,-2.2718924542801977
2012-08-14,-2.0586000000003346
2012-08-15,-0.5575397416435798
2012-08-16,-0.6673500000003402
2012-08-17,0.6982856239751175
2012-08-20,2.455100000000322
2012-08-21,1.7986499999999819
2012-08-22,2.861250000000053
2012-08-23,-1.2992737949413216
2012-08-24,-1.257911376910111
2012-08-27,0.11500000000029932
2012-08-28,-0.03000000000034106
2012-08-29,0.6470000000003453
2012-08-30,0.23299999999966403
2012-08-31,2.6248500000000052
2012-09-03,0.0
2012-09-04,0.0869999999999889
2012-09-05,-1.2198500000000163
2012-09-06,-0.891999999999975
2012-09-07,2.1000000000000325
2012-09-10,-2.857999999999998
2012-09-11,-0.29999999999972193
2012-09-12,-2.5400225587101235
2012-09-13,4.1651499999996595
2012-09-14,-0.3719999999996846
2012-09-17,-4.6069999999999975
2012-09-18,-0.45237595573739825
2012-09-19,1.990000000000004
2012-09-20,-1.2019999999999198
2012-09-21,0.9019999999999366
2012-09-24,-0.0020000000000563885
2012-09-25,0.62709964495895
2012-09-26,-0.7389999999996908
2012-09-27,-0.6099999999999414
2012-09-28,3.4350000000000094
2012-10-01,1.1952867596082193
2012-10-02,-0.6104966411248616
2012-10-03,1.010159999999995
2012-10-04,0.29984000000000266
2012-10-05,-2.819840000000359
2012-10-08,0.1899919999999709
2012-10-09,-1.0899919999995813
2012-10-10,-1.1850000000003846
2012-10-11,3.294999999999995
2012-10-12,-1.227295364161468
2012-10-15,-0.7681314185469419
2012-10-16,-1.4978593332795782
2012-10-17,-1.8087500000000698
2012-10-18,-0.20083300174418003
2012-10-19,1.0101700000003115
2012-10-22,-1.8440000000003467
2012-10-23,0.05000000000034351
2012-10-24,0.8890000000000947
2012-10-25,-2.379999999999983
2012-10-26,1.8377141040212304
2012-10-29,-0.056287886691890526
2012-10-30,-0.6810000000000251
2012-10-31,1.5160000000001101
2012-11-01,0.6190000000000019
2012-11-02,-0.3500000000000714
2012-11-05,0.5898499999996849
2012-11-06,-0.04484999999998781
2012-11-07,2.015000000000339
2012-11-08,-0.4573140381212188
2012-11-09,-1.3150000000000117
2012-11-12,-1.5900080000000452
2012-11-13,0.5010080000000549
2012-11-14,-0.993583333670541
2012-11-15,-0.014999999999746341
2012-11-16,1.7577067200880827
2012-11-19,1.2332479343470284
2012-11-20,-0.04000000000001546
2012-11-21,-0.7449999999996573
2012-11-22,0.0
2012-11-23,0.8449999999996353
2012-11-26,0.3150000000000097
2012-11-27,1.3278722632062492
2012-11-28,1.3050000000000994
2012-11-29,0.7648781238309181
2012-11-30,0.19705972402734878
2012-12-03,-0.1387500000000725
2012-12-04,0.5539741550288424
2012-12-05,1.6613299999999698
2012-12-06,0.29238097594285645
2012-12-07,-0.7178738626888238
2012-12-10,0.653146123869953
2012-12-11,-0.7403737035491957
2012-12-12,-1.4653199999995423
2012-12-13,-2.830946703468451
2012-12-14,1.3450000000000089
2012-12-17,-1.7585303721926657
2012-12-18,-1.0602499999999522
2012-12-19,-1.5524999999996376
2012-12-20,-0.9450000000000072
2012-12-21,-1.8337500000004086
2012-12-24,-2.0401579120816478
2012-12-25,-0.0026410863485961393
2012-12-26,-0.41124999999956335
2012-12-27,1.540749999999856
2012-12-28,0.19471312656719747
2012-12-31,1.0449999999999877
2013-01-01,-0.002608353926683943
2013-01-02,-0.7911799999999899
2013-01-03,-2.393819999999991
2013-01-04,-2.2078568604768836
2013-01-07,0.22995605662747423
2013-01-08,1.0200000000000098
2013-01-09,2.045581218042975
2013-01-10,0.60000000000029
2013-01-11,-0.7080000000000014
2013-01-14,2.3600000000000256
2013-01-15,1.0050000000000043
2013-01-16,0.5353611474302019
2013-01-17,-1.3685647240637784
2013-01-18,-0.6820395580433157
2013-01-21,0.032757263990994163
2013-01-22,0.9516729599996683
2013-01-23,-0.22614366266746905
2013-01-24,-0.46504240000001545
2013-01-25,-3.2047835239159936
2013-01-28,-1.4449305022520145
2013-01-29,0.18476998189557778
2013-01-30,0.4537193649176189
2013-01-31,0.10671404000004989
2013-02-01,1.7995438399999566
2013-02-04,-0.6433451009763289
2013-02-05,-0.01973984655716049
2013-02-06,-1.5947590000003202
2013-02-07,-2.1122083496309076
2013-02-08,0.20155060000026367
2013-02-11,-0.8710005000002705
2013-02-12,0.6897546000002551
2013-02-13,-0.5057123000000123
2013-02-14,1.385548904700689
2013-02-15,-0.7207795566001761
2013-02-18,0.0
2013-02-19,0.004064146298894825
2013-02-20,-0.6092237600000013
2013-02-21,-0.9850690573374248
2013-02-22,1.4486808400002436
2013-02-25,0.06609840000004201
2013-02-26,-1.5136850200000382
2013-02-27,1.8021170382115448
2013-02-28,0.795383800090795
2013-03-01,-0.09522699999998895
2013-03-04,-0.4559534254754574
2013-03-05,0.9122353600000206
2013-03-06,-2.3530063600000197
2013-03-07,-1.1861022399997543
2013-03-08,1.2526564800000264
2013-03-11,2.137532320000049
2013-03-12,2.426356798294502
2013-03-13,0.07447242000022802
2013-03-14,0.044166979999764794
2013-03-15,1.6892415517596784
2013-03-18,0.9315631109201591
2013-03-19,-0.3611505600000003
2013-03-20,1.9552667682526061
2013-03-21,-0.6118012000001382
2013-03-22,0.13723503999996917
2013-03-25,1.1590620799999414
2013-03-26,0.07441265492551863
2013-03-27,1.4121860226217393
2013-03-28,-3.9287440000002505
2013-03-29,-0.00961229114118659
2013-04-01,0.15374400000024133
2013-04-02,1.3002287351529798
2013-04-03,0.1183940800000418
2013-04-04,2.045518927468783
2013-04-05,2.8237234672331795
2013-04-08,-0.5468167399996822
2013-04-09,1.6387718399999576
2013-04-10,-0.21797266577854138
2013-04-11,2.229107599999963
2013-04-12,0.4323846456167477
2013-04-15,-4.107031879999676
2013-04-16,2.3956894538057156
2013-04-17,-1.3702072000317989
2013-04-18,-1.7543551264797774
2013-04-19,0.8382972844445168
2013-04-22,-0.3675000000004454
2013-04-23,-0.1492640000000306
2013-04-24,1.573628633548679
2013-04-25,0.9705679850690281
2013-04-26,1.0893501286076261
2013-04-29,2.2210016000000103
2013-04-30,-0.03997600000004843
2013-05-01,-0.06911403661252503
2013-05-02,1.0194519999996525
2013-05-03,-1.3896800502061122
2013-05-06,-2.9046460959777183
2013-05-07,1.6981762413233843
2013-05-08,-0.22965648000029007
2013-05-09,0.7821745075147225
2013-05-10,-5.547790160000053
2013-05-13,-0.2511579458192961
2013-05-14,-1.8546150400000894
2013-05-15,-0.6066288842991459
2013-05-16,1.5052804879114243
2013-05-17,-3.8388335281874757
2013-05-20,0.8249920000000136
2013-05-21,-0.39752686414354876
2013-05-22,-2.971127200000021
2013-05-23,-0.5073215836529101
2013-05-24,-1.8805240100893306
2013-05-27,0.2614624860278948
2013-05-28,-3.7320615600002887
2013-05-29,-0.8799827092748854
2013-05-30,-1.0212035491278386
2013-05-31,-1.6538176217003346
2013-06-03,0.5997073439829066
2013-06-04,-0.3973638506170778
2013-06-05,-1.9708844293529646
2013-06-06,0.9523149599997938
2013-06-07,0.44995567999996616
2013-06-10,-2.676137525472872
2013-06-11,0.7294694319855356
2013-06-12,-2.3570429164504416
2013-06-13,1.4000736536585885
2013-06-14,1.2417336430379682
2013-06-17,-0.47595760000000364
2013-06-18,0.30217456000012655
2013-06-19,-2.593575034322107
2013-06-20,-5.755583818355878
2013-06-21,-0.9545146990526485
2013-06-24,-1.7969613981969843
2013-06-25,0.18445687859734933
2013-06-26,0.812944800000062
2013-06-27,0.933335760000014
2013-06-28,-2.2338121600000176
2013-07-01,-0.4363757600000484
2013-07-02,-0.3651995642004433
2013-07-03,-0.3078495999999358
2013-07-04,0.7487020800000106
2013-07-05,-3.3356986205616024
2013-07-08,2.748523840000121
2013-07-09,2.108505366312415
2013-07-10,-0.37250000000000194
2013-07-11,2.2061301600000625
2013-07-12,-1.381828039999995
2013-07-15,0.6590993797340906
2013-07-16,0.658849900000002
2013-07-17,0.2709913046350384
2013-07-18,0.38118720000000084
2013-07-19,0.18398151999998538
2013-07-22,0.053308711224200535
2013-07-23,-0.6946171778838547
2013-07-24,-1.2442239605765721
2013-07-25,-0.7098239574403903
2013-07-26,0.22159880000000057
2013-07-29,-0.6264869561015268
2013-07-30,0.13370064000001683
2013-07-31,0.21225358896981528
2013-08-01,-1.4988515999999774
2013-08-02,2.091467773107968
2013-08-05,-0.3009756400000805
2013-08-06,-0.3799363528081988
2013-08-07,-0.47472140000001184
2013-08-08,1.2313931000000036
2013-08-09,-0.2795882999993239
2013-08-12,0.18195400000005757
2013-08-13,-1.8026271012289183
2013-08-14,0.3144587138536198
2013-08-15,-0.6662920000000073
2013-08-16,-0.8998534755456313
2013-08-19,-0.1935679599999325
2013-08-20,-0.04556104282117604
2013-08-21,-1.8003593000000255
2013-08-22,-0.32422437999990633
2013-08-23,1.878945262028948
2013-08-26,0.7776471999999334
2013-08-27,-1.8443788832444918
2013-08-28,-1.147154542220817
2013-08-29,0.441748000000014
2013-08-30,-0.8380783999999485
2013-09-02,0.5788432934715613
2013-09-03,-1.213512799999939
2013-09-04,-0.4003520730294484
2013-09-05,-0.9396822400000115
2013-09-06,1.5779987199999526
2013-09-09,0.7740469600000114
2013-09-10,0.26237600000005173
2013-09-11,0.9983468800000167
2013-09-12,-0.2316508400000062
2013-09-13,-0.347888358135882
2013-09-16,0.9714327999999263
2013-09-17,0.07988301166175282
2013-09-18,2.446562453572701
2013-09-19,0.3812628000000682
2013-09-20,-0.48271225999995027
2013-09-23,0.17130725067373312
2013-09-24,0.4723947701549093
2013-09-25,0.23798099182228927
2013-09-26,-0.3609750098476615
2013-09-27,-0.3298052800000607
2013-09-30,-0.9226232335113034
2013-10-01,-0.2922079999999101
2013-10-02,0.4033570000000032
2013-10-03,-0.5993584999999412
2013-10-04,0.23098780449802878
2013-10-07,0.2887499999999781
2013-10-08,-1.3521180837027322
2013-10-09,-0.6161750000001165
2013-10-10,1.3114434605644891
2013-10-11,0.8964497851678723
2013-10-14,-0.7097849599999718
2013-10-15,1.2410505599998887
2013-10-16,1.3211442926488541
2013-10-17,2.3353189927728133
2013-10-18,0.5014507200000208
2013-10-21,-0.5643638799999969
2013-10-22,2.0092083200000155
2013-10-23,-0.6495433800001372
2013-10-24,-0.11800349274579434
2013-10-25,1.019052117430267
2013-10-28,-0.3246495399999681
2013-10-29,0.6386792522563937
2013-10-30,-0.8829379756796636
2013-10-31,-0.3901520200000094
2013-11-01,-1.8534785915342298
2013-11-04,1.0202233599998467
2013-11-05,-1.5513735565590996
2013-11-06,1.4737069999998165
2013-11-07,0.7089871247089325
2013-11-08,-2.4288756399997937
2013-11-11,-0.36123048969215515
2013-11-12,-0.6320172380687508
2013-11-13,2.134507048233565
2013-11-14,2.064240326893909
2013-11-15,0.09744673589758103
2013-11-18,1.4527728000000062
2013-11-19,-1.3640033675868766
2013-11-20,-0.20406799999978797
2013-11-21,0.6939626596056003
2013-11-22,0.376357079999799
2013-11-25,0.5061235735393107
2013-11-26,1.1274779951816856
2013-11-27,-0.7726536000001929
2013-11-28,0.024374999999998453
2013-11-29,-0.6300815637902384
2013-12-02,-1.7236499999997645
2013-12-03,0.2196936783962461
2013-12-04,-1.6285776000001542
2013-12-05,-0.5892650000002277
2013-12-06,0.2866941599999981
2013-12-09,1.1432155200001635
2013-12-10,1.122463760000057
2013-12-11,-2.024936392375517
2013-12-12,-0.5146171420377602
2013-12-13,0.9079623200002521
2013-12-16,0.5291748399999584
2013-12-17,0.26339955999979564
2013-12-18,0.9478582200002383
2013-12-19,-1.7643038800000408
2013-12-20,-0.06023667446115689
2013-12-23,-0.40239009999980435
2013-12-24,-1.3205977517855838
2013-12-25,0.0
2013-12-26,0.2900000000002113
2013-12-27,0.10968035999999036
2013-12-30,1.1162499999999334
2013-12-31,-0.5851006302818686
2014-01-01,0.0
2014-01-02,-0.20664872000002385
2014-01-03,0.23785780861114367
2014-01-06,0.3021809600000402
2014-01-07,1.5483827999999684
2014-01-08,-1.7406894859753541
2014-01-09,0.5556205892938878
2014-01-10,1.3800876000000313
2014-01-13,0.17166816105266802
2014-01-14,-0.6147977999999951
2014-01-15,-0.7748860433901337
2014-01-16,0.16511129815125575
2014-01-17,0.7301939199999613
2014-01-20,0.6427375446336516
2014-01-21,-0.48193659999996014
2014-01-22,-0.783121417026249
2014-01-23,0.5558117999999805
2014-01-24,-1.146842000000013
2014-01-27,-0.6466397126406559
2014-01-28,1.3736150400000422
2014-01-29,0.26114820000010625
2014-01-30,-0.5706710690997956
2014-01-31,-0.0821325600000002
2014-02-03,-1.1568804519283569
2014-02-04,-0.9038406555144255
2014-02-05,-0.48798999999994475
2014-02-06,0.5517956000001273
2014-02-07,2.321400904524792
2014-02-10,0.21610002401932502
2014-02-11,0.5499790741470476
2014-02-12,-1.5907635583369168
2014-02-13,1.7163230000000556
2014-02-14,-0.07780365182529964
2014-02-17,0.0
2014-02-18,0.8405134999998402
2014-02-19,-0.8381239999999874
2014-02-20,-0.9223320000000007
2014-02-21,1.3494014999998205
2014-02-24,-0.1850592939738321
2014-02-25,1.0571807454531457
2014-02-26,0.393223533743473
2014-02-27,0.9529169999999404
2014-02-28,-1.5325491199999426
2014-03-03,-1.351480941143111
2014-03-04,-0.37210431700695384
2014-03-05,0.24421863846581218
2014-03-06,-0.8692150399999243
2014-03-07,-2.3335448399999787
2014-03-10,0.629372419999902
2014-03-11,0.049577826648543495
2014-03-12,0.7934877999999715
2014-03-13,1.1882166583121214
2014-03-14,-0.3403304000002519
2014-03-17,-0.05343320615215465
2014-03-18,0.9479868000001999
2014-03-19,-3.883061760000045
2014-03-20,0.11842556435687554
2014-03-21,0.36500000000007743
2014-03-24,-1.2100640386623394
2014-03-25,0.8612621999999381
2014-03-26,1.4028470545873155
2014-03-27,-0.009620960000031618
2014-03-28,-0.6680696800000452
2014-03-31,-0.05812989771785267
2014-04-01,0.379987079999929
2014-04-02,-1.442480799999826
2014-04-03,0.2346471879052201
2014-04-04,1.0272914704293792
2014-04-07,2.175449132666129
2014-04-08,0.1955125599998656
2014-04-09,0.6663016000000023
2014-04-10,1.335625560000117
2014-04-11,-0.3422406322610907
2014-04-14,-0.4699999999998428
2014-04-15,-1.3050592000000798
2014-04-16,0.5033549550518122
2014-04-17,-1.6160506209860317
2014-04-18,-0.0025167449954570605
2014-04-21,0.17000000000000245
2014-04-22,0.3167689600000334
2014-04-23,0.7986967999999841
2014-04-24,-0.18868991999996984
2014-04-25,-0.359439360000044
2014-04-28,0.1407665599999899
2014-04-29,0.7271744000000232
2014-04-30,1.7989550399998813
2014-05-01,0.4900000000000824
2014-05-02,-0.3795350399999477
2014-05-05,-0.12418159946894859
2014-05-06,0.4754057599999953
2014-05-07,1.5868166400000496
2014-05-08,1.5835016488747797
2014-05-09,-0.7744301401403271
2014-05-12,-0.8522431999998955
2014-05-13,2.0079033942843916
2014-05-14,1.4449999999999987
2014-05-15,-0.3420715237869929
2014-05-16,0.6418560448961063
2014-05-19,0.3809035521542539
2014-05-20,0.4810668131741598
2014-05-21,-0.8608671066110675
2014-05-22,0.8279173352500963
2014-05-23,0.9509146109205499
2014-05-26,0.3797502770339545
2014-05-27,-0.38558750000005876
2014-05-28,2.2595483111732144
2014-05-29,-0.005264400000086198
2014-05-30,-1.6173572990722278
2014-06-02,-2.7072171462865273
2014-06-03,-2.2785420000000762
2014-06-04,-0.04175509140886687
2014-06-05,2.9868675070235846
2014-06-06,-0.5411462400000148
2014-06-09,-1.8045231179683558
2014-06-10,-0.45329963608981627
2014-06-11,0.09228984000023416
2014-06-12,1.4932445578213496
2014-06-13,-1.4865932460101905
2014-06-16,-0.6017615156959633
2014-06-17,-1.761901999999921
2014-06-18,3.7415035164563912
2014-06-19,0.20837108574856392
2014-06-20,-0.16610848000001402
2014-06-23,-0.6114791999999932
2014-06-24,0.7229973600000947
2014-06-25,0.7199671962907642
2014-06-26,0.6791100000000229
2014-06-27,0.5682099199999632
2014-06-30,1.3890819200000357
2014-07-01,0.4773425600000255
2014-07-02,-1.399495996005435
2014-07-03,0.2947326000000107
2014-07-04,0.3495588800000306
2014-07-07,-0.5306876400000816
2014-07-08,0.2618071600000766
2014-07-09,2.0995768799999857
2014-07-10,-0.8146518775532503
2014-07-11,1.2223715263509856
2014-07-14,0.21497079999998459
2014-07-15,-0.0520549549352374
2014-07-16,0.7508429400000247
2014-07-17,-1.0090986265210555
2014-07-18,0.5438329943238971
2014-07-21,-0.23621569522657979
2014-07-22,1.9616241600000015
2014-07-23,-0.05580720000009946
2014-07-24,-1.1805359599999146
2014-07-25,-0.1689879400000264
2014-07-28,-1.5720288599999785
2014-07-29,0.7326081200000436
2014-07-30,-3.519825566926407
2014-07-31,-1.6416463700169859
2014-08-01,0.2324329200000253
2014-08-04,0.14045695999998065
2014-08-05,0.12944560000006086
2014-08-06,-0.08704950000010049
2014-08-07,0.90677417198495
2014-08-08,0.9160732945505472
2014-08-11,0.5426083436947314
2014-08-12,0.31531636000000884
2014-08-13,1.7931300800000478
2014-08-14,0.42418277675468863
2014-08-15,0.004693388139433416
2014-08-18,1.5335433999999908
2014-08-19,-0.1816073750684406
2014-08-20,-1.4163624000001076
2014-08-21,0.49773456000009436
2014-08-22,-1.3344544000000573
2014-08-25,1.1502201600000403
2014-08-26,1.129564639999969
2014-08-27,0.3939775999999993
2014-08-28,-0.6367480628856141
2014-08-29,0.15910719999996495
2014-09-01,0.09705306046293682
2014-09-02,-1.3721232533146024
2014-09-03,2.847279999999953
2014-09-04,-0.30250176626920283
2014-09-05,-0.20987065423752566
2014-09-08,-0.6139466040367637
2014-09-09,-1.5563555502111246
2014-09-10,-0.9324834116567494
2014-09-11,-0.04741065999995998
2014-09-12,-0.4898303305154306
2014-09-15,-0.3684995568540951
2014-09-16,0.5135575288604614
2014-09-17,-0.8336242534480769
2014-09-18,-0.07861842356767182
2014-09-19,2.4270911320734365
2014-09-22,0.41641282099268967
2014-09-23,-0.15618538779086885
2014-09-24,-0.5297980799999491
2014-09-25,-0.15478480000006925
2014-09-26,-0.23227398195106663
2014-09-29,-0.7012720800000288
2014-09-30,1.4122467441366906
2014-10-01,0.4531980799999777
2014-10-02,-1.3023865917636697
2014-10-03,-0.17174016000000783
2014-10-06,-0.3020575823462906
2014-10-07,-1.5185280399999959
2014-10-08,1.2220756271522055
2014-10-09,-0.1668348085162568
2014-10-10,0.7218072645992273
2014-10-13,-1.1390371742339396
2014-10-14,-1.6011737899248784
2014-10-15,1.245875493432365
2014-10-16,-0.8211361504255299
2014-10-17,0.3866536529678979
2014-10-20,0.25681743845270727
2014-10-21,-0.8040927327410665
2014-10-22,0.14041043185639557
2014-10-23,-2.0441578799999762
2014-10-24,0.7755673421496839
2014-10-27,-0.9198085200000483
2014-10-28,-0.13475546546806588
2014-10-29,-2.308999999999996
2014-10-30,0.7927317712327644
2014-10-31,-0.6934658167676656
2014-11-03,-0.23886872488763278
2014-11-04,0.6610536766204885
2014-11-05,-0.45433255999997163
2014-11-06,-0.8712127632120712
2014-11-07,2.1909666799999545
2014-11-10,-1.0427053853268993
2014-11-11,-0.518474000000001
2014-11-12,-0.269616187471101
2014-11-13,-0.07568832000006637
2014-11-14,0.7587542932330018
2014-11-17,-0.16099455999997664
2014-11-18,1.114722700000008
2014-11-19,-0.3641505762170405
2014-11-20,-0.5123024000000177
2014-11-21,0.8662002750945031
2014-11-24,0.5240000000000044
2014-11-25,0.12513524681981697
2014-11-26,0.47237110643085506
2014-11-27,-0.049966713446283555
2014-11-28,1.3117624324253203
2014-12-01,-1.023892799999999
2014-12-02,-0.6478175613635102
2014-12-03,0.03847780091132703
2014-12-04,-0.2777593799999845
2014-12-05,-1.5224994000001226
2014-12-08,0.6076516400000866
2014-12-09,-0.5473898800000284
2014-12-10,1.3992186465980496
2014-12-11,-1.1727056266750013
2014-12-12,-0.8524887689901592
2014-12-15,-2.2825360781639743
2014-12-16,2.0050952244970484
2014-12-17,-1.9526006405235359
2014-12-18,-0.2952205200000147
2014-12-19,0.1581603020693071
2014-12-22,0.6404084000000041
2014-12-23,-1.4803342875285603
2014-12-24,0.12374999999999987
2014-12-25,0.0
2014-12-26,0.08249999999995908
2014-12-29,0.4879247999999782
2014-12-30,0.18728129126290827
2014-12-31,0.8461438744779773
2015-01-01,0.0
2015-01-02,1.0395283999997824
2015-01-05,0.08988216000002704
2015-01-06,1.258697705315318
2015-01-07,0.7463183307592124
2015-01-08,0.0350604443457812
2015-01-09,0.04816688000009338
2015-01-12,1.2545198860411635
2015-01-13,1.53050691999985
2015-01-14,0.57446626083206
2015-01-15,2.6470783243236853
2015-01-16,-1.7585309778642004
2015-01-19,0.492811855797357
2015-01-20,-0.3749220880442822
2015-01-21,-0.5659507200002041
2015-01-22,-0.5853404399997952
2015-01-23,1.1243840000000078
2015-01-26,-0.22472490000009193
2015-01-27,0.3824972533459912
2015-01-28,2.2064852799999963
2015-01-29,0.21775344000019586
2015-01-30,2.034458220000034
2015-02-02,0.3725231862399196
2015-02-03,-3.318677507891598
2015-02-04,-0.05941636831163021
2015-02-05,-0.21709423999999963
2015-02-06,-3.3728031999999875
2015-02-09,-0.9787361006600047
2015-02-10,0.5214234221229028
2015-02-11,0.5013494400001454
2015-02-12,0.5492767999998631
2015-02-13,-0.8262372570867971
2015-02-16,-0.13553580000000348
2015-02-17,-2.03418547999998
2015-02-18,2.2558911178737184
2015-02-19,-0.8049572916737214
2015-02-20,0.3088236305315464
2015-02-23,1.2713737199999882
2015-02-24,1.2304492999999965
2015-02-25,0.02060948000014313
2015-02-26,-0.688398240000008
2015-02-27,0.08745903999994446
2015-03-02,-0.31410326000007055
2015-03-03,-1.158842964151922
2015-03-04,0.8572176874500813
2015-03-05,1.163523039999923
2015-03-06,-0.969774633405503
2015-03-09,0.6462731252832532
2015-03-10,0.35392308944157014
2015-03-11,0.9941222800000936
2015-03-12,0.06558693999989797
2015-03-13,1.1135410000001034
2015-03-16,0.8039775599999559
2015-03-17,0.38162764699286694
2015-03-18,0.5484500799999013
2015-03-19,-0.3182596799998845
2015-03-20,0.2654196897343907
2015-03-23,-0.9688723848091778
2015-03-24,0.7503364000000163
2015-03-25,-1.4907871053413793
2015-03-26,-0.3667144399999875
2015-03-27,0.7040105600000445
2015-03-30,0.9963433199999409
2015-03-31,1.2694365599999584
2015-04-01,0.7577914711162995
2015-04-02,-1.1499030399999919
2015-04-03,0.0
2015-04-06,0.5412499999999688
2015-04-07,0.8016522971665486
2015-04-08,0.0897215846439046
2015-04-09,0.47142363999995857
2015-04-10,0.7549453457439047
2015-04-13,0.7074610257886034
2015-04-14,0.06890339999998965
2015-04-15,-0.01854438868241996
2015-04-16,-0.7827373508307719
2015-04-17,-2.1298019311411482
2015-04-20,1.0873379149086415
2015-04-21,0.41296221999999655
2015-04-22,-1.1208653800000898
2015-04-23,0.3159397600000789
2015-04-24,1.6223847199999817
2015-04-27,1.274156334289486
2015-04-28,-1.8878320994320739
2015-04-29,-3.302199999999977
2015-04-30,-0.2074273549123096
2015-05-01,-0.8509999999999719
2015-05-04,0.6719111099866645
2015-05-05,-2.398998528196544
2015-05-06,-1.2086629561005873
2015-05-07,1.2815047847420133
2015-05-08,2.047495999999972
2015-05-11,-1.2947190480592163
2015-05-12,-0.39067778925661284
2015-05-13,-0.970754266733377
2015-05-14,0.4230924999999689
2015-05-15,0.99865371072329
2015-05-18,-1.001472639999926
2015-05-19,1.1192579599999188
2015-05-20,1.385840740000012
2015-05-21,0.11830750000001099
2015-05-22,0.06298589999999245
2015-05-25,0.10200000000000005
2015-05-26,0.6287301400000526
2015-05-27,1.6847956799999508
2015-05-28,-0.5288595199999697
2015-05-29,-0.7102171999999743
2015-06-01,-0.7757612000000131
2015-06-02,-2.3579371545036807
2015-06-03,-1.0235024000000204
2015-06-04,-0.5978010399999639
2015-06-05,-0.9037007543485267
2015-06-08,-1.2968182903952918
2015-06-09,-0.30453259999998916
2015-06-10,1.8147718166348077
2015-06-11,0.989620959999958
2015-06-12,0.19842379999999657
2015-06-15,0.9353300662770804
2015-06-16,-0.7564140159603756
2015-06-17,-1.3449048814509088
2015-06-18,0.8120335767973754
2015-06-19,1.4033781999999928
2015-06-22,-1.3168621243207455
2015-06-23,-1.4182526999999674
2015-06-24,0.3992317982006843
2015-06-25,-2.2281948399999654
2015-06-26,-1.6830256697266863
2015-06-29,0.5548326199999831
2015-06-30,-4.218512335851569
2015-07-01,-0.4629146147712964
2015-07-02,-0.15088137387195938
2015-07-03,0.03181700000000004
2015-07-06,0.2593634416475241
2015-07-07,0.4108866793895913
2015-07-08,0.2205591280207986
2015-07-09,-0.47183470000001
2015-07-10,-0.6895421642887068
2015-07-13,-0.7188845599999913
2015-07-14,1.1485276799999375
2015-07-15,0.41719258082752164
2015-07-16,0.07848879999998995
2015-07-17,0.38359162821187076
2015-07-20,0.6528725599999853
2015-07-21,-0.04062028622144063
2015-07-22,0.3999717799999735
2015-07-23,0.4083119047161947
2015-07-24,0.638902799999987
2015-07-27,0.9410395997296835
2015-07-28,-0.23380116000000298
2015-07-29,0.1857400399999546
2015-07-30,-0.22862847999994165
2015-07-31,0.31736714306002595
2015-08-03,0.6663695359796742
2015-08-04,-0.3738999999999976
2015-08-05,0.025189882806521055
2015-08-06,0.1887768800000254
2015-08-07,-0.6498124432348441
2015-08-10,-1.0911329599999917
2015-08-11,1.6601644142370438
2015-08-12,0.777922079999983
2015-08-13,-0.4041967343904691
2015-08-14,-0.22032404936543695
2015-08-17,0.4759584800000297
2015-08-18,-0.43516856000002235
2015-08-19,1.0714350113010074
2015-08-20,0.08990977448185354
2015-08-21,1.4404558000000576
2015-08-24,-0.12326713998560193
2015-08-25,-0.42442073279472653
2015-08-26,-0.2116256000000166
2015-08-27,-0.40265798931666213
2015-08-28,-0.3817370877709076
2015-08-31,0.4570404800000634
2015-09-01,0.6922524811512919
2015-09-02,0.09876439999989972
2015-09-03,1.1479282220928364
2015-09-04,1.1228430963546925
2015-09-07,0.0850127999998992
2015-09-08,-2.017135095400934
2015-09-09,0.3386279999999748
2015-09-10,-1.3242489749651776
2015-09-11,-1.13569657670364
2015-09-14,-0.7174999999999987
2015-09-15,-1.6459633199573303
2015-09-16,-0.7279663999998334
2015-09-17,2.0439258208622277
2015-09-18,2.3719019020866563
2015-09-21,-1.454340955538294
2015-09-22,2.4452399200001236
2015-09-23,-0.3215307200001116
2015-09-24,-0.2959574399999246
2015-09-25,-0.5196737249723469
2015-09-28,1.7756706905030017
2015-09-29,0.3674897381170686
2015-09-30,-0.7740850882528242
2015-10-01,0.06386562668401695
2015-10-02,-0.45241102144466183
2015-10-05,-1.7470370400000117
2015-10-06,-0.4802528000000023
2015-10-07,-0.7404458399999713
2015-10-08,-0.7134147593911371
2015-10-09,1.145181439999989
2015-10-12,0.7000044800000531
2015-10-13,1.0733679526354762
2015-10-14,1.9390381200000133
2015-10-15,-1.732973732001134
2015-10-16,-0.7524439999999709
2015-10-19,0.30122551999991337
2015-10-20,-0.25842723999999867
2015-10-21,0.5461488000000798
2015-10-22,-1.121151960000001
2015-10-23,-0.6047333796384238
2015-10-26,-0.19838665582712367
2015-10-27,0.6963383999999998
2015-10-28,-0.4575824000000008
2015-10-29,0.21200064000000302
2015-10-30,0.0263457599999985
2015-11-02,-2.3936602399999867
2015-11-03,-0.6056841599999812
2015-11-04,-0.058009760000115373
2015-11-05,0.33881085882371537
2015-11-06,-1.8240000000000702
2015-11-09,0.6304291426598421
2015-11-10,1.101614137416158
2015-11-11,-0.4477222779597466
2015-11-12,0.6640693662426529
2015-11-13,1.2989788717725697
2015-11-16,-0.2617231306730386
2015-11-17,0.23956655999999396
2015-11-18,-0.4660430894140159
2015-11-19,0.25714848000004625
2015-11-20,-0.3737384199999936
2015-11-23,-0.4623249425776097
2015-11-24,0.6336356800000543
2015-11-25,-0.2511495104926208
2015-11-26,0.2584843600000007
2015-11-27,0.9127015199999474
2015-11-30,-0.7259698399999643
2015-12-01,0.4048650400000136
2015-12-02,-0.27585362132260594
2015-12-03,-2.901448479999996
2015-12-04,-0.4808621895373703
2015-12-07,1.8274322419617528
2015-12-08,-0.05338502000005458
2015-12-09,-0.03790459999997056
2015-12-10,-1.065921540000041
2015-12-11,1.660332976369032
2015-12-14,-1.2577584799999875
2015-12-15,-0.22712200000000834
2015-12-16,0.6459673800000445
2015-12-17,-0.47270136581694494
2015-12-18,0.19268627473970523
2015-12-21,0.15528268
2015-12-22,0.381527200000051
2015-12-23,0.1229917999999951
2015-12-24,0.28172542242780513
2015-12-25,0.0
2015-12-28,0.3329675199999696
2015-12-29,-0.6886335999999705
2015-12-30,0.6705843303206203
2015-12-31,0.29918023230962554
2016-01-01,0.0
2016-01-04,1.0099914999999873
2016-01-05,0.10288816000000492
2016-01-06,0.49973186451385926
2016-01-07,0.8978481898294556
2016-01-08,0.0007094204779855492
2016-01-11,0.37697759999995273
2016-01-12,-0.28762761090877337
2016-01-13,0.5657551938018092
2016-01-14,-0.08865850275089886
2016-01-15,1.0982950178723694
2016-01-18,-0.14927379999994136
2016-01-19,-0.8188010780016344
2016-01-20,1.0871995990185714
2016-01-21,0.4186408812993305
2016-01-22,-2.413500422308132
2016-01-25,1.0079485600000744
2016-01-26,-0.4206213600000305
2016-01-27,0.8194295999999132
2016-01-28,0.5767152557976393
2016-01-29,-1.0937036800000108
2016-02-01,-0.18139647999997194
2016-02-02,2.7162591999999903
2016-02-03,-0.18377245611063742
2016-02-04,0.9753265800000798
2016-02-05,1.1305040000000026
2016-02-08,2.996360287451289
2016-02-09,1.542702120000058
2016-02-10,1.232491599999983
2016-02-11,2.326629899999927
2016-02-12,-2.524913970113123
2016-02-15,-1.3457776678411373
2016-02-16,-0.8106160999999418
2016-02-17,-2.880329999999918
2016-02-18,1.9717512599999605
2016-02-19,-0.7619912000000972
2016-02-22,-1.6762599999999641
2016-02-23,2.275084860000025
2016-02-24,0.4353246399999468
2016-02-25,1.5042247199999867
2016-02-26,-0.9925163199999415
2016-02-29,0.6113294399999561
2016-03-01,-3.1450725929251484
2016-03-02,-1.0175999310661632
2016-03-03,-0.2698068868958168
2016-03-04,-1.3969952000000174
2016-03-07,-0.6223121999999399
2016-03-08,1.5849353381873998
2016-03-09,-0.7245780000000505
2016-03-10,-1.217178030321175
2016-03-11,-1.7055950545745937
2016-03-14,-1.0562426011371708
2016-03-15,-0.08952240657791694
2016-03-16,1.4070530475821343
2016-03-17,-0.1291066810270863
2016-03-18,0.4353382085247993
2016-03-21,-1.048077431932808
2016-03-22,-0.6521910099982802
2016-03-23,1.3571454627386257
2016-03-24,-0.3581654701232811
2016-03-25,-0.0023609929825483275
2016-03-28,0.06975000000000055
2016-03-29,0.7155570030203462
2016-03-30,1.3705567459220853
2016-03-31,4.244366475459573
2016-04-01,-0.5733011841310832
2016-04-04,0.39418792037128936
2016-04-05,0.052142293929951934
2016-04-06,-0.35089100122457945
2016-04-07,0.31414551133233065
2016-04-08,-0.4939463152883105
2016-04-11,1.0086425971984783
2016-04-12,-1.2065620002746116
2016-04-13,-1.4723100595345837
2016-04-14,-0.7237349998950766
2016-04-15,0.13930282626939663
2016-04-18,-0.5941803665717196
2016-04-19,-1.129374363605388
2016-04-20,-2.1691805078558892
2016-04-21,1.0141632604036208
2016-04-22,1.53520040987552
2016-04-25,-1.6946435142408858
2016-04-26,-0.5185543097300224
2016-04-27,1.836470469432808
2016-04-28,-0.4332095794679642
2016-04-29,-0.25126335862219945
2016-05-02,-0.6524429993630357
2016-05-03,0.682011345421152
2016-05-04,-0.021363489786691735
2016-05-05,0.6985387534279565
2016-05-06,-0.4479717998510733
2016-05-09,0.9273445799554219
2016-05-10,-0.47175494525644046
2016-05-11,-0.1541191806789505
2016-05-12,-1.4862622329215924
2016-05-13,-0.23784234978715058
2016-05-16,-0.8390935034499367
2016-05-17,-0.8447147773730846
2016-05-18,-1.6502260660306909
2016-05-19,0.6837417030539442
2016-05-20,0.06628338670763545
2016-05-23,-0.5022227940561915
2016-05-24,-0.06694226831571978
2016-05-25,-0.5542058000624615
2016-05-26,0.7682866964338042
2016-05-27,-0.8133529021738025
2016-05-30,0.03464711250214281
2016-05-31,0.6136637136392549
2016-06-01,-0.7745135917662136
2016-06-02,0.6044352063600408
2016-06-03,1.4367263965602257
2016-06-06,-0.7758336511230867
2016-06-07,0.16958629179004855
2016-06-08,-0.06345790028574007
2016-06-09,0.10209493879823013
2016-06-10,0.12064293694647427
2016-06-13,0.010270206212185417
2016-06-14,-0.36047126598691703
2016-06-15,0.9763374936579862
2016-06-16,0.07082665374716492
2016-06-17,-0.6414051785223122
2016-06-20,-0.42942045451800026
2016-06-21,-0.29188980245569907
2016-06-22,0.2093680019378371
2016-06-23,-0.8483760018350386
2016-06-24,2.27482647132859
2016-06-27,0.8459855205019008
2016-06-28,-0.18982989307106465
2016-06-29,-0.5214455971716428
2016-06-30,0.47638494014744515
2016-07-01,0.447459821607795
2016-07-04,0.09865584103914224
2016-07-05,1.073073752403251
2016-07-06,0.28163707065578314
2016-07-07,-0.031394420657143346
2016-07-08,-0.30050622920626535
2016-07-11,-0.7596636419292737
2016-07-12,-1.2419743289945235
2016-07-13,-0.10223801040655078
2016-07-14,-0.33791669224715903
2016-07-15,-0.1454249453544034
2016-07-18,-0.33034424543371815
2016-07-19,1.0349999999999728
2016-07-20,-0.128810572624277
2016-07-21,0.5865503111719599
2016-07-22,-0.5666572415827946
2016-07-25,-0.10280050587648834
2016-07-26,0.41020171959563245
2016-07-27,0.46249999999992836
2016-07-28,0.2931436727086241
2016-07-29,0.5750000000000172
2016-08-01,0.3625000000000511
2016-08-02,-0.3948698112395515
2016-08-03,-0.04938545703888892
2016-08-04,1.0789047193527301
2016-08-05,-1.6769753521850752
2016-08-08,-0.26957908900677724
2016-08-09,0.7497706575394771
2016-08-10,0.6318207973991607
2016-08-11,-0.8310396975400226
2016-08-12,0.2774322114504077
2016-08-15,-0.9297068169048592
2016-08-16,-0.3510722321768867
2016-08-17,-0.11434160942873335
2016-08-18,-0.2091157212996091
2016-08-19,-0.9959447617529611
2016-08-22,0.5317345128059316
2016-08-23,0.7400161410835551
2016-08-24,0.2030453014374397
2016-08-25,0.11482449429458101
2016-08-26,0.19114516735068365
2016-08-29,1.6227244356558232
2016-08-30,0.77463775217086
2016-08-31,-0.17988335254120638
2016-09-01,-1.3062334833150855
2016-09-02,-0.6130697517384194
2016-09-05,0.27397595456982743
2016-09-06,1.322927622777157
2016-09-07,-1.0651221016498686
2016-09-08,-1.6904419517180678
2016-09-09,-2.060541198465821
2016-09-12,0.5310903124344328
2016-09-13,-0.17140514630686027
2016-09-14,-0.27141451263354777
2016-09-15,1.3450314586410144
2016-09-16,-1.9034821069232393
2016-09-19,-0.14548020362813985
2016-09-20,-0.072734493255546
2016-09-21,1.4600235651333449
2016-09-22,1.6492677631407515
2016-09-23,0.20372824096642378
2016-09-26,0.5030627012208925
2016-09-27,-0.20771254828098817
2016-09-28,0.8294129295366583
2016-09-29,-0.6927892236675104
2016-09-30,-0.7639056859014113
2016-10-03,-2.0178286628725104
2016-10-04,-0.8646837029457863
2016-10-05,0.1768329184307022
2016-10-06,0.6849583507062753
2016-10-07,-0.25280884552064997
2016-10-10,-0.5656304855335178
2016-10-11,-0.4368174364559377
2016-10-12,0.9912721729191497
2016-10-13,-1.933520745641917
2016-10-14,-0.25356708687944673
2016-10-17,-0.21831507389093882
2016-10-18,1.1623985361698719
2016-10-19,0.058399892608336904
2016-10-20,0.9367151308048316
2016-10-21,0.40313568440802644
2016-10-24,0.38318336248317514
2016-10-25,-0.2456074596780768
2016-10-26,-1.239010925655607
2016-10-27,-0.953116391420343
2016-10-28,0.0339950133245885
2016-10-31,0.14402358445284852
2016-11-01,-0.4617294130293243
2016-11-02,-0.1378923923965173
2016-11-03,-0.8248771877312471
2016-11-04,0.543673181056571
2016-11-07,1.7422772440951304
2016-11-08,-0.6241289316179184
2016-11-09,-1.2440425144221752
2016-11-10,-1.565675947737547
2016-11-11,-0.2958965073252153
2016-11-14,-0.22431177834066685
2016-11-15,0.4010390098068286
2016-11-16,-0.209580465128078
2016-11-17,0.05666121982663531
2016-11-18,-1.1439816304965353
2016-11-21,0.2105785799952922
2016-11-22,0.34226848655884345
2016-11-23,-0.3473008275035
2016-11-24,0.1345447352451694
2016-11-25,-0.16449493980464286
2016-11-28,-1.2119334716825627
2016-11-29,1.133737542153043
2016-11-30,0.30910780722905146
2016-12-01,-0.1883154241920105
2016-12-02,-0.2040293138127267
2016-12-05,0.5525160338889179
2016-12-06,0.5344101200081346
2016-12-07,0.6816826677337064
2016-12-08,1.04113411117694
2016-12-09,-0.30262602478902695
2016-12-12,-0.8212746429433334
2016-12-13,0.5946783103937286
2016-12-14,-0.059182470321261324
2016-12-15,0.5404605407715269
2016-12-16,0.4221866500569305
2016-12-19,0.7954402456301775
2016-12-20,0.7948407115957017
2016-12-21,0.28951690483087145
2016-12-22,0.03360084438255717
2016-12-23,-0.246237779367106
2016-12-26,-0.004629436782286057
2016-12-27,-0.6045516891478255
2016-12-28,0.096740392686542
2016-12-29,-0.44535021711753225
2016-12-30,-0.05575242805479202
2017-01-02,1.072595091577451
2017-01-03,0.11559362411602306
2017-01-04,0.3902988849187509
2017-01-05,-0.11175289797882315
2017-01-06,0.9210225582108215
2017-01-09,-0.4815679454619678
2017-01-10,0.7039666523747609
2017-01-11,0.6643311271511332
2017-01-12,-0.7565452320103774
2017-01-13,0.33347469568256916
2017-01-16,0.05619642494690137
2017-01-17,-1.4592307758324672
2017-01-18,1.458464020729829
2017-01-19,-0.1848728165624178
2017-01-20,0.10562308342763257
2017-01-23,-1.022790262681622
2017-01-24,1.7302407559562347
2017-01-25,0.29522753596026957
2017-01-26,0.18450314401767728
2017-01-27,-0.8112564077373989
2017-01-30,-0.6561080508251492
2017-01-31,-0.8214218401936815
2017-02-01,-0.6803765354157238
2017-02-02,-0.7282639450231575
2017-02-03,0.7425376205423824
2017-02-06,-1.4634510570101296
2017-02-07,-0.9027640686035994
2017-02-08,-0.4006817548959968
2017-02-09,1.727106906889595
2017-02-10,-0.08357949829087565
2017-02-13,0.39575427627552157
2017-02-14,0.29501918125040066
2017-02-15,-0.24705903783570365
2017-02-16,-0.24991512298833127
2017-02-17,-0.1159531532395013
2017-02-20,-0.59598383712865
2017-02-21,0.4798673541537144
2017-02-22,-0.8042532968518981
2017-02-23,-0.39629313452442555
2017-02-24,-1.2537499732989081
2017-02-27,0.8024318790436552
2017-02-28,-0.6661374168396613
2017-03-01,2.3379527933725797
2017-03-02,-0.03836720080612071
2017-03-03,1.3547922291791286
2017-03-06,-0.44870268608040115
2017-03-07,0.15555026245116343
2017-03-08,0.2760669899574129
2017-03-09,1.2482365407948428
2017-03-10,0.6205971932404584
2017-03-13,0.5042718458171916
2017-03-14,-0.9336057243359518
2017-03-15,1.479832267765361
2017-03-16,0.8128539047265642
2017-03-17,0.5078889022209669
2017-03-20,0.4359239809607612
2017-03-21,-0.4428097887052488
2017-03-22,0.6197700996390443
2017-03-23,1.2754369159269954
2017-03-24,0.6240172984156585
2017-03-27,-0.13582018824836267
2017-03-28,0.7421244564646693
2017-03-29,1.1981884052781797
2017-03-30,0.6029129327429137
2017-03-31,0.07185937003020942
2017-04-03,-0.5560434641838188
2017-04-04,0.4816832982644939
2017-04-05,-1.2206982497473875
2017-04-06,1.358739981978942
2017-04-07,0.7122072639481604
2017-04-10,-1.5845786666844808
2017-04-11,-0.7511672892061366
2017-04-12,0.35776800218919874
2017-04-13,-0.6909853744505686
2017-04-14,-0.04552592447119666
2017-04-17,0.8947500000001654
2017-04-18,-0.4109995422337506
2017-04-19,-1.3323900629864198
2017-04-20,1.9314835662900631
2017-04-21,0.28044018451107955
2017-04-24,6.566015826222651
2017-04-25,-0.2990737956742498
2017-04-26,-0.8726640038501099
2017-04-27,0.3704574251164615
2017-04-28,1.1606015911104195
2017-05-01,-0.985249999999813
2017-05-02,1.1769002304103935
2017-05-03,-0.54965083503721
2017-05-04,0.712081213650743
2017-05-05,1.6154610226160981
2017-05-08,-1.2692825152877683
2017-05-09,0.10580666065214481
2017-05-10,0.19114364082035898
2017-05-11,0.8627429218301976
2017-05-12,0.6121346562666562
2017-05-15,1.2680188787003384
2017-05-16,0.9928426641781106
2017-05-17,-4.2639212879519
2017-05-18,1.0201330236980861
2017-05-19,0.39692902326518364
2017-05-22,0.019121445654982472
2017-05-23,1.3224146024262826
2017-05-24,0.9917827787399041
2017-05-25,0.026385444641187566
2017-05-26,-0.5852061008727165
2017-05-29,0.00831314211946377
2017-05-30,-0.19979123276349212
2017-05-31,0.0035590343471667554
2017-06-01,0.9287345180662833
2017-06-02,0.6396796164783939
2017-06-05,0.9786313638686144
2017-06-06,-0.7470386718360172
2017-06-07,-0.8504400353431083
2017-06-08,1.0673665499653553
2017-06-09,-0.14401024794663894
2017-06-12,0.8043582579738514
2017-06-13,0.8673518562300686
2017-06-14,1.678052734374158
2017-06-15,-2.285487469062187
2017-06-16,1.466025590895527
2017-06-19,1.6560213041274576
2017-06-20,-1.6687414160180043
2017-06-21,-0.36152401252722643
2017-06-22,1.3573036104162142
2017-06-23,1.4619307861326973
2017-06-26,1.491234283445328
2017-06-27,-2.5705217862151972
2017-06-28,1.4839919013997263
2017-06-29,-4.1307502099308335
2017-06-30,-3.2942288895762752
2017-07-03,-0.8353798763315604
2017-07-04,0.08502888298022025
2017-07-05,-1.3703563861858121
2017-07-06,-1.1204349060106196
2017-07-07,1.5998048400853542
2017-07-10,0.9515715799097979
2017-07-11,0.07026171874985482
2017-07-12,4.472314556125761
2017-07-13,2.7763687011706035
2017-07-14,0.6153695278083995
2017-07-17,0.07622125244096986
2017-07-18,0.523804769548188
2017-07-19,-0.6408775711074577
2017-07-20,-0.009554494857530313
2017-07-21,-0.9103240454266069
2017-07-24,-0.18775708205536426
2017-07-25,-0.5494002857205958
2017-07-26,2.334784442121338
2017-07-27,-1.4062872312065493
2017-07-28,-0.6311202228061503
2017-07-31,-0.5895314018728588
2017-08-01,1.4535098152146435
2017-08-02,-0.2810370101932181
2017-08-03,0.25901525805598535
2017-08-04,-0.7223001341812677
2017-08-07,-0.3790594824360219
2017-08-08,0.5760571992873207
2017-08-09,-1.0729190770960308
2017-08-10,-1.1377334561596602
2017-08-11,0.81306056329005
2017-08-14,1.544989335470389
2017-08-15,0.8431122176858791
2017-08-16,2.3369124282546037
2017-08-17,-2.4918493919446485
2017-08-18,1.4772385041422025
2017-08-21,1.1109677023884912
2017-08-22,0.6212632942175932
2017-08-23,0.7800752458568291
2017-08-24,-0.6492638679482364
2017-08-25,1.4928537952070915
2017-08-28,-1.4404489817624109
2017-08-29,0.49435861749104987
2017-08-30,1.815360080718707
2017-08-31,-2.925533525871666
2017-09-01,0.7616217380830895
2017-09-04,-0.7457899181839468
2017-09-05,0.4457770118730086
2017-09-06,-0.060418737275404505
2017-09-07,3.304107349394407
2017-09-08,-0.9364440002432336
2017-09-11,-0.18229507446269516
2017-09-12,0.42751942062381276
2017-09-13,-0.43699790551316947
2017-09-14,0.22969330206514998
2017-09-15,-0.38186949181563
2017-09-18,0.030803019521537318
2017-09-19,0.22522902011888968
2017-09-20,-0.21343129506677366
2017-09-21,-0.8121510409210826
2017-09-22,0.3458061885832004
2017-09-25,-1.1742505455012604
2017-09-26,0.0541338782303948
2017-09-27,-2.5218456103335605
2017-09-28,0.6595643913707752
2017-09-29,-1.283598126345424
2017-10-02,1.2665193920138047
2017-10-03,0.9991263732395916
2017-10-04,-0.45381040131014383
2017-10-05,-1.5195221099865859
2017-10-06,-0.7362048866120452
2017-10-09,-1.2848138670729636
2017-10-10,-0.19627509473753862
2017-10-11,1.616249084129306
2017-10-12,-0.969720561026537
2017-10-13,-0.5376047180310917
2017-10-16,-0.04281859002544313
2017-10-17,1.098845026445448
2017-10-18,0.8140837745666502
2017-10-19,-0.22185695034366212
2017-10-20,-1.147686672391679
2017-10-23,-0.16445338807132828
2017-10-24,-1.507410258291568
2017-10-25,-0.256754177331443
2017-10-26,0.764385194434623
2017-10-27,1.2760042306244495
2017-10-30,-0.07402543919598158
2017-10-31,1.5303760032636948
2017-11-01,0.9794817247393147
2017-11-02,-0.8085362663279327
2017-11-03,-0.5956340182983059
2017-11-06,1.0453600034712751
2017-11-07,-1.1594243347595095
2017-11-08,0.2388161201208523
2017-11-09,-1.894223876989393
2017-11-10,0.04551196415328128
2017-11-13,0.06095453058657212
2017-11-14,-0.0715299868576125
2017-11-15,-0.823143085364866
2017-11-16,1.9330958786046704
2017-11-17,-0.5865573439516526
2017-11-20,0.47535142619171983
2017-11-21,1.5705880775488066
2017-11-22,-0.17143879666579184
2017-11-23,0.45582348060610306
2017-11-24,0.7997833824158982
2017-11-27,-0.48246410656118643
2017-11-28,2.5247750587477493
2017-11-29,0.08521552085842046
2017-11-30,-2.0499659589092434
2017-12-01,-2.3652852783233294
2017-12-04,0.6798527751428463
2017-12-05,0.814477128070015
2017-12-06,-0.8007912597152885
2017-12-07,0.9059879646282243
2017-12-08,0.641621162413052
2017-12-11,-0.13702741579882102
2017-12-12,0.6422316362662683
2017-12-13,-0.7154880664299593
2017-12-14,-0.9397626805321423
2017-12-15,1.178907927512151
2017-12-18,1.4816781010674887
2017-12-19,-1.112614510535751
2017-12-20,-1.4806234092722033
2017-12-21,-0.4549341209956288
2017-12-22,-0.9678628985488192
2017-12-25,0.0
2017-12-26,-0.9440000000000011
2017-12-27,0.4384036373820206
2017-12-28,-0.9655357527744108
2017-12-29,0.6099618015302002
2018-01-01,-0.0018440467078570265
2018-01-02,0.45443139195219134
2018-01-03,1.4980286417030406
2018-01-04,1.0568548769943913
2018-01-05,1.3068224508773039
2018-01-08,0.8433953339110524
2018-01-09,-0.17108361434935895
2018-01-10,-0.6754940586088407
2018-01-11,0.20314732394702315
2018-01-12,1.1841107419249726
2018-01-15,0.8008149604792868
2018-01-16,-0.164497281572777
2018-01-17,0.6792912848819924
2018-01-18,-0.9968961286545133
2018-01-19,-0.39247876813264243
2018-01-22,0.5508601300445357
2018-01-23,0.23921187079123996
2018-01-24,1.0806496519873656
2018-01-25,-2.905540932158571
2018-01-26,0.5164877751652267
2018-01-29,-1.0797300321193026
2018-01-30,-2.5424671128346605
2018-01-31,0.7187455328334568
2018-02-01,1.523600384024556
2018-02-02,-2.6814738364902446
2018-02-05,-7.182102121406008
2018-02-06,0.767731921640423
2018-02-07,-1.1656694056397425
2018-02-08,-1.295934296398844
2018-02-09,-0.4566338176739805
2018-02-12,0.73714201400901
2018-02-13,-0.7669088517805001
2018-02-14,2.358804516074028
2018-02-15,0.12574090651622288
2018-02-16,0.27787860426627753
2018-02-19,-0.13311901855487734
2018-02-20,-1.1691210835272108
2018-02-21,0.45835324287402457
2018-02-22,0.9140212826720455
2018-02-23,0.18728005743219603
2018-02-26,-0.29380957907038835
2018-02-27,-1.254811470030256
2018-02-28,-0.7804240934562846
2018-03-01,-1.7540052526283638
2018-03-02,-1.4321341314317693
2018-03-05,1.5205299124719822
2018-03-06,0.5101078715323991
2018-03-07,-0.3599449586837878
2018-03-08,-0.2553103649331386
2018-03-09,1.7434328467561784
2018-03-12,0.3676537145983446
2018-03-13,-1.563005856990818
2018-03-14,-0.18622000000016709
2018-03-15,0.17555154942590445
2018-03-16,2.256731189165912
2018-03-19,-0.8520181709961674
2018-03-20,0.7401202774047735
2018-03-21,1.8317864291668
2018-03-22,-2.394383629761228
2018-03-23,-1.3050805546916
2018-03-26,1.771649433612834
2018-03-27,-0.7182864613531204
2018-03-28,1.4120743708610635
2018-03-29,1.0880073051450996
2018-03-30,-2.962185995957775
2018-04-02,-0.5502469308924965
2018-04-03,0.6908464677832457
2018-04-04,1.0019514000000167
2018-04-05,0.6065798000002105
2018-04-06,-2.1093166000002075
2018-04-09,0.217849009239333
2018-04-10,0.8008089200000126
2018-04-11,-0.12097387262865318
2018-04-12,0.9970740200002496
2018-04-13,1.5067456000000066
2018-04-16,0.6117188588946325
2018-04-17,0.44970710203887515
2018-04-18,0.30960315000026695
2018-04-19,-2.9581655316494815
2018-04-20,0.14644576040842056
2018-04-23,-2.4800108349700425
2018-04-24,0.20452996074292407
2018-04-25,-0.12130779372411708
2018-04-26,0.5068327199998162
2018-04-27,0.5570344813887322
2018-04-30,-0.32570252579134074
2018-05-01,-1.1770000000002103
2018-05-02,-0.6881254223853218
2018-05-03,0.1622932400000336
2018-05-04,-0.9377982923656767
2018-05-07,-0.6873789214978738
2018-05-08,-0.08883862214355699
2018-05-09,0.05206678558576235
2018-05-10,1.285364816458461
2018-05-11,0.24708636907711537
2018-05-14,-0.33849201085623365
2018-05-15,-0.15538742115873277
2018-05-16,0.36986016025132845
2018-05-17,0.09945724512413076
2018-05-18,-2.0697573261598925
2018-05-21,0.6700643200000987
2018-05-22,0.7499904226746424
2018-05-23,-1.7059750400000122
2018-05-24,-0.6534605999999583
2018-05-25,-0.41227091999988547
2018-05-28,-2.2743706876636245
2018-05-29,-3.5197263507052474
2018-05-30,2.6147752689876183
2018-05-31,-0.8491991214967467
2018-06-01,2.329272320000028
2018-06-04,0.4945213459561159
2018-06-05,-0.898687839999976
2018-06-06,0.03909579999999773
2018-06-07,0.684420457571976
2018-06-08,-0.2755792100000619
2018-06-11,0.5574483838616066
2018-06-12,0.7313899999999537
2018-06-13,-0.26649026850115837
2018-06-14,1.3504731888159391
2018-06-15,2.0421845129925607
2018-06-18,-1.2181460799999997
2018-06-19,0.5769688999999932
2018-06-20,-0.46040367999998405
2018-06-21,-0.3136608800000213
2018-06-22,0.6035279396525164
2018-06-25,-1.551278099999989
2018-06-26,0.8178025885557738
2018-06-27,-1.5031540192355075
2018-06-28,0.9491828799999812
2018-06-29,0.5395766117117293
2018-07-02,-0.7000926451591963
2018-07-03,2.90930909229042
2018-07-04,0.5765852699999804
2018-07-05,0.13554791066976238
2018-07-06,-0.33911506634104677
2018-07-09,0.0965270000000048
2018-07-10,1.587653499999995
2018-07-11,0.24933869999999914
2018-07-12,1.1119112565489582
2018-07-13,0.8386689008733427
2018-07-16,0.42698935099765506
2018-07-17,-1.2162461172385508
2018-07-18,-0.05711223662207038
2018-07-19,-0.5682752000000132
2018-07-20,-2.049421958766645
2018-07-23,0.03105607999999734
2018-07-24,1.1240387203599518
2018-07-25,0.9493186200000105
2018-07-26,-1.9776955344088707
2018-07-27,0.20700621097353294
2018-07-30,0.13202259999998645
2018-07-31,-0.7678078907065019
2018-08-01,-0.9202917699999849
2018-08-02,0.4872438556619664
2018-08-03,-0.06214140341410575
2018-08-06,0.6164680115741655
2018-08-07,0.45579671647647535
2018-08-08,-0.20827924000001963
2018-08-09,-0.5464272399999976
2018-08-10,-0.011484402752995155
2018-08-13,-2.289079298123985
2018-08-14,0.8189586652151664
2018-08-15,-2.6263047199999856
2018-08-16,0.2327345407174693
2018-08-17,0.34143770476938046
2018-08-20,0.8799698399999821
2018-08-21,0.7984139687282613
2018-08-22,1.9642881600000053
2018-08-23,-0.5609500799999902
2018-08-24,1.7709696399999957
2018-08-27,1.245831999999996
2018-08-28,-2.153355745167574
2018-08-29,1.5965868998590373
2018-08-30,-2.2584648200000035
2018-08-31,-0.2868903499999941
2018-09-03,-1.3531791640776907
2018-09-04,-0.04250000000000966
2018-09-05,-2.722022699999984
2018-09-06,0.9219376729760508
2018-09-07,-0.8281965000000054
2018-09-10,0.4323398400000082
2018-09-11,-0.36511728712598224
2018-09-12,0.8231587500000045
2018-09-13,5.081478286215733
2018-09-14,0.6199993115294392
2018-09-17,0.14362895999999573
2018-09-18,0.33893327999999423
2018-09-19,1.323971279999995
2018-09-20,0.07891786717698455
2018-09-21,-2.4177984399999968
2018-09-24,-0.2520164633469783
2018-09-25,-0.76331265999999
2018-09-26,-0.41317850920784527
2018-09-27,0.7852191799999952
2018-09-28,1.1624178630977087
2018-10-01,0.5420696456714682
2018-10-02,-1.8348157013229185
2018-10-03,-2.589396899999988
2018-10-04,-0.4887802735240719
2018-10-05,1.0386649100000207
2018-10-08,-0.36248008000000276
2018-10-09,0.3287585899999803
2018-10-10,-0.8277988799999825
2018-10-11,-2.1135100209616486
2018-10-12,-0.44669257568699217
2018-10-15,-0.9906049937937845
2018-10-16,0.26149139785852205
2018-10-17,-0.13004956156276598
2018-10-18,-0.8594689584790083
2018-10-19,-0.48563482000002045
2018-10-22,-0.6539250042096456
2018-10-23,-0.5042949205671224
2018-10-24,0.22000000000001593
2018-10-25,0.3523758999999901
2018-10-26,-0.8806994499999593
2018-10-29,-3.8156302251891416
2018-10-30,0.4708475429351425
2018-10-31,0.33210617545075066
2018-11-01,-0.09026279704099067
2018-11-02,-0.26226042000003336
2018-11-05,-0.1513640799999801
2018-11-06,0.22941857999998055
2018-11-07,0.8450509200000139
2018-11-08,-0.3992731199999158
2018-11-09,0.38802179999989783
2018-11-12,-0.62606306050545
2018-11-13,0.6264603199999996
2018-11-14,-1.0078017199999905
2018-11-15,0.3171020113374934
2018-11-16,0.5568639999999652
2018-11-19,-0.09261388397392896
2018-11-20,-0.4332804399999998
2018-11-21,0.33507629063275574
2018-11-22,-0.19748703999995096
2018-11-23,0.28673995999993823
2018-11-26,0.3054668600000097
2018-11-27,0.2729063999999937
2018-11-28,0.34411091617184764
2018-11-29,-0.9360158800000015
2018-11-30,-1.0108886799999959
2018-12-03,0.4783165399999996
2018-12-04,-0.4172068400000065
2018-12-05,-0.2561096261389399
2018-12-06,0.07847030000000231
2018-12-07,0.16622359999999745
2018-12-10,-0.4411804084462236
2018-12-11,-0.27319860037502214
2018-12-12,-0.1732442193774091
2018-12-13,0.003255560000003311
2018-12-14,0.25056074165256786
2018-12-17,0.2846256192575669
2018-12-18,0.2550694699999881
2018-12-19,0.047753781576156784
2018-12-20,0.33963299999999463
2018-12-21,0.7617064097199231
2018-12-24,-0.09448227523743427
2018-12-25,0.429566473145068
2018-12-26,0.32400000000001217
2018-12-27,0.010962400000013486
2018-12-28,0.26714543171362715
2018-12-31,0.017572154730766672
2019-01-01,0.34750000000000436
2019-01-02,1.0750141199999834
2019-01-03,0.6027575578929809
2019-01-04,-1.3741492145587555
2019-01-07,-0.35943993488716497
2019-01-08,-0.5350249610948364
2019-01-09,0.5642342400000329
2019-01-10,0.5182574768802025
2019-01-11,0.6908349799999977
2019-01-14,0.6508503531824201
2019-01-15,-0.538888379733271
2019-01-16,1.469942184572471
2019-01-17,-0.857801033213907
2019-01-18,-2.1170135330702773
2019-01-21,-0.09776750000004568
2019-01-22,0.20034830579681245
2019-01-23,1.0137892999999834
2019-01-24,0.34301840000003286
2019-01-25,-0.0676782600000142
2019-01-28,-0.2594087308109808
2019-01-29,0.0675130999999582
2019-01-30,0.5440711599999977
2019-01-31,0.24667039965125076
2019-02-01,-0.16585871999998217
2019-02-04,-0.10134415323537144
2019-02-05,0.9077540487622064
2019-02-06,-0.4078074544507519
2019-02-07,0.22419255999997814
2019-02-08,0.4739848399999669
2019-02-11,-1.5175386210061774
2019-02-12,0.02292656701376833
2019-02-13,-1.5786319200000254
2019-02-14,1.2408852558991659
2019-02-15,0.6770267238811559
2019-02-18,-0.044614369999993804
2019-02-19,1.014683693206564
2019-02-20,-0.048085520000027464
2019-02-21,-1.0143274982850745
2019-02-22,0.6205143362570804
2019-02-25,0.8983743374144167
2019-02-26,0.6298497139435327
2019-02-27,0.3873793731663691
2019-02-28,-0.6042398208280478
2019-03-01,-0.9485987456338387
2019-03-04,0.02730456339196074
2019-03-05,0.6760044434679257
2019-03-06,-0.9066707748478308
2019-03-07,-1.1729746230371605
2019-03-08,1.2520325545716922
2019-03-11,0.8643099199999597
2019-03-12,1.9233368799999746
2019-03-13,-0.2372372673274397
2019-03-14,0.8161802800000092
2019-03-15,1.61834800461902
2019-03-18,0.8701191863559632
2019-03-19,1.4976365000000527
2019-03-20,0.9121664878917933
2019-03-21,-1.353894279999991
2019-03-22,-3.6383588400000115
2019-03-25,1.0357242200000047
2019-03-26,-0.21722948494156433
2019-03-27,-0.7016500400002964
2019-03-28,0.9372896723959887
2019-03-29,2.3585991199999827
2019-04-01,1.818967621686852
2019-04-02,-0.7121624000000334
2019-04-03,0.14056200000000083
2019-04-04,0.5670766000000281
2019-04-05,0.7499374221119527
2019-04-08,0.7241437497387212
2019-04-09,-0.5926804000000039
2019-04-10,1.6938803363892054
2019-04-11,1.09043840000003
2019-04-12,0.06072562384910714
2019-04-15,-0.3610488162890277
2019-04-16,0.3905684026396563
2019-04-17,1.2625250193310544
2019-04-18,0.7030622118188782
2019-04-19,0.9497500000000171
2019-04-22,-0.5811692370574058
2019-04-23,0.7422424000000637
2019-04-24,-1.4581107692075692
2019-04-25,1.3514639583969639
2019-04-26,0.050700400000023
2019-04-29,-1.1492728000000272
2019-04-30,1.4659844000000053
2019-05-01,-1.0665000000000484
2019-05-02,-2.4997937999996873
2019-05-03,4.024268799999671
2019-05-06,-0.16546999999995743
2019-05-07,-1.1992358000000072
2019-05-08,-3.3269848351787408
2019-05-09,-0.5073047999999519
2019-05-10,4.216941798023151
2019-05-13,-1.7805921250998387
2019-05-14,-1.2385012986751958
2019-05-15,-0.3952191356855952
2019-05-16,1.127174004288431
2019-05-17,-2.7987605462356377
2019-05-20,0.2989421583675657
2019-05-21,-0.4770919999999727
2019-05-22,0.13690754370262637
2019-05-23,-2.276941999999993
2019-05-24,1.8934262364446222
2019-05-27,-2.489948400000003
2019-05-28,-1.4508531312696382
2019-05-29,-2.2323512000000565
2019-05-30,1.4045356534729618
2019-05-31,-3.6613098149643903
2019-06-03,-0.6371995984876403
2019-06-04,1.9797399999999776
2019-06-05,0.17932229297245425
2019-06-06,0.6539992000000425
2019-06-07,2.934202400000008
2019-06-10,0.6622480770653046
2019-06-11,0.40457070779404536
2019-06-12,-1.0047171106061366
2019-06-13,0.48734560000004906
2019-06-14,-0.7190718987664145
2019-06-17,0.06872667486405007
2019-06-18,2.4228082545908984
2019-06-19,1.0840863545763235
2019-06-20,1.706966851350904
2019-06-21,-2.1465903999999187
2019-06-24,-0.1505000000001782
2019-06-25,-0.07952479999997475
2019-06-26,-0.44003817351660324
2019-06-27,0.26202738227802
2019-06-28,1.0497000000000796
2019-07-01,1.4744770934217124
2019-07-02,2.0255283781004128
2019-07-03,1.3562420000001878
2019-07-04,0.15789700000004112
2019-07-05,-2.4780661356142266
2019-07-08,0.8601500000002344
2019-07-09,-2.160403999999958
2019-07-10,-0.019007999999985
2019-07-11,0.10257386188737372
2019-07-12,-0.5321512000001741
2019-07-15,0.14233878952513043
2019-07-16,0.37124814178140175
2019-07-17,-0.6165464000002578
2019-07-18,1.1770464000002308
2019-07-19,-0.6272608000000011
2019-07-22,0.3449000000000387
2019-07-23,0.5886644953120007
2019-07-24,1.1203765999999598
2019-07-25,-0.16030319999995926
2019-07-26,0.9088953437433333
2019-07-29,-0.051591517362555316
2019-07-30,-2.1388475045560944
2019-07-31,-0.3381015576844761
2019-08-01,0.8139620000002795
2019-08-02,-2.0447001093289763
2019-08-05,-4.875614195722033
2019-08-06,0.001993375012530489
2019-08-07,-0.12636828711214876
2019-08-08,3.005102831972935
2019-08-09,-2.6191805342791756
2019-08-12,-1.0676728587488347
2019-08-13,4.122275276283708
2019-08-14,-3.249667859299541
2019-08-15,1.7156475920665635
2019-08-16,0.978905872780442
2019-08-19,-0.18799045349292928
2019-08-20,0.20064963608782357
2019-08-21,1.1887121713588311
2019-08-22,-1.0842095999997836
2019-08-23,0.1641728000000046
2019-08-26,0.48260747028362133
2019-08-27,-1.1427348556723596
2019-08-28,0.14472959999988821
2019-08-29,0.45167746498793276
2019-08-30,0.23101360000003182
2019-09-02,0.02612199999985264
2019-09-03,0.0702564563757468
2019-09-04,3.142543999999912
2019-09-05,0.08161402265607103
2019-09-06,0.5520619999998646
2019-09-09,-0.6531843999998694
2019-09-10,0.026547060243644817
2019-09-11,-1.4327259999999515
2019-09-12,0.6068492185434251
2019-09-13,-2.6619354313610453
2019-09-16,-0.3266335980921475
2019-09-17,-0.16809173678842304
2019-09-18,1.3394337936956404
2019-09-19,-0.12496150012265708
2019-09-20,-0.11105191505616463
2019-09-23,0.04411416810495853
2019-09-24,0.024632743651029514
2019-09-25,-1.0019576000000348
2019-09-26,0.3130273553782627
2019-09-27,-0.10005984625515076
2019-09-30,0.3835600000000213
2019-10-01,-4.476238829581482
2019-10-02,-2.748548799999837
2019-10-03,1.4660512795382254
2019-10-04,2.7465688000000124
2019-10-07,0.04275660371134745
2019-10-08,-1.1034323999999918
2019-10-09,-0.4938827403746931
2019-10-10,0.5269095536364796
2019-10-11,0.6749299657121635
2019-10-14,0.38828155956074073
2019-10-15,1.772688799999802
2019-10-16,0.22685440000017407
2019-10-17,0.4300834577244903
2019-10-18,0.5837629999999533
2019-10-21,-0.0010530796645730946
2019-10-22,-0.18637499999995433
2019-10-23,0.1376462423573327
2019-10-24,0.766912428265119
2019-10-25,0.5150942717629912
2019-10-28,-0.06143344692614895
2019-10-29,-1.0459584901730274
2019-10-30,0.14618457594234754
2019-10-31,0.8787857172883174
2019-11-01,0.464688317165068
2019-11-04,1.473969051113565
2019-11-05,-0.5977936944952938
2019-11-06,-0.47895007999998934
2019-11-07,1.800361685536846
2019-11-08,-0.316922716928689
2019-11-11,-0.28597684666725
2019-11-12,0.9122397907896033
2019-11-13,-2.4951999689260465
2019-11-14,0.07996100000001431
2019-11-15,3.323983562035167
2019-11-18,0.07791726761954089
2019-11-19,-1.2495955200002729
2019-11-20,-0.3536857699997066
2019-11-21,-0.9273799400003226
2019-11-22,0.7183528054691444
2019-11-25,0.9592150731664592
2019-11-26,-0.29555059999999944
2019-11-27,0.01602166303866066
2019-11-28,-1.0022682710789124
2019-11-29,-0.10233051186888897
2019-12-02,-2.264959980000328
2019-12-03,-1.7223309543359837
2019-12-04,2.0505418400002693
2019-12-05,1.308201650000017
2019-12-06,2.729386591602516
2019-12-09,-0.7593473941923237
2019-12-10,0.13446194446579454
2019-12-11,0.9750139999999927
2019-12-12,1.4772567227822953
2019-12-13,1.1741759999999877
2019-12-16,0.26800660000002047
2019-12-17,-0.549058293079853
2019-12-18,0.056268469999988566
2019-12-19,-0.4835744770665878
2019-12-20,0.9304199800002951
2019-12-23,-0.09069113875023545
2019-12-24,-0.021999999999685826
2019-12-25,0.048433847663227385
2019-12-26,0.12599999999997513
2019-12-27,1.4268223957156765
2019-12-30,-1.119940799999616
2019-12-31,-1.288000000000037
2020-01-01,0.3340000000000186
2020-01-02,1.6283603199996388
2020-01-03,-1.0532630199999942
2020-01-06,0.04699416497571718
2020-01-07,1.7985257220899582
2020-01-08,-0.6085551299996148
2020-01-09,1.6645485156280326
2020-01-10,-0.23291239999961777
2020-01-13,0.20487975000000333
2020-01-14,-0.4436648271390532
2020-01-15,0.683077752157165
2020-01-16,1.8416995540575734
2020-01-17,1.7625385081164757
2020-01-20,-0.3974931197775446
2020-01-21,-0.8020715249465218
2020-01-22,-0.7449379999995924
2020-01-23,-1.003941760000006
2020-01-24,-0.07617660430977866
2020-01-27,-3.121420240000016
2020-01-28,1.7741986929469986
2020-01-29,2.340803982679415
2020-01-30,-0.5877368400000158
2020-01-31,-4.1619375499999975
2020-02-03,1.9123176668899413
2020-02-04,3.129317937710915
2020-02-05,1.747363837437223
2020-02-06,2.1625510623013406
2020-02-07,-3.223997656067268
2020-02-10,0.8002635579902416
2020-02-11,1.6307170800000073
2020-02-12,0.6820192800000113
2020-02-13,-0.3281798000000246
2020-02-14,1.7599012027796856
2020-02-17,0.49528480000000785
2020-02-18,-0.9730090655185161
2020-02-19,0.3693214900000229
2020-02-20,-0.4043676400004116
2020-02-21,-3.4759449999999465
2020-02-24,-4.620068298043647
2020-02-25,-0.06279502858818543
2020-02-26,-3.895339290870466
2020-02-27,-3.4968928908391677
2020-02-28,-2.8367795985421638
2020-03-02,-0.8340614704620753
2020-03-03,0.9394054918712994
2020-03-04,0.5214140774333285
2020-03-05,-1.5653150151915831
2020-03-06,-8.539352744598407
2020-03-09,-2.770409908110775
2020-03-10,-0.3584030283076839
2020-03-11,-1.218909245341542
2020-03-12,-2.7672159288595064
2020-03-13,-0.6617765422289756
2020-03-16,-1.3491294197813364
2020-03-17,-0.046505920050761554
2020-03-18,-1.4570288171706516
2020-03-19,-2.791489310000084
2020-03-20,2.6065868710525013
2020-03-23,0.12924533403422211
2020-03-24,-1.156250000000021
2020-03-25,-0.3649999999999762
2020-03-26,0.8243922747104605
2020-03-27,1.452499999999998
2020-03-30,0.994000000000024
2020-03-31,0.3899999999999943
2020-04-01,2.506478649679534
2020-04-02,-0.39849999999998015
2020-04-03,-0.6099999999999858
2020-04-06,-0.43174999999998853
2020-04-07,-0.721250000000007
2020-04-08,0.5692499999999981
2020-04-09,-0.17399999999999635
2020-04-10,0.41224999999996453
2020-04-13,-0.1789495417516745
2020-04-14,0.8489999999999973
2020-04-15,1.8360155983443651
2020-04-16,0.2569999999999915
2020-04-17,-0.20237454920039447
2020-04-20,1.6150000000000253
2020-04-21,1.2093718829807865
2020-04-22,-1.2787499999999574
2020-04-23,-0.5387500000000227
2020-04-24,0.6250000000000256
2020-04-27,1.661541799208811
2020-04-28,-0.04318814643078686
2020-04-29,-0.8637503999999728
2020-04-30,-0.5173764999999932
2020-05-01,0.1862500000000307
2020-05-04,0.5379127999999388
2020-05-05,-0.4857847499999768
2020-05-06,0.9565125086617757
2020-05-07,-0.3135207199999485
2020-05-08,-0.44708730000007163
2020-05-11,0.29172472000003236
2020-05-12,-0.3514714014931815
2020-05-13,1.2881083596466547
2020-05-14,0.5519288000000041
2020-05-15,-0.42286158068816754
2020-05-18,-0.11576804026324866
2020-05-19,-1.2478167600000092
2020-05-20,0.17439191999995918
2020-05-21,0.37793714933280786
2020-05-22,0.06002231999992232
2020-05-25,0.02230972724294227
2020-05-26,-0.589548440000077
2020-05-27,-0.1671964499999635
2020-05-28,-1.8778364600000412
2020-05-29,1.1144318382864407
2020-06-01,0.8499686099999594
2020-06-02,-0.8611777844255538
2020-06-03,-1.1765604599999329
2020-06-04,-2.080944100000077
2020-06-05,-2.3019072722053826
2020-06-08,0.09134960998362675
2020-06-09,1.5271412499999772
2020-06-10,1.5757848821719518
2020-06-11,-0.9800433199999059
2020-06-12,0.28284783829388854
2020-06-15,0.5340194600000723
2020-06-16,-0.5501541000000048
2020-06-17,0.29552080999992836
2020-06-18,-0.027771749999878737
2020-06-19,-0.6450462200000003
2020-06-22,1.0240214499999198
2020-06-23,1.6053644052546892
2020-06-24,0.6135335199999268
2020-06-25,1.8656559200000025
2020-06-26,0.838327600000044
2020-06-29,-2.3148074400000693
2020-06-30,-4.470952788234325
2020-07-01,-2.5884839414649696
2020-07-02,1.8299715894187676
2020-07-03,-0.008991640000000127
2020-07-06,-0.19514430000000133
2020-07-07,0.3771629200000064
2020-07-08,-0.17450193399182154
2020-07-09,-0.12174877999995393
2020-07-10,1.5022748051116972
2020-07-13,1.3165746999999213
2020-07-14,0.6172169127624542
2020-07-15,0.3273964800000004
2020-07-16,-0.4209297000001288
2020-07-17,-0.5844999999999096
2020-07-20,0.8985785215396597
2020-07-21,0.8359468126315172
2020-07-22,-0.6970259871187293
2020-07-23,-0.2668811200001005
2020-07-24,-0.2424464999999476
2020-07-27,0.3908411600000022
2020-07-28,1.0351992200000046
2020-07-29,0.7890959799999502
2020-07-30,-0.24094850645068938
2020-07-31,-0.2857519874890927
2020-08-03,-0.6203441599999714
2020-08-04,2.1167862957772328
2020-08-05,-0.7207118399999591
2020-08-06,-0.2125000000001169
2020-08-07,0.09525461999996844
2020-08-10,-0.6766695000000617
2020-08-11,-0.6603753620315576
2020-08-12,-0.49978722077104704
2020-08-13,-2.6205172450287444
2020-08-14,0.5316427184284247
2020-08-17,-1.2169679099999933
2020-08-18,0.7499181627910353
2020-08-19,0.5217477799999976
2020-08-20,0.2372633707181559
2020-08-21,-0.12655347999992164
2020-08-24,-0.6121323600001274
2020-08-25,-1.7619161733908706
2020-08-26,-0.0018715399998810653
2020-08-27,-2.113091613173029
2020-08-28,1.2957893246126604
2020-08-31,-0.6655003199997815
2020-09-01,0.7598926799999037
2020-09-02,0.7810420799998868
2020-09-03,-0.037203679999786576
2020-09-04,-1.258596981847735
2020-09-07,0.16768492356319498
2020-09-08,-0.8753284599999807
2020-09-09,1.9570799699998183
2020-09-10,-1.0722255999999857
2020-09-11,0.5882549333562971
2020-09-14,0.40499636748007534
2020-09-15,0.26725930000000325
2020-09-16,-0.2542437500000014
2020-09-17,-0.06657890059062087
2020-09-18,-1.9724564499997501
2020-09-21,-0.4811473653872274
2020-09-22,-0.7884441999999179
2020-09-23,-2.446148190000197
2020-09-24,1.221117028703101
2020-09-25,-0.4264901968283878
2020-09-28,-0.0022420799999955192
2020-09-29,0.22288637711298304
2020-09-30,-1.2828952000000609
2020-10-01,0.09796031685133032
2020-10-02,0.4694503999999576
2020-10-05,-0.4757539999999061
2020-10-06,-0.7618010800001077
2020-10-07,-0.26726435999989834
2020-10-08,0.5406318372571665
2020-10-09,0.49505540000005877
2020-10-12,0.4480010090270893
2020-10-13,-0.12758416000008774
2020-10-14,-0.13294483242623722
2020-10-15,-0.7593485979037695
2020-10-16,0.3482224868606566
2020-10-19,-0.9746467600000049
2020-10-20,0.07412057999999876
2020-10-21,-0.4835207360257024
2020-10-22,0.29039351851547834
2020-10-23,0.5474684487686754
2020-10-26,-0.6780281399999418
2020-10-27,-0.18358238277582817
2020-10-28,-1.4670633399999156
2020-10-29,-0.8021261931862514
2020-10-30,0.305588379999955
2020-11-02,-0.08469282412909078
2020-11-03,0.7578732631657004
2020-11-04,1.7511009000000617
2020-11-05,0.6444025059701612
2020-11-06,0.12784358000007007
2020-11-09,0.1493861866296959
2020-11-10,-0.200141794247151
2020-11-11,-0.3381948156038555
2020-11-12,-0.09023411038014965
2020-11-13,0.9673087892964258
2020-11-16,0.6099208935945944
2020-11-17,0.308423559999974
2020-11-18,-0.39837490666621034
2020-11-19,0.8262540165542449
2020-11-20,0.4411086720772214
2020-11-23,-0.08765191171284581
2020-11-24,0.7097635700000294
2020-11-25,0.39796182854063855
2020-11-26,-0.15101264082905735
2020-11-27,0.3074727999999936
2020-11-30,-1.444351045160942
2020-12-01,-0.21391742000003935
2020-12-02,-0.1207545304959214
2020-12-03,0.1454725200000001
2020-12-04,-0.09567256000004094
2020-12-07,0.22866381877821862
2020-12-08,2.3291076900000767
2020-12-09,-0.6168515566843579
2020-12-10,-0.7530270514969893
2020-12-11,-0.9880896047217854
2020-12-14,-0.5341103999999934
2020-12-15,2.177507999999965
2020-12-16,0.4186356000000197
2020-12-17,0.7207032804911777
2020-12-18,-1.1374501075661057
2020-12-21,-1.750277999999941
2020-12-22,-0.3275226706757658
2020-12-23,1.8321621600000333
2020-12-24,1.177479958731383
2020-12-25,-0.001198135596497348
2020-12-28,-0.10930392000003367
2020-12-29,0.9364311999999892
2020-12-30,0.3527721867991652
2020-12-31,0.24652552998838412
2021-01-01,-0.0011905525329452239
2021-01-04,-0.7104455600000975
2021-01-05,1.1432603000000505
2021-01-06,1.8219697913723276
2021-01-07,-2.010293159999929
2021-01-08,0.1895423708900918
2021-01-11,-1.5361142914830963
2021-01-12,4.738913120000073
2021-01-13,-1.0243161844024447
2021-01-14,1.6667377312328222
2021-01-15,-0.49543843327308124
2021-01-18,0.6571220800000072
2021-01-19,-0.08847039999995966
2021-01-20,0.0406095999999209
2021-01-21,-0.7743403999999636
2021-01-22,-3.6773275999999604
2021-01-25,-0.9411920000000613
2021-01-26,2.3298817599999495
2021-01-27,-4.6527962399999145
2021-01-28,0.8001666165783061
2021-01-29,-2.9184413799999986
2021-02-01,2.7856140957532878
2021-02-02,2.1837915327278212
2021-02-03,0.17451269606130668
2021-02-04,-0.1434588700000967
2021-02-05,1.3725608500000401
2021-02-08,0.8252540332280898
2021-02-09,-0.2714006829173614
2021-02-10,-0.7892728599999961
2021-02-11,0.8568040103830095
2021-02-12,-0.20266297999991728
2021-02-15,0.5300699759580157
2021-02-16,-1.5534073000000856
2021-02-17,0.3329163079068504
2021-02-18,-0.5580713700000465
2021-02-19,-0.5788281439268632
2021-02-22,-0.5598004140753977
2021-02-23,1.4251200999999203
2021-02-24,1.967658680000038
2021-02-25,-7.253639051211482
2021-02-26,-0.19716134830324109
2021-03-01,2.607683821672214
2021-03-02,1.629660760000011
2021-03-03,-2.4159404000000424
2021-03-04,-1.0542206471571562
2021-03-05,1.6889049881583396
2021-03-08,-0.23809984000000867
2021-03-09,2.6917069755412935
2021-03-10,0.647161867291622
2021-03-11,1.7101543999999766
2021-03-12,-1.4342042399999846
2021-03-15,-0.042929627259281636
2021-03-16,0.22203271999996033
2021-03-17,0.8480899809321258
2021-03-18,-3.136750356176326
2021-03-19,0.2287716600000108
2021-03-22,0.26684220000000736
2021-03-23,-0.8634544608165894
2021-03-24,-0.21848240000000152
2021-03-25,1.09210639999998
2021-03-26,1.4194130279549009
2021-03-29,-1.6416739236471432
2021-03-30,-1.0135105151939618
2021-03-31,6.656279040000016
2021-04-01,2.832880210126122
2021-04-02,-0.003673280885858311
2021-04-05,0.45999999999997393
2021-04-06,0.5947474804317813
2021-04-07,0.741046699999963
2021-04-08,2.308015500000009
2021-04-09,-0.050311496361233776
2021-04-12,-0.45883809999998615
2021-04-13,2.3165131400000143
2021-04-14,0.5227925056215872
2021-04-15,2.1376479286520422
2021-04-16,1.4575787474516961
2021-04-19,0.22276657249888934
2021-04-20,-1.4170860800000094
2021-04-21,3.1161146803690443
2021-04-22,2.4946452999999997
2021-04-23,0.9042266068894551
2021-04-26,3.0437018564618863
2021-04-27,-2.60385939999999
2021-04-28,-2.101660166608182
2021-04-29,-0.9458840500000028
2021-04-30,0.4591130999999947
2021-05-03,1.9342202499999541
2021-05-04,0.48211519783108747
2021-05-05,5.4221651909156146
2021-05-06,4.701978999999972
2021-05-07,3.7246062630934533
2021-05-10,-4.5534104999999725
2021-05-11,-2.5024342098215433
2021-05-12,-6.9028280798139265
2021-05-13,-0.24637757971099447
2021-05-14,1.4501425917387532
2021-05-17,-1.0750246869933353
2021-05-18,-0.2883098399999896
2021-05-19,-2.011523439999932
2021-05-20,3.0981303199999815
2021-05-21,-0.38961597205574255
2021-05-24,0.8355802400000301
2021-05-25,-2.429420239999999
2021-05-26,0.7976192000000007
2021-05-27,2.9553139999999956
2021-05-28,-0.25490815638328
2021-05-31,-0.45053293387589927
2021-06-01,2.7482170367883576
2021-06-02,0.6495309999999423
2021-06-03,-2.689638463292013
2021-06-04,4.4917551000000175
2021-06-07,1.9335746199999562
2021-06-08,1.696400038755655
2021-06-09,-0.43603744105662384
2021-06-10,2.031328300000042
2021-06-11,-0.7529904174844471
2021-06-14,-3.339023190097505
2021-06-15,-1.3822260083027262
2021-06-16,-4.229798560000013
2021-06-17,-2.7365146194117416
2021-06-18,-1.302751016675253
2021-06-21,1.8635124179241391
2021-06-22,0.30324078026203205
2021-06-23,-1.161184279999978
2021-06-24,2.5918882899999947
2021-06-25,-0.8801133999999725
2021-06-28,1.1336447662825775
2021-06-29,0.2450804800000557
2021-06-30,1.2299080499999953
2021-07-01,0.16179815908986253
2021-07-02,1.0522309772895777
2021-07-05,-0.007120679999998248
2021-07-06,-3.754768939999926
2021-07-07,1.120228581202203
2021-07-08,-3.0908664700000092
2021-07-09,1.7860148142448924
2021-07-12,1.855322539999975
2021-07-13,-1.3173201375540478
2021-07-14,3.0469240000000397
2021-07-15,-0.9940377241440179
2021-07-16,-0.8141556600000136
2021-07-19,-1.9619019999999676
2021-07-20,1.6173450533947273
2021-07-21,0.6492036899999605
2021-07-22,0.6229856199999978
2021-07-23,0.025480310000037528
2021-07-26,-0.21137304000000595
2021-07-27,0.2554318999999977
2021-07-28,0.8209760499999448
2021-07-29,0.7713813182040996
2021-07-30,-0.6429505100000195
2021-08-02,1.7208276399999503
2021-08-03,0.4703404200000708
2021-08-04,-0.9939416915638786
2021-08-05,-0.05539347806886158
2021-08-06,-0.7348912000000591
2021-08-09,-0.6751768500000523
2021-08-10,-0.5305333943657273
2021-08-11,2.098748150133756
2021-08-12,1.0193568825512558
2021-08-13,1.7713053653465713
2021-08-16,-0.3693094367301451
2021-08-17,-2.0094402000000002
2021-08-18,-1.4222264000000828
2021-08-19,-2.3289222399999208
2021-08-20,-1.0713309999999978
2021-08-23,1.4692993999999955
2021-08-24,0.055842479999915755
2021-08-25,-0.1674854399999327
2021-08-26,-1.7685394400000012
2021-08-27,3.3372577599999316
2021-08-30,0.23419520000005895
2021-08-31,-0.44656448000004856
2021-09-01,0.5483425199999974
2021-09-02,0.834440240000088
2021-09-03,-0.954378545490627
2021-09-06,1.169124840000001
2021-09-07,-2.904956039999976
2021-09-08,-0.8647594400000848
2021-09-09,0.2238548639971934
2021-09-10,-0.4943402125381228
2021-09-13,1.172736661248787
2021-09-14,0.37360315418734946
2021-09-15,0.3918093239252168
2021-09-16,-1.0330698299999876
2021-09-17,-3.5325996599999616
2021-09-20,-3.937791360818254
2021-09-21,1.9245609073811925
2021-09-22,1.9220043806526184
2021-09-23,-0.4602759870178515
2021-09-24,-0.6176358511289423
2021-09-27,-0.2708603799999358
2021-09-28,-4.348140597110108
2021-09-29,-0.23691861999996508
2021-09-30,-0.7372178599999715
2021-10-01,2.3127518768634405
2021-10-04,-1.4237386333623818
2021-10-05,0.13245385030366952
2021-10-06,-0.31764909886978876
2021-10-07,-0.5210744800000497
2021-10-08,-1.068693539999974
2021-10-11,-1.294431935301185
2021-10-12,0.3870284484728127
2021-10-13,1.2740467257191257
2021-10-14,1.4849465242685305
2021-10-15,0.571019360000036
2021-10-18,-0.9575645663113493
2021-10-19,0.8405268390825029
2021-10-20,0.6682704670548776
2021-10-21,-1.3785993768783598
2021-10-22,1.4686347199999903
2021-10-25,0.43374015095783663
2021-10-26,0.3119974799999869
2021-10-27,0.5006841503398021
2021-10-28,0.24003007385001202
2021-10-29,-0.43811034213174427
2021-11-01,-0.5418665999999935
2021-11-02,0.7050106469883675
2021-11-03,1.1174499799999866
2021-11-04,0.5813907380918525
2021-11-05,1.192052942174496
2021-11-08,-0.7686369700000183
2021-11-09,0.33947542000002195
2021-11-10,-2.4015782219735073
2021-11-11,0.2998382988559867
2021-11-12,1.507495804163744
2021-11-15,-0.3533326532217751
2021-11-16,-0.6150970328494559
2021-11-17,0.7264063198267227
2021-11-18,-0.9026901999999841
2021-11-19,-1.4083279800000084
2021-11-22,-1.4024042339402072
2021-11-23,-1.278374949999994
2021-11-24,-0.7671620491786388
2021-11-25,0.1595909974873026
2021-11-26,-8.243336690000017
2021-11-29,3.426517657566929
2021-11-30,-1.7011469188356994
2021-12-01,0.2575175999999903
2021-12-02,0.8034651200000117
2021-12-03,-0.42156788000001333
2021-12-06,1.088161407942366
2021-12-07,2.160674750000001
2021-12-08,-0.14306914934696496
2021-12-09,-0.42510512000000145
2021-12-10,0.2959376237129105
2021-12-13,-1.1682126719688735
2021-12-14,-0.5059572000000123
2021-12-15,0.5699828700000131
2021-12-16,1.4902543399999961
2021-12-17,-0.7907998800000083
2021-12-20,-0.2694826000000038
2021-12-21,0.811683449999969
2021-12-22,0.9970285800000401
2021-12-23,0.6232350199999634
2021-12-24,-0.0016820999247180105
2021-12-27,0.6043059200000365
2021-12-28,-0.9250369952862446
2021-12-29,0.768557879670247
2021-12-30,-0.5403178500000116
2021-12-31,0.05715381554960749
2022-01-03,0.04270448000000462
2022-01-04,1.2221765343972935
2022-01-05,-1.2905995796062135
2022-01-06,0.12330649999999237
2022-01-07,0.9947192205658179
2022-01-10,-0.6119269248119524
2022-01-11,0.7186851599999887
2022-01-12,0.8868366631549185
2022-01-13,-0.9270291244995968
2022-01-14,0.5257475494676442
2022-01-17,0.24875091305898586
2022-01-18,-2.129845630000008
2022-01-19,0.3697658493473105
2022-01-20,-0.9199520814847373
2022-01-21,-0.5045169999999937
2022-01-24,-1.1766995200000094
2022-01-25,-0.2775831956860305
2022-01-26,0.20156182051532215
2022-01-27,-1.3358908931288747
2022-01-28,0.3987988000000033
2022-01-31,3.5876199799999915
2022-02-01,1.993179087743197
2022-02-02,-0.9475271400000129
2022-02-03,-2.396344739999997
2022-02-04,0.43712853576299976
2022-02-07,2.5133149099999983
2022-02-08,0.3287525499938448
2022-02-09,3.3460628400000094
2022-02-10,-2.320866670000012
2022-02-11,0.6462689899999895
2022-02-14,1.7807760000000163
2022-02-15,-0.5776747146021706
2022-02-16,1.925346163097343
2022-02-17,-1.081993190000017
2022-02-18,0.7325651767007472
2022-02-21,-2.497454456258278
2022-02-22,3.1367974602046957
2022-02-23,0.7887353664332377
2022-02-24,-3.368634375455706
2022-02-25,-3.8502954633735222
2022-02-28,4.058638964600802
2022-03-01,0.015742842452700155
2022-03-02,-0.570166292634976
2022-03-03,-0.4034315299999705
2022-03-04,-2.1796321200000235
2022-03-07,-1.601534523655919
2022-03-08,0.28890073280521644
2022-03-09,1.5612223999999917
2022-03-10,1.2566146971837986
2022-03-11,1.0396695422867825
2022-03-14,-0.8627430499999923
2022-03-15,0.5731743200000063
2022-03-16,-1.594168367026689
2022-03-17,2.4602854736610986
2022-03-18,1.0299901999999945
2022-03-21,2.460104243398948
2022-03-22,1.0070974999999882
2022-03-23,0.4061455087733273
2022-03-24,0.3082045600000483
2022-03-25,0.8330000000000055
2022-03-28,-1.2902995065743161
2022-03-29,-0.20561070000000134
2022-03-30,0.820060919999997
2022-03-31,3.229056733921712
2022-04-01,0.529477612408295
2022-04-04,1.8665154344222492
2022-04-05,0.404334960000004
2022-04-06,-1.4392496800000028
2022-04-07,1.0701901600000008
2022-04-08,1.6290006999999993
2022-04-11,1.1527295537902305
2022-04-12,1.9937901000000042
2022-04-13,0.6402573095482568
2022-04-14,-0.8862567743333001
2022-04-15,-0.0074019985816709015
2022-04-18,3.127500000000059
2022-04-19,-1.0930665599999405
2022-04-20,0.2064509399998814
2022-04-21,-1.903361899414514
2022-04-22,-3.065471250000064
2022-04-25,1.0402560500000717
2022-04-26,-0.6606660000000112
2022-04-27,2.141158835598863
2022-04-28,-0.29330654999991684
2022-04-29,0.7972065999999155
2022-05-02,-1.2604245322183931
2022-05-03,0.3744999999999968
2022-05-04,1.317500000000011
2022-05-05,-0.6221413067570498
2022-05-06,-1.033749999999934
2022-05-09,-4.039750000000074
2022-05-10,0.9850000000000085
2022-05-11,2.5487500000000116
2022-05-12,2.3149042010970393
2022-05-13,0.7700355000000123
2022-05-16,2.4841465859767338
2022-05-17,0.6693409994863919
2022-05-18,-3.7178543999999913
2022-05-19,0.006356900000073154
2022-05-20,-0.13230920000005508
2022-05-23,1.017386500000069
2022-05-24,-2.1433054869435457
2022-05-25,-0.38340499999999267
2022-05-26,-0.023986345233905457
2022-05-27,3.0714037500000053
2022-05-30,0.10318644078478874
2022-05-31,-2.4679286149753126
2022-06-01,-2.2187499999999427
2022-06-02,1.8147499999999888
2022-06-03,-0.5813196580897183
2022-06-06,2.274057999999947
2022-06-07,0.7407187500000294
2022-06-08,0.6557314500000231
2022-06-09,-0.6157821195553895
2022-06-10,-1.3605021999999811
2022-06-13,-3.2680561222965063
2022-06-14,0.02725845057887634
2022-06-15,0.9900393213850275
2022-06-16,0.06868578790338038
2022-06-17,0.24703470000001357
2022-06-20,0.44367000000001033
2022-06-21,-2.3599270000000083
2022-06-22,-1.2714412000000062
2022-06-23,-4.779284499999995
2022-06-24,3.4090841284194755
2022-06-27,-1.4739094999999984
2022-06-28,-1.0972305761911985
2022-06-29,-0.7249565000000266
2022-06-30,-2.3433292200792684
2022-07-01,-2.6396149888754423
2022-07-04,-0.16800000000000148
2022-07-05,-3.6326112535259734
2022-07-06,0.23554371287972006
2022-07-07,1.3458987500000361
2022-07-08,1.827206799999997
2022-07-11,-1.7751770000000011
2022-07-12,-2.6172076538442868
2022-07-13,1.0604690500000022
2022-07-14,0.1829879231101257
2022-07-15,-1.901017085370381
2022-07-18,3.455550680895156
2022-07-19,-0.5828106907641832
2022-07-20,-0.13645089999999496
2022-07-21,-1.2657255000000065
2022-07-22,-0.44242745072778494
2022-07-25,0.7987368000000132
2022-07-26,0.44310249999999374
2022-07-27,0.2186055999999913
2022-07-28,0.609725700000023
2022-07-29,-0.5293918724882751
2022-08-01,-0.33290500000000134
2022-08-02,-1.7767377935974609
2022-08-03,1.3818952500000072
2022-08-04,0.7562992499999958
2022-08-05,-0.29814714999999814
2022-08-08,0.7674325999999912
2022-08-09,0.021585991731114012
2022-08-10,1.0627231999999989
2022-08-11,0.5168020000000016
2022-08-12,0.8416237847538445
2022-08-15,-0.407872774871711
2022-08-16,-0.5167507783816231
2022-08-17,-0.48615345918295466
2022-08-18,-0.5321614999999925
2022-08-19,-0.5422065999999985
2022-08-22,-0.13124400000000622
2022-08-23,1.31928167094344
2022-08-24,0.7635810999999983
2022-08-25,-0.12299999999999328
2022-08-26,-0.5438123730787991
2022-08-29,0.022641199999987156
2022-08-30,-0.9629511999999991
2022-08-31,-0.1873021075379766
2022-09-01,-0.8775403999999926
2022-09-02,2.2325547280864186
2022-09-05,-0.12029099999999998
2022-09-06,-0.7313876000000102
2022-09-07,0.7827157261325872
2022-09-08,0.6431692999999938
2022-09-09,0.8951157000000055
2022-09-12,0.45265350684527156
2022-09-13,-1.172561144263453
2022-09-14,0.33794349999999657
2022-09-15,-0.6862445999999857
2022-09-16,-0.024187299999998663
2022-09-19,1.1771892401105015
2022-09-20,0.7632157999999724
2022-09-21,0.3557338000000181
2022-09-22,0.7653364999999971
2022-09-23,-2.642192393814573
2022-09-26,-0.3544117399318038
2022-09-27,0.6068098089807148
2022-09-28,0.18469558559067265
2022-09-29,0.2697889999999942
2022-09-30,1.1180912065634958
2022-10-03,-0.5709764413741033
2022-10-04,-0.15616029999996514
2022-10-05,0.549120399999962
2022-10-06,-0.6491657999999739
2022-10-07,1.7729999999999775
2022-10-10,1.541412800000008
2022-10-11,-1.0806334000000017
2022-10-12,0.4062500000000092
2022-10-13,0.4998981784572738
2022-10-14,-0.8884877000000143
2022-10-17,-0.21566164628565945
2022-10-18,-0.5263627000000028
2022-10-19,0.07356170000000814
2022-10-20,1.54171778587681
2022-10-21,0.5549615000000175
2022-10-24,-0.30877410000000105
2022-10-25,-0.0921158644994583
2022-10-26,-1.135661499999999
2022-10-27,0.1353879000000259
2022-10-28,1.081208105731069
2022-10-31,1.0357132076499225
2022-11-01,1.4852639224291764
2022-11-02,0.36451221027205105
2022-11-03,-0.36718078716190095
2022-11-04,1.0204327475002033
2022-11-07,0.6974785714452711
2022-11-08,-2.1459495534584088
2022-11-09,-1.3715874000000312
2022-11-10,-0.9559556122808677
2022-11-11,-0.9769460408664467
2022-11-14,1.7045894999999907
2022-11-15,0.06394823080865328
2022-11-16,-0.29292148090913556
2022-11-17,-0.8294638499999868
2022-11-18,0.5733995285079361
2022-11-21,-1.1005526564501766
2022-11-22,1.1026637499999934
2022-11-23,1.0448798181102974
2022-11-24,0.15750578044035857
2022-11-25,0.5430959747848493
2022-11-28,-0.42945919999998516
2022-11-29,1.2554993999999768
2022-11-30,-1.9327972000000013
2022-12-01,1.0640597486744925
2022-12-02,-2.62480949999999
2022-12-05,-2.62512573789415
2022-12-06,-1.1990441798201072
2022-12-07,0.7316300746869636
2022-12-08,0.7358346570231385
2022-12-09,-0.37871825000000114
2022-12-12,-0.8384795992624721
2022-12-13,3.337186599999988
2022-12-14,-0.9491464871013389
2022-12-15,-3.0150242000000125
2022-12-16,-1.3573665353876523
2022-12-19,1.2729576000000096
2022-12-20,0.38582594841856704
2022-12-21,2.9211120000000004
2022-12-22,-0.3288730000000062
2022-12-23,1.671272903852353
2022-12-26,0.0
2022-12-27,0.26951399999998976
2022-12-28,0.7610818000000047
2022-12-29,1.0889211999999948
2022-12-30,-1.9997487999999954
2023-01-02,1.2099780000000007
2023-01-03,0.3938859999999981
2023-01-04,0.06217759999999507
2023-01-05,0.4040220000000115
2023-01-06,2.026182058075575
2023-01-09,0.8913924000000019
2023-01-10,0.234351800000005
2023-01-11,1.3436889675219166
2023-01-12,2.3361234000000173
2023-01-13,1.6011694000000014
2023-01-16,-0.15955608298986013
2023-01-17,0.9805766292655486
2023-01-18,-2.4715548000000065
2023-01-19,-2.7889686934471114
2023-01-20,2.0800664
2023-01-23,0.7021368000000131
2023-01-24,0.7602134999999917
2023-01-25,-0.2728858999999917
2023-01-26,1.0834722999999864
2023-01-27,0.6315020000000153
2023-01-30,-0.26107700000001804
2023-01-31,-0.1786211999999904
2023-02-01,1.9884442969303813
2023-02-02,1.2564500000000145
2023-02-03,-2.2291236000000025
2023-02-06,-2.443200177440577
2023-02-07,1.9105002000000224
2023-02-08,-0.18366192998981398
2023-02-09,2.2080414633564005
2023-02-10,-0.5015404000000013
2023-02-13,1.636144000000009
2023-02-14,1.6219664999999945
2023-02-15,-0.07427748498962183
2023-02-16,1.2287379999999992
2023-02-17,0.3859200000000013
2023-02-20,-0.19678799999999932
2023-02-21,-1.3053142000000082
2023-02-22,-0.05730610000000731
2023-02-23,0.10362830000000309
2023-02-24,-2.4356646999999922
2023-02-27,1.0839582717413176
2023-02-28,0.29794633461837583
2023-03-01,1.2548459999999821
2023-03-02,1.2728552000000095
2023-03-03,2.9828337975600476
2023-03-06,-0.2906232000000078
2023-03-07,-2.035747000000003
2023-03-08,1.1622797451258173
2023-03-09,-2.462354587935193
2023-03-10,-7.52451899999999
2023-03-13,-8.268972714256504
2023-03-14,5.694787685445595
2023-03-15,-8.296094832444211
2023-03-16,3.899155631691777
2023-03-17,-2.472673673146995
2023-03-20,1.432260000000011
2023-03-21,2.5149308000000055
2023-03-22,-0.21243600000002066
2023-03-23,-1.2099049079548203
2023-03-24,0.20469000000000095
2023-03-27,2.495943222099569
2023-03-28,1.1317215000000056
2023-03-29,1.5146194999999996
2023-03-30,0.8155367999999972
2023-03-31,0.2721324999999984
2023-04-03,-0.5996967999999911
2023-04-04,-0.7948590000000006
2023-04-05,-1.6177757714057204
2023-04-06,0.6601159036882909
2023-04-07,-0.004899784877493061
2023-04-10,0.6770000000000042
2023-04-11,0.19330260000000735
2023-04-12,0.5777469999999989
2023-04-13,0.8155949999999912
2023-04-14,0.19986494163242008
2023-04-17,0.392094369329914
2023-04-18,0.4317463999999901
2023-04-19,-0.5785727267005536
2023-04-20,-0.16201000000001722
2023-04-21,-0.18957457808498485
2023-04-24,0.25560969945659157
2023-04-25,-0.8927067879758287
2023-04-26,-1.4207977306034187
2023-04-27,0.8517923000000092
2023-04-28,0.4085381412203175
2023-05-01,0.2931564834186075
2023-05-02,-1.6238406847844964
2023-05-03,1.3645540000000027
2023-05-04,-0.3112052447351052
2023-05-05,3.1404111344358157
2023-05-08,-0.2907108000000051
2023-05-09,-0.5028052000000031
2023-05-10,2.3160520000000044
2023-05-11,-0.18487719999999958
2023-05-12,0.12887221820578149
2023-05-15,1.827652733073392
2023-05-16,-0.3869868801935326
2023-05-17,-1.00044121405651
2023-05-18,-0.20918760000001457
2023-05-19,-0.4705632000000011
2023-05-22,-0.9368299171769249
2023-05-23,-1.8712000000000277
2023-05-24,-0.2509769999999893
2023-05-25,-0.15933439999999896
2023-05-26,3.606474599999984
2023-05-29,0.43335367198536223
2023-05-30,-0.8781892000000026
2023-05-31,-1.8629239999999847
2023-06-01,2.579869599999996
2023-06-02,1.5522511450346006
2023-06-05,0.6175491068468101
2023-06-06,1.4004898608107679
2023-06-07,0.48843559999999725
2023-06-08,0.07810530000000027
2023-06-09,0.8204084000000008
2023-06-12,0.5062458192827612
2023-06-13,1.5928897999999874
2023-06-14,1.7930476000000168
2023-06-15,-0.2769881460648465
2023-06-16,0.8512686000000047
2023-06-19,-0.4708255325919629
2023-06-20,-2.030321600000012
2023-06-21,1.877899600000005
2023-06-22,-1.0067899999999959
2023-06-23,-1.361905999999997
2023-06-26,0.926304799999986
2023-06-27,0.7932864000000217
2023-06-28,0.07210507617272037
2023-06-29,0.11634320000000657
2023-06-30,0.29436064987307814
2023-07-03,0.9701600411408696
2023-07-04,-0.28786239935584346
2023-07-05,0.1406248000000022
2023-07-06,-4.70526960000001
2023-07-07,1.8885748509634765
2023-07-10,1.00494679144319
2023-07-11,0.6275879999999827
2023-07-12,2.23569287036391
2023-07-13,0.3164820000000127
2023-07-14,1.3483012659459421
2023-07-17,-0.22240250000000947
2023-07-18,-0.17254119999998946
2023-07-19,0.16249259999999396
2023-07-20,-1.0786599999999977
2023-07-21,-0.9329620000000112
2023-07-24,2.150516000000014
2023-07-25,-1.1080792735990115
2023-07-26,0.16903270776213788
2023-07-27,2.0705311999999876
2023-07-28,2.0591927999999977
2023-07-31,-0.6999023999999792
2023-08-01,-2.315331200000013
2023-08-02,-2.483852400000003
2023-08-03,-3.4785069541172366
2023-08-04,2.5463722815119563
2023-08-07,0.3784290673619995
2023-08-08,-1.909976223958433
2023-08-09,1.259677999999993
2023-08-10,0.831329599999995
2023-08-11,0.8235714000000178
2023-08-14,-0.04928154206715729
2023-08-15,-0.8024415999999971
2023-08-16,0.17497403818313267
2023-08-17,-0.34960239999999404
2023-08-18,0.022430388014963578
2023-08-21,1.648753200000002
2023-08-22,1.3458763693197955
2023-08-23,0.31426740000000003
2023-08-24,-0.4032622986765869
2023-08-25,0.9331603000000042
2023-08-28,-0.3742599182168086
2023-08-29,-0.20706759999998522
2023-08-30,0.4996211999999842
2023-08-31,-2.7394175228783926
2023-09-01,0.034652565311631175
2023-09-04,-0.9945459999999985
2023-09-05,-1.5086488000000084
2023-09-06,-1.3659342620283355
2023-09-07,-0.6708820000000023
2023-09-08,1.089074000000007
2023-09-11,2.9421561999999994
2023-09-12,0.7117340500504041
2023-09-13,0.20404980524075564
2023-09-14,1.3355958474334408
2023-09-15,0.8854095999999897
2023-09-18,-0.845774800000037
2023-09-19,1.1356824000002712
2023-09-20,1.1137509375774692
2023-09-21,-0.9210639999999892
2023-09-22,-0.5409039999999918
2023-09-25,-2.0397163999997487
2023-09-26,-1.0767573565050141
2023-09-27,-1.4781961461392248
2023-09-28,0.521291445348919
2023-09-29,2.362536688623842
2023-10-02,-1.8804224337258906
2023-10-03,-0.6954645549280235
2023-10-04,-1.117861709700301
2023-10-05,-1.9135651999998502
2023-10-06,1.518011931959464
2023-10-09,-2.390088117548698
2023-10-10,1.910763000000023
2023-10-11,0.09261404341045104
2023-10-12,0.20712319262958157
2023-10-13,-1.3942304244562773
2023-10-16,1.9285887304575875
2023-10-17,1.3587780000000031
2023-10-18,-0.842339076778827
2023-10-19,-0.15237680000000228
2023-10-20,-0.48439921091875704
2023-10-23,0.33009781109604835
2023-10-24,-0.1055413807598787
2023-10-25,0.6745186606489146
2023-10-26,0.0940886999999711
2023-10-27,0.09878562470812031
2023-10-30,0.6067559999999761
2023-10-31,0.48838399999989435
2023-11-01,-1.126017700000027
2023-11-02,0.8455159000000302
2023-11-03,-0.721553000005903
2023-11-06,0.4611240000000175
2023-11-07,0.3824275106139365
2023-11-08,-1.0974964000000058
2023-11-09,-0.055989019613166775
2023-11-10,1.5358115567571649
2023-11-13,-0.8842583999999833
2023-11-14,-0.7429051849565079
2023-11-15,1.1705580876451962
2023-11-16,-0.4977029855761593
2023-11-17,0.3163647999999936
2023-11-20,0.6802263425211587
2023-11-21,-1.0669866490562496
2023-11-22,0.4891680000000004
2023-11-23,-0.0791757587084242
2023-11-24,1.1769228456269405
2023-11-27,-0.13613221839165487
2023-11-28,-0.6810829744725633
2023-11-29,-1.5706054658447761
2023-11-30,-1.2035996693864486
2023-12-01,1.0548059999999997
2023-12-04,-2.0118819999999937
2023-12-05,0.3836939066735806
2023-12-06,1.2168253118194843
2023-12-07,-1.7681324599997905
2023-12-08,1.4245106647750796
2023-12-11,0.062499405312572524
2023-12-12,0.6812102111865586
2023-12-13,0.47316048234515606
2023-12-14,0.1864892000000044
2023-12-15,-0.45434088723440136
2023-12-18,0.3797842733108454
2023-12-19,1.277508160000001
2023-12-20,-0.5128857261561433
2023-12-21,0.11562665974321237
2023-12-22,0.21845125000000082
2023-12-25,-0.00211142351866637
2023-12-26,-0.01725000000000655
2023-12-27,1.1223170800002649
2023-12-28,-0.07307528731275546
2023-12-29,-0.1402370557110931
2024-01-01,-0.007492340433080673
2024-01-02,-0.09359435999997563
2024-01-03,-1.0410936400000121
2024-01-04,0.31020716901290046
2024-01-05,2.1138832672505616
2024-01-08,2.1398412000000135
2024-01-09,-1.918133399999996
2024-01-10,0.204745980000303
2024-01-11,0.9032563999997009
2024-01-12,2.0822018131557374
2024-01-15,-0.36001443999999827
2024-01-16,-2.9440161242908487
2024-01-17,-0.6910249336552803
2024-01-18,0.9539978399997572
2024-01-19,0.9729308156509688
2024-01-22,-0.11997404364612398
2024-01-23,-1.3496736500002522
2024-01-24,1.2974244999999742
2024-01-25,0.3204111200000105
2024-01-26,1.7778305600000177
2024-01-29,-0.27201292000000876
2024-01-30,-0.11691685999999553
2024-01-31,-0.1468265869867973
2024-02-01,0.7848810600002841
2024-02-02,-0.31224400000001223
2024-02-05,-0.20278536284182747
2024-02-06,1.5309094400002898
2024-02-07,0.12957769602699426
2024-02-08,-0.03115561679118968
2024-02-09,1.6642732088901997
2024-02-12,-0.0295831399999945
2024-02-13,-3.102313810288268
2024-02-14,2.8037822697843526
2024-02-15,2.5999131362308097
2024-02-16,0.4299693999997022
2024-02-19,0.10453056593095238
2024-02-20,-1.5900245400000022
2024-02-21,2.0675534715577717
2024-02-22,1.7561165400003083
2024-02-23,0.8995589599996785
2024-02-26,-0.9633573121023911
2024-02-27,0.31131878000031993
2024-02-28,-1.6094809989739487
2024-02-29,0.8208729400000138
2024-03-01,1.5378030797004685
2024-03-04,0.19465936262927883
2024-03-05,0.1343777700000027
2024-03-06,0.6551226899999912
2024-03-07,0.3443052500000006
2024-03-08,-0.42905528519385955
2024-03-11,-1.3544368433682699
2024-03-12,1.9873934099999981
2024-03-13,2.228346689999999
2024-03-14,0.08230648000000461
2024-03-15,-0.5027426792108077
2024-03-18,-1.6607777417566507
2024-03-19,0.48969560990710714
2024-03-20,1.8040641400000081
2024-03-21,-0.05389912535340347
2024-03-22,-0.36368153999998126
2024-03-25,1.9738690599999869
2024-03-26,2.3156514799999948
2024-03-27,2.641551849999995
2024-03-28,-3.4735285843999777
