,baseline
1972-10-18,0.0
1972-10-19,0.0
1972-10-20,0.0
1972-10-23,0.0
1972-10-24,0.0
1972-10-25,0.0
1972-10-26,0.0
1972-10-27,0.0
1972-10-30,0.0
1972-10-31,0.0
1972-11-01,0.0
1972-11-02,-0.029070753249571327
1972-11-03,-0.06721951241360469
1972-11-06,-0.74313883809836
1972-11-07,-0.0021387248254991654
1972-11-08,0.6378890013557479
1972-11-09,-0.17102124602210705
1972-11-10,-0.35397620468272006
1972-11-13,2.040306525783169
1972-11-14,-0.31080000000000385
1972-11-15,1.26
1972-11-16,-1.471105329863152
1972-11-17,0.2139208344692486
1972-11-20,-1.5422039664566256
1972-11-21,0.7993119627028407
1972-11-22,-0.23713242787259564
1972-11-23,-0.0020893600606411576
1972-11-24,1.4065524062805355
1972-11-27,1.5578947177844593
1972-11-28,-1.351055693493228
1972-11-29,-2.345182385002506
1972-11-30,3.283199999999995
1972-12-01,3.135
1972-12-04,6.555
1972-12-05,0.5600824000094723
1972-12-06,-3.0
1972-12-07,1.25
1972-12-08,2.5
1972-12-11,-2.5
1972-12-12,1.0
1972-12-13,-2.501512952278585
1972-12-14,-0.51
1972-12-15,-1.2779808908928523
1972-12-18,-6.361671123344749
1972-12-19,1.0750313898901311
1972-12-20,3.947400000000004
1972-12-21,1.1509086331729153
1972-12-22,-2.5
1972-12-25,0.0
1972-12-26,0.5
1972-12-27,-0.12999999999999545
1972-12-28,0.0
1972-12-29,2.25
1973-01-01,0.0
1973-01-02,-2.25
1973-01-03,0.37999999999999545
1973-01-04,-2.5
1973-01-05,-1.5
1973-01-08,-2.5
1973-01-09,2.0
1973-01-10,1.5
1973-01-11,-5.25
1973-01-12,-0.75
1973-01-15,0.0
1973-01-16,2.370000000000004
1973-01-17,-1.6200000000000045
1973-01-18,-0.5
1973-01-19,0.75
1973-01-22,0.75
1973-01-23,2.0
1973-01-24,0.75
1973-01-25,0.0
1973-01-26,-3.25
1973-01-29,-0.75
1973-01-30,-0.5
1973-01-31,0.5
1973-02-01,-2.25
1973-02-02,2.0
1973-02-05,1.5
1973-02-06,-1.75
1973-02-07,-0.5
1973-02-08,0.0
1973-02-09,1.248406975270037
1973-02-12,3.315
1973-02-13,1.275
1973-02-14,-2.684214890105994
1973-02-15,0.6551999999999952
1973-02-16,1.2983989468800403
1973-02-19,-0.003183650516853773
1973-02-20,1.1
1973-02-21,5.496726367073729
1973-02-22,2.28
1973-02-23,-3.1366464647048007
1973-02-26,-1.16
1973-02-27,-0.8732655268310849
1973-02-28,1.7967422230945584
1973-03-01,6.196650547823446
1973-03-02,-2.56
1973-03-05,3.0336000000000056
1973-03-06,0.1663999999999942
1973-03-07,0.6350155002656925
1973-03-08,-4.025020753208715
1973-03-09,1.05
1973-03-12,-3.5
1973-03-13,-0.7
1973-03-14,1.75
1973-03-15,1.3966939807911036
1973-03-16,0.3567094997638519
1973-03-19,-2.593288484155824
1973-03-20,1.14
1973-03-21,0.37836993329519414
1973-03-22,4.615082051733099
1973-03-23,-2.8
1973-03-26,-1.2
1973-03-27,-2.8
1973-03-28,3.3920000000000075
1973-03-29,0.20799999999999272
1973-03-30,0.796762715978117
1973-04-02,9.016669484182762
1973-04-03,-3.36
1973-04-04,2.52
1973-04-05,-2.3183999999999925
1973-04-06,-1.26
1973-04-09,5.88
1973-04-10,-2.3016000000000076
1973-04-11,-1.0583999999999922
1973-04-12,2.52
1973-04-13,0.21839999999999238
1973-04-16,2.94
1973-04-17,-1.26
1973-04-18,5.03670266637099
1973-04-19,1.29
1973-04-20,-0.0032733149630514314
1973-04-23,4.4
1973-04-24,-3.9632852623634305
1973-04-25,7.2
1973-04-26,-6.75
1973-04-27,-0.9050170624811049
1973-04-30,8.7
1973-05-01,8.25636650748772
1973-05-02,-5.743481210536935
1973-05-03,5.193008692210907
1973-05-04,-0.38
1973-05-07,6.46
1973-05-08,1.9
1973-05-09,0.76
1973-05-10,-9.125386123732111
1973-05-11,0.782842667213493
1973-05-14,3.0
1973-05-15,0.375
1973-05-16,-3.75
1973-05-17,-1.125
1973-05-18,6.375
1973-05-21,11.625
1973-05-22,1.8694297124148989
1973-05-23,1.08
1973-05-24,1.8
1973-05-25,11.874251520979449
1973-05-28,0.0
1973-05-29,12.0
1973-05-30,-11.25
1973-05-31,3.7317079300008964
1973-06-01,6.6
1973-06-04,13.53
1973-06-05,13.195545213978058
1973-06-06,-12.80697268068929
1973-06-07,-12.219319294281817
1973-06-08,4.225484923285511
1973-06-11,9.042800000000003
1973-06-12,2.0021999999999958
1973-06-13,-2.82
1973-06-14,-9.165
1973-06-15,-7.287605341151602
1973-06-18,8.964666877017082
1973-06-19,3.734659533376315
1973-06-20,-5.88
1973-06-21,5.46
1973-06-22,-5.46
1973-06-25,1.89
1973-06-26,-6.3
1973-06-27,-0.63
1973-06-28,-8.299199999999995
1973-06-29,5.773445917224694
1973-07-02,8.090912250626689
1973-07-03,0.5791148505983549
1973-07-04,0.0
1973-07-05,-7.03
1973-07-06,1.85
1973-07-09,0.925
1973-07-10,-3.33
1973-07-11,7.673800000000003
1973-07-12,1.2061999999999968
1973-07-13,4.44
1973-07-16,6.29
1973-07-17,-3.885
1973-07-18,1.11
1973-07-19,7.77
1973-07-20,7.4
1973-07-23,5.92
1973-07-24,-3.703324660096258
1973-07-25,6.836634005320341
1973-07-26,4.676620334807709
1973-07-27,-8.003444614865945
1973-07-30,8.61
1973-07-31,8.2
1973-08-01,-2.87
1973-08-02,-1.23
1973-08-03,7.79
1973-08-06,8.2
1973-08-07,8.2
1973-08-08,7.79
1973-08-09,-2.05
1973-08-10,7.79
1973-08-13,8.2
1973-08-14,8.2
1973-08-15,-8.2
1973-08-16,-8.203951421293407
1973-08-17,-1.2079057466493612
1973-08-20,-3.8
1973-08-21,-7.22
1973-08-22,-7.60406807887039
1973-08-23,-7.4041226096728545
1973-08-24,7.2
1973-08-27,-7.384197302519427
1973-08-28,-7.0
1973-08-29,0.5207541564818826
1973-08-30,-8.16
1973-08-31,0.68
1973-09-03,0.0
1973-09-04,-5.78
1973-09-05,-6.8
1973-09-06,3.7355872710235536
1973-09-07,7.26
1973-09-10,-2.3189343128812863
1973-09-11,2.79
1973-09-12,-5.735
1973-09-13,1.3904900893440895
1973-09-14,5.1
1973-09-17,6.145429074885677
1973-09-18,-5.8
1973-09-19,-0.4396192727618368
1973-09-20,0.84
1973-09-21,-1.4
1973-09-24,5.88
1973-09-25,1.4
1973-09-26,-5.04
1973-09-27,-0.84
1973-09-28,1.12
1973-10-01,-2.52
1973-10-02,-3.36
1973-10-03,5.32
1973-10-04,-4.48
1973-10-05,0.84
1973-10-08,0.0
1973-10-09,5.88
1973-10-10,4.2
1973-10-11,0.56
1973-10-12,-5.88
1973-10-15,-5.6
1973-10-16,-1.82
1973-10-17,2.94
1973-10-18,0.28
1973-10-19,-1.96
1973-10-22,-2.24
1973-10-23,0.0
1973-10-24,0.84
1973-10-25,2.8
1973-10-26,-3.64
1973-10-29,-5.6
1973-10-30,0.0
1973-10-31,1.4
1973-11-01,0.84
1973-11-02,-0.28
1973-11-05,1.4
1973-11-06,-1.8250106464532494
1973-11-07,0.435
1973-11-08,0.7199975335264516
1973-11-09,0.15
1973-11-12,3.5949893765540115
1973-11-13,1.085
1973-11-14,-1.250027286032533
1973-11-15,0.489991177865176
1973-11-16,0.3299823975465504
1973-11-19,2.1549924255345503
1973-11-20,7.389916104407493
1973-11-21,3.12
1973-11-22,0.0
1973-11-23,-1.56
1973-11-26,-7.02
1973-11-27,0.39
1973-11-28,7.8
1973-11-29,2.73
1973-11-30,-1.95
1973-12-03,-2.145
1973-12-04,3.705
1973-12-05,-5.270147341230412
1973-12-06,4.2
1973-12-07,1.0
1973-12-10,0.19485344942894808
1973-12-11,6.349836645437229
1973-12-12,-3.78
1973-12-13,1.26
1973-12-14,0.6248288505003995
1973-12-17,1.709662538658683
1973-12-18,-4.730180350186954
1973-12-19,2.76
1973-12-20,-0.00518176955891914
1973-12-21,-1.4151833840751438
1973-12-24,-0.0051830281832359396
1973-12-25,0.0
1973-12-26,-5.39
1973-12-27,3.185
1973-12-28,-0.7401975682949485
1973-12-31,-2.00519861592664
1974-01-01,0.0
1974-01-02,3.8198048738384913
1974-01-03,-1.04
1974-01-04,3.3748087483052602
1974-01-07,7.679799312211989
1974-01-08,2.16
1974-01-09,-7.02
1974-01-10,10.26
1974-01-11,-1.900473393085232
1974-01-14,3.38
1974-01-15,1.56
1974-01-16,1.3
1974-01-17,4.16
1974-01-18,-2.605226088035396
1974-01-21,-0.795
1974-01-22,-6.630243741772373
1974-01-23,-4.86
1974-01-24,1.89
1974-01-25,10.8
1974-01-28,-0.5452591126055473
1974-01-29,-3.975
1974-01-30,2.12
1974-01-31,1.59
1974-02-01,0.53
1974-02-04,-1.325
1974-02-05,-1.325
1974-02-06,-1.0652021795330338
1974-02-07,1.884798750915092
1974-02-08,4.669801105609505
1974-02-11,4.76
1974-02-12,-0.005132878029762882
1974-02-13,-4.275
1974-02-14,3.99
1974-02-15,3.42
1974-02-18,-0.005023850746551622
1974-02-19,11.6
1974-02-20,8.7
1974-02-21,1.45
1974-02-22,10.44
1974-02-25,11.6
1974-02-26,-0.8800566139030785
1974-02-27,-11.2
1974-02-28,-11.23048086944791
1974-03-01,8.729654942908958
1974-03-04,-9.205128730980338
1974-03-05,-9.015439861967085
1974-03-06,-3.7851557552979194
1974-03-07,7.995
1974-03-08,-8.205173718021038
1974-03-11,-2.405142329036818
1974-03-12,4.68
1974-03-13,-1.755
1974-03-14,-1.56
1974-03-15,-7.8
1974-03-18,3.705
1974-03-19,-0.39
1974-03-20,-2.73
1974-03-21,0.0
1974-03-22,1.755
1974-03-25,-7.605
1974-03-26,0.0
1974-03-27,-6.63
1974-03-28,1.164892105687022
1974-03-29,-0.76
1974-04-01,-7.6
1974-04-02,-7.610232400122094
1974-04-03,7.1897530436240285
1974-04-04,-4.265374459947467
1974-04-05,-1.4000881415349962
1974-04-08,1.35
1974-04-09,4.05
1974-04-10,0.2949787583350186
1974-04-11,-4.06
1974-04-12,0.0
1974-04-15,5.8
1974-04-16,-2.175
1974-04-17,-1.595
1974-04-18,0.58
1974-04-19,0.58
1974-04-22,0.725
1974-04-23,-0.435
1974-04-24,2.32
1974-04-25,5.8
1974-04-26,-1.305
1974-04-29,-3.915
1974-04-30,0.58
1974-05-01,-4.35
1974-05-02,0.87
1974-05-03,-3.77
1974-05-06,-5.8
1974-05-07,0.0
1974-05-08,1.74
1974-05-09,-1.16
1974-05-10,3.19
1974-05-13,2.170408125327738
1974-05-14,-1.68
1974-05-15,1.12
1974-05-16,2.94
1974-05-17,0.56
1974-05-20,-4.76
1974-05-21,2.38
1974-05-22,-1.96
1974-05-23,-1.68
1974-05-24,0.28
1974-05-27,0.0
1974-05-28,1.54
1974-05-29,4.62
1974-05-30,-1.82
1974-05-31,-4.2
1974-06-03,-2.38
1974-06-04,1.12
1974-06-05,3.64
1974-06-06,-0.98
1974-06-07,2.24
1974-06-10,-0.56
1974-06-11,-1.68
1974-06-12,2.1
1974-06-13,-0.7
1974-06-14,-0.28
1974-06-17,5.46
1974-06-18,-1.96
1974-06-19,4.2
1974-06-20,0.84
1974-06-21,5.595746502075864
1974-06-24,5.8
1974-06-25,-4.64
1974-06-26,5.8
1974-06-27,-1.595
1974-06-28,-0.8743071730578404
1974-07-01,5.995657958421053
1974-07-02,-0.10296007968848009
1974-07-03,2.4713048639193738
1974-07-04,-0.008675225630867837
1974-07-05,-0.7
1974-07-08,6.995689653620635
1974-07-09,-4.86
1974-07-10,-5.22
1974-07-11,1.98
1974-07-12,6.3
1974-07-15,6.48
1974-07-16,-2.16
1974-07-17,-0.5444220164200846
1974-07-18,7.395537831966663
1974-07-19,7.6
1974-07-22,-1.14
1974-07-23,6.26548409218427
1974-07-24,7.8
1974-07-25,7.8
1974-07-26,7.8
1974-07-29,7.8
1974-07-30,-7.41
1974-07-31,7.605
1974-08-01,-7.8
1974-08-02,-7.809578362045689
1974-08-05,-5.554778283175541
1974-08-06,6.8351891127065025
1974-08-07,7.0
1974-08-08,-1.4
1974-08-09,-7.0
1974-08-12,-7.0
1974-08-13,6.995078637337138
1974-08-14,6.8
1974-08-15,-3.74
1974-08-16,6.8
1974-08-19,-2.38
1974-08-20,-6.8
1974-08-21,-1.02
1974-08-22,6.8
1974-08-23,4.08
1974-08-26,-6.8
1974-08-27,-6.12
1974-08-28,3.91
1974-08-29,-3.91
1974-08-30,-0.85
1974-09-02,0.0
1974-09-03,-6.8
1974-09-04,-3.91
1974-09-05,5.44
1974-09-06,2.38
1974-09-09,6.8
1974-09-10,-2.21
1974-09-11,3.23
1974-09-12,4.76
1974-09-13,-3.91
1974-09-16,-6.8
1974-09-17,-2.89
1974-09-18,1.87
1974-09-19,2.89
1974-09-20,-1.36
1974-09-23,6.8
1974-09-24,6.8
1974-09-25,-2.72
1974-09-26,6.8
1974-09-27,6.8
1974-09-30,6.8
1974-10-01,-6.8
1974-10-02,5.1
1974-10-03,6.8
1974-10-04,-0.85
1974-10-07,-6.8
1974-10-08,-6.8
1974-10-09,3.57
1974-10-10,4.59
1974-10-11,-4.93
1974-10-14,6.46
1974-10-15,0.17
1974-10-16,-1.36
1974-10-17,-3.91
1974-10-18,-1.36
1974-10-21,3.06
1974-10-22,1.3543969421952788
1974-10-23,-4.2
1974-10-24,-3.85
1974-10-25,-2.45
1974-10-28,1.9193734193778795
1974-10-29,5.9343840115881905
1974-10-30,0.555
1974-10-31,-0.555
1974-11-01,-2.9655797209133063
1974-11-04,-1.52
1974-11-05,-0.005548205189597986
1974-11-06,-2.34
1974-11-07,-0.39
1974-11-08,0.5795494272765955
1974-11-11,1.994586979060307
1974-11-12,-5.125
1974-11-13,-0.41
1974-11-14,1.2246504731621426
1974-11-15,-3.9953192207156016
1974-11-18,-8.6
1974-11-19,-4.73
1974-11-20,8.385
1974-11-21,-8.6
1974-11-22,3.429223335310222
1974-11-25,-1.23
1974-11-26,3.28
1974-11-27,1.23
1974-11-28,0.0
1974-11-29,2.665
1974-12-02,-1.23
1974-12-03,2.665
1974-12-04,-6.97
1974-12-05,1.025
1974-12-06,-7.175
1974-12-09,-4.715
1974-12-10,2.249685842020267
1974-12-11,0.8
1974-12-12,-0.8
1974-12-13,-3.2
1974-12-16,-4.8
1974-12-17,-4.0
1974-12-18,3.6
1974-12-19,-0.6105331899693585
1974-12-20,-0.57
1974-12-23,-4.56
1974-12-24,-0.76
1974-12-25,0.0
1974-12-26,-6.08
1974-12-27,4.5547229740510495
1974-12-30,-2.230562167754226
1974-12-31,2.1
1975-01-01,-0.005278333249172431
1975-01-02,4.08
1975-01-03,-1.02
1975-01-06,2.89
1975-01-07,-4.25
1975-01-08,-1.53
1975-01-09,0.17
1975-01-10,1.53
1975-01-13,-2.21
1975-01-14,-0.85
1975-01-15,-0.68
1975-01-16,-0.51
1975-01-17,-6.8
1975-01-20,-5.105230899354907
1975-01-21,5.764493805956966
1975-01-22,-4.045809396484364
1975-01-23,5.46
1975-01-24,2.509400112130639
1975-01-27,-3.64
1975-01-28,2.6
1975-01-29,2.73
1975-01-30,-1.43
1975-01-31,-1.04
1975-02-03,-1.17
1975-02-04,2.47
1975-02-05,-1.17
1975-02-06,0.13
1975-02-07,1.3
1975-02-10,-2.21
1975-02-11,0.52
1975-02-12,-0.78
1975-02-13,0.26
1975-02-14,0.13
1975-02-17,-0.005237660443472258
1975-02-18,-1.35
1975-02-19,-5.4
1975-02-20,-2.16
1975-02-21,-2.025
1975-02-24,1.08
1975-02-25,-1.62
1975-02-26,-1.89
1975-02-27,-3.9202560473440324
1975-02-28,-2.6052290367329256
1975-03-03,3.7447873749510396
1975-03-04,-1.6903856080771507
1975-03-05,2.31
1975-03-06,2.4148263424587997
1975-03-07,-1.995
1975-03-10,-0.105
1975-03-11,4.2
1975-03-12,1.155
1975-03-13,-3.465
1975-03-14,-1.26
1975-03-17,0.63
1975-03-18,-0.84
1975-03-19,0.315
1975-03-20,0.42
1975-03-21,3.99
1975-03-24,-1.155
1975-03-25,0.63
1975-03-26,3.675
1975-03-27,-2.31
1975-03-28,0.0
1975-03-31,2.625
1975-04-01,-0.21
1975-04-02,-1.05
1975-04-03,-1.3699819433923486
1975-04-04,1.2050563217979628
1975-04-07,-0.805
1975-04-08,1.2601283573549216
1975-04-09,0.96
1975-04-10,-4.684830762080134
1975-04-11,-0.875
1975-04-14,-1.625
1975-04-15,-1.375
1975-04-16,0.0
1975-04-17,2.25
1975-04-18,-1.625
1975-04-21,0.25
1975-04-22,-2.125
1975-04-23,1.375
1975-04-24,2.125
1975-04-25,2.5
1975-04-28,-0.125
1975-04-29,-3.5
1975-04-30,-1.0
1975-05-01,-5.0
1975-05-02,0.125
1975-05-05,-1.75
1975-05-06,2.75
1975-05-07,-1.75
1975-05-08,-0.375
1975-05-09,-1.625
1975-05-12,1.8706090953727763
1975-05-13,1.2
1975-05-14,-0.48
1975-05-15,-0.96
1975-05-16,-0.84
1975-05-19,2.88
1975-05-20,0.72
1975-05-21,1.44
1975-05-22,-1.44
1975-05-23,-0.96
1975-05-26,0.0
1975-05-27,-3.6
1975-05-28,0.48
1975-05-29,-0.96
1975-05-30,0.48
1975-06-02,-1.92
1975-06-03,0.84
1975-06-04,0.24
1975-06-05,-0.84
1975-06-06,-0.12398134224316218
1975-06-09,1.265
1975-06-10,-0.69
1975-06-11,0.115
1975-06-12,-0.345
1975-06-13,1.84
1975-06-16,2.07
1975-06-17,2.53
1975-06-18,-1.38
1975-06-19,-0.345
1975-06-20,2.875
1975-06-23,-2.3
1975-06-24,0.46
1975-06-25,-1.955
1975-06-26,-1.495
1975-06-27,-2.53
1975-06-30,-0.92
1975-07-01,0.575
1975-07-02,1.308418682325605
1975-07-03,1.84
1975-07-04,0.0
1975-07-07,-1.15
1975-07-08,4.6
1975-07-09,1.38
1975-07-10,0.23
1975-07-11,4.481290482283713
1975-07-14,-2.28
1975-07-15,2.036270382866469
1975-07-16,2.62125705254337
1975-07-17,-3.7737675590206696
1975-07-18,-3.375
1975-07-21,4.455
1975-07-22,-1.62
1975-07-23,-2.16
1975-07-24,4.32
1975-07-25,2.97
1975-07-28,5.4
1975-07-29,5.265
1975-07-30,-5.4038940529374155
1975-07-31,-1.4
1975-08-01,2.38
1975-08-04,4.48
1975-08-05,-1.1238752691888563
1975-08-06,3.766103558140475
1975-08-07,5.996051972517515
1975-08-08,-2.793951889870104
1975-08-11,-1.12
1975-08-12,5.756012009973595
1975-08-13,3.2960343720679854
1975-08-14,3.396022622332283
1975-08-15,1.2171186134040974
1975-08-18,-5.557904665099424
1975-08-19,5.46
1975-08-20,6.435
1975-08-21,-3.514015151662901
1975-08-22,0.2
1975-08-25,-1.6039907714180466
1975-08-26,-8.2
1975-08-27,3.28
1975-08-28,-4.92
1975-08-29,-4.51
1975-09-01,0.0
1975-09-02,-5.945
1975-09-03,1.845
1975-09-04,-0.205
1975-09-05,2.05
1975-09-08,-2.665
1975-09-09,-6.56
1975-09-10,3.28
1975-09-11,-1.845
1975-09-12,8.2
1975-09-15,0.19683618463299843
1975-09-16,4.68
1975-09-17,7.02
1975-09-18,-3.51
1975-09-19,-1.56
1975-09-22,-3.12
1975-09-23,-3.12
1975-09-24,1.365
1975-09-25,1.755
1975-09-26,0.975
1975-09-29,-2.73
1975-09-30,0.195
1975-10-01,2.3359868945357416
1975-10-02,-7.604013617623331
1975-10-03,1.64
1975-10-06,-1.025
1975-10-07,1.23
1975-10-08,1.025
1975-10-09,-0.205
1975-10-10,0.205
1975-10-13,-6.15
1975-10-14,2.87
1975-10-15,-2.87
1975-10-16,2.05
1975-10-17,-2.87
1975-10-20,1.23
1975-10-21,-3.69
1975-10-22,2.05
1975-10-23,1.23
1975-10-24,-0.615
1975-10-27,-3.895
1975-10-28,0.41
1975-10-29,1.845
1975-10-30,1.435
1975-10-31,-1.64
1975-11-03,-8.2
1975-11-04,0.4060201172877415
1975-11-05,2.0
1975-11-06,-2.4039538027700202
1975-11-07,0.0
1975-11-10,-0.195
1975-11-11,-2.145
1975-11-12,-1.755
1975-11-13,0.975
1975-11-14,2.1411217785633916
1975-11-17,-1.52
1975-11-18,-2.47
1975-11-19,-2.473837736038974
1975-11-20,0.185
1975-11-21,3.696190182304608
1975-11-24,6.116155070197783
1975-11-25,-2.8077027460182644
1975-11-26,0.825
1975-11-27,0.0
1975-11-28,-0.825
1975-12-01,0.66
1975-12-02,-0.165
1975-12-03,-0.495
1975-12-04,3.3
1975-12-05,-2.475
1975-12-08,-2.64
1975-12-09,1.815
1975-12-10,-1.32
1975-12-11,0.33
1975-12-12,-4.785
1975-12-15,-0.825
1975-12-16,1.98
1975-12-17,2.31
1975-12-18,-0.99
1975-12-19,1.155
1975-12-22,0.99
1975-12-23,-2.31
1975-12-24,-0.33
1975-12-25,0.0
1975-12-26,0.0
1975-12-29,-1.815
1975-12-30,0.165
1975-12-31,2.805
1976-01-01,0.0
1976-01-02,-1.32
1976-01-05,1.32
1976-01-06,0.0
1976-01-07,2.97
1976-01-08,0.495
1976-01-09,-1.485
1976-01-12,1.815
1976-01-13,0.495
1976-01-14,-0.165
1976-01-15,-0.66
1976-01-16,0.165
1976-01-19,1.151414450276365
1976-01-20,-0.0035826736416485184
1976-01-21,-1.75717175916147
1976-01-22,-1.11
1976-01-23,1.11
1976-01-26,-7.403621562236881
1976-01-27,3.0327426162798363
1976-01-28,1.0763747639539567
1976-01-29,0.35
1976-01-30,1.05
1976-02-02,1.75
1976-02-03,-0.35
1976-02-04,-0.875
1976-02-05,-0.7
1976-02-06,0.875
1976-02-09,-0.7
1976-02-10,2.1
1976-02-11,1.4
1976-02-12,3.5
1976-02-13,-1.4
1976-02-16,0.0
1976-02-17,0.7
1976-02-18,-1.225
1976-02-19,0.175
1976-02-20,-0.525
1976-02-23,0.6964231313865066
1976-02-24,-0.7235621609391887
1976-02-25,1.48
1976-02-26,-0.7435586010869284
1976-02-27,2.0864581120720134
1976-03-01,-0.975
1976-03-02,-4.878550720107264
1976-03-03,1.4
1976-03-04,1.2
1976-03-05,-0.6
1976-03-08,-1.8
1976-03-09,1.2
1976-03-10,-1.0
1976-03-11,-2.0
1976-03-12,-1.2
1976-03-15,-2.4
1976-03-16,-0.2
1976-03-17,2.2
1976-03-18,1.0
1976-03-19,-1.0
1976-03-22,0.8
1976-03-23,-2.6
1976-03-24,0.8
1976-03-25,-0.6
1976-03-26,-0.4
1976-03-29,-1.8
1976-03-30,1.5967188945304822
1976-03-31,-0.975
1976-04-01,-0.195
1976-04-02,0.39
1976-04-05,0.78
1976-04-06,1.365
1976-04-07,-0.78
1976-04-08,1.95
1976-04-09,-0.39
1976-04-12,0.195
1976-04-13,-1.755
1976-04-14,0.975
1976-04-15,1.95
1976-04-16,0.0
1976-04-19,-0.585
1976-04-20,0.78
1976-04-21,-0.195
1976-04-22,0.585
1976-04-23,-1.17
1976-04-26,-0.78
1976-04-27,-1.95
1976-04-28,1.755
1976-04-29,-1.365
1976-04-30,-0.195
1976-05-03,1.17
1976-05-04,-0.78
1976-05-05,0.78
1976-05-06,0.195
1976-05-07,0.39
1976-05-10,0.195
1976-05-11,0.195
1976-05-12,2.145
1976-05-13,1.365
1976-05-14,0.0
1976-05-17,-2.147469987545434
1976-05-18,-1.2
1976-05-19,-0.8
1976-05-20,-1.0
1976-05-21,0.2
1976-05-24,3.2
1976-05-25,0.6
1976-05-26,2.997756203445154
1976-05-27,1.845
1976-05-28,-2.4622364409736126
1976-05-31,0.0
1976-06-01,2.31
1976-06-02,-2.5222214207413307
1976-06-03,0.645
1976-06-04,1.5005628859399056
1976-06-07,8.997702994135874
1976-06-08,-0.46459422448526155
1976-06-09,4.4
1976-06-10,1.1
1976-06-11,-4.62
1976-06-14,-0.66
1976-06-15,-3.96
1976-06-16,1.32
1976-06-17,-2.86
1976-06-18,-0.22
1976-06-21,8.8
1976-06-22,0.4353867476834372
1976-06-23,-4.62
1976-06-24,2.94
1976-06-25,-1.89
1976-06-28,-0.63
1976-06-29,-3.36
1976-06-30,-3.36
1976-07-01,6.873983155576612
1976-07-02,3.1452192713621834
1976-07-05,0.0
1976-07-06,8.0
1976-07-07,-8.0
1976-07-08,1.5924132601175136
1976-07-09,-0.555
1976-07-12,-2.405
1976-07-13,0.185
1976-07-14,7.03
1976-07-15,-3.7
1976-07-16,-0.925
1976-07-19,-4.995
1976-07-20,2.775
1976-07-21,-2.22
1976-07-22,-7.4
1976-07-23,2.212038228465227
1976-07-26,-3.57
1976-07-27,-0.6826643682778015
1976-07-28,0.33
1976-07-29,-0.66
1976-07-30,-0.66
1976-08-02,-2.31
1976-08-03,1.98
1976-08-04,2.8023982084974794
1976-08-05,0.64
1976-08-06,-1.6
1976-08-09,-1.44
1976-08-10,0.32
1976-08-11,-0.96
1976-08-12,1.12
1976-08-13,5.12
1976-08-16,-1.4426231340759974
1976-08-17,-3.1
1976-08-18,2.635
1976-08-19,3.255
1976-08-20,-0.775
1976-08-23,2.79
1976-08-24,-1.24
1976-08-25,-1.395
1976-08-26,0.775
1976-08-27,2.48
1976-08-30,-2.325
1976-08-31,0.465
1976-09-01,2.945
1976-09-02,2.945
1976-09-03,0.62
1976-09-06,0.0
1976-09-07,6.2
1976-09-08,-2.947743865241581
1976-09-09,-0.8
1976-09-10,-0.4827425178449698
1976-09-13,-1.652745185048636
1976-09-14,-2.0427522491431116
1976-09-15,0.7
1976-09-16,0.1722612294011504
1976-09-17,-4.32
1976-09-20,-0.18
1976-09-21,-1.62
1976-09-22,-3.24
1976-09-23,-0.36
1976-09-24,-3.24
1976-09-27,-1.08
1976-09-28,1.26
1976-09-29,-2.88
1976-09-30,-0.5427958269748475
1976-10-01,-1.4027969989291045
1976-10-04,3.39725678841264
1976-10-05,0.32453574069408553
1976-10-06,1.085
1976-10-07,2.17
1976-10-08,-2.79
1976-10-11,-3.1027678516725725
1976-10-12,0.297232130522258
1976-10-13,4.785
1976-10-14,-5.22574064625293
1976-10-15,-1.2236180174668567
1976-10-18,0.0
1976-10-19,0.96
1976-10-20,0.12
1976-10-21,-0.24
1976-10-22,0.36
1976-10-25,0.72
1976-10-26,-0.84
1976-10-27,-0.12
1976-10-28,-3.0
1976-10-29,-0.36
1976-11-01,-0.72
1976-11-02,-0.002873422707269697
1976-11-03,0.46
1976-11-04,-0.0028706772270955853
1976-11-05,-1.1
1976-11-08,-0.55
1976-11-09,-2.3128612757637828
1976-11-10,0.8371380399086519
1976-11-11,-3.202902407583052
1976-11-12,-0.2908048151661039
1976-11-15,-0.25789967538331887
1976-11-16,1.754161142103427
1976-11-17,-0.42
1976-11-18,0.34708268848135115
1976-11-19,0.65
1976-11-22,0.975
1976-11-23,0.39
1976-11-24,0.195
1976-11-25,0.0
1976-11-26,-0.26
1976-11-29,-0.715
1976-11-30,-0.325
1976-12-01,-0.39
1976-12-02,0.065
1976-12-03,0.455
1976-12-06,1.235
1976-12-07,-0.65
1976-12-08,0.65
1976-12-09,-0.26
1976-12-10,-0.13
1976-12-13,0.0
1976-12-14,0.39
1976-12-15,-0.65
1976-12-16,-0.065
1976-12-17,-0.52
1976-12-20,0.26
1976-12-21,0.065
1976-12-22,0.39
1976-12-23,0.26
1976-12-24,0.0
1976-12-27,0.975
1976-12-28,0.325
1976-12-29,0.0
1976-12-30,0.0
1976-12-31,0.0
1977-01-03,-0.325
1977-01-04,1.105
1977-01-05,0.065
1977-01-06,1.0370459132784133
1977-01-07,-0.07295408672158671
1977-01-10,1.4970309063558223
1977-01-11,-1.0429755330677628
1977-01-12,-0.08797494987306205
1977-01-13,-0.6329769738852928
1977-01-14,0.57
1977-01-17,0.3770211121594627
1977-01-18,-0.6029803656196163
1977-01-19,0.315
1977-01-20,-0.4229743348066269
1977-01-21,-0.22
1977-01-24,0.88
1977-01-25,0.0
1977-01-26,-0.5529710394004401
1977-01-27,-0.575
1977-01-28,-0.575
1977-01-31,0.46
1977-02-01,0.23
1977-02-02,-0.575
1977-02-03,1.265
1977-02-04,0.805
1977-02-07,0.345
1977-02-08,-0.575
1977-02-09,0.345
1977-02-10,0.46
1977-02-11,-0.805
1977-02-14,-0.345
1977-02-15,0.69
1977-02-16,1.495
1977-02-17,0.805
1977-02-18,0.345
1977-02-21,0.0
1977-02-22,-1.725
1977-02-23,0.115
1977-02-24,0.92
1977-02-25,-0.69
1977-02-28,-1.035
1977-03-01,-0.69
1977-03-02,-1.495
1977-03-03,0.46
1977-03-04,0.4572517627722702
1977-03-07,0.44
1977-03-08,0.9872585375789075
1977-03-09,-0.21
1977-03-10,-0.945
1977-03-11,0.417326399585329
1977-03-14,-1.5026833482448583
1977-03-15,0.37478471789219764
1977-03-16,0.9324605464400894
1977-03-17,-0.2425363295973825
1977-03-18,0.1474636987389643
1977-03-21,0.14
1977-03-22,-0.07
1977-03-23,-0.21
1977-03-24,-0.0024368478945820493
1977-03-25,0.195
1977-03-28,-0.715
1977-03-29,-0.4597923099743976
1977-03-30,-0.7723987313593078
1977-03-31,-0.05463331186188695
1977-04-01,0.23537853817195512
1977-04-04,-0.3622950955761165
1977-04-05,-0.05458900283444759
1977-04-06,0.07040860115923187
1977-04-07,0.02770303078843218
1977-04-08,-0.0022961728424754444
1977-04-11,-0.05
1977-04-12,-0.095
1977-04-13,0.06
1977-04-14,-0.015
1977-04-15,0.005
1977-04-18,-0.015
1977-04-19,0.055
1977-04-20,0.045
1977-04-21,0.02
1977-04-22,0.04276032666024926
1977-04-25,0.22547293587480052
1977-04-26,-0.1222447578738613
1977-04-27,0.1955374133706673
1977-04-28,-0.4222143463261818
1977-04-29,-0.04221334087399096
1977-05-02,-0.002194164717150727
1977-05-03,0.6
1977-05-04,0.9977845773072185
1977-05-05,-0.0022136562863801995
1977-05-06,-0.6044089671065311
1977-05-09,0.6278031042777493
1977-05-10,1.5727810218763296
1977-05-11,-0.4821996093335214
1977-05-12,-1.2771915711702604
1977-05-13,1.08
1977-05-16,0.45
1977-05-17,0.17579832458243203
1977-05-18,-1.1041818061156565
1977-05-19,0.0
1977-05-20,1.43
1977-05-23,-1.5421067990798838
1977-05-24,-1.61
1977-05-25,1.265
1977-05-26,0.46
1977-05-27,0.115
1977-05-30,0.0
1977-05-31,-2.07
1977-06-01,-0.115
1977-06-02,0.0
1977-06-03,-0.805
1977-06-06,0.115
1977-06-07,0.345
1977-06-08,2.76
1977-06-09,0.69
1977-06-10,2.76
1977-06-13,0.805
1977-06-14,-0.115
1977-06-15,-0.4620894566140102
1977-06-16,0.9558410253198838
1977-06-17,1.4279318451039842
1977-06-20,-1.4891086597074417
1977-06-21,2.9
1977-06-22,1.015
1977-06-23,-0.5838668358098975
1977-06-24,-0.4688600155508939
1977-06-27,-2.6438953752405565
1977-06-28,-0.875
1977-06-29,1.75
1977-06-30,3.675
1977-07-01,2.4218695036589835
1977-07-04,0.0
1977-07-05,-6.3
1977-07-06,-0.7
1977-07-07,5.25
1977-07-08,-0.7
1977-07-11,6.125
1977-07-12,0.875
1977-07-13,-1.925
1977-07-14,-1.575
1977-07-15,2.625
1977-07-18,4.2
1977-07-19,-1.575
1977-07-20,2.275
1977-07-21,-0.5271285968149673
1977-07-22,-1.442132593612671
1977-07-25,1.6628636852242342
1977-07-26,2.8457637775454434
1977-07-27,1.3957624638064223
1977-07-28,3.3557401215327354
1977-07-29,3.07573478773992
1977-08-01,-1.1542394062604817
1977-08-02,0.23788329398775612
1977-08-03,-2.2092434349208636
1977-08-04,-1.02
1977-08-05,-2.044255022534348
1977-08-08,4.77
1977-08-09,0.265
1977-08-10,-0.7992740595780591
1977-08-11,1.6457236227706544
1977-08-12,0.5657311143614042
1977-08-15,6.780723847500284
1977-08-16,1.525
1977-08-17,0.915
1977-08-18,1.520744880305555
1977-08-19,1.255744149423887
1977-08-22,2.2707408227960264
1977-08-23,0.3286209272984198
1977-08-24,-3.504259431111899
1977-08-25,-1.08
1977-08-26,1.4378713285840083
1977-08-29,2.550742352992106
1977-08-30,-1.879261719457133
1977-08-31,1.152872175073245
1977-09-01,-1.5621278249267552
1977-09-02,-1.9771300963724388
1977-09-05,-0.002114504346769103
1977-09-06,-5.265
1977-09-07,-0.8121248118834439
1977-09-08,-2.872128801639963
1977-09-09,-2.49
1977-09-12,-3.737137221956101
1977-09-13,0.84
1977-09-14,4.2
1977-09-15,0.84
1977-09-16,0.42
1977-09-19,-2.944161470249157
1977-09-20,-4.73
1977-09-21,-8.17
1977-09-22,6.445768304114914
1977-09-23,-0.8505665638854288
1977-09-26,2.37
1977-09-27,5.925
1977-09-28,-0.397121322555907
1977-09-29,-5.07
1977-09-30,1.1678667055277776
1977-10-03,-4.235
1977-10-04,-6.932158591706901
1977-10-05,3.407033040571538
1977-10-06,-5.952179449546331
1977-10-07,-1.3887207937918584
1977-10-10,3.575
1977-10-11,3.2456247602776513
1977-10-12,0.63
1977-10-13,4.095
1977-10-14,-1.575
1977-10-17,-1.26
1977-10-18,-0.945
1977-10-19,-0.945
1977-10-20,2.52
1977-10-21,0.945
1977-10-24,-2.52
1977-10-25,2.52
1977-10-26,-2.835
1977-10-27,2.52
1977-10-28,-2.52
1977-10-31,-3.465
1977-11-01,-3.465
1977-11-02,-2.2071956475506656
1977-11-03,4.95779737552759
1977-11-04,1.8211895021103608
1977-11-07,-3.705
1977-11-08,1.4205789179794026
1977-11-09,0.8227969215621124
1977-11-10,1.35
1977-11-11,2.43
1977-11-14,-2.7
1977-11-15,-1.0822051140731412
1977-11-16,-4.77
1977-11-17,1.8461022959642786
1977-11-18,-0.735
1977-11-21,1.2227858082339358
1977-11-22,3.36
1977-11-23,0.2377868657145607
1977-11-24,0.0
1977-11-25,-2.115
1977-11-28,3.29
1977-11-29,1.4077722433832245
1977-11-30,0.46
1977-12-01,0.23
1977-12-02,0.0
1977-12-05,1.38
1977-12-06,0.23
1977-12-07,-0.23221239931712978
1977-12-08,0.7027874534221881
1977-12-09,-0.7244211804855172
1977-12-12,4.4977803177642155
1977-12-13,-0.51
1977-12-14,1.275
1977-12-15,-0.765
1977-12-16,-1.7872205923467475
1977-12-19,-0.52
1977-12-20,-2.08
1977-12-21,0.0
1977-12-22,-0.52
1977-12-23,-0.26
1977-12-26,0.0
1977-12-27,-1.56
1977-12-28,0.52
1977-12-29,0.52
1977-12-30,-1.04
1978-01-02,0.0
1978-01-03,-1.82
1978-01-04,-0.78
1978-01-05,0.52
1978-01-06,1.3
1978-01-09,-1.04
1978-01-10,-0.26
1978-01-11,-1.04
1978-01-12,-0.26
1978-01-13,-0.52
1978-01-16,0.52
1978-01-17,2.86
1978-01-18,0.78
1978-01-19,-1.04
1978-01-20,-1.56
1978-01-23,-1.04
1978-01-24,0.78
1978-01-25,0.0
1978-01-26,1.04
1978-01-27,0.26
1978-01-30,1.82
1978-01-31,1.3
1978-02-01,0.52
1978-02-02,-1.04
1978-02-03,0.26
1978-02-06,-0.26
1978-02-07,0.26
1978-02-08,0.0
1978-02-09,-1.04
1978-02-10,-1.82
1978-02-13,1.56
1978-02-14,0.52
1978-02-15,0.0
1978-02-16,0.26
1978-02-17,0.52
1978-02-20,0.0
1978-02-21,0.0
1978-02-22,-1.3
1978-02-23,0.26
1978-02-24,-0.78
1978-02-27,0.52
1978-02-28,0.26
1978-03-01,-1.3
1978-03-02,-1.56
1978-03-03,-3.12
1978-03-06,-2.867583547318794
1978-03-07,-3.1295286665645983
1978-03-08,-1.0864102923572345
1978-03-09,0.7343757727089829
1978-03-10,0.8444086261318122
1978-03-13,-4.343831033351796
1978-03-14,-1.0314960640800168
1978-03-15,-1.3036868450728427
1978-03-16,0.0846515879842576
1978-03-17,-1.72863574970637
1978-03-20,1.2279676249988682
1978-03-21,0.2682411141453939
1978-03-22,-0.6435364055830576
1978-03-23,-0.36177250947930534
1978-03-24,-0.00351260697328786
1978-03-27,-0.21
1978-03-28,0.0715514683205857
1978-03-29,0.12647839488939247
1978-03-30,0.06
1978-03-31,0.085
1978-04-03,-0.08
1978-04-04,0.025
1978-04-05,-0.02
1978-04-06,-0.021762136168885074
1978-04-07,0.08
1978-04-10,0.1282398692969296
1978-04-11,-0.016760130703070395
1978-04-12,-0.22176489965917018
1978-04-13,-0.525
1978-04-14,0.3
1978-04-17,0.05
1978-04-18,0.2
1978-04-19,0.025
1978-04-20,0.0
1978-04-21,-0.25
1978-04-24,-0.725
1978-04-25,0.15
1978-04-26,-0.5
1978-04-27,0.2
1978-04-28,-0.075
1978-05-01,-0.30184274366254216
1978-05-02,0.038157322084150624
1978-05-03,0.0881612518306814
1978-05-04,0.14814792589450523
1978-05-05,0.075
1978-05-08,-0.08
1978-05-09,0.05
1978-05-10,0.015
1978-05-11,0.075
1978-05-12,-0.025
1978-05-15,0.08
1978-05-16,-0.025
1978-05-17,0.02
1978-05-18,0.035
1978-05-19,-0.035
1978-05-22,-0.005
1978-05-23,0.175
1978-05-24,0.0
1978-05-25,0.115
1978-05-26,0.005
1978-05-29,-0.003990466968105148
1978-05-30,0.15
1978-05-31,-0.04697499382697396
1978-06-01,-0.3839678580133992
1978-06-02,-0.57
1978-06-05,0.42
1978-06-06,-0.12
1978-06-07,-0.45
1978-06-08,-0.09
1978-06-09,-0.18
1978-06-12,0.27
1978-06-13,-0.09
1978-06-14,-0.42
1978-06-15,-0.24
1978-06-16,0.0
1978-06-19,0.27
1978-06-20,0.18
1978-06-21,-0.21
1978-06-22,0.51
1978-06-23,-0.09
1978-06-26,-0.27
1978-06-27,-0.21
1978-06-28,-0.57
1978-06-29,0.027988021584310737
1978-06-30,0.14631398148216657
1978-07-03,-0.34202995862073954
1978-07-04,-0.0040511354905657425
1978-07-05,0.05
1978-07-06,0.0
1978-07-07,-0.042023271644213094
1978-07-10,-0.0020166354690541585
1978-07-11,0.03798596510475721
1978-07-12,0.17796842858082956
1978-07-13,0.0409676421903277
1978-07-14,-0.12903022863656466
1978-07-17,0.5209612586942025
1978-07-18,1.075894054661597
1978-07-19,-0.4441122998254822
1978-07-20,-0.26411090344034993
1978-07-21,-0.07910082100990999
1978-07-24,1.35793975327502
1978-07-25,0.4458783047178741
1978-07-26,-1.1061460617534526
1978-07-27,0.805
1978-07-28,-0.004096281835310295
1978-07-31,-0.12909340141144215
1978-08-01,1.2109204976304633
1978-08-02,2.895872641092727
1978-08-03,0.31
1978-08-04,0.6138204798933242
1978-08-07,3.0537977845889994
1978-08-08,-1.2991367810514158
1978-08-09,-0.97706970816726
1978-08-10,-0.20206972139565996
1978-08-11,5.120787503357152
1978-08-14,-3.225
1978-08-15,-5.59
1978-08-16,3.8656501400991723
1978-08-17,-1.23
1978-08-18,-1.64
1978-08-21,-0.205
1978-08-22,0.82
1978-08-23,1.025
1978-08-24,-1.64
1978-08-25,0.41
1978-08-28,1.845
1978-08-29,3.075
1978-08-30,-1.435
1978-08-31,0.82
1978-09-01,-0.20935878854255185
1978-09-04,-0.004358788542551869
1978-09-05,1.8
1978-09-06,-0.0021805924208072405
1978-09-07,-0.9243627213970574
1978-09-08,-0.4843613103974972
1978-09-11,-2.004368726848564
1978-09-12,-0.52
1978-09-13,2.0778153031942797
1978-09-14,1.3228141802861817
1978-09-15,4.315602937719449
1978-09-18,-1.12
1978-09-19,-3.362206799851576
1978-09-20,-2.565
1978-09-21,3.705
1978-09-22,1.14
1978-09-25,-1.14
1978-09-26,-0.57
1978-09-27,-2.852219926448521
1978-09-28,-3.19
1978-09-29,-0.29
1978-10-02,-3.77
1978-10-03,1.16
1978-10-04,-0.58
1978-10-05,0.0
1978-10-06,3.48
1978-10-09,-4.35
1978-10-10,0.5755031629536462
1978-10-11,-0.56
1978-10-12,-4.2
1978-10-13,2.513207611465349
1978-10-16,-1.5922659653176514
1978-10-17,2.8577273989049967
1978-10-18,2.80272078575058
1978-10-19,0.75
1978-10-20,0.75
1978-10-23,0.0
1978-10-24,-1.25
1978-10-25,0.0
1978-10-26,-4.0
1978-10-27,-1.5
1978-10-30,2.0
1978-10-31,0.75
1978-11-01,0.25
1978-11-02,-0.75
1978-11-03,0.25
1978-11-06,4.0
1978-11-07,0.0
1978-11-08,1.0
1978-11-09,1.5
1978-11-10,0.75
1978-11-13,1.75
1978-11-14,-1.0
1978-11-15,0.0
1978-11-16,-1.0
1978-11-17,-1.252285383617769
1978-11-20,-0.2572416455149615
1978-11-21,1.5577597720396403
1978-11-22,-1.59
1978-11-23,0.0
1978-11-24,-1.325
1978-11-27,1.59
1978-11-28,1.06
1978-11-29,-0.002169322431278141
1978-11-30,-1.3521620060060602
1978-12-01,-1.375
1978-12-04,1.1
1978-12-05,0.825
1978-12-06,0.822885348048959
1978-12-07,-1.1221065625475792
1978-12-08,-1.427090051424336
1978-12-11,2.61
1978-12-12,1.45
1978-12-13,-0.58
1978-12-14,2.607917331498056
1978-12-15,-2.065
1978-12-18,-3.245
1978-12-19,0.59
1978-12-20,0.0
1978-12-21,0.295
1978-12-22,0.0
1978-12-25,0.0
1978-12-26,-0.295
1978-12-27,0.295
1978-12-28,-0.8870340280961102
1978-12-29,1.197970552281642
1979-01-01,0.0
1979-01-02,0.0
1979-01-03,1.2180457502921158
1979-01-04,3.0980446662197347
1979-01-05,1.26
1979-01-08,-1.5769493316176662
1979-01-09,1.9180491576897134
1979-01-10,0.6480517361201847
1979-01-11,-1.3258024719559334
1979-01-12,-2.4169222412946696
1979-01-15,-1.75
1979-01-16,1.4
1979-01-17,-0.35
1979-01-18,1.05
1979-01-19,-2.45
1979-01-22,-1.75
1979-01-23,-0.7
1979-01-24,0.0
1979-01-25,0.0
1979-01-26,0.7
1979-01-29,-1.4
1979-01-30,-2.45
1979-01-31,0.7
1979-02-01,3.15
1979-02-02,-2.1
1979-02-05,-1.4
1979-02-06,1.05
1979-02-07,-2.1
1979-02-08,1.05
1979-02-09,-3.15
1979-02-12,-0.0033844785846800477
1979-02-13,1.02
1979-02-14,-4.08
1979-02-15,-1.0284481297879808
1979-02-16,-0.31668773914184123
1979-02-19,0.0
1979-02-20,-1.86
1979-02-21,-1.2433442355417368
1979-02-22,-0.9033377542199968
1979-02-23,1.448329636789588
1979-02-26,2.276664530228333
1979-02-27,0.27167097762519155
1979-02-28,-0.795
1979-03-01,0.0
1979-03-02,2.385
1979-03-05,0.0
1979-03-06,-1.325
1979-03-07,0.265
1979-03-08,2.12
1979-03-09,1.06
1979-03-12,1.855
1979-03-13,2.385
1979-03-14,-1.06
1979-03-15,-2.385
1979-03-16,-0.53
1979-03-19,-0.795
1979-03-20,-1.325
1979-03-21,0.0
1979-03-22,-0.26657026499798886
1979-03-23,1.0784309162940229
1979-03-26,-2.4765588531309715
1979-03-27,0.0
1979-03-28,-3.64
1979-03-29,1.68
1979-03-30,-1.68
1979-04-02,-1.12
1979-04-03,2.24
1979-04-04,-1.12
1979-04-05,-0.56
1979-04-06,-0.84
1979-04-09,-1.12
1979-04-10,0.84
1979-04-11,-0.84
1979-04-12,1.68
1979-04-13,-0.001461923715091612
1979-04-16,1.925
1979-04-17,-3.3
1979-04-18,1.6471051516573105
1979-04-19,1.323550313389756
1979-04-20,-0.26
1979-04-23,-1.56
1979-04-24,-4.16
1979-04-25,-0.2639283822537691
1979-04-26,-0.0013064401537874043
1979-04-27,-0.7213015243569668
1979-04-30,-2.821314344261591
1979-05-01,-1.15262912906046
1979-05-02,-1.9826373389157685
1979-05-03,2.3060235997635523
1979-05-04,-0.7839784632487751
1979-05-07,3.778640013984824
1979-05-08,-2.452710351123005
1979-05-09,-1.3213564482766773
1979-05-10,0.31864482595374577
1979-05-11,2.0136284491009535
1979-05-14,-0.15137156237719707
1979-05-15,0.58
1979-05-16,1.595
1979-05-17,-1.305
1979-05-18,0.145
1979-05-21,-1.595
1979-05-22,0.145
1979-05-23,0.725
1979-05-24,0.58
1979-05-25,0.145
1979-05-28,0.0
1979-05-29,-2.755
1979-05-30,0.725
1979-05-31,-0.435
1979-06-01,0.145
1979-06-04,-2.03
1979-06-05,1.0136232488553236
1979-06-06,-1.5413785273712377
1979-06-07,-0.5413698071005447
1979-06-08,-2.8614104129725417
1979-06-11,-2.5028592840396557
1979-06-12,1.375675371942325
1979-06-13,-2.301483286191067
1979-06-14,-2.378061967978763
1979-06-15,-1.7880990117608693
1979-06-18,1.4203032509641977
1979-06-19,-0.4215678203226071
1979-06-20,-1.9283118442851646
1979-06-21,-1.3066987695457766
1979-06-22,-1.3235252417382146
1979-06-25,0.7763746308464101
1979-06-26,-0.16
1979-06-27,0.7181118811581884
1979-06-28,0.48
1979-06-29,-0.12
1979-07-02,-0.5840759754859164
1979-07-03,-0.12
1979-07-04,0.0
1979-07-05,-0.51
1979-07-06,0.26789664235366384
1979-07-09,-0.2
1979-07-10,0.2878296015799375
1979-07-11,-0.065
1979-07-12,0.195
1979-07-13,-0.105
1979-07-16,0.04
1979-07-17,-0.065
1979-07-18,-0.08
1979-07-19,0.15
1979-07-20,-0.115
1979-07-23,0.195
1979-07-24,0.105
1979-07-25,0.14
1979-07-26,0.02
1979-07-27,0.2
1979-07-30,0.19233259073776043
1979-07-31,-0.07533465172744837
1979-08-01,-0.48269107301502184
1979-08-02,0.9972345253567093
1979-08-03,-0.27276779232118054
1979-08-06,0.45222599135212643
1979-08-07,0.11722634397448518
1979-08-08,-0.63
1979-08-09,-0.1377811026524272
1979-08-10,0.05
1979-08-13,1.3471873749515817
1979-08-14,-2.20287964632571
1979-08-15,0.0
1979-08-16,-0.66
1979-08-17,0.18
1979-08-20,0.24
1979-08-21,-1.92
1979-08-22,1.08
1979-08-23,0.48
1979-08-24,-0.6
1979-08-27,0.12
1979-08-28,0.54
1979-08-29,-0.84
1979-08-30,-0.06
1979-08-31,0.0
1979-09-03,0.0
1979-09-04,2.4
1979-09-05,0.0
1979-09-06,1.2
1979-09-07,-0.18
1979-09-10,-1.2030427445836052
1979-09-11,0.975
1979-09-12,-0.1330517386450204
1979-09-13,-2.38
1979-09-14,1.4
1979-09-17,-0.14
1979-09-18,-0.49
1979-09-19,0.42
1979-09-20,-0.84
1979-09-21,0.42
1979-09-24,-0.35
1979-09-25,1.33
1979-09-26,0.0
1979-09-27,-2.52
1979-09-28,0.84
1979-10-01,-2.24
1979-10-02,0.84
1979-10-03,-0.63
1979-10-04,-0.28
1979-10-05,0.63
1979-10-08,0.77
1979-10-09,1.05
1979-10-10,0.14
1979-10-11,0.21
1979-10-12,-0.14
1979-10-15,1.47
1979-10-16,-0.28
1979-10-17,-0.7
1979-10-18,0.0
1979-10-19,-1.82
1979-10-22,-0.42
1979-10-23,0.14
1979-10-24,1.4
1979-10-25,1.61
1979-10-26,2.66
1979-10-29,-0.21
1979-10-30,-0.63
1979-10-31,0.0
1979-11-01,1.1166240618453707
1979-11-02,-0.5283767555483413
1979-11-05,-0.48
1979-11-06,0.8766199217723052
1979-11-07,-0.42838064275841015
1979-11-08,0.17661919284075692
1979-11-09,-0.0033777573561085397
1979-11-12,-1.3033837188877315
1979-11-13,-1.785
1979-11-14,-2.52
1979-11-15,0.63
1979-11-16,0.84
1979-11-19,-1.155
1979-11-20,-0.84
1979-11-21,-1.155
1979-11-22,0.0
1979-11-23,1.26
1979-11-26,1.995
1979-11-27,-0.10843388427464673
1979-11-28,-0.4
1979-11-29,0.9
1979-11-30,-1.4
1979-12-03,0.6
1979-12-04,-0.2
1979-12-05,0.2
1979-12-06,1.1
1979-12-07,-0.3
1979-12-10,-0.3
1979-12-11,-0.9
1979-12-12,0.5
1979-12-13,0.9
1979-12-14,0.0
1979-12-17,0.7
1979-12-18,0.2
1979-12-19,-1.0
1979-12-20,-1.0
1979-12-21,-0.4
1979-12-24,0.0
1979-12-25,0.0
1979-12-26,-2.3
1979-12-27,1.4
1979-12-28,-0.8
1979-12-31,0.6
1980-01-01,0.0
1980-01-02,0.9
1980-01-03,-0.2
1980-01-04,-0.1
1980-01-07,0.0
1980-01-08,0.0
1980-01-09,4.0
1980-01-10,2.0
1980-01-11,-1.8
1980-01-14,0.3
1980-01-15,-0.4
1980-01-16,0.0964931032420077
1980-01-17,-2.3170475890606532
1980-01-18,1.15
1980-01-21,-0.345
1980-01-22,0.46
1980-01-23,-2.3
1980-01-24,1.265
1980-01-25,0.805
1980-01-28,-0.345
1980-01-29,-0.46
1980-01-30,-0.9235323464213518
1980-01-31,-0.12
1980-02-01,-0.36
1980-02-04,-0.9635341199731238
1980-02-05,0.625
1980-02-06,0.25
1980-02-07,0.375
1980-02-08,0.75
1980-02-11,-0.8785180581140194
1980-02-12,-0.0035163266826210146
1980-02-13,-0.945
1980-02-14,0.6714858687532542
1980-02-15,0.14
1980-02-18,-0.003482604668962963
1980-02-19,0.87
1980-02-20,-0.4384600172305179
1980-02-21,-0.6034376654718937
1980-02-22,0.3031577856290306
1980-02-25,-1.6534127476747302
1980-02-26,1.19
1980-02-27,0.85
1980-02-28,2.203320786551707
1980-02-29,2.34
1980-03-03,2.8767130477782343
1980-03-04,-2.5965848155012843
1980-03-05,-1.56
1980-03-06,2.3367829645863902
1980-03-07,-1.2032158445553378
1980-03-10,1.6368319470455281
1980-03-11,-0.2163300746569399
1980-03-12,-2.866345277310248
1980-03-13,2.3
1980-03-14,-0.92
1980-03-17,1.8337970702710273
1980-03-18,1.196928821009282
1980-03-19,-1.721131618713159
1980-03-20,1.0169922285590627
1980-03-21,0.7740240423564263
1980-03-24,3.5040163068721246
1980-03-25,0.28
1980-03-26,2.5110789115948466
1980-03-27,5.009100612375188
1980-03-28,-0.61
1980-03-31,3.651390610366359
1980-04-01,-1.285708034927095
1980-04-02,-1.658471900296925
1980-04-03,-5.86783741813168
1980-04-04,0.0
1980-04-07,0.35
1980-04-08,-4.55
1980-04-09,-0.7
1980-04-10,3.5
1980-04-11,-1.75
1980-04-14,1.4
1980-04-15,-0.7
1980-04-16,0.35
1980-04-17,3.85
1980-04-18,2.1
1980-04-21,-3.15
1980-04-22,0.0
1980-04-23,2.1
1980-04-24,-1.05
1980-04-25,-3.504982269960617
1980-04-28,6.48
1980-04-29,0.0
1980-04-30,-3.6
1980-05-01,0.72
1980-05-02,-2.16
1980-05-05,-8.28
1980-05-06,2.8676804731163306
1980-05-07,2.345
1980-05-08,-5.36
1980-05-09,2.6725843406438066
1980-05-12,8.96
1980-05-13,-4.179523535869122
1980-05-14,-0.28
1980-05-15,-2.24
1980-05-16,5.32
1980-05-19,-1.68
1980-05-20,-2.24
1980-05-21,0.84
1980-05-22,-1.68
1980-05-23,0.0
1980-05-26,0.0
1980-05-27,-1.68
1980-05-28,4.2
1980-05-29,3.92
1980-05-30,-1.68
1980-06-02,4.48
1980-06-03,-2.24
1980-06-04,0.0
1980-06-05,1.68
1980-06-06,-0.562267390629838
1980-06-09,-0.8594188074278506
1980-06-10,-0.00220231400682841
1980-06-11,0.5956057431023465
1980-06-12,0.6156081063949818
1980-06-13,-2.5643927519413756
1980-06-16,-3.63
1980-06-17,1.32
1980-06-18,1.98
1980-06-19,0.99
1980-06-20,-1.6543794585189147
1980-06-23,-3.0621707985858424
1980-06-24,1.035
1980-06-25,-2.76
1980-06-26,1.725
1980-06-27,1.38
1980-06-30,-4.485
1980-07-01,-5.907533457589606
1980-07-02,-7.935
1980-07-03,-3.807846836152393
1980-07-04,-0.004111830421306705
1980-07-07,-1.22
1980-07-08,-3.666180006567994
1980-07-09,6.955810753093041
1980-07-10,-6.734786821738498
1980-07-11,-6.133579908685356
1980-07-14,-9.008924348645076
1980-07-15,1.0116478029906808
1980-07-16,-2.629471353856457
1980-07-17,-1.817241071392741
1980-07-18,2.235494128772076
1980-07-21,5.845342610569052
1980-07-22,-2.2446539803482417
1980-07-23,-4.422357057683269
1980-07-24,1.372638275948622
1980-07-25,3.11760587259796
1980-07-28,-1.9574025488580966
1980-07-29,-1.43
1980-07-30,0.77
1980-07-31,-4.402483727307151
1980-08-01,-1.787489227659527
1980-08-04,3.097480506703771
1980-08-05,-1.5225309954354485
1980-08-06,-0.7225330607331625
1980-08-07,-0.00252847722349897
1980-08-08,1.44
1980-08-11,1.6
1980-08-12,-3.2026288010078034
1980-08-13,0.825
1980-08-14,1.7223454348086475
1980-08-15,0.98
1980-08-18,-1.12
1980-08-19,-0.63
1980-08-20,0.21
1980-08-21,-1.26
1980-08-22,0.63
1980-08-25,-1.542705695314961
1980-08-26,-1.495
1980-08-27,0.6472708906300515
1980-08-28,-0.3027261093424663
1980-08-29,-1.432753994440795
1980-09-01,-0.002753994440794946
1980-09-02,-0.45
1980-09-03,0.222262653319412
1980-09-04,0.3145381583244426
1980-09-05,-0.15272940229493587
1980-09-08,-0.3527349238676497
1980-09-09,0.33725064422335166
1980-09-10,0.12
1980-09-11,-0.09274961841527456
1980-09-12,0.3
1980-09-15,0.03
1980-09-16,-0.12
1980-09-17,0.0
1980-09-18,-0.02
1980-09-19,-0.21
1980-09-22,0.06
1980-09-23,-0.03
1980-09-24,0.14
1980-09-25,0.08
1980-09-26,0.24
1980-09-29,-0.02
1980-09-30,-0.13
1980-10-01,0.01
1980-10-02,0.21
1980-10-03,-0.11
1980-10-06,-0.22
1980-10-07,0.07
1980-10-08,-0.04
1980-10-09,-0.07
1980-10-10,-0.06
1980-10-13,-0.4
1980-10-14,0.12
1980-10-15,0.02
1980-10-16,0.13
1980-10-17,-0.1
1980-10-20,-0.04
1980-10-21,-0.07
1980-10-22,-0.29
1980-10-23,0.06
1980-10-24,-0.0886095677988183
1980-10-27,-0.17083907687364605
1980-10-28,0.165
1980-10-29,-0.01792154671757113
1980-10-30,-0.12584670031509193
1980-10-31,-0.18292506918171775
1980-11-03,0.16915527663526697
1980-11-04,-0.005839313659740886
1980-11-05,1.155
1980-11-06,-0.5008609636290609
1980-11-07,-0.07084418978736139
1980-11-10,0.06918132748332387
1980-11-11,0.33129132347900697
1980-11-12,1.1912825508195357
1980-11-13,-1.0408055735464956
1980-11-14,2.619163827233152
1980-11-17,1.2120834093396267
1980-11-18,2.091227645885034
1980-11-19,1.6962328749013829
1980-11-20,5.428180506057969
1980-11-21,1.33
1980-11-24,-3.8059432213880333
1980-11-25,3.6
1980-11-26,-0.0029794668184689975
1980-11-27,-0.008934490500527038
1980-11-28,4.62
1980-12-01,-2.64897239089463
1980-12-02,-5.173014116425245
1980-12-03,0.0
1980-12-04,-3.36
1980-12-05,-2.1630099871463337
1980-12-08,-0.49300260574138655
1980-12-09,-10.003073661879418
1980-12-10,-8.685619209913293
1980-12-11,-9.215906878304066
1980-12-12,2.0308944815401757
1980-12-15,6.996758906678867
1980-12-16,-0.8661882753481521
1980-12-17,3.915
1980-12-18,-2.32
1980-12-19,1.305
1980-12-22,1.595
1980-12-23,1.45
1980-12-24,-1.595
1980-12-25,0.0
1980-12-26,0.0
1980-12-29,-1.16
1980-12-30,-0.145
1980-12-31,3.625
1981-01-01,0.0
1981-01-02,1.885
1981-01-05,-0.145
1981-01-06,1.446717173522164
1981-01-07,0.4434391447566169
1981-01-08,-0.8065632922904319
1981-01-09,-2.556583261510098
1981-01-12,0.9
1981-01-13,0.3567284865173864
1981-01-14,2.21345494597937
1981-01-15,-1.3682678140047289
1981-01-16,5.19671380690118
1981-01-19,0.205
1981-01-20,1.435
1981-01-21,-2.0597624463023667
1981-01-22,-3.74
1981-01-23,-8.58
1981-01-26,3.290045354657375
1981-01-27,3.075
1981-01-28,-1.845
1981-01-29,-4.51
1981-01-30,2.4566493831055745
1981-02-02,1.4
1981-02-03,5.0
1981-02-04,0.5966397400974864
1981-02-05,1.755
1981-02-06,3.51
1981-02-09,-5.265
1981-02-10,3.315
1981-02-11,0.975
1981-02-12,-2.145
1981-02-13,3.51
1981-02-16,0.0
1981-02-17,2.535
1981-02-18,-2.73
1981-02-19,3.51
1981-02-20,-1.56
1981-02-23,-3.315
1981-02-24,-2.925
1981-02-25,0.0
1981-02-26,-1.56
1981-02-27,0.585
1981-03-02,-7.8
1981-03-03,0.9609847256284854
1981-03-04,-4.025
1981-03-05,-4.032086576676889
1981-03-06,1.1479134615719002
1981-03-09,3.5614453324048823
1981-03-10,-1.0570978279265084
1981-03-11,1.12
1981-03-12,2.94
1981-03-13,1.8164510860367458
1981-03-16,0.27
1981-03-17,0.54
1981-03-18,0.945
1981-03-19,1.485
1981-03-20,-2.835
1981-03-23,4.725
1981-03-24,0.54
1981-03-25,-0.81
1981-03-26,-2.7
1981-03-27,0.81
1981-03-30,2.16
1981-03-31,2.025
1981-04-01,-2.025
1981-04-02,2.025
1981-04-03,-1.35
1981-04-06,1.89
1981-04-07,5.4
1981-04-08,0.405
1981-04-09,0.675
1981-04-10,-3.51
1981-04-13,-1.215
1981-04-14,-1.62
1981-04-15,-0.135
1981-04-16,1.35
1981-04-17,0.0
1981-04-20,0.135
1981-04-21,-0.675
1981-04-22,-1.755
1981-04-23,-0.135
1981-04-24,-1.62
1981-04-27,-0.135
1981-04-28,-3.645
1981-04-29,0.81
1981-04-30,1.08
1981-05-01,0.945
1981-05-04,-2.7
1981-05-05,0.8067501955354937
1981-05-06,1.5567497877998273
1981-05-07,0.0
1981-05-08,-0.25
1981-05-11,-1.5
1981-05-12,-3.875
1981-05-13,0.48367484297727315
1981-05-14,0.9967342064398456
1981-05-15,0.095
1981-05-18,1.4217339090461774
1981-05-19,-1.3532636036657506
1981-05-20,0.08173912123440907
1981-05-21,-2.48
1981-05-22,-1.2098132806362165
1981-05-25,-0.0032706597419964126
1981-05-26,0.72
1981-05-27,0.23345773967220124
1981-05-28,-0.25327214799397996
1981-05-29,0.40174109242009465
1981-06-01,-0.76
1981-06-02,-0.4032751295748434
1981-06-03,-0.6015573388932249
1981-06-04,-0.02827619442417088
1981-06-05,-0.1465119379107331
1981-06-08,0.08348259315548011
1981-06-09,-0.0032587034222599422
1981-06-10,-0.10827460705355187
1981-06-11,0.14
1981-06-12,-0.16
1981-06-15,-0.19
1981-06-16,0.08
1981-06-17,0.13
1981-06-18,0.01
1981-06-19,-0.01
1981-06-22,0.06
1981-06-23,0.05679314494592887
1981-06-24,0.105
1981-06-25,0.4017698680576616
1981-06-26,0.2935303661927536
1981-06-29,0.23676348738468816
1981-06-30,-0.25470953784593553
1981-07-01,-1.5564822073385165
1981-07-02,-0.4076944915249889
1981-07-03,0.0
1981-07-06,-2.4
1981-07-07,0.42
1981-07-08,-0.9
1981-07-09,0.6
1981-07-10,-1.08
1981-07-13,-2.22
1981-07-14,2.276620273538005
1981-07-15,1.096621128904657
1981-07-16,0.25
1981-07-17,0.85
1981-07-20,2.0
1981-07-21,-0.5
1981-07-22,-0.7
1981-07-23,0.0
1981-07-24,0.05
1981-07-27,0.85
1981-07-28,-0.2534303918356892
1981-07-29,0.7115687271410135
1981-07-30,0.9565988099592361
1981-07-31,-0.9784080223173023
1981-08-03,1.046598033440158
1981-08-04,0.8966063733390691
1981-08-05,1.9165872292604522
1981-08-06,-0.4284140470840561
1981-08-07,1.4331912944825536
1981-08-10,2.696575911207181
1981-08-11,-0.636820853515288
1981-08-12,-0.003410426757644037
1981-08-13,4.793082994891547
1981-08-14,1.43
1981-08-17,-2.086940631734949
1981-08-18,2.66
1981-08-19,-1.96679290808974
1981-08-20,0.3
1981-08-21,4.793256511850592
1981-08-24,3.04
1981-08-25,2.556670699037302
1981-08-26,-2.8083120358673344
1981-08-27,3.23
1981-08-28,-2.5533215718313933
1981-08-31,-3.5
1981-09-01,0.0
1981-09-02,0.16835080929466703
1981-09-03,-2.4083319982560982
1981-09-04,4.176652122439883
1981-09-07,0.0
1981-09-08,5.265
1981-09-09,0.5816551161164324
1981-09-10,-0.8066918432476224
1981-09-11,3.353308548310917
1981-09-14,-3.0833546959935187
1981-09-15,-2.0283538811828445
1981-09-16,1.6032916825472727
1981-09-17,0.9532921017153702
1981-09-18,3.2432957353310963
1981-09-21,3.1132911895378896
1981-09-22,-0.813354715580821
1981-09-23,2.1933016774732295
1981-09-24,-0.858349018199808
1981-09-25,2.893354497669815
1981-09-28,1.7966769878474933
1981-09-29,-3.666654548486776
1981-09-30,0.63
1981-10-01,1.8833658804894593
1981-10-02,-2.603268709741137
1981-10-05,-8.253284948340854
1981-10-06,-3.35
1981-10-07,3.685
1981-10-08,3.685
1981-10-09,0.0
1981-10-12,-5.025
1981-10-13,-4.02
1981-10-14,2.01
1981-10-15,4.69
1981-10-16,3.685
1981-10-19,-0.67
1981-10-20,3.35
1981-10-21,-1.005
1981-10-22,3.008595901953829
1981-10-23,-4.143194197764292
1981-10-26,1.05
1981-10-27,-1.753187259970827
1981-10-28,-2.488184828247841
1981-10-29,2.5168297388633314
1981-10-30,0.3618310645815831
1981-11-02,-1.1163222653988942
1981-11-03,3.416843586814679
1981-11-04,3.0768422894373177
1981-11-05,0.3868436963269761
1981-11-06,3.5486854047963403
1981-11-09,1.6168997695032268
1981-11-10,6.960677476706012
1981-11-11,0.425
1981-11-12,-4.675
1981-11-13,2.975
1981-11-16,2.975
1981-11-17,5.1
1981-11-18,2.55
1981-11-19,-2.5530336771535223
1981-11-20,0.0
1981-11-23,8.593926230035295
1981-11-24,10.56
1981-11-25,2.64
1981-11-26,0.0
1981-11-27,3.52
1981-11-30,4.4
1981-12-01,-5.28
1981-12-02,1.3170174545411952
1981-12-03,1.305
1981-12-04,-2.61
1981-12-07,11.31
1981-12-08,5.646092104947556
1981-12-09,7.14
1981-12-10,11.76
1981-12-11,-5.47196997851265
1981-12-14,8.794009874741125
1981-12-15,8.187070407057671
1981-12-16,-8.857957247103196
1981-12-17,-6.477829830006812
1981-12-18,4.19409315808128
1981-12-21,3.06
1981-12-22,-1.02
1981-12-23,3.06
1981-12-24,-6.46
1981-12-25,0.0
1981-12-28,-11.9
1981-12-29,5.1
1981-12-30,-0.68
1981-12-31,-1.36
1982-01-01,0.0
1982-01-04,-2.38
1982-01-05,3.06
1982-01-06,-4.76
1982-01-07,0.0
1982-01-08,4.76
1982-01-11,3.06
1982-01-12,1.3540001456978343
1982-01-13,-0.0029911253617029296
1982-01-14,0.34901815341356135
1982-01-15,1.4570090702989633
1982-01-18,-3.335986730558506
1982-01-19,4.56
1982-01-20,-1.52
1982-01-21,-4.942967517068478
1982-01-22,-1.54
1982-01-25,4.235
1982-01-26,-3.08
1982-01-27,-8.47
1982-01-28,3.0741011730337444
1982-01-29,-5.625
1982-02-01,-9.00596760196805
1982-02-02,0.7121473647268487
1982-02-03,0.0
1982-02-04,-0.67
1982-02-05,3.35
1982-02-08,4.69
1982-02-09,1.675
1982-02-10,-4.355
1982-02-11,0.67
1982-02-12,1.675
1982-02-15,0.0
1982-02-16,0.67
1982-02-17,-0.67
1982-02-18,1.34
1982-02-19,8.375
1982-02-22,0.335
1982-02-23,2.345
1982-02-24,-0.67
1982-02-25,0.0
1982-02-26,-2.0129074236019955
1982-03-01,-1.0229081841553234
1982-03-02,-2.4208228329302317
1982-03-03,3.55
1982-03-04,4.26
1982-03-05,5.3221088482501155
1982-03-08,7.2
1982-03-09,-1.8
1982-03-10,-2.88
1982-03-11,0.0
1982-03-12,6.834266542283971
1982-03-15,-5.92
1982-03-16,2.96
1982-03-17,-4.07
1982-03-18,-3.33
1982-03-19,-1.85
1982-03-22,-1.85
1982-03-23,1.85
1982-03-24,-1.48
1982-03-25,1.11
1982-03-26,-1.48
1982-03-29,-4.44
1982-03-30,-0.37
1982-03-31,-1.11
1982-04-01,1.48
1982-04-02,-4.81
1982-04-05,-5.18
1982-04-06,0.37
1982-04-07,4.07
1982-04-08,-2.22
1982-04-09,0.0
1982-04-12,0.74
1982-04-13,-0.37
1982-04-14,1.85
1982-04-15,0.0
1982-04-16,0.0
1982-04-19,0.0
1982-04-20,-2.59
1982-04-21,2.59
1982-04-22,2.96
1982-04-23,-2.59
1982-04-26,0.37
1982-04-27,1.48
1982-04-28,0.37
1982-04-29,0.37
1982-04-30,3.327685695042315
1982-05-03,6.75
1982-05-04,2.25
1982-05-05,2.25
1982-05-06,0.375
1982-05-07,-1.8817680562334038
1982-05-10,4.677763228510721
1982-05-11,-0.395
1982-05-12,-0.7967130386315975
1982-05-13,2.0455468962479193
1982-05-14,-4.204421552031503
1982-05-17,0.86
1982-05-18,0.86
1982-05-19,-1.7243506906597368
1982-05-20,-1.76
1982-05-21,0.8778369532875449
1982-05-24,2.2228495014212792
1982-05-25,7.1956870042512255
1982-05-26,-1.84
1982-05-27,2.3
1982-05-28,-1.38
1982-05-31,0.0
1982-06-01,6.44
1982-06-02,-1.3821503492970177
1982-06-03,3.715696340242555
1982-06-04,3.795699845748671
1982-06-07,-6.309320971653091
1982-06-08,0.495
1982-06-09,-2.475
1982-06-10,-1.485
1982-06-11,-7.425
1982-06-14,7.917864704339485
1982-06-15,5.377202329796286
1982-06-16,4.137869014678003
1982-06-17,6.37
1982-06-18,-0.455
1982-06-21,-1.82
1982-06-22,-3.185
1982-06-23,1.365
1982-06-24,-2.275
1982-06-25,0.91
1982-06-28,5.46
1982-06-29,-0.455
1982-06-30,4.55
1982-07-01,-1.365
1982-07-02,3.096063224063211
1982-07-05,-0.002095508506165612
1982-07-06,6.975
1982-07-07,4.645793925183321
1982-07-08,-4.277108124209341
1982-07-09,-2.88
1982-07-12,1.44
1982-07-13,-2.4
1982-07-14,0.0
1982-07-15,1.9157843750217562
1982-07-16,2.4457894751092457
1982-07-19,5.49788987505979
1982-07-20,1.01
1982-07-21,-2.02
1982-07-22,4.545
1982-07-23,3.0279086337808674
1982-07-26,5.607905141280087
1982-07-27,0.0
1982-07-28,6.177906145267757
1982-07-29,-4.16
1982-07-30,4.68
1982-08-02,-4.16
1982-08-03,-1.56
1982-08-04,-2.6
1982-08-05,8.32
1982-08-06,9.88
1982-08-09,2.0716777964011994
1982-08-10,2.0
1982-08-11,2.5
1982-08-12,20.0
1982-08-13,-4.036701605514489
1982-08-16,11.617835303047478
1982-08-17,2.451366313047597
1982-08-18,-7.02
1982-08-19,5.845726943056173
1982-08-20,-0.76
1982-08-23,-4.56
1982-08-24,-4.94
1982-08-25,-5.32
1982-08-26,8.357915494151973
1982-08-27,5.620822350132043
1982-08-30,2.555
1982-08-31,-4.015
1982-09-01,0.0
1982-09-02,-3.285
1982-09-03,2.19
1982-09-06,0.0
1982-09-07,9.125
1982-09-08,2.19
1982-09-09,1.46
1982-09-10,3.285
1982-09-13,-8.03204868725115
1982-09-14,-2.59
1982-09-15,1.11
1982-09-16,2.22
1982-09-17,4.44
1982-09-20,-1.48
1982-09-21,1.11
1982-09-22,2.96
1982-09-23,-3.7
1982-09-24,-5.18
1982-09-27,-1.48
1982-09-28,2.96
1982-09-29,1.11
1982-09-30,2.59
1982-10-01,2.96
1982-10-04,3.695099131953598
1982-10-05,-1.01
1982-10-06,-1.13
1982-10-07,-5.86
1982-10-08,3.505
1982-10-11,-5.49
1982-10-12,5.87850360600791
1982-10-13,-4.896040253903853
1982-10-14,3.7484623841809475
1982-10-15,2.0679836174106216
1982-10-18,0.985
1982-10-19,-0.84
1982-10-20,-1.825
1982-10-21,3.0075
1982-10-22,5.335
1982-10-25,5.7575
1982-10-26,0.045
1982-10-27,0.8525
1982-10-28,-0.3225
1982-10-29,2.9275
1982-11-01,1.8875
1982-11-02,-0.0040016650468157906
1982-11-03,-1.1225
1982-11-04,-4.0175
1982-11-05,-7.3275
1982-11-08,-1.4765840689085177
1982-11-09,1.395
1982-11-10,-1.295
1982-11-11,-4.54
1982-11-12,2.4475
1982-11-15,1.4980917019272837
1982-11-16,-2.8525
1982-11-17,-1.6675
1982-11-18,-2.0975
1982-11-19,-2.2725
1982-11-22,0.2118430641834586
1982-11-23,-0.63
1982-11-24,-0.735
1982-11-25,0.0
1982-11-26,0.005
1982-11-29,4.81
1982-11-30,0.39709721380911317
1982-12-01,1.935
1982-12-02,2.11
1982-12-03,1.83
1982-12-06,-4.005
1982-12-07,-4.415
1982-12-08,-0.625
1982-12-09,-4.5
1982-12-10,1.0230062212575837
1982-12-13,-1.455
1982-12-14,4.11
1982-12-15,0.17801648401327536
1982-12-16,1.025
1982-12-17,-0.45
1982-12-20,-0.15
1982-12-21,1.125
1982-12-22,0.725
1982-12-23,-1.15
1982-12-24,-0.0019829886315524746
1982-12-27,-2.42
1982-12-28,-3.66
1982-12-29,0.715
1982-12-30,0.635
1982-12-31,0.0
1983-01-03,-0.57
1983-01-04,0.97
1983-01-05,-2.415
1983-01-06,-1.015
1983-01-07,-1.4801137339655304
1983-01-10,-2.06
1983-01-11,2.355
1983-01-12,-6.9025
1983-01-13,1.6314462987709546
1983-01-14,-2.4225
1983-01-17,-0.292014725357748
1983-01-18,0.28005826195488875
1983-01-19,1.33
1983-01-20,0.3179840000150625
1983-01-21,-2.52
1983-01-24,-2.25
1983-01-25,0.24
1983-01-26,-3.68
1983-01-27,-1.81
1983-01-28,2.727971558950191
1983-01-31,-2.8540646566711083
1983-02-01,0.6779814867458014
1983-02-02,1.04
1983-02-03,-0.08201670335081654
1983-02-04,0.775
1983-02-07,2.130173530440958
1983-02-08,-0.51
1983-02-09,-2.88
1983-02-10,-2.237023487807178
1983-02-11,-0.12904134296276246
1983-02-14,-3.3225
1983-02-15,1.364805749707765
1983-02-16,2.352973005054867
1983-02-17,-2.2640786163736206
1983-02-18,0.37345052132121953
1983-02-21,-0.002010539875365576
1983-02-22,4.93
1983-02-23,-0.1475
1983-02-24,-0.9925
1983-02-25,3.2457624541003653
1983-02-28,3.567947359097527
1983-03-01,-1.6482415729324607
1983-03-02,-2.45
1983-03-03,-0.23207369171688
1983-03-04,-0.085
1983-03-07,-1.095
1983-03-08,0.745
1983-03-09,-1.965
1983-03-10,0.1129243818655618
1983-03-11,-1.15
1983-03-14,-0.4
1983-03-15,0.75
1983-03-16,-3.8
1983-03-17,-0.9562670498616911
1983-03-18,0.2829132575554874
1983-03-21,-0.9020879229517352
1983-03-22,-0.7791758459034704
1983-03-23,-2.8021408708122846
1983-03-24,0.7314365167508604
1983-03-25,-0.26881018329643597
1983-03-28,-0.4371373846440489
1983-03-29,1.0457163404957426
1983-03-30,0.9653509115759775
1983-03-31,-0.3746445737832573
1983-04-01,0.0
1983-04-04,0.2175
1983-04-05,1.1453630999335132
1983-04-06,0.4353700643013209
1983-04-07,-0.6646277219871695
1983-04-08,-0.9371338911766033
1983-04-11,1.7028596049812716
1983-04-12,-0.0671401727536428
1983-04-13,0.1125
1983-04-14,1.7978497576574402
1983-04-15,-0.075
1983-04-18,0.3
1983-04-19,-1.604394311506507
1983-04-20,0.4178522216294883
1983-04-21,-0.75
1983-04-22,-0.21
1983-04-25,0.585
1983-04-26,0.405
1983-04-27,1.3329725948153517
1983-04-28,0.115
1983-04-29,0.255
1983-05-02,0.025
1983-05-03,0.44299103120465094
1983-05-04,1.260714807534935
1983-05-05,-0.9944682710396608
1983-05-06,0.43554693975182174
1983-05-09,-1.6975
1983-05-10,1.2480525116505825
1983-05-11,-0.6625
1983-05-12,-0.8325
1983-05-13,0.36
1983-05-16,-2.3325
1983-05-17,-0.37989857677047595
1983-05-18,-0.215
1983-05-19,-1.4025
1983-05-20,-0.6975
1983-05-23,-0.2420542608829178
1983-05-24,0.2825
1983-05-25,-0.1375
1983-05-26,-0.9645557184397457
1983-05-27,-0.09171926286666539
1983-05-30,0.0
1983-05-31,-2.325
1983-06-01,0.8229403297743901
1983-06-02,-0.22
1983-06-03,-0.24
1983-06-06,0.63
1983-06-07,-1.035
1983-06-08,-1.1712431616361314
1983-06-09,0.6575
1983-06-10,-0.075
1983-06-13,1.8325
1983-06-14,-0.3615971117556816
1983-06-15,0.33
1983-06-16,0.68
1983-06-17,-0.36
1983-06-20,-0.89
1983-06-21,0.0
1983-06-22,-0.48
1983-06-23,-0.4
1983-06-24,-1.1540922775768812
1983-06-27,-0.9041746242452035
1983-06-28,0.5279099809976352
1983-06-29,0.5979113061438986
1983-06-30,0.20430377640352887
1983-07-01,-0.0021519078963541383
1983-07-04,-0.0020528076261242096
1983-07-05,-2.0625
1983-07-06,1.0725
1983-07-07,-0.6491934308346916
1983-07-08,-0.6095931720594818
1983-07-11,2.285319462511374
1983-07-12,0.147796674577072
1983-07-13,-0.113229039657456
1983-07-14,-0.512204879705961
1983-07-15,1.2877824428090388
1983-07-18,1.92776468406383
1983-07-19,2.947695511382375
1983-07-20,3.422616685936926
1983-07-21,0.43
1983-07-22,2.2651536967487775
1983-07-25,-1.2024347504621684
1983-07-26,-3.4024847481358806
1983-07-27,0.765
1983-07-28,2.6
1983-07-29,-1.53
1983-08-01,4.175
1983-08-02,1.335
1983-08-03,3.2238338222496354
1983-08-04,-1.6601563924497171
1983-08-05,3.4875
1983-08-08,-1.2901831370281769
1983-08-09,-1.1375
1983-08-10,4.7
1983-08-11,0.4275
1983-08-12,0.25975179265960674
1983-08-15,5.3625
1983-08-16,-1.4574553408500663
1983-08-17,-2.275
1983-08-18,-4.175
1983-08-19,2.4
1983-08-22,5.4625
1983-08-23,2.6625
1983-08-24,-2.2
1983-08-25,-2.275
1983-08-26,2.6125
1983-08-29,-3.1625
1983-08-30,-5.1
1983-08-31,3.596878178018748
1983-09-01,-2.635
1983-09-02,2.5525
1983-09-05,0.0
1983-09-06,3.015
1983-09-07,-0.495
1983-09-08,0.6575
1983-09-09,1.5275
1983-09-12,-0.9875
1983-09-13,-2.441053723551682
1983-09-14,-2.205
1983-09-15,-4.305
1983-09-16,2.445
1983-09-19,4.42
1983-09-20,-0.6666155985043728
1983-09-21,4.2
1983-09-22,-3.7633957117417927
1983-09-23,-2.023417532792852
1983-09-26,-1.8534357086540716
1983-09-27,1.89
1983-09-28,-2.4086218923751224
1983-09-29,1.14
1983-09-30,1.4975
1983-10-03,-0.91
1983-10-04,-2.28
1983-10-05,2.44
1983-10-06,0.57
1983-10-07,-1.46
1983-10-10,-0.8910655969146898
1983-10-11,-0.245
1983-10-12,-0.72
1983-10-13,3.02
1983-10-14,-0.87
1983-10-17,-0.435
1983-10-18,-1.735
1983-10-19,-0.165
1983-10-20,-0.62
1983-10-21,0.925
1983-10-24,-2.75
1983-10-25,0.795
1983-10-26,-2.8
1983-10-27,0.235
1983-10-28,-0.29
1983-10-31,-0.255
1983-11-01,0.8264208512741119
1983-11-02,1.6
1983-11-03,-0.2535864544674583
1983-11-04,0.3964160994443002
1983-11-07,1.7964286644860072
1983-11-08,1.6914286644860073
1983-11-09,-1.523570368659675
1983-11-10,0.6964293294098446
1983-11-11,-1.3471657691127126
1983-11-14,-1.77
1983-11-15,1.7509637914656735
1983-11-16,-2.6635955881851943
1983-11-17,0.6
1983-11-18,-1.6535987409662638
1983-11-21,-0.695
1983-11-22,-0.0786010209150394
1983-11-23,2.1364082943180587
1983-11-24,0.0
1983-11-25,1.505
1983-11-28,-0.535
1983-11-29,0.0014082857423686167
1983-11-30,-1.9371314674919649
1983-12-01,0.9764340896559341
1983-12-02,-2.113565910344066
1983-12-05,-2.8535730651927733
1983-12-06,-1.12
1983-12-07,1.26
1983-12-08,-0.945
1983-12-09,1.85
1983-12-12,1.08
1983-12-13,-0.993570734998687
1983-12-14,0.5964300845715271
1983-12-15,1.2714300845715272
1983-12-16,-0.45
1983-12-19,3.2464345964391152
1983-12-20,0.0
1983-12-21,-0.6635608594499491
1983-12-22,0.9864501544090495
1983-12-23,1.871456796659655
1983-12-26,-0.0035404359246400427
1983-12-27,1.155
1983-12-28,-1.775
1983-12-29,0.007929036714558938
1983-12-30,0.2864758022425396
1984-01-02,-0.0035207542739705724
1984-01-03,-3.92
1984-01-04,0.345
1984-01-05,0.7614815576498509
1984-01-06,3.206482294447387
1984-01-09,-3.065
1984-01-10,2.255
1984-01-11,0.545
1984-01-12,-0.415
1984-01-13,-0.04704436232033557
1984-01-16,-8.1
1984-01-17,3.5250899741571913
1984-01-18,-0.017000215768692845
1984-01-19,-0.31
1984-01-20,-0.89
1984-01-23,1.07
1984-01-24,4.546596126501133
1984-01-25,-2.99
1984-01-26,-0.7325
1984-01-27,-0.5225
1984-01-30,-0.8775
1984-01-31,-2.53
1984-02-01,1.3341093603714627
1984-02-02,1.82
1984-02-03,-0.15
1984-02-06,1.165
1984-02-07,0.31
1984-02-08,-1.915
1984-02-09,-0.53
1984-02-10,-1.515
1984-02-13,-0.975
1984-02-14,-0.705
1984-02-15,0.44638246411314264
1984-02-16,-0.0034538824047515
1984-02-17,-4.81
1984-02-20,0.0
1984-02-21,1.08
1984-02-22,1.89
1984-02-23,-4.01
1984-02-24,1.295
1984-02-27,0.265
1984-02-28,-1.24
1984-02-29,4.275
1984-03-01,-0.065
1984-03-02,3.26
1984-03-05,0.12176298361747413
1984-03-06,-0.72
1984-03-07,-1.94
1984-03-08,0.7525
1984-03-09,1.63
1984-03-12,1.66
1984-03-13,-0.3668011801479581
1984-03-14,1.0226771895732305
1984-03-15,-1.4833786685141057
1984-03-16,-1.0833786685141058
1984-03-19,0.09167614261143309
1984-03-20,1.1766904108933978
1984-03-21,1.418381733907385
1984-03-22,1.5036870453687392
1984-03-23,0.4609370981770193
1984-03-26,2.580957555537111
1984-03-27,0.23177794403771917
1984-03-28,-0.8569907764685837
1984-03-29,-2.7481650667398823
1984-03-30,1.335
1984-04-02,5.3225
1984-04-03,2.975
1984-04-04,0.8925
1984-04-05,-4.8
1984-04-06,-1.3380608113827561
1984-04-09,3.45
1984-04-10,-1.875
1984-04-11,-2.5307641682404034
1984-04-12,0.44204593760749983
1984-04-13,-0.2675000000000097
1984-04-16,-3.219999999999993
1984-04-17,1.6049999999999984
1984-04-18,3.049999999999991
1984-04-19,3.740826022458716
1984-04-20,-0.005714316422368728
1984-04-23,5.790000000000005
1984-04-24,-8.184999999999993
1984-04-25,0.043769559986718456
1984-04-26,-3.4049999999999794
1984-04-27,1.4672401333722895
1984-04-30,0.6099999999999796
1984-05-01,1.8650000000000149
1984-05-02,2.014999999999992
1984-05-03,-2.9235944575304598
1984-05-04,0.9050000000000069
1984-05-07,-2.2450000000000103
1984-05-08,-0.7949999999999676
1984-05-09,-4.645000000000028
1984-05-10,-2.9526523887842075
1984-05-11,-3.6749999999999745
1984-05-14,-1.5649597840857943
1984-05-15,2.280632369819376
1984-05-16,4.388137289490654
1984-05-17,-1.8173538962240567
1984-05-18,1.265000000000009
1984-05-21,5.5024999999999915
1984-05-22,-1.2873505455422039
1984-05-23,-0.18750000000001704
1984-05-24,1.4925000000000226
1984-05-25,0.48749999999998744
1984-05-28,-0.0026838619857430007
1984-05-29,-1.3400000000000125
1984-05-30,-1.4399999999999944
1984-05-31,-1.3399999999999965
1984-06-01,0.7100000000000161
1984-06-04,-0.7100000000000091
1984-06-05,-1.5500000000000125
1984-06-06,-2.1499999999999906
1984-06-07,1.1000000000000034
1984-06-08,-1.8500000000000079
1984-06-11,1.7699999999999956
1984-06-12,0.5600000000000148
1984-06-13,4.7
1984-06-14,-1.1000000000000034
1984-06-15,1.1899999999999862
1984-06-18,3.557088773319002
1984-06-19,4.549999999999988
1984-06-20,-2.6695331314298274
1984-06-21,-1.867499999999993
1984-06-22,-0.957500000000001
1984-06-25,-2.904999999999996
1984-06-26,-3.042499999999996
1984-06-27,0.3150000000000091
1984-06-28,0.6424999999999783
1984-06-29,7.553910756137786
1984-07-02,-0.7341788985231996
1984-07-03,-4.97999999999998
1984-07-04,-0.006079181357513231
1984-07-05,-5.872500000000004
1984-07-06,1.0778806892428832
1984-07-09,3.9950000000000156
1984-07-10,-4.052182504140344
1984-07-11,-2.854373400192413
1984-07-12,1.9928078576676527
1984-07-13,-1.2249999999999839
1984-07-16,-0.9175000000000011
1984-07-17,0.259999999999975
1984-07-18,0.8575000000000046
1984-07-19,0.8049999999999965
1984-07-20,-2.1897468779949034
1984-07-23,-0.5774999999999965
1984-07-24,-1.4771679589349764
1984-07-25,-0.8549999999999898
1984-07-26,1.7522344926070355
1984-07-27,-1.1171659449471054
1984-07-30,0.09999999999999827
1984-07-31,2.152825994238796
1984-08-01,0.4699999999999864
1984-08-02,2.4750000000000223
1984-08-03,1.4073395538275608
1984-08-06,-2.213158694099245
1984-08-07,-0.577500000000041
1984-08-08,-0.41249999999994774
1984-08-09,1.9949999999999477
1984-08-10,-0.27249999999995
1984-08-13,-0.3100000000000409
1984-08-14,2.269999999999993
1984-08-15,-0.8708310276281379
1984-08-16,0.46750000000001135
1984-08-17,-2.1025000000000253
1984-08-20,-3.198162950568856
1984-08-21,1.4700000000000255
1984-08-22,2.589999999999986
1984-08-23,-1.162276708269796
1984-08-24,1.2950000000000512
1984-08-27,-0.5100000000000257
1984-08-28,-0.845
1984-08-29,-2.395000000000006
1984-08-30,0.8400000000000201
1984-08-31,0.2849999999999858
1984-09-03,0.0
1984-09-04,-1.134999999999983
1984-09-05,0.9650000000000198
1984-09-06,2.145
1984-09-07,1.389999999999963
1984-09-10,4.05
1984-09-11,0.29999999999999427
1984-09-12,-0.9649999999999574
1984-09-13,0.12266212832605652
1984-09-14,1.9300000000000028
1984-09-17,-2.010000000000014
1984-09-18,1.7267905129398031
1984-09-19,3.892499999999946
1984-09-20,-1.1124999999999858
1984-09-21,-3.0074999999999803
1984-09-24,-2.2300000000000195
1984-09-25,-1.1422952342506636
1984-09-26,0.3049999999999517
1984-09-27,2.447500000000014
1984-09-28,-4.625000000000022
1984-10-01,-1.1460607710532829
1984-10-02,0.985
1984-10-03,-0.27500000000000907
1984-10-04,0.8049999999999977
1984-10-05,1.5449999999999613
1984-10-08,-0.2649999999999909
1984-10-09,-0.38500000000000456
1984-10-10,0.570000000000041
1984-10-11,-4.774847184307873e-14
1984-10-12,2.5700000000000456
1984-10-15,-1.7975406971359102
1984-10-16,0.5599999999999744
1984-10-17,-0.14833776178563796
1984-10-18,2.56000000000004
1984-10-19,1.69
1984-10-22,-0.6375000000000398
1984-10-23,1.5950000000000426
1984-10-24,1.3450190764480936
1984-10-25,-3.1125000000000242
1984-10-26,-3.1650000000000205
1984-10-29,-0.04760319450923229
1984-10-30,3.25
1984-10-31,-0.4375
1984-11-01,2.7775000000000314
1984-11-02,0.09749999999999144
1984-11-05,2.0374999999999943
1984-11-06,0.6324999999999801
1984-11-07,-1.5699999999999574
1984-11-08,-2.782499999999997
1984-11-09,1.7227264786672034
1984-11-12,0.8850000000000484
1984-11-13,-2.267592888043811
1984-11-14,-0.34143311187623254
1984-11-15,1.5299999999999727
1984-11-16,0.44023133550095467
1984-11-19,0.7674999999999659
1984-11-20,1.7452326142002084
1984-11-21,3.004999999999976
1984-11-22,0.0
1984-11-23,2.56250000000001
1984-11-26,-1.06
1984-11-27,-1.128579577196902
1984-11-28,-0.014999999999993088
1984-11-29,-0.4275087240558543
1984-11-30,-4.66
1984-12-03,0.9099999999999602
1984-12-04,1.1500000000000516
1984-12-05,-2.11999999999998
1984-12-06,-2.7000000000000477
1984-12-07,-4.399999999999989
1984-12-10,1.995000000000032
1984-12-11,1.9999999999999878
1984-12-12,-0.8222678823358264
1984-12-13,-3.252257023380536
1984-12-14,4.189058979753212
1984-12-17,1.5725000000000438
1984-12-18,2.0327472709896073
1984-12-19,-1.1949999999999878
1984-12-20,-0.73975001710072
1984-12-21,0.4975000000000159
1984-12-24,0.9625000000000039
1984-12-25,-0.0022449453928693837
1984-12-26,-2.292500000000012
1984-12-27,-0.7325
1984-12-28,0.38027240653828914
1984-12-31,-1.5274999999999324
1985-01-01,0.0
1985-01-02,-1.3275000000000716
1985-01-03,0.5175000000000438
1985-01-04,-1.035000000000028
1985-01-07,3.6999999999999793
1985-01-08,-0.6596597586125509
1985-01-09,0.9228448200613438
1985-01-10,-0.09464996729238732
1985-01-11,-2.1299999999999484
1985-01-14,-0.04214421884111229
1985-01-15,1.8424999999999243
1985-01-16,-0.502499999999996
1985-01-17,-0.20249999999993631
1985-01-18,2.5299999999999403
1985-01-21,0.1325
1985-01-22,1.8872918622006412
1985-01-23,0.32999999999993634
1985-01-24,3.0125000000000544
1985-01-25,-0.6425000000000409
1985-01-28,-1.005000000000018
1985-01-29,0.48983711365752347
1985-01-30,-0.03749999999996419
1985-01-31,-1.6425000000000407
1985-02-01,-4.401217666485199
1985-02-04,0.17743522508449758
1985-02-05,1.490000000000009
1985-02-06,-2.4850000000000865
1985-02-07,-1.0999999999999637
1985-02-08,1.140000000000041
1985-02-11,-1.240000000000082
1985-02-12,-0.32499999999993634
1985-02-13,0.5600000000000273
1985-02-14,2.719999999999982
1985-02-15,-1.2427410044520273
1985-02-18,0.0
1985-02-19,-0.18500000000003183
1985-02-20,-3.304999999999955
1985-02-21,-1.8486302414586806
1985-02-22,-1.9150000000000045
1985-02-25,0.1950000000000273
1985-02-26,1.1850000000000092
1985-02-27,-3.3500000000000725
1985-02-28,-1.3805127392788767
1985-03-01,-0.6499999999999683
1985-03-04,-1.310000000000016
1985-03-05,2.080000000000012
1985-03-06,-1.6869984865496577
1985-03-07,-0.7200000000000307
1985-03-08,3.8499999999999757
1985-03-11,1.0593168578039438
1985-03-12,-0.909999999999946
1985-03-13,-1.8200000000000254
1985-03-14,-0.3600000000000313
1985-03-15,0.7475000000000029
1985-03-18,-0.819999999999946
1985-03-19,1.4799999999999487
1985-03-20,1.5000000000000226
1985-03-21,0.6499999999999659
1985-03-22,-0.4350000000000171
1985-03-25,-0.012499999999974443
1985-03-26,1.789999999999989
1985-03-27,-0.1800000000000199
1985-03-28,0.7300000000000313
1985-03-29,1.6609362346157666
1985-04-01,-0.10406479453897687
1985-04-02,-0.15654587982924115
1985-04-03,-0.17901822610390467
1985-04-04,-0.5390166996977841
1985-04-05,-0.001514949929620359
1985-04-08,0.45249999999995455
1985-04-09,0.5360021729907496
1985-04-10,0.3235023539652865
1985-04-11,2.2219775600333787
1985-04-12,-0.4599999999999625
1985-04-15,0.2699999999999693
1985-04-16,1.780000000000024
1985-04-17,-2.239999999999986
1985-04-18,3.509999999999976
1985-04-19,-0.8699999999999797
1985-04-22,1.8964929813794202
1985-04-23,-2.9824999999999693
1985-04-24,1.6175000000000037
1985-04-25,-2.382500000000004
1985-04-26,-0.4563958015405793
1985-04-29,-2.2449999999999757
1985-04-30,0.8978145535139188
1985-05-01,0.9750000000000227
1985-05-02,-0.6750000000000256
1985-05-03,2.4125000000000374
1985-05-06,1.2499999999999716
1985-05-07,1.246472619605456
1985-05-08,-1.3499999999999859
1985-05-09,2.8499999999999575
1985-05-10,2.1750000000000256
1985-05-13,-0.9572676556878769
1985-05-14,3.360000000000048
1985-05-15,-1.630000000000007
1985-05-16,2.0349999999999624
1985-05-17,-1.604876358721086
1985-05-20,4.727737211017503
1985-05-21,-1.42499999999998
1985-05-22,-0.7400000000000518
1985-05-23,-0.5799999999999643
1985-05-24,1.540000000000012
1985-05-27,0.0
1985-05-28,0.144999999999996
1985-05-29,-0.7661205918928164
1985-05-30,2.1427451839489584
1985-05-31,1.3600000000000796
1985-06-03,4.235114229474948
1985-06-04,0.17387054964113338
1985-06-05,6.8567262254881225
1985-06-06,-1.406303193465388
1985-06-07,-7.080000000000008
1985-06-10,-0.14342211700102614
1985-06-11,1.8324999999999796
1985-06-12,-0.6074999999999828
1985-06-13,-1.4825000000000206
1985-06-14,3.717499999999986
1985-06-17,-1.3224999999999763
1985-06-18,2.639999999999963
1985-06-19,-3.0974999999999384
1985-06-20,-2.1475000000000444
1985-06-21,-2.2900000000000102
1985-06-24,-1.0750000000000681
1985-06-25,-1.2399999999999283
1985-06-26,-1.2775000000000682
1985-06-27,2.777500000000004
1985-06-28,1.7425000000000341
1985-07-01,-0.6100000000000307
1985-07-02,-0.2756414576388546
1985-07-03,-0.6
1985-07-04,-0.0011341705222482042
1985-07-05,6.550000000000008
1985-07-08,-2.6575000000000037
1985-07-09,-1.4325000000000205
1985-07-10,-0.8574999999999591
1985-07-11,-3.491196463710996
1985-07-12,1.735000000000016
1985-07-15,-1.1400000000000121
1985-07-16,0.6399999999999683
1985-07-17,0.10500000000001992
1985-07-18,-5.005473693940848
1985-07-19,-1.1154749341419674
1985-07-22,-2.1062508374520332
1985-07-23,-0.4837513019501517
1985-07-24,-1.3025064868510288
1985-07-25,0.5212442423767281
1985-07-26,-1.6812564807225432
1985-07-29,-1.9175000000000597
1985-07-30,-0.563772871745011
1985-07-31,1.3912269158650596
1985-08-01,1.80372656912712
1985-08-02,-2.822499999999996
1985-08-05,0.4012241317248716
1985-08-06,0.2550000000000238
1985-08-07,2.4387304838802892
1985-08-08,2.092500000000004
1985-08-09,1.0049999999999244
1985-08-12,-0.024999999999908505
1985-08-13,-1.8737810834494975
1985-08-14,1.3499999999999721
1985-08-15,0.009999999999956254
1985-08-16,1.7169195971090554
1985-08-19,1.2499999999999323
1985-08-20,0.7049999999999881
1985-08-21,1.230000000000016
1985-08-22,-0.5367072794462537
1985-08-23,-0.8499999999999523
1985-08-26,-1.1499999999999522
1985-08-27,1.79499999999996
1985-08-28,-0.9021908872638831
1985-08-29,1.1949999999999863
1985-08-30,-3.414194025309491
1985-09-02,0.0
1985-09-03,1.022500000000059
1985-09-04,1.9025000000000272
1985-09-05,-1.8875000000001
1985-09-06,-6.154999999999978
1985-09-09,-0.26577562550474193
1985-09-10,0.9400000000000238
1985-09-11,-0.0988614528349604
1985-09-12,-0.2875000000000716
1985-09-13,3.1375000000000437
1985-09-16,0.7175000000000359
1985-09-17,-0.8175000000000717
1985-09-18,-0.857499999999988
1985-09-19,-0.07250000000000796
1985-09-20,2.48
1985-09-23,1.0349999999999484
1985-09-24,0.94
1985-09-25,0.5095787634925985
1985-09-26,0.4793412623345826
1985-09-27,-1.965000000000032
1985-09-30,0.7300000000000437
1985-10-01,1.078537381170461
1985-10-02,-1.5450000000000237
1985-10-03,0.6250000000000437
1985-10-04,-0.8114622649944035
1985-10-07,-1.8872641234401408
1985-10-08,1.1249999999999771
1985-10-09,-0.3614946059573037
1985-10-10,0.20500000000004093
1985-10-11,0.2993825555420001
1985-10-14,0.820000000000041
1985-10-15,0.2228617783797082
1985-10-16,1.5024999999999489
1985-10-17,1.8699999999999948
1985-10-18,0.8875000000001022
1985-10-21,-0.49660071134840106
1985-10-22,1.1928969899535655
1985-10-23,-0.55
1985-10-24,-1.1600000000000228
1985-10-25,-0.5000000000000796
1985-10-28,-1.1620713547760961
1985-10-29,5.205000000000094
1985-10-30,2.1008763347033486
1985-10-31,1.662499999999925
1985-11-01,0.34295916783460195
1985-11-04,0.32249999999995227
1985-11-05,2.057499999999966
1985-11-06,-0.1825
1985-11-07,0.3284481440602583
1985-11-08,3.643037442650237
1985-11-11,-0.364999999999867
1985-11-12,3.9899999999999407
1985-11-13,-2.389999999999926
1985-11-14,-1.2450000000000296
1985-11-15,-2.001729515817302
1985-11-18,6.639999999999933
1985-11-19,-0.4409677125152352
1985-11-20,-1.1075000000001023
1985-11-21,0.8549999999999658
1985-11-22,-0.25499999999992495
1985-11-25,-0.2550000000000614
1985-11-26,0.32500000000010915
1985-11-27,2.0874999999998707
1985-11-28,-0.0015208747262636462
1985-11-29,1.5600000000001502
1985-12-02,-3.6050000000000075
1985-12-03,0.7
1985-12-04,2.3334783977108353
1985-12-05,-0.4574999999999659
1985-12-06,-1.2040124429994066
1985-12-09,5.215991292994757
1985-12-10,3.0049999999999457
1985-12-11,5.012499999999972
1985-12-12,-1.5707269142814186
1985-12-13,0.5849999999999687
1985-12-16,1.2099999999999125
1985-12-17,4.132499999999994
1985-12-18,-2.1199999999999126
1985-12-19,1.1774999999999813
1985-12-20,1.3149999999999875
1985-12-23,-1.794039518691047
1985-12-24,0.23250000000011253
1985-12-25,0.0
1985-12-26,1.1149999999999125
1985-12-27,1.6275000000000688
1985-12-30,-1.058878289091227
1985-12-31,0.06750000000010914
1986-01-01,0.0
1986-01-02,-2.0525000000000886
1986-01-03,-1.2600000000000138
1986-01-06,-0.38249999999989087
1986-01-07,4.762499999999899
1986-01-08,-5.559999999999912
1986-01-09,-2.411697295718396
1986-01-10,-2.519999999999993
1986-01-13,-5.670000000000095
1986-01-14,2.183839352250972
1986-01-15,3.200000000000094
1986-01-16,-0.21500000000006875
1986-01-17,-0.024999999999968714
1986-01-20,-1.3299999999999814
1986-01-21,1.894999999999925
1986-01-22,-1.4149999999999125
1986-01-23,2.549999999999906
1986-01-24,0.7650000000000375
1986-01-27,2.829999999999981
1986-01-28,2.10499999999995
1986-01-29,-1.969999999999925
1986-01-30,-0.3
1986-01-31,0.9600000000000252
1986-02-03,1.7084404128849298
1986-02-04,1.2384688269066282
1986-02-05,-1.8450000000000686
1986-02-06,-1.7699999999999811
1986-02-07,-1.9565230770448834
1986-02-10,2.884999999999925
1986-02-11,1.3749999999999687
1986-02-12,-0.12499999999989996
1986-02-13,0.41277349194036084
1986-02-14,3.6170213376971545
1986-02-17,-0.0015224904610650594
1986-02-18,1.7300000000000408
1986-02-19,-1.2515224657341772
1986-02-20,0.20847753426580917
1986-02-21,4.008485436872399
1986-02-24,3.0399999999999796
1986-02-25,-0.7550000000000603
1986-02-26,1.7250000000001493
1986-02-27,5.544999999999899
1986-02-28,0.750000000000075
1986-03-03,3.649999999999898
1986-03-04,1.7900000000000407
1986-03-05,-5.6964961732035695
1986-03-06,2.830905130960642
1986-03-07,1.6624999999999657
1986-03-10,5.724999999999986
1986-03-11,0.24999999999995223
1986-03-12,-0.052499999999904505
1986-03-13,-0.3625000000001091
1986-03-14,1.075000000000075
1986-03-17,-0.8349999999999523
1986-03-18,-1.3075000000001091
1986-03-19,0.41500000000007503
1986-03-20,0.946975472452146
1986-03-21,-0.8974999999999386
1986-03-24,3.052500000000041
1986-03-25,0.06250000000004774
1986-03-26,2.0578799704326323
1986-03-27,3.375000000000074
1986-03-28,0.0
1986-03-31,2.9874999999999927
1986-04-01,0.235
1986-04-02,0.022499999999933518
1986-04-03,-2.3174999999999626
1986-04-04,-0.36750000000003785
1986-04-07,0.34000000000013303
1986-04-08,4.650000000000008
1986-04-09,1.022499999999963
1986-04-10,-0.11749999999998521
1986-04-11,-1.9575000000000295
1986-04-14,3.457499999999941
1986-04-15,-2.012499999999978
1986-04-16,4.6649999999999405
1986-04-17,-2.4174999999999924
1986-04-18,-2.3324999999999916
1986-04-21,-1.3249999999998596
1986-04-22,-4.127499999999992
1986-04-23,-3.822000815874892
1986-04-24,-3.7989346102424926
1986-04-25,-1.582073251005172
1986-04-28,4.315000000000044
1986-04-29,1.8825000000000447
1986-04-30,1.6675000000000124
1986-05-01,-2.8907444851034048
1986-05-02,-1.7266523966479514
1986-05-05,3.7550000000000754
1986-05-06,-1.0525000000000384
1986-05-07,-1.2249999999999688
1986-05-08,3.365759542506339
1986-05-09,-3.3874999999999313
1986-05-12,-4.544292465579952
1986-05-13,2.6653898955678086
1986-05-14,-2.099999999999894
1986-05-15,-3.9717856401580796
1986-05-16,-4.137367869703926
1986-05-19,-1.059999999999983
1986-05-20,1.43
1986-05-21,-0.2899999999998977
1986-05-22,0.7199999999999829
1986-05-23,0.8549999999999204
1986-05-26,0.0
1986-05-27,2.075000000000097
1986-05-28,-2.060000000000057
1986-05-29,-4.499572929731789
1986-05-30,-1.4898182675851057
1986-06-02,-3.7175000000000105
1986-06-03,2.527888572531739
1986-06-04,-2.957500000000004
1986-06-05,1.079876718948458
1986-06-06,4.730000000000018
1986-06-09,-3.049613364357726
1986-06-10,0.0299999999999693
1986-06-11,0.9700000000000204
1986-06-12,-0.4349999999999625
1986-06-13,2.99
1986-06-16,-0.03000000000000682
1986-06-17,1.3399999999999488
1986-06-18,0.36499999999998983
1986-06-19,-1.2349999999999728
1986-06-20,0.5849999999999898
1986-06-23,0.16499999999992157
1986-06-24,-0.1749999999999318
1986-06-25,0.290083194995529
1986-06-26,0.07832427568346323
1986-06-27,1.1383217389911553
1986-06-30,-0.5999999999999917
1986-07-01,0.020094434257247128
1986-07-02,0.34720649394949654
1986-07-03,2.177500000000078
1986-07-04,-0.006607206391097846
1986-07-07,-1.2900000000000358
1986-07-08,-2.4559268846522646
1986-07-09,2.0890703145827985
1986-07-10,-0.9967015490605601
1986-07-11,0.954096257509767
1986-07-14,1.025798457375678
1986-07-15,1.5432737286621494
1986-07-16,-0.09000000000007162
1986-07-17,-0.057509900382270655
1986-07-18,0.6818796145120153
1986-07-21,0.9999999999999204
1986-07-22,-0.754954456361218
1986-07-23,-2.5000000000000626
1986-07-24,-1.5600000000000251
1986-07-25,0.9100000000000251
1986-07-28,-2.7017779233086423
1986-07-29,3.4099999999999624
1986-07-30,0.9782186305576798
1986-07-31,1.9082178994968737
1986-08-01,-0.34680024442357343
1986-08-04,1.2299999999999813
1986-08-05,-1.3999999999999373
1986-08-06,-1.2600000000000127
1986-08-07,0.7981839303510859
1986-08-08,1.3481803638629413
1986-08-11,1.2032673628885855
1986-08-12,1.5699999999999794
1986-08-13,1.7231802209276261
1986-08-14,-1.021831347822781
1986-08-15,0.6873154848881083
1986-08-18,0.04000000000010914
1986-08-19,2.644999999999884
1986-08-20,0.9931636861006197
1986-08-21,1.397674587038377
1986-08-22,-2.2418355861585275
1986-08-25,2.3931598419130324
1986-08-26,2.4756723156505016
1986-08-27,-3.2811515205161763
1986-08-28,1.0431755092157398
1986-08-29,1.7056790872457075
1986-09-01,-0.003634273428567655
1986-09-02,-2.675000000000074
1986-09-03,-3.7793209127543146
1986-09-04,1.5163597468312813
1986-09-05,-5.761145071810731
1986-09-08,-3.8377556316959334
1986-09-09,1.1681738892452553
1986-09-10,1.9881690678401196
1986-09-11,-3.161828038221869
1986-09-12,-0.4268204315428095
1986-09-15,2.2763590218613157
1986-09-16,-1.021817288509122
1986-09-17,-0.40182320766209945
1986-09-18,-3.0299999999999945
1986-09-19,-0.5500000000001126
1986-09-22,-0.42
1986-09-23,-3.149999999999999
1986-09-24,1.7563327862011042
1986-09-25,1.5023641554197142
1986-09-26,-0.7661934891912263
1986-09-29,-5.731897599152196
1986-09-30,2.9517415355109744
1986-10-01,0.44810594809964616
1986-10-02,0.6401224414650366
1986-10-03,5.778082863151359
1986-10-06,2.5511116787185677
1986-10-07,0.5905595850907253
1986-10-08,-1.0424999999999516
1986-10-09,0.4575000000000131
1986-10-10,-1.1408404827981753
1986-10-13,-0.6999999999999659
1986-10-14,-1.620000000000075
1986-10-15,0.49000000000003413
1986-10-16,-0.9499999999999658
1986-10-17,-1.3019487022850689
1986-10-20,-1.071942283920507
1986-10-21,1.2499999999999658
1986-10-22,1.85313684881735
1986-10-23,1.4130726581892796
1986-10-24,-1.4600000000000959
1986-10-27,2.088074269420754
1986-10-28,-0.33692642959637814
1986-10-29,2.0700000000000136
1986-10-30,0.9300000000000443
1986-10-31,-0.07999999999994825
1986-11-03,0.258068701733453
1986-11-04,-0.23500000000005175
1986-11-05,-0.5706500373423107
1986-11-06,-1.3400000000000876
1986-11-07,-2.114434714612036
1986-11-10,1.1874999999999443
1986-11-11,1.0049999999999444
1986-11-12,0.3955617225034151
1986-11-13,0.4049999999999443
1986-11-14,1.6288736946862092
1986-11-17,2.4824999999998214
1986-11-18,-1.6719300662915462
1986-11-19,3.738074518242489
1986-11-20,-0.2569167694294261
1986-11-21,1.3155826832166841
1986-11-24,1.2230827346250048
1986-11-25,-1.2499121072903743
1986-11-26,1.1031163726495647
1986-11-27,-0.0018825859745507714
1986-11-28,1.0900000000000938
1986-12-01,-0.43688201033538465
1986-12-02,5.849999999999795
1986-12-03,1.7000000000001365
1986-12-04,2.6749999999999745
1986-12-05,-2.878774407979076
1986-12-08,2.553113259226063
1986-12-09,1.8612270699208233
1986-12-10,-0.475
1986-12-11,-0.6999999999998978
1986-12-12,1.4750000000000938
1986-12-15,-1.4037689338762456
1986-12-16,0.5381158712497675
1986-12-17,1.3081217675063543
1986-12-18,1.976241581471961
1986-12-19,0.225
1986-12-22,-1.4834452656097898
1986-12-23,3.1699999999999724
1986-12-24,-0.5500000000000456
1986-12-25,-0.005239765807941674
1986-12-26,-0.5674999999999818
1986-12-29,-1.1025000000001002
1986-12-30,-1.5949999999998272
1986-12-31,-0.6625000000001183
1987-01-01,-0.001869991889097062
1987-01-02,7.3774999999999915
1987-01-05,5.785607050995734
1987-01-06,-1.3124999999999547
1987-01-07,-2.042500000000018
1987-01-08,2.0325000000001183
1987-01-09,1.1449999999998908
1987-01-12,-4.607499999999936
1987-01-13,3.4350000000000365
1987-01-14,-1.1734304900044035
1987-01-15,3.1799999999999726
1987-01-16,2.512500000000018
1987-01-19,1.8125000000000182
1987-01-20,0.7850000000000181
1987-01-21,-1.2725000000000455
1987-01-22,2.2974999999999093
1987-01-23,-2.574838679191175
1987-01-26,-4.019999999999992
1987-01-27,0.9400000000000455
1987-01-28,2.68
1987-01-29,-1.7800000000000362
1987-01-30,-3.0600000000000365
1987-02-02,-1.56
1987-02-03,-0.5599999999998726
1987-02-04,1.4384454219941796
1987-02-05,6.2084325294151
1987-02-06,0.11000000000012733
1987-02-09,0.3499999999998181
1987-02-10,-3.7144728294825096
1987-02-11,0.375
1987-02-12,6.215000000000009
1987-02-13,2.8763316465873894
1987-02-16,-0.0031270641350651285
1987-02-17,-2.1850000000000174
1987-02-18,1.3934330600651925
1987-02-19,0.7178051387428552
1987-02-20,-4.255000000000051
1987-02-23,1.645
1987-02-24,0.8074999999999404
1987-02-25,1.8450000000001365
1987-02-26,1.4399999999998807
1987-02-27,-0.9425000000000596
1987-03-02,-2.3199999999998635
1987-03-03,2.2974999999999826
1987-03-04,0.9624999999998978
1987-03-05,-4.477499999999957
1987-03-06,-5.1656947240099536
1987-03-09,-1.229077808401751
1987-03-10,0.7424999999999404
1987-03-11,-0.4425
1987-03-12,0.8164674354022934
1987-03-13,2.9375000000000546
1987-03-16,-1.4686363534012634
1987-03-17,-0.6550000000000455
1987-03-18,1.2850000000000819
1987-03-19,2.6950000000001
1987-03-20,-1.625
1987-03-23,-2.095000000000182
1987-03-24,-0.9799999999999819
1987-03-25,-1.8683950670338645
1987-03-26,1.4149999999999807
1987-03-27,-5.665000000000165
1987-03-30,-7.920000000000029
1987-03-31,2.2391771948106576
1987-04-01,-3.5199999999999636
1987-04-02,0.23431153718229358
1987-04-03,1.3725000000000718
1987-04-06,0.9649999999999204
1987-04-07,-5.9714660908589305
1987-04-08,0.0875000000001035
1987-04-09,-8.50115500900339
1987-04-10,-3.5686839339572756
1987-04-13,-7.637504071836281
1987-04-14,-6.000759627512809
1987-04-15,6.6306027749756655
1987-04-16,1.3371233603801589
1987-04-17,-0.0037272276047544185
1987-04-20,-4.974999999999956
1987-04-21,1.1385201579824353
1987-04-22,0.4009018303759906
1987-04-23,-3.4700000000000375
1987-04-24,-2.254448529373554
1987-04-27,1.9650000000000614
1987-04-28,0.45609380712094516
1987-04-29,-2.072500000000007
1987-04-30,0.19101367130166855
1987-05-01,0.5474999999999931
1987-05-04,-3.477500000000024
1987-05-05,0.8978671726405782
1987-05-06,-1.3174999999999546
1987-05-07,-2.957500000000014
1987-05-08,-2.3111455009893485
1987-05-11,-6.932375964254725
1987-05-12,3.1401012805042683
1987-05-13,1.6450276066207126
1987-05-14,-2.750000000000011
1987-05-15,-3.183142875430907
1987-05-18,3.74571735970161
1987-05-19,-0.9054366409335711
1987-05-20,1.3974999999999795
1987-05-21,-0.7324999999999818
1987-05-22,0.4630390982153776
1987-05-25,0.0
1987-05-26,3.0575000000000276
1987-05-27,-1.204999999999998
1987-05-28,0.9799999999999728
1987-05-29,0.4824999999999932
1987-06-01,1.1700000000000186
1987-06-02,-2.825000000000017
1987-06-03,-0.2649999999999608
1987-06-04,0.14499999999997615
1987-06-05,0.14999999999998295
1987-06-08,-0.05999999999998806
1987-06-09,0.45000000000000856
1987-06-10,0.7249999999999915
1987-06-11,-0.9149999999999777
1987-06-12,-0.25500000000000694
1987-06-15,-2.8325000000000276
1987-06-16,-1.022499999999988
1987-06-17,1.8330719196404548
1987-06-18,1.2053585585486115
1987-06-19,-0.39749999999997954
1987-06-22,3.1175000000000295
1987-06-23,-0.7295633278458792
1987-06-24,-1.302499999999993
1987-06-25,0.924999999999984
1987-06-26,-0.28999999999998183
1987-06-29,2.1724999999999888
1987-06-30,-0.8700000000000091
1987-07-01,1.3472958580281031
1987-07-02,-0.42722857051774166
1987-07-03,0.0
1987-07-06,0.9250000000000113
1987-07-07,0.3624999999999403
1987-07-08,0.985293728735451
1987-07-09,-0.7522030125705194
1987-07-10,0.5202971070521198
1987-07-13,0.6874999999999944
1987-07-14,-0.6272128976745656
1987-07-15,-0.44721238539492225
1987-07-16,1.1327817761995544
1987-07-17,1.362776787617767
1987-07-20,-2.619754451747667
1987-07-21,1.5125000000000142
1987-07-22,-0.8000000000000028
1987-07-23,-0.45000000000001134
1987-07-24,-0.1522720034636101
1987-07-27,-0.21227164191677939
1987-07-28,-1.2372786528971815
1987-07-29,2.2225
1987-07-30,0.21750000000004266
1987-07-31,-0.9522977807948015
1987-08-03,0.06519862237319064
1987-08-04,3.197671768565743
1987-08-05,0.482205448353411
1987-08-06,0.6700000000000069
1987-08-07,0.4703341325000504
1987-08-10,-0.9223339029317897
1987-08-11,-0.1748304776057185
1987-08-12,0.8103485635352061
1987-08-13,-0.21982665394067222
1987-08-14,-2.620462818001515
1987-08-17,0.8975000000000318
1987-08-18,0.07999999999994997
1987-08-19,-3.0698518457375545
1987-08-20,1.8999999999999888
1987-08-21,-0.3549999999999841
1987-08-24,0.582499999999959
1987-08-25,-0.13485275592681403
1987-08-26,-2.2798587137991557
1987-08-27,-1.1199999999999772
1987-08-28,1.2399999999999547
1987-08-31,2.2325000000000252
1987-09-01,0.8525000000000204
1987-09-02,-3.4423629627079904
1987-09-03,1.0096531490873013
1987-09-04,-0.8048636554929794
1987-09-07,-0.0023625272964136563
1987-09-08,-4.692500000000015
1987-09-09,-1.2899999999999692
1987-09-10,-0.869869201560353
1987-09-11,0.7599999999999965
1987-09-14,-2.019999999999993
1987-09-15,0.619999999999999
1987-09-16,-3.139999999999986
1987-09-17,-0.5000000000000228
1987-09-18,0.2800000000000125
1987-09-21,1.6400000000000032
1987-09-22,2.1599999999999966
1987-09-23,-0.4799999999999955
1987-09-24,1.1399999999999806
1987-09-25,-0.49999999999999434
1987-09-28,-3.3454382315289672
1987-09-29,-2.1747678686461946
1987-09-30,1.720000000000005
1987-10-01,-3.392399724168042
1987-10-02,-0.48670056360335684
1987-10-05,0.15000000000000285
1987-10-06,1.7249999999999888
1987-10-07,-0.25500000000000056
1987-10-08,-1.034999999999999
1987-10-09,1.0025000000000075
1987-10-12,0.9799999999999971
1987-10-13,-2.067500000000004
1987-10-14,-1.5549999999999955
1987-10-15,-0.012399731013574429
1987-10-16,1.5374999999999979
1987-10-19,4.540067463580373
1987-10-20,0.290270433988555
1987-10-21,-0.5326812641911619
1987-10-22,0.09000000000000284
1987-10-23,-0.06000000000000455
1987-10-26,1.51
1987-10-27,-0.8499999999999909
1987-10-28,0.3499999999999932
1987-10-29,-0.8254280367497041
1987-10-30,0.5925000000000024
1987-11-02,-1.2750000000000012
1987-11-03,1.4450000000000087
1987-11-04,0.7475
1987-11-05,-0.29000000000000054
1987-11-06,-1.5600000000000027
1987-11-09,-0.09999999999999716
1987-11-10,0.5274999999999898
1987-11-11,-0.984999999999996
1987-11-12,0.07250000000000512
1987-11-13,-0.9817394948898712
1987-11-16,0.08000000000000454
1987-11-17,-0.6449999999999931
1987-11-18,0.1899999999999852
1987-11-19,0.5625000000000125
1987-11-20,0.35702936603015334
1987-11-23,0.04000000000002046
1987-11-24,-1.3050000000000206
1987-11-25,-2.1849999999999787
1987-11-26,-0.004821043639128526
1987-11-27,-2.135000000000004
1987-11-30,2.1801654545521814
1987-12-01,-0.19483316059621875
1987-12-02,1.5800000000000205
1987-12-03,0.7301560311044566
1987-12-04,0.27000000000001023
1987-12-07,-1.330000000000007
1987-12-08,-0.3
1987-12-09,-0.07999999999999546
1987-12-10,-0.7374191620797006
1987-12-11,-0.35500000000002463
1987-12-14,0.1600000000000076
1987-12-15,2.3100000000000023
1987-12-16,0.525
1987-12-17,-1.1250000000000047
1987-12-18,1.0175851197477312
1987-12-21,-0.36000000000000804
1987-12-22,-1.0300000000000011
1987-12-23,0.6826163996209266
1987-12-24,-0.22000000000000455
1987-12-25,-0.002382335102191647
1987-12-28,-0.0799999999999966
1987-12-29,0.5000000000000068
1987-12-30,0.4049999999999841
1987-12-31,-0.5999999999999885
1988-01-01,0.0
1988-01-04,-1.4949999999999957
1988-01-05,1.0176076461060792
1988-01-06,-1.4323997310135637
1988-01-07,-1.2072357170824175
1988-01-08,-0.9374887396814868
1988-01-11,0.4175877129218979
1988-01-12,0.20758457560289667
1988-01-13,0.26000000000000684
1988-01-14,-0.1573981688706986
1988-01-15,2.0626124919880655
1988-01-18,-0.47734045605314046
1988-01-19,-0.13231966499292921
1988-01-20,0.4326837296743305
1988-01-21,0.8727103718977461
1988-01-22,0.3799999999999918
1988-01-25,0.17779813980539252
1988-01-26,-0.7026097170105107
1988-01-27,2.154999999999996
1988-01-28,0.4999999999999887
1988-01-29,0.6025000000000205
1988-02-01,-0.12000000000000453
1988-02-02,1.2300000000000177
1988-02-03,-0.8797180207134977
1988-02-04,0.2499999999999858
1988-02-05,1.6625000000000536
1988-02-08,-0.8000000000000363
1988-02-09,0.3750000000000057
1988-02-10,0.7504898291007966
1988-02-11,-1.0299999999999891
1988-02-12,-2.242159463220963
1988-02-15,-0.018695227611117124
1988-02-16,-0.26999999999993857
1988-02-17,-0.020000000000030698
1988-02-18,0.6399999999999829
1988-02-19,0.41500000000003073
1988-02-22,0.4350000000000068
1988-02-23,1.3349999999999658
1988-02-24,-0.25196011665003687
1988-02-25,-0.5250000000000359
1988-02-26,0.6499999999999722
1988-02-29,0.36500000000003585
1988-03-01,0.29305041401603127
1988-03-02,0.7450954615585904
1988-03-03,0.245
1988-03-04,-3.6319504773241733
1988-03-07,0.020000000000046043
1988-03-08,-0.8299999999999745
1988-03-09,0.235
1988-03-10,-1.2875000000000307
1988-03-11,1.3575000000000206
1988-03-14,-0.1924999999999642
1988-03-15,-0.17000000000009208
1988-03-16,-1.4825000000000206
1988-03-17,1.8100000000000769
1988-03-18,-2.507500000000031
1988-03-21,-1.3319158249401062
1988-03-22,0.2299999999998954
1988-03-23,-0.5799999999999773
1988-03-24,-0.25499999999992723
1988-03-25,0.30499999999991817
1988-03-28,-1.5449999999999053
1988-03-29,0.185
1988-03-30,-0.50000000000005
1988-03-31,0.3549999999999682
1988-04-01,0.0
1988-04-04,-2.4449999999999408
1988-04-05,0.18304880459018066
1988-04-06,0.92499999999998
1988-04-07,0.7200000000000518
1988-04-08,1.664999999999925
1988-04-11,-1.0469405653746608
1988-04-12,0.8299999999999905
1988-04-13,0.10000000000003069
1988-04-14,-1.8149999999999904
1988-04-15,-1.3799999999999728
1988-04-18,-0.7550000000000375
1988-04-19,0.2050554487220345
1988-04-20,0.1550000000000068
1988-04-21,0.09999999999994542
1988-04-22,0.4558783605006674
1988-04-25,-0.10500000000000682
1988-04-26,-0.0916217104086248
1988-04-27,0.16090044256575906
1988-04-28,-0.9225000000000444
1988-04-29,-0.281601979314014
1988-05-02,-0.989999999999959
1988-05-03,0.7425000000000136
1988-05-04,0.09749999999994544
1988-05-05,0.12000000000006128
1988-05-06,-1.3215924038078735
1988-05-09,-0.13693403429093665
1988-05-10,-0.6615794356664418
1988-05-11,0.3249999999999801
1988-05-12,0.4952414287527916
1988-05-13,0.5859132525877409
1988-05-16,-2.2367762083176492
1988-05-17,-1.7209886745715615
1988-05-18,-0.8772177388233032
1988-05-19,-0.665000000000041
1988-05-20,-0.7399999999999637
1988-05-23,1.2649999999999546
1988-05-24,-0.8249999999999955
1988-05-25,0.915000000000041
1988-05-26,0.3649999999999591
1988-05-27,-0.79679657778607
1988-05-30,0.0
1988-05-31,-1.795000000000024
1988-06-01,1.955000000000017
1988-06-02,-0.9150000000000272
1988-06-03,-1.3899999999999864
1988-06-06,-2.299999999999992
1988-06-07,-2.7021252215991223
1988-06-08,1.7707131510457128
1988-06-09,-0.6949999999999728
1988-06-10,-0.35714169936156315
1988-06-13,0.1228574570750967
1988-06-14,0.6259682859087905
1988-06-15,-1.5850000000000137
1988-06-16,-2.989999999999986
1988-06-17,-2.5225411974012757
1988-06-20,-0.8599999999999909
1988-06-21,-0.9149999999999637
1988-06-22,0.9372374115612079
1988-06-23,0.22500000000003184
1988-06-24,-0.11277839232695624
1988-06-27,-0.9200000000000046
1988-06-28,1.124999999999989
1988-06-29,0.7499999999999886
1988-06-30,0.08999999999998863
1988-07-01,-0.1326772796446149
1988-07-04,-0.0032586605727351198
1988-07-05,-0.3200000000000409
1988-07-06,-0.4799999999999682
1988-07-07,0.13499999999997955
1988-07-08,-0.5900000000000136
1988-07-11,0.6100000000000251
1988-07-12,-0.535
1988-07-13,-0.5450000000000046
1988-07-14,-0.275
1988-07-15,0.35000000000002046
1988-07-18,-0.185000000000025
1988-07-19,0.6749999999999886
1988-07-20,0.01
1988-07-21,-0.6749999999999932
1988-07-22,0.43000000000000455
1988-07-25,0.33499999999997954
1988-07-26,0.11500000000003184
1988-07-27,-0.7650000000000023
1988-07-28,0.22999999999996362
1988-07-29,0.18000000000004093
1988-08-01,0.09043094383617271
1988-08-02,0.2500000000000091
1988-08-03,-0.075
1988-08-04,0.1299999999999477
1988-08-05,-1.4449999999999705
1988-08-08,0.5150000000000204
1988-08-09,-0.9199999999999978
1988-08-10,-0.8350000000000045
1988-08-11,-0.16500000000000453
1988-08-12,0.19610804843540697
1988-08-15,-0.6335724457150276
1988-08-16,0.555
1988-08-17,-0.065
1988-08-18,-0.04999999999998806
1988-08-19,-0.008832814983514698
1988-08-22,0.17999999999999772
1988-08-23,0.380176553012198
1988-08-24,-0.5249999999999977
1988-08-25,-0.24000000000001478
1988-08-26,0.2963607746787307
1988-08-29,0.6149999999999881
1988-08-30,-0.15499999999999658
1988-08-31,-0.21989346248955338
1988-09-01,-0.3049999999999988
1988-09-02,1.3850000000000051
1988-09-05,0.0
1988-09-06,-0.155
1988-09-07,0.204999999999996
1988-09-08,0.07000000000000113
1988-09-09,0.8562881014814838
1988-09-12,-0.329999999999992
1988-09-13,-0.04500000000001251
1988-09-14,0.3199999999999943
1988-09-15,0.07128318582968267
1988-09-16,0.25999999999999657
1988-09-19,0.22999999999999654
1988-09-20,-0.15
1988-09-21,0.1364044360817988
1988-09-22,-0.4274316301481955
1988-09-23,0.2824999999999932
1988-09-26,0.1525000000000119
1988-09-27,-0.8
1988-09-28,-0.11746112096446801
1988-09-29,0.8625000000000255
1988-09-30,1.4475000000000018
1988-10-03,-0.22500000000001139
1988-10-04,-0.7650000000000006
1988-10-05,0.049097443404732065
1988-10-06,-0.6249999999999682
1988-10-07,2.6799999999999957
1988-10-10,-0.205000000000025
1988-10-11,-0.49749999999996364
1988-10-12,-1.0625000000000453
1988-10-13,0.07500000000000454
1988-10-14,0.8800000000000251
1988-10-17,-0.07841113439327559
1988-10-18,0.45499999999995455
1988-10-19,-0.4174999999999602
1988-10-20,0.17250000000000568
1988-10-21,-0.2900000000000313
1988-10-24,-0.12000000000000569
1988-10-25,0.841688752553631
1988-10-26,0.2199999999999858
1988-10-27,1.5666171870593524
1988-10-28,0.1400000000000375
1988-10-31,0.7550146497828306
1988-11-01,-0.40500000000002384
1988-11-02,-0.8683674532356241
1988-11-03,0.39001665198019597
1988-11-04,-2.654984802645222
1988-11-07,-1.3900000000000325
1988-11-08,0.2900154604523581
1988-11-09,-0.34498170597466876
1988-11-10,-0.4249838474084396
1988-11-11,-1.2134251185770228
1988-11-14,0.9119505881164173
1988-11-15,-0.37999999999998296
1988-11-16,-1.0799809342889153
1988-11-17,-0.6533217821232868
1988-11-18,-0.0684218275790073
1988-11-21,-0.4125000000000626
1988-11-22,-0.4224999999999858
1988-11-23,0.0575
1988-11-24,-0.004987621558963212
1988-11-25,-1.1424999999999972
1988-11-28,0.0540993000448695
1988-11-29,0.5474999999999569
1988-11-30,1.2700000000000433
1988-12-01,0.18153048294207721
1988-12-02,-1.8975
1988-12-05,0.5617036583307171
1988-12-06,1.8399999999999657
1988-12-07,-0.34499999999997616
1988-12-08,-0.2049999999999966
1988-12-09,-0.22999999999999318
1988-12-12,0.45499999999999147
1988-12-13,-0.4100000000000068
1988-12-14,-0.05000773366838275
1988-12-15,-0.1050073203199035
1988-12-16,0.5749889826265333
1988-12-19,0.0999884629129367
1988-12-20,-0.15001668882897357
1988-12-21,1.3800000000000034
1988-12-22,0.10999999999999317
1988-12-23,0.21997486652314002
1988-12-26,-0.005024554685587421
1988-12-27,-1.109999999999998
1988-12-28,-0.20502420443613345
1988-12-29,-0.39002516289818984
1988-12-30,0.6799742051290179
1989-01-02,-0.0050243809943384165
1989-01-03,-0.7499999999999829
1989-01-04,1.5113531341462068
1989-01-05,0.06499999999999773
1989-01-06,-0.18002994961131324
1989-01-09,-0.1983610755349228
1989-01-10,-0.16255917770078393
1989-01-11,-0.3175303313011498
1989-01-12,0.8324706840169112
1989-01-13,1.6699687217433037
1989-01-16,-4.545073656935307
1989-01-17,-1.1354565283842837
1989-01-18,2.495000000000025
1989-01-19,-0.6251692078950575
1989-01-20,-0.19499999999999204
1989-01-23,-0.3650000000000238
1989-01-24,1.575000000000017
1989-01-25,-0.9700000000000069
1989-01-26,0.0674999999999875
1989-01-27,0.34750000000002274
1989-01-30,-0.10692613600498956
1989-01-31,2.1849999999999845
1989-02-01,-0.83
1989-02-02,-0.8349999999999728
1989-02-03,-0.05000000000001023
1989-02-06,-1.5649999999999966
1989-02-07,0.5850000000000187
1989-02-08,-0.5400000000000085
1989-02-09,-0.6750000000000103
1989-02-10,-0.4349999999999983
1989-02-13,-0.475
1989-02-14,0.4400000000000154
1989-02-15,0.219273385043871
1989-02-16,-0.11999999999996588
1989-02-17,0.6099999999999728
1989-02-20,-0.0032632740631422987
1989-02-21,-0.6349999999999847
1989-02-22,-0.15750000000002218
1989-02-23,-1.0274999999999657
1989-02-24,0.19749999999996418
1989-02-27,0.6200000000000137
1989-02-28,0.30499999999999655
1989-03-01,-0.1325000000000068
1989-03-02,0.5045302227418391
1989-03-03,-0.6144996257824142
1989-03-06,-0.4529096191643082
1989-03-07,0.6000000000000023
1989-03-08,-0.14999999999999547
1989-03-09,1.095815072047345
1989-03-10,-0.4650000000000068
1989-03-13,0.7099999999999864
1989-03-14,-0.34413453861436205
1989-03-15,0.25586588256781123
1989-03-16,-0.06402880635405633
1989-03-17,-0.29392318075344714
1989-03-20,0.6411889212935855
1989-03-21,-0.7235458883202
1989-03-22,-1.1999999999999953
1989-03-23,-1.300000000000004
1989-03-24,0.0
1989-03-27,-3.639999999999992
1989-03-28,0.25999999999999596
1989-03-29,-0.7300000000000005
1989-03-30,-2.7433408073506804
1989-03-31,1.1532980367935184
1989-04-03,-0.6465693561550525
1989-04-04,0.6768490616613172
1989-04-05,-0.04810554259925847
1989-04-06,0.7300000000000081
1989-04-07,-0.4229313699502091
1989-04-10,-0.2049999999999909
1989-04-11,0.09999999999999887
1989-04-12,0.9572678826229464
1989-04-13,-0.18000000000000227
1989-04-14,1.2099999999999953
1989-04-17,1.370000000000007
1989-04-18,-0.39999999999999947
1989-04-19,-0.9900000000000011
1989-04-20,-0.2100000000000034
1989-04-21,1.4500000000000075
1989-04-24,-1.8500000000000112
1989-04-25,-0.8150525188696993
1989-04-26,0.2100000000000051
1989-04-27,0.28000000000000114
1989-04-28,-0.5999999999999972
1989-05-01,1.0599999999999965
1989-05-02,-0.37247919698478965
1989-05-03,0.13000000000000625
1989-05-04,-0.16500000000000115
1989-05-05,0.3249999999999943
1989-05-08,-0.3700000000000051
1989-05-09,-0.0899999999999892
1989-05-10,-0.19500000000000228
1989-05-11,-0.23999999999999547
1989-05-12,0.0999999999999869
1989-05-15,0.28000000000000175
1989-05-16,-0.9349999999999984
1989-05-17,-0.27391808260438943
1989-05-18,0.5068310297325996
1989-05-19,0.5099999999999995
1989-05-22,-1.2249999999999996
1989-05-23,-0.8048171592983347
1989-05-24,-0.8475000000000061
1989-05-25,0.1325836618853527
1989-05-26,-0.19489896419271077
1989-05-29,-0.0023648945850868203
1989-05-30,-0.3649999999999988
1989-05-31,0.1251199458167813
1989-06-01,0.08012791297703169
1989-06-02,0.8525000000000004
1989-06-05,0.3276666672644591
1989-06-06,-0.0932407801627599
1989-06-07,0.37000000000000116
1989-06-08,-0.12135691538620802
1989-06-09,0.6850000000000023
1989-06-12,-0.2423151826024994
1989-06-13,-0.7323066181462189
1989-06-14,0.13499999999999432
1989-06-15,-0.7999999999999807
1989-06-16,-0.29500000000000226
1989-06-19,-0.5
1989-06-20,0.4475744053653862
1989-06-21,-0.24742536322885333
1989-06-22,-0.32393950224120055
1989-06-23,1.0225686344171143
1989-06-26,0.4299999999999829
1989-06-27,0.3800000000000154
1989-06-28,-0.31000000000001876
1989-06-29,0.4800000000000068
1989-06-30,0.24681282824104833
1989-07-03,0.31500000000000344
1989-07-04,-0.00984089543118317
1989-07-05,0.20750000000001592
1989-07-06,0.37487267964382653
1989-07-07,0.5323689492690864
1989-07-10,-0.8227520750498766
1989-07-11,-0.4939529542880189
1989-07-12,0.3125000000000313
1989-07-13,0.04999999999998011
1989-07-14,-0.0782217888524546
1989-07-17,-1.2538779485272655
1989-07-18,-1.8450000000000444
1989-07-19,1.4250000000000511
1989-07-20,1.044999999999959
1989-07-21,-1.3978568132166513
1989-07-24,-0.3499999999999625
1989-07-25,0.9070881408743544
1989-07-26,0.0
1989-07-27,1.547087898297702
1989-07-28,1.139999999999942
1989-07-31,0.4870635159537831
1989-08-01,0.7999999999999454
1989-08-02,-0.8829354617532554
1989-08-03,-0.6300000000000069
1989-08-04,-3.4529406467099375
1989-08-07,-0.25532967522497746
1989-08-08,0.2849999999999602
1989-08-09,-0.2074999999999801
1989-08-10,0.22500000000003692
1989-08-11,-1.55301383845447
1989-08-14,-1.9599999999999373
1989-08-15,0.3236439190421194
1989-08-16,1.1344152854991532
1989-08-17,-0.5033329729355466
1989-08-18,0.07000000000001592
1989-08-21,-0.3
1989-08-22,-0.9300000000000136
1989-08-23,0.5500000000000456
1989-08-24,0.4000000000000045
1989-08-25,-0.015000000000040927
1989-08-28,-0.4000000000000045
1989-08-29,-0.12999999999995226
1989-08-30,0.08499999999997954
1989-08-31,-0.37500000000000455
1989-09-01,1.2500000000000229
1989-09-04,0.0
1989-09-05,-0.5650000000000341
1989-09-06,-0.2789127433408413
1989-09-07,0.02499999999996078
1989-09-08,0.25500000000000683
1989-09-11,0.30000000000000343
1989-09-12,0.19000000000002729
1989-09-13,0.014999999999996589
1989-09-14,0.075
1989-09-15,0.36499999999998806
1989-09-18,0.1500000000000034
1989-09-19,0.07
1989-09-20,-0.5550000000000068
1989-09-21,-0.6450000000000035
1989-09-22,0.04
1989-09-25,-0.9000000000000102
1989-09-26,0.30000000000001537
1989-09-27,-0.08500000000001875
1989-09-28,-0.5199999999999676
1989-09-29,-0.0950000000000034
1989-10-02,-0.4250000000000119
1989-10-03,0.6599999999999829
1989-10-04,0.27500000000003066
1989-10-05,0.31500000000001027
1989-10-06,1.1970111123413583
1989-10-09,0.5520029305951157
1989-10-10,-0.23499999999998464
1989-10-11,-0.36999999999998806
1989-10-12,0.31499999999997613
1989-10-13,0.43499999999998806
1989-10-16,-0.2100000000000034
1989-10-17,-0.1549999999999727
1989-10-18,-0.00999999999999659
1989-10-19,0.2199999999999727
1989-10-20,-0.2150000000000034
1989-10-23,0.45704511724882274
1989-10-24,0.47615570876219454
1989-10-25,0.01499999999996362
1989-10-26,-0.2149999999999636
1989-10-27,-0.5629534082127227
1989-10-30,0.06
1989-10-31,-0.06834633971336283
1989-11-01,0.40999999999996817
1989-11-02,0.26204379741500783
1989-11-03,-0.8612793607096484
1989-11-06,-0.7150000000000369
1989-11-07,1.6825000000000088
1989-11-08,0.41250000000000564
1989-11-09,-0.5604547018331427
1989-11-10,-0.08500000000005116
1989-11-13,-0.3674999999999403
1989-11-14,0.517499999999946
1989-11-15,0.8698071112200714
1989-11-16,0.11704911462134998
1989-11-17,-0.6325000000000256
1989-11-20,-0.20544885831535853
1989-11-21,0.4999999999999858
1989-11-22,0.4095515595218939
1989-11-23,0.0
1989-11-24,0.12999999999998582
1989-11-27,-1.6050000000000229
1989-11-28,0.1025000000000199
1989-11-29,-0.054999999999980106
1989-11-30,0.48000000000000564
1989-12-01,0.3150000000000057
1989-12-04,-5.684341886080802e-15
1989-12-05,0.1524999999999744
1989-12-06,-0.1449999999999801
1989-12-07,-0.7200000000000056
1989-12-08,0.8325000000000171
1989-12-11,0.13209994695741537
1989-12-12,-0.08000000000000569
1989-12-13,0.22249999999994882
1989-12-14,0.6471064069850017
1989-12-15,0.19460656240157256
1989-12-18,0.48000000000000564
1989-12-19,-0.16905778239182162
1989-12-20,-0.0953863301374677
1989-12-21,-0.465742633385568
1989-12-22,-0.9100000000000136
1989-12-25,-0.002845957189867112
1989-12-26,-2.2099999999999898
1989-12-27,0.03999999999999317
1989-12-28,0.88
1989-12-29,0.049999999999976126
1990-01-01,-0.0027738988437575832
1990-01-02,-1.0249999999999524
1990-01-03,-0.2031869891446876
1990-01-04,0.8172301249589742
1990-01-05,-0.24107634957630122
1990-01-08,0.1972581493613513
1990-01-09,-0.13750000000003978
1990-01-10,-0.43749999999998007
1990-01-11,-0.5124999999999801
1990-01-12,0.4874999999999887
1990-01-15,-1.012500000000017
1990-01-16,-0.694158739422117
1990-01-17,-0.15000000000001137
1990-01-18,-0.623551302424081
1990-01-19,0.31431593903144883
1990-01-22,-0.8158786659466436
1990-01-23,0.5425
1990-01-24,-0.7150000000000045
1990-01-25,-0.9429722493028156
1990-01-26,0.01663618374563775
1990-01-29,0.09000000000000512
1990-01-30,-0.2333312442817
1990-01-31,-0.48
1990-02-01,-0.24
1990-02-02,-0.64
1990-02-05,-0.4062997380220652
1990-02-06,0.9099999999999909
1990-02-07,0.407499999999996
1990-02-08,-0.23999999999998917
1990-02-09,-0.44750000000000034
1990-02-12,1.1999999999999922
1990-02-13,-0.4750000000000011
1990-02-14,0.5450000000000063
1990-02-15,0.7009394635960222
1990-02-16,-0.2575000000000023
1990-02-19,0.0
1990-02-20,0.9500000000000081
1990-02-21,0.3375000000000028
1990-02-22,0.7374999999999948
1990-02-23,0.4324999999999977
1990-02-26,-0.8200000000000022
1990-02-27,-0.5375
1990-02-28,0.6325409019366587
1990-03-01,0.16255724802126806
1990-03-02,0.04755748929111742
1990-03-05,0.4700000000000086
1990-03-06,-0.6473729482005531
1990-03-07,-0.6481046670048085
1990-03-08,0.8225000000000022
1990-03-09,0.9724999999999965
1990-03-12,1.0975000000000137
1990-03-13,-0.14250000000002386
1990-03-14,-1.604999999999984
1990-03-15,0.4700000000000102
1990-03-16,0.1843763723553838
1990-03-19,1.5725000000000307
1990-03-20,0.08000000000001536
1990-03-21,-0.6900000000000118
1990-03-22,0.054999999999981244
1990-03-23,-0.6799999999999727
1990-03-26,0.25999999999999657
1990-03-27,-0.35
1990-03-28,-1.5119070775578478
1990-03-29,0.7325000000000069
1990-03-30,0.6575000000000069
1990-04-02,1.6249999999999847
1990-04-03,0.8650000000000272
1990-04-04,0.24749999999998126
1990-04-05,0.17250000000001534
1990-04-06,-0.9750000000000153
1990-04-09,0.4599999999999914
1990-04-10,0.7282305511781219
1990-04-11,0.0607310819880696
1990-04-12,-0.6367649772228475
1990-04-13,0.0
1990-04-16,2.085000000000003
1990-04-17,1.6825000000000103
1990-04-18,0.03824530447529882
1990-04-19,1.260740709473026
1990-04-20,-0.5941518497713304
1990-04-23,-0.22691001850401946
1990-04-24,-0.11444419030808649
1990-04-25,1.9456944216458283
1990-04-26,2.124999999999966
1990-04-27,0.2749999999999943
1990-04-30,-0.7793194987324237
1990-05-01,-0.4394070323655439
1990-05-02,1.9334028951177953
1990-05-03,-2.155188769525528
1990-05-04,-3.1649999999999485
1990-05-07,1.522415658536458
1990-05-08,-0.421599622903953
1990-05-09,3.098389185210803
1990-05-10,1.2299999999999889
1990-05-11,0.350000000000048
1990-05-14,-0.689380389504607
1990-05-15,-3.006292848514031
1990-05-16,-1.9016190479156119
1990-05-17,1.518455992436588
1990-05-18,-2.662500000000032
1990-05-21,-3.755843903954688
1990-05-22,0.20336414531264801
1990-05-23,0.7322482869492775
1990-05-24,2.3199999999999847
1990-05-25,3.4533467895868366
1990-05-28,-0.003291444639770763
1990-05-29,-0.8900000000000035
1990-05-30,-2.880000000000019
1990-05-31,-0.8508404239921604
1990-06-01,-1.9900000000000018
1990-06-04,-0.7352875525974252
1990-06-05,2.9769260242229945
1990-06-06,-0.1862023977298533
1990-06-07,4.2
1990-06-08,-0.24529049015968016
1990-06-11,2.0250000000000012
1990-06-12,1.174999999999996
1990-06-13,-1.8649999999999982
1990-06-14,-0.9650000000000103
1990-06-15,-2.137712998004127
1990-06-18,2.625
1990-06-19,0.3132497652734578
1990-06-20,-0.9
1990-06-21,0.7
1990-06-22,-1.2
1990-06-25,2.6
1990-06-26,-0.5
1990-06-27,0.3
1990-06-28,1.3
1990-06-29,0.3
1990-07-02,0.9852711648070963
1990-07-03,0.09819907132409804
1990-07-04,-0.0017994047185480365
1990-07-05,-4.4
1990-07-06,-3.5227433667535344
1990-07-09,0.2560525583832085
1990-07-10,0.08999999999999488
1990-07-11,-1.6899999999999948
1990-07-12,-1.3420006135704445
1990-07-13,0.6399999999999931
1990-07-16,-2.3770418148911316
1990-07-17,-0.9740980005660553
1990-07-18,-0.6600000000000102
1990-07-19,0.00794716336534861
1990-07-20,-0.4550000000000068
1990-07-23,1.2902702055094208
1990-07-24,-0.6120747767221314
1990-07-25,-0.22000000000000794
1990-07-26,0.6549999999999977
1990-07-27,-0.4070807877572557
1990-07-30,0.09732973790030384
1990-07-31,0.030000000000022193
1990-08-01,-1.1400000000000359
1990-08-02,-1.0579398196073808
1990-08-03,-0.5321208782004195
1990-08-06,-0.7696283241131553
1990-08-07,-0.6424999999999613
1990-08-08,-0.4625
1990-08-09,0.44996932625758523
1990-08-10,-0.35999999999999144
1990-08-13,-0.3679590326943452
1990-08-14,0.2349999999999881
1990-08-15,0.33286329693466
1990-08-16,-0.1538170427472426
1990-08-17,0.20786713968698065
1990-08-20,0.005000000000015348
1990-08-21,-0.2850000000000222
1990-08-22,0.09500000000002728
1990-08-23,0.37999999999998124
1990-08-24,-0.19999999999999146
1990-08-27,-0.17999999999999827
1990-08-28,-0.3100000000000222
1990-08-29,-0.3100000000000051
1990-08-30,-0.425
1990-08-31,0.035000000000030694
1990-09-03,0.0
1990-09-04,0.06999999999998464
1990-09-05,0.26500000000000346
1990-09-06,0.20500000000001536
1990-09-07,-0.28500000000003917
1990-09-10,-0.037239069365178505
1990-09-11,0.14
1990-09-12,-0.04999999999999659
1990-09-13,-0.5622978999457997
1990-09-14,-0.1650000000000307
1990-09-17,0.06000000000002728
1990-09-18,0.026590884631544572
1990-09-19,-0.3548109213730369
1990-09-20,0.08750000000001193
1990-09-21,0.0901968590516033
1990-09-24,-0.025000000000022192
1990-09-25,-0.16749999999998808
1990-09-26,-0.044999999999972715
1990-09-27,0.08999999999999826
1990-09-28,-0.1374999999999966
1990-10-01,-0.24250000000002406
1990-10-02,-0.035000000000015345
1990-10-03,0.1
1990-10-04,-0.06999999999997271
1990-10-05,-0.04250000000001194
1990-10-08,0.2524999999999881
1990-10-09,0.01709442908924913
1990-10-10,-0.1859326734045929
1990-10-11,-0.215000000000025
1990-10-12,0.11000000000002501
1990-10-15,-0.045
1990-10-16,0.01499999999996362
1990-10-17,0.2399999999999886
1990-10-18,0.24500000000002958
1990-10-19,0.5299999999999818
1990-10-22,0.15500000000000455
1990-10-23,0.06500000000002046
1990-10-24,0.035
1990-10-25,0.00499999999996362
1990-10-26,-0.08999999999996362
1990-10-29,-0.20286968339365125
1990-10-30,-0.08500000000005116
1990-10-31,0.2050000000000313
1990-11-01,0.3649999999999659
1990-11-02,-0.014999999999954525
1990-11-05,0.13225058745123458
1990-11-06,-0.09328457717397534
1990-11-07,-0.22749999999994544
1990-11-08,0.12226036850464979
1990-11-09,0.7199999999999522
1990-11-12,0.6650000000000157
1990-11-13,0.25000000000000794
1990-11-14,-0.06523161080289673
1990-11-15,0.0678208772523565
1990-11-16,0.5490428358090271
1990-11-19,-0.22770338895370892
1990-11-20,0.49000000000006255
1990-11-21,1.0672916127605976
1990-11-22,0.0
1990-11-23,0.030000000000056277
1990-11-26,-0.15500000000011255
1990-11-27,-0.7427094407590296
1990-11-28,0.16681093676692252
1990-11-29,-0.2625000000000614
1990-11-30,0.4047944901099944
1990-12-03,0.4250000000000665
1990-12-04,0.40729556153304375
1990-12-05,0.2575
1990-12-06,0.10480631713459218
1990-12-07,2.862499999999992
1990-12-10,-0.1000000000000171
1990-12-11,0.8025000000000171
1990-12-12,0.6575000000000171
1990-12-13,-1.5432320799814627
1990-12-14,-1.7999999999998977
1990-12-17,0.9499999999998807
1990-12-18,0.6450000000001536
1990-12-19,-0.26
1990-12-20,-0.9249999999999404
1990-12-21,-0.7999999999999404
1990-12-24,-1.9900000000000342
1990-12-25,0.0
1990-12-26,0.8400000000000767
1990-12-27,0.33
1990-12-28,-1.3550000000000342
1990-12-31,0.8349999999998635
1991-01-01,-0.0023492333890839166
1991-01-02,2.100000000000034
1991-01-03,1.2976664299591079
1991-01-04,-1.4150000000000937
1991-01-07,-2.507333269371643
1991-01-08,-0.17873459957660542
1991-01-09,-2.439824606663107
1991-01-10,1.3321762853043053
1991-01-11,-0.36500000000001254
1991-01-14,-0.937321578945515
1991-01-15,0.8148128477814157
1991-01-16,-0.5124999999999602
1991-01-17,2.3499999999999432
1991-01-18,0.6190786151616308
1991-01-21,0.22000000000001024
1991-01-22,-0.44500000000001017
1991-01-23,0.6999999999999744
1991-01-24,0.3100000000000563
1991-01-25,-1.0750000000001023
1991-01-28,0.07272097946004542
1991-01-29,0.2927204326110466
1991-01-30,0.21772172441885076
1991-01-31,0.4400000000000563
1991-02-01,1.819486175398905
1991-02-04,0.5900000000000564
1991-02-05,0.38525662110058323
1991-02-06,-0.0551903140436253
1991-02-07,-0.12500000000009096
1991-02-08,0.7848579904176998
1991-02-11,0.5475000000000251
1991-02-12,0.4023504686843408
1991-02-13,0.19928245363413985
1991-02-14,-0.13264431675594837
1991-02-15,-0.0879786498688932
1991-02-18,0.0
1991-02-19,-1.6100000000000478
1991-02-20,-0.8700000000000161
1991-02-21,-1.0900000000000318
1991-02-22,-1.240000000000032
1991-02-25,-0.22000000000001593
1991-02-26,-1.5899999999998329
1991-02-27,0.0873378224372009
1991-02-28,-0.8900000000000148
1991-03-01,-2.5799999999999925
1991-03-04,0.4846123623089577
1991-03-05,1.1200000000000812
1991-03-06,-0.5346940794809137
1991-03-07,0.8949999999999204
1991-03-08,-1.4769788643502788
1991-03-11,0.5472994042898535
1991-03-12,-0.46323775934604744
1991-03-13,0.7200000000000103
1991-03-14,0.7256048090061914
1991-03-15,-1.4127028126645569
1991-03-18,-1.2675000000000272
1991-03-19,-1.7749999999999637
1991-03-20,0.7997333497600321
1991-03-21,0.5997382775781065
1991-03-22,0.3600000000000068
1991-03-25,-0.06
1991-03-26,0.005689204423145676
1991-03-27,0.6724999999999522
1991-03-28,0.6131898093194189
1991-03-29,0.0
1991-04-01,0.1400000000000307
1991-04-02,0.7450000000000205
1991-04-03,0.03749999999997613
1991-04-04,0.6874999999999829
1991-04-05,0.0275
1991-04-08,0.16250000000002388
1991-04-09,-0.7824999999999829
1991-04-10,-1.2150000000000512
1991-04-11,0.20500000000006138
1991-04-12,1.3374999999999897
1991-04-15,0.16750000000002385
1991-04-16,-0.09750000000003069
1991-04-17,0.2750000000000068
1991-04-18,-0.8550000000000375
1991-04-19,-0.4425
1991-04-22,-0.5074437752068557
1991-04-23,0.28
1991-04-24,0.7924999999999801
1991-04-25,-0.1275
1991-04-26,0.09
1991-04-29,-0.1175
1991-04-30,0.4900829558220659
1991-05-01,-0.1768265833502722
1991-05-02,0.6556968238640041
1991-05-03,-0.7324999999999682
1991-05-06,-0.3192705621543456
1991-05-07,0.00015735658632660618
1991-05-08,0.04750000000003581
1991-05-09,0.06324895163274186
1991-05-10,-1.097937645872066
1991-05-13,0.40823022046963586
1991-05-14,-1.201774416478692
1991-05-15,0.45499999999996416
1991-05-16,0.3432288777704248
1991-05-17,0.4102381865931313
1991-05-20,-0.355
1991-05-21,0.8532433072212042
1991-05-22,0.28999999999997444
1991-05-23,-0.4499999999999898
1991-05-24,0.320000000000046
1991-05-27,0.0
1991-05-28,1.129999999999918
1991-05-29,0.5176615890141762
1991-05-30,0.9783205354554148
1991-05-31,-1.5940241376328492
1991-06-03,-2.0499999999999687
1991-06-04,0.8299999999998563
1991-06-05,-0.6099999999999
1991-06-06,-1.3600000000000252
1991-06-07,-1.510000000000025
1991-06-10,1.5800000000000125
1991-06-11,0.08999999999994372
1991-06-12,-1.4099999999998687
1991-06-13,0.39706419278512917
1991-06-14,0.7249999999999687
1991-06-17,0.775
1991-06-18,0.18999999999991252
1991-06-19,-1.0
1991-06-20,1.4899999999999125
1991-06-21,-0.024999999999968714
1991-06-24,-1.3774999999999125
1991-06-25,-0.35000000000012504
1991-06-26,-0.1522795026345436
1991-06-27,0.987500000000091
1991-06-28,2.9999999999999716
1991-07-01,-1.8625000000000227
1991-07-02,0.45730438601754947
1991-07-03,0.10000000000009095
1991-07-04,0.0
1991-07-05,-0.45000000000007384
1991-07-08,1.410256423975746
1991-07-09,-0.440000000000046
1991-07-10,-0.2719205366867894
1991-07-11,1.4299999999998927
1991-07-12,-0.12944159131616978
1991-07-15,-0.727500000000046
1991-07-16,-2.415
1991-07-17,-0.6770414098944959
1991-07-18,1.5025
1991-07-19,1.43791167058361
1991-07-22,-1.6625
1991-07-23,-2.447511711010029
1991-07-24,1.530549458981718
1991-07-25,0.37000000000001027
1991-07-26,-0.5050000000000818
1991-07-29,-1.2772640436530467
1991-07-30,0.5277297731888304
1991-07-31,0.03779004649388726
1991-08-01,-0.8523117624039757
1991-08-02,2.925425261583168
1991-08-05,0.7
1991-08-06,2.0226086050514267
1991-08-07,0.3100000000000563
1991-08-08,-0.7799999999999562
1991-08-09,0.16999999999995627
1991-08-12,0.17485041942028084
1991-08-13,1.1499999999999657
1991-08-14,2.7601843111458946
1991-08-15,-0.5475
1991-08-16,1.1473988149952659
1991-08-19,0.26000000000012735
1991-08-20,0.7798964173235194
1991-08-21,-0.402286144879229
1991-08-22,0.065
1991-08-23,-2.4650781088547653
1991-08-26,-1.7974999999999515
1991-08-27,0.815000000000087
1991-08-28,2.722499999999797
1991-08-29,2.5825000000001257
1991-08-30,-2.592500000000126
1991-09-02,-0.002811689095538595
1991-09-03,1.0200000000001932
1991-09-04,0.019999999999845385
1991-09-05,0.10000000000017394
1991-09-06,2.289999999999797
1991-09-09,1.045000000000174
1991-09-10,0.20769508378276452
1991-09-11,-0.07229521216256662
1991-09-12,1.8377106036403583
1991-09-13,1.3250000000000455
1991-09-16,0.7372797723016248
1991-09-17,0.7927335187842582
1991-09-18,-0.29220779589970447
1991-09-19,-0.30265309139923724
1991-09-20,1.6000000000000252
1991-09-23,-0.09219655281053862
1991-09-24,0.04000000000011769
1991-09-25,-0.1548247576582702
1991-09-26,1.3497823050785032
1991-09-27,2.827499999999809
1991-09-30,1.6922775931076457
1991-10-01,0.2649999999999045
1991-10-02,-1.3321516870202448
1991-10-03,0.9500000000000284
1991-10-04,2.822445211129965
1991-10-07,-0.38000000000025574
1991-10-08,-0.9049999999999004
1991-10-09,-4.18999999999983
1991-10-10,-2.9576056973725935
1991-10-11,4.960000000000185
1991-10-14,0.5802679983027242
1991-10-15,0.03999999999997272
1991-10-16,0.7372548129566981
1991-10-17,-3.9400000000000546
1991-10-18,1.3373583895698715
1991-10-21,-3.227499999999713
1991-10-22,-2.13500000000015
1991-10-23,-1.1100000000001502
1991-10-24,1.88500000000015
1991-10-25,-1.1674999999999045
1991-10-28,1.9724999999998092
1991-10-29,4.167500000000177
1991-10-30,0.6472460166206235
1991-10-31,0.5899999999997817
1991-11-01,0.13000000000024556
1991-11-04,-0.46500000000012276
1991-11-05,-1.4049999999999045
1991-11-06,1.4249999999999319
1991-11-07,3.769999999999959
1991-11-08,0.29000000000012277
1991-11-11,1.0700000000000272
1991-11-12,2.394999999999959
1991-11-13,0.4522569405710925
1991-11-14,3.7250000000002044
1991-11-15,1.4587298184519601
1991-11-18,0.175
1991-11-19,0.1349999999999085
1991-11-20,-2.209999999999843
1991-11-21,-0.9525000000000262
1991-11-22,-1.477500000000026
1991-11-25,-0.9725000000002354
1991-11-26,1.2175000000001175
1991-11-27,-0.1925000000001177
1991-11-28,-0.0026345010106665176
1991-11-29,1.8700000000001442
1991-12-02,2.3249999999999345
1991-12-03,2.4749999999999344
1991-12-04,4.670000000000078
1991-12-05,-0.7150000000000915
1991-12-06,-1.4799999999997908
1991-12-09,1.740000000000026
1991-12-10,-0.46500000000002617
1991-12-11,0.029999999999790816
1991-12-12,1.0100000000002354
1991-12-13,-2.270000000000144
1991-12-16,0.7300000000001177
1991-12-17,1.0573539975823998
1991-12-18,-1.059999999999817
1991-12-19,3.3873589909922814
1991-12-20,5.197358749196004
1991-12-23,2.220000000000026
1991-12-24,0.2673622707761154
1991-12-25,0.0
1991-12-26,1.1249999999999085
1991-12-27,0.9523694802945379
1991-12-30,2.4173738616387572
1991-12-31,2.1423797545324814
1992-01-01,0.0
1992-01-02,-3.4600000000000524
1992-01-03,-2.2799999999999345
1992-01-06,0.72
1992-01-07,3.4074009438470623
1992-01-08,-0.605
1992-01-09,-1.6476062817974435
1992-01-10,-3.3726065352187105
1992-01-13,-2.6546546183020263
1992-01-14,-8.15260007671802
1992-01-15,0.9309513468888384
1992-01-16,-2.8800967038519776
1992-01-17,0.18500000000012734
1992-01-20,2.36241449801041
1992-01-21,0.9974181115341071
1992-01-22,-0.82
1992-01-23,-2.7750791001610415
1992-01-24,-1.0275866012044053
1992-01-27,0.4949999999999363
1992-01-28,3.7174155465775653
1992-01-29,-4.127668761179453
1992-01-30,-2.2405274600975993
1992-01-31,1.0900000000000363
1992-02-03,-0.9475848834923849
1992-02-04,2.262427166483059
1992-02-05,1.9848690521689798
1992-02-06,0.847434694709502
1992-02-07,0.7974408183385002
1992-02-10,1.1398839678429158
1992-02-11,-5.160000000000037
1992-02-12,0.08938707284703314
1992-02-13,-3.3649999999999274
1992-02-14,-0.8007905912975067
1992-02-17,0.0
1992-02-18,-1.140000000000017
1992-02-19,1.1450000000000768
1992-02-20,0.937572203221784
1992-02-21,-3.040000000000064
1992-02-24,-0.4474689374921215
1992-02-25,0.5849999999999631
1992-02-26,3.157512744972301
1992-02-27,0.44695470151191813
1992-02-28,3.8325000000000546
1992-03-02,-2.1675359501719758
1992-03-03,-0.9124999999998874
1992-03-04,-0.0975
1992-03-05,-2.195002237102955
1992-03-06,1.1824999999999561
1992-03-09,1.6125971699665624
1992-03-10,-1.0699148326337848
1992-03-11,-2.445000000000025
1992-03-12,-4.407499999999918
1992-03-13,-2.7653402588848377
1992-03-16,-0.24749999999991815
1992-03-17,1.9924999999998823
1992-03-18,-0.23337234713693691
1992-03-19,0.38000000000005
1992-03-20,-1.5099999999999862
1992-03-23,0.8899999999999273
1992-03-24,1.3800000000000592
1992-03-25,0.7499999999999682
1992-03-26,-0.5100000000000409
1992-03-27,-0.36999999999995
1992-03-30,-1.00999999999995
1992-03-31,-0.6320951282636296
1992-04-01,1.1879054026889257
1992-04-02,-0.21000000000008184
1992-04-03,2.0579277535283826
1992-04-06,0.7629689761482831
1992-04-07,-2.380000000000041
1992-04-08,-1.6414163440440503
1992-04-09,3.085485048730273
1992-04-10,-0.7245174142749581
1992-04-13,0.4980807039787742
1992-04-14,-0.0827352437014257
1992-04-15,-0.1
1992-04-16,-2.1000000000000307
1992-04-17,-0.001890579454613961
1992-04-20,-2.3499999999999495
1992-04-21,0.27999999999996417
1992-04-22,-1.1568238998119744
1992-04-23,0.0006788448082508567
1992-04-24,0.8256723785681543
1992-04-27,-1.0900000000000563
1992-04-28,0.9007940522144656
1992-04-29,-0.40658610885606095
1992-04-30,-0.33776621955182234
1992-05-01,2.3484514127647653
1992-05-04,-0.01499999999996021
1992-05-05,0.009999999999948841
1992-05-06,1.452243120758838
1992-05-07,-0.3950000000001126
1992-05-08,1.6975000000000815
1992-05-11,0.5699999999999249
1992-05-12,1.7064810133475834
1992-05-13,1.7250000000001022
1992-05-14,-0.19000000000006137
1992-05-15,1.6240821957586933
1992-05-18,0.7472196478448458
1992-05-19,2.107217013030146
1992-05-20,-1.4999999999999405
1992-05-21,-4.855000000000085
1992-05-22,1.8371324382381522
1992-05-25,0.0
1992-05-26,-2.635000000000032
1992-05-27,1.2850000000001434
1992-05-28,1.77499999999996
1992-05-29,1.862500000000016
1992-06-01,-2.495396322821497
1992-06-02,2.5474999999998214
1992-06-03,0.8925000000001707
1992-06-04,-0.5375000000001535
1992-06-05,0.9075000000001706
1992-06-08,1.0145940426015636
1992-06-09,-0.5979057371481262
1992-06-10,-0.3675000000001739
1992-06-11,0.367500000000087
1992-06-12,1.594594611961485
1992-06-15,-0.9083691391385905
1992-06-16,2.047091495009591
1992-06-17,0.8271052550035025
1992-06-18,1.4899999999999431
1992-06-19,-1.765220596729919
1992-06-22,0.5000000000000228
1992-06-23,-1.2778911593722082
1992-06-24,2.7055505444360537
1992-06-25,2.5450000000000244
1992-06-26,-0.37499999999980904
1992-06-29,0.929999999999809
1992-06-30,-0.747499999999809
1992-07-01,2.0547464985953066
1992-07-02,8.025028535413645
1992-07-03,-0.00924142152132618
1992-07-06,0.7699999999999432
1992-07-07,1.827882307621489
1992-07-08,-1.6421206561493775
1992-07-09,-0.1121195239069006
1992-07-10,0.39788365619112875
1992-07-13,-1.05212176391516
1992-07-14,0.7078718611384667
1992-07-15,3.2728713414460335
1992-07-16,1.2978713414460903
1992-07-17,-0.952130294305871
1992-07-20,0.19572928558819933
1992-07-21,0.5178646427943043
1992-07-22,3.0307352261901084
1992-07-23,9.19286421491121
1992-07-24,0.1232865645925445
1992-07-27,1.2278618113853454
1992-07-28,2.1078614397591915
1992-07-29,1.0178679100315318
1992-07-30,-5.417133792058304
1992-07-31,-0.22860118091782658
1992-08-03,-0.6821361161184403
1992-08-04,3.4578635852616046
1992-08-05,1.5928617550451662
1992-08-06,0.9578587915918553
1992-08-07,5.4828473648683484
1992-08-10,2.1178448356237007
1992-08-11,-0.6050000000001831
1992-08-12,-0.4749999999999602
1992-08-13,-3.839999999999873
1992-08-14,0.36174618912754786
1992-08-17,-2.174999999999923
1992-08-18,4.824999999999899
1992-08-19,1.800000000000017
1992-08-20,-0.07828076940327565
1992-08-21,-4.334999999999992
1992-08-24,-7.860000000000128
1992-08-25,-2.3368778432695745
1992-08-26,2.3875
1992-08-27,3.5999999999998806
1992-08-28,3.212500000000034
1992-08-31,0.7625000000000343
1992-09-01,1.3499999999999148
1992-09-02,0.5625000000000171
1992-09-03,-0.14999999999992325
1992-09-04,4.699999999999949
1992-09-07,0.0
1992-09-08,1.5499999999999148
1992-09-09,0.46250000000004254
1992-09-10,1.5875000000000596
1992-09-11,-2.12726669499623
1992-09-14,1.925000000000017
1992-09-15,-3.917499999999958
1992-09-16,-0.6849999999999574
1992-09-17,1.6475
1992-09-18,0.02272745432391796
1992-09-21,-1.0684593390170196
1992-09-22,-1.9050000000000362
1992-09-23,-1.3650000000000182
1992-09-24,1.5300000000001002
1992-09-25,3.1224999999998455
1992-09-28,3.5950000000002
1992-09-29,-1.4150000000001637
1992-09-30,-0.06
1992-10-01,5.555000000000009
1992-10-02,0.625
1992-10-05,1.1277370498157364
1992-10-06,-2.6897625384848465
1992-10-07,-6.614762538484856
1992-10-08,2.304245152769634
1992-10-09,-3.017264281872156
1992-10-12,-0.37226247102047555
1992-10-13,0.1899999999997908
1992-10-14,-0.31226519672656533
1992-10-15,1.5300000000000182
1992-10-16,-0.4549999999999727
1992-10-19,-3.665000000000009
1992-10-20,-8.539999999999871
1992-10-21,3.868923132108453
1992-10-22,0.5555829978411936
1992-10-23,-2.0300000000000447
1992-10-26,0.6627911006997329
1992-10-27,2.592791536112133
1992-10-28,-0.4259171075704224
1992-10-29,-0.9049999999999385
1992-10-30,-2.040000000000089
1992-11-02,-4.439999999999918
1992-11-03,0.14499999999992497
1992-11-04,1.2350000000000478
1992-11-05,1.4600000000000477
1992-11-06,-4.315000000000055
1992-11-09,-0.06999999999989086
1992-11-10,2.6999999999999313
1992-11-11,0.16499999999991816
1992-11-12,0.9950000000000272
1992-11-13,-3.4868492171200316
1992-11-16,-1.1322343971183448
1992-11-17,-0.1422292779002801
1992-11-18,2.6377719899174297
1992-11-19,-1.1249999999998908
1992-11-20,0.8349999999999728
1992-11-23,-3.469499437912404
1992-11-24,1.46101182185347
1992-11-25,-1.0300000000000409
1992-11-26,0.0
1992-11-27,-2.0849999999999316
1992-11-30,0.22999999999989085
1992-12-01,1.2950000000000614
1992-12-02,0.24999999999989087
1992-12-03,0.8300000000000136
1992-12-04,3.6199999999999926
1992-12-07,2.505000000000089
1992-12-08,1.2149999999999523
1992-12-09,-1.1772323375938958
1992-12-10,-0.8872345196491819
1992-12-11,-2.2386633912501765
1992-12-14,-0.45
1992-12-15,1.0027993453485944
1992-12-16,2.52429925752225
1992-12-17,0.5638564536157675
1992-12-18,0.4299999999999841
1992-12-21,1.2553073721876387
1992-12-22,1.6078073721875112
1992-12-23,-1.5080113436656613
1992-12-24,-0.49999999999986355
1992-12-25,-0.009265722254915155
1992-12-28,-0.7699999999999363
1992-12-29,2.429999999999791
1992-12-30,1.1278341476478944
1992-12-31,-1.6479155727100925
1993-01-01,-0.0021557740778100814
1993-01-04,5.194999999999923
1993-01-05,-0.7171557740779647
1993-01-06,-1.102156594362244
1993-01-07,-5.355799969306681
1993-01-08,1.6578720592722043
1993-01-11,1.6829208099088446
1993-01-12,-2.602081761221908
1993-01-13,2.3449999999998568
1993-01-14,1.8400000000000205
1993-01-15,2.1500000000002046
1993-01-18,-1.010000000000184
1993-01-19,-1.3
1993-01-20,0.5113852558236415
1993-01-21,-0.15499999999997835
1993-01-22,3.131372206171304
1993-01-25,4.099999999999863
1993-01-26,-0.12499999999992041
1993-01-27,0.8749999999999204
1993-01-28,3.2500000000002274
1993-01-29,2.0999999999999432
1993-02-01,1.7230291683696408
1993-02-02,-1.8174680738858242
1993-02-03,1.0980653076763724
1993-02-04,4.62113061535309
1993-02-05,6.468082648945398
1993-02-08,-2.2055154705155897
1993-02-09,-2.958801091271831
1993-02-10,-4.349999999999989
1993-02-11,2.9463778871050272
1993-02-12,0.29812578339270707
1993-02-15,-0.05163277140376552
1993-02-16,1.4381759650917927
1993-02-17,3.4000000000001616
1993-02-18,6.426359238434589
1993-02-19,1.0926909163354288
1993-02-22,2.5783374259498255
1993-02-23,6.556679997966297
1993-02-24,-3.317235981702388
1993-02-25,0.4058524432834213
1993-02-26,-1.465788348799886
1993-03-01,-2.662500000000029
1993-03-02,0.05626542234842888
1993-03-03,4.69249999999999
1993-03-04,1.9774999999998841
1993-03-05,-2.744999999999836
1993-03-08,0.8099999999998454
1993-03-09,-2.502499999999884
1993-03-10,-1.7250000000001933
1993-03-11,2.0925000000000384
1993-03-12,-4.669030883392591
1993-03-15,-3.091538609071496
1993-03-16,3.323610688053868
1993-03-17,-1.3675256777353568
1993-03-18,2.6050000000001448
1993-03-19,-2.130000000000034
1993-03-22,0.9400000000000596
1993-03-23,0.39999999999989777
1993-03-24,-3.444999999999881
1993-03-25,0.01999999999992324
1993-03-26,-3.2800000000000087
1993-03-29,0.1950000000000171
1993-03-30,2.890000000000034
1993-03-31,0.009999999999923261
1993-04-01,-0.6199999999999233
1993-04-02,-4.628663895695645
1993-04-05,2.4924999999998807
1993-04-06,1.2199999999999573
1993-04-07,-1.6224999999999232
1993-04-08,3.924999999999991
1993-04-09,0.0
1993-04-12,-0.6474999999999062
1993-04-13,-0.9763415532078592
1993-04-14,5.501147465056676
1993-04-15,-0.6844367467561
1993-04-16,3.44381634298162
1993-04-19,-1.1528879487031933
1993-04-20,-1.8026747944466965
1993-04-21,4.7449846631360995
1993-04-22,3.018442518146848
1993-04-23,0.03749999999989377
1993-04-26,-1.897500000000106
1993-04-27,0.3350000000001834
1993-04-28,-0.4275000000001739
1993-04-29,2.1925000000001447
1993-04-30,-5.385000000000106
1993-05-03,2.597500000000126
1993-05-04,2.9274999999999323
1993-05-05,0.17000000000008697
1993-05-06,0.46641428601005647
1993-05-07,0.55
1993-05-10,3.816477168950115
1993-05-11,-1.62
1993-05-12,-4.618558398691554
1993-05-13,-0.8050000000000433
1993-05-14,0.23
1993-05-17,-1.150086666038944
1993-05-18,-2.8699999999999246
1993-05-19,4.209999999999849
1993-05-20,-1.559999999999903
1993-05-21,-1.9599999999998488
1993-05-24,0.021494448322011618
1993-05-25,1.5349999999998978
1993-05-26,0.8400000000000227
1993-05-27,1.4200000000000796
1993-05-28,-1.5184903203935645
1993-05-31,0.0
1993-06-01,9.950000000000097
1993-06-02,0.8336804790310121
1993-06-03,1.9460653893022994
1993-06-04,-5.737629550782382
1993-06-07,-1.5450000000001674
1993-06-08,0.705000000000191
1993-06-09,1.844999999999809
1993-06-10,1.9300000000000836
1993-06-11,7.960000000000096
1993-06-14,0.7949999999998328
1993-06-15,1.308672638376359
1993-06-16,-1.7226618792989095
1993-06-17,-1.52
1993-06-18,-3.6200000000001307
1993-06-21,0.8600000000000476
1993-06-22,-0.68
1993-06-23,0.0
1993-06-24,1.4286739901094965
1993-06-25,3.2717158933761774
1993-06-28,2.1325000000000243
1993-06-29,-0.2669137718987554
1993-06-30,-5.79635006712595
1993-07-01,-8.634331669150873
1993-07-02,-0.9442535079368671
1993-07-05,-0.001447888949597704
1993-07-06,-9.567499999999818
1993-07-07,0.7952909890385743
1993-07-08,5.088406595843636
1993-07-09,2.5456254317591793
1993-07-12,4.2269235825340665
1993-07-13,-0.3932391948315618
1993-07-14,1.257032234388624
1993-07-15,1.525
1993-07-16,-2.594999999999872
1993-07-19,-0.9533208373178356
1993-07-20,-2.7199999999999576
1993-07-21,-4.105000000000185
1993-07-22,-5.551018904671294
1993-07-23,-1.505437957272867
1993-07-26,2.6949999999999084
1993-07-27,-1.252499999999791
1993-07-28,3.297500000000026
1993-07-29,5.792499999999752
1993-07-30,0.3125000000000915
1993-08-02,-4.992500000000052
1993-08-03,0.5024999999999085
1993-08-04,-0.0075
1993-08-05,2.540000000000144
1993-08-06,-0.012499999999973806
1993-08-09,3.8699999999999344
1993-08-10,-2.834999999999817
1993-08-11,0.2424999999999085
1993-08-12,1.7949999999999082
1993-08-13,2.7249999999999344
1993-08-16,2.766667080054121
1993-08-17,-1.6025
1993-08-18,1.4299999999999085
1993-08-19,2.5382594186296545
1993-08-20,1.477500000000026
1993-08-23,-1.4417437578597283
1993-08-24,4.800000000000196
1993-08-25,1.7507570230550382
1993-08-26,5.710000000000052
1993-08-27,-2.43
1993-08-30,2.254999999999817
1993-08-31,1.6257214531235538
1993-09-01,0.0
1993-09-02,3.517500000000052
1993-09-03,4.665715189543796
1993-09-06,-0.0017845634648996523
1993-09-07,4.7825000000001445
1993-09-08,-1.641799742473192
1993-09-09,-6.276801436375062
1993-09-10,3.6822079962098004
1993-09-13,-2.4268168443886657
1993-09-14,-3.2600000000001876
1993-09-15,-0.6888743508805537
1993-09-16,0.5924999999998977
1993-09-17,-4.067499999999818
1993-09-20,-1.5474999999999204
1993-09-21,0.3550000000001819
1993-09-22,-2.0775
1993-09-23,-1.7453218290226244
1993-09-24,0.5550879077285842
1993-09-27,7.059999999999989
1993-09-28,2.6181194668407914
1993-09-29,-1.0600000000000478
1993-09-30,-4.66999999999994
1993-10-01,4.528094430473852
1993-10-04,4.515000000000215
1993-10-05,-0.9038757638882287
1993-10-06,-0.5650000000000835
1993-10-07,-2.115
1993-10-08,4.344999999999881
1993-10-11,-2.1149999999998093
1993-10-12,-0.2550000000001074
1993-10-13,-3.4
1993-10-14,2.5150000000000476
1993-10-15,1.6949999999998326
1993-10-18,-6.624999999999773
1993-10-19,-0.67699318404846
1993-10-20,1.478006323221972
1993-10-21,-3.6550000000000713
1993-10-22,-0.5970083090729973
1993-10-25,-4.494036568698951
1993-10-26,1.7279817156504764
1993-10-27,-0.9470183124976578
1993-10-28,1.6779767770717564
1993-10-29,-2.1420262164437727
1993-11-01,-5.450000000000011
1993-11-02,-4.0547787645804565
1993-11-03,0.6079702032354048
1993-11-04,-2.602032166668276
1993-11-05,-3.5940620753380466
1993-11-08,3.737984742006186
1993-11-09,1.2752087946566235
1993-11-10,-4.727112636392182
1993-11-11,-0.5163972560483509
1993-11-12,4.465724019096908
1993-11-15,0.034355723903528264
1993-11-16,1.6378604580292748
1993-11-17,0.3378593782627761
1993-11-18,-2.6571407685000565
1993-11-19,-3.402139110359542
1993-11-22,-1.79713898524298
1993-11-23,3.092860295837566
1993-11-24,-0.6071355879849066
1993-11-25,-0.002135435417036381
1993-11-26,1.9250000000001126
1993-11-29,-0.18213471570152148
1993-11-30,-2.132135100434872
1993-12-01,1.107863125558671
1993-12-02,0.18321616153744794
1993-12-03,-0.6571439302476624
1993-12-06,3.6853563159172658
1993-12-07,0.11074329251710963
1993-12-08,0.5428538284276908
1993-12-09,0.8182078986102655
1993-12-10,-1.9114345868700302
1993-12-13,-2.0142985386440113
1993-12-14,-1.0500000000000194
1993-12-15,0.05820407040807851
1993-12-16,-0.08679592959216308
1993-12-17,1.4508013135613793
1993-12-20,-0.04929836029747522
1993-12-21,-0.2342998225188337
1993-12-22,3.983220946770783
1993-12-23,0.7785825143724588
1993-12-24,-0.004254082991139872
1993-12-27,0.495
1993-12-28,0.398259369437857
1993-12-29,-0.09381356308324554
1993-12-30,-3.026297428428663
1993-12-31,-0.5362872104435702
1994-01-03,-2.8425000000000615
1994-01-04,0.9308398161770117
1994-01-05,0.476257939698619
1994-01-06,2.8516772529316965
1994-01-07,6.301303993449877
1994-01-10,-1.7487547170009035
1994-01-11,2.0700000000000163
1994-01-12,-1.1849999999999679
1994-01-13,1.160000000000008
1994-01-14,-0.31708213207110364
1994-01-17,0.13499999999987267
1994-01-18,-0.7499999999999127
1994-01-19,-3.1049999999999285
1994-01-20,-0.09754452439707904
1994-01-21,2.355
1994-01-24,1.330000000000077
1994-01-25,-1.1275283898443562
1994-01-26,-0.365
1994-01-27,0.5800000000001
1994-01-28,-2.432528695493023
1994-01-31,-1.580000000000087
1994-02-01,-3.355571781243371
1994-02-02,0.9949999999998159
1994-02-03,-1.927499999999877
1994-02-04,-5.647500000000011
1994-02-07,0.42417396594910756
1994-02-08,1.4749999999998182
1994-02-09,4.792963714822669
1994-02-10,-0.38962753449675497
1994-02-11,2.340000000000094
1994-02-14,0.405
1994-02-15,-2.3031845859486513
1994-02-16,2.4299999999998634
1994-02-17,-8.13000000000005
1994-02-18,-2.7857235625688346
1994-02-21,-0.0025803401499087495
1994-02-22,1.6500000000000814
1994-02-23,-2.140000000000044
1994-02-24,-2.425665056365206
1994-02-25,0.03989193998044301
1994-02-28,0.5974999999999124
1994-03-01,-1.52749999999995
1994-03-02,-0.8657512925160373
1994-03-03,-3.9676505702629883
1994-03-04,-2.4549999999999743
1994-03-07,1.792345787524555
1994-03-08,-3.25500000000005
1994-03-09,-2.152656115060249
1994-03-10,-2.4250000000000242
1994-03-11,0.7773248582789953
1994-03-14,5.49300857944501
1994-03-15,-1.010204325720846
1994-03-16,1.172311971619406
1994-03-17,0.40749999999997444
1994-03-18,-1.6799999999999715
1994-03-21,-2.2424999999999913
1994-03-22,0.10473811871414057
1994-03-23,0.04249999999998408
1994-03-24,-1.880000000000007
1994-03-25,-1.7149999999999888
1994-03-28,1.3071694544777799
1994-03-29,-2.27250000000001
1994-03-30,-1.0024999999999915
1994-03-31,-3.6607366335252833
1994-04-01,-1.7618047469720717
1994-04-04,-0.7430705943946412
1994-04-05,4.384999999999988
1994-04-06,0.7296259723429296
1994-04-07,-2.3250000000000215
1994-04-08,-0.5317913253576727
1994-04-11,-1.303198465923324
1994-04-12,1.799999999999993
1994-04-13,-0.22999999999999318
1994-04-14,-3.404999999999997
1994-04-15,1.2511875805764505
1994-04-18,-4.477499999999998
1994-04-19,-0.14465704319186914
1994-04-20,2.0774999999999983
1994-04-21,1.833209289173446
1994-04-22,-2.214999999999992
1994-04-25,1.4832032550313616
1994-04-26,0.05499999999998693
1994-04-27,0.0
1994-04-28,1.4825000000000101
1994-04-29,1.287499999999996
1994-05-02,-1.7125000000000012
1994-05-03,-4.915985002130506
1994-05-04,0.8499529208149768
1994-05-05,-3.1875
1994-05-06,0.12119116050425965
1994-05-09,-1.565
1994-05-10,1.4705925574623517
1994-05-11,0.0925
1994-05-12,1.6275
1994-05-13,-0.13
1994-05-16,3.4625
1994-05-17,0.6141001458231693
1994-05-18,1.095
1994-05-19,0.015
1994-05-20,0.715
1994-05-23,3.3175
1994-05-24,-3.5625
1994-05-25,-1.6175
1994-05-26,-0.9625
1994-05-27,0.8025
1994-05-30,0.0
1994-05-31,4.8775
1994-06-01,1.07
1994-06-02,0.91
1994-06-03,-3.2025
1994-06-06,-3.555
1994-06-07,0.215
1994-06-08,1.5422427193661188
1994-06-09,0.20499999999999888
1994-06-10,1.3250000000000017
1994-06-13,0.6799999999999938
1994-06-14,0.8499999999999994
1994-06-15,1.985000000000011
1994-06-16,-0.15500000000000907
1994-06-17,1.4400000000000028
1994-06-20,-5.147458919916691
1994-06-21,-4.407524026138338
1994-06-22,-3.347574760251773
1994-06-23,-0.4275763747262031
1994-06-24,-0.04257948362544452
1994-06-27,-2.250000000000012
1994-06-28,3.6000000000000014
1994-06-29,-3.370548530503553
1994-06-30,0.012222243345837044
1994-07-01,-0.7414200672643871
1994-07-04,0.0
1994-07-05,-3.285000000000008
1994-07-06,0.297139660937183
1994-07-07,-0.5549999999999897
1994-07-08,-0.3950000000000005
1994-07-11,-0.4750000000000063
1994-07-12,-0.16285852268769718
1994-07-13,0.3700000000000051
1994-07-14,0.8450000000000016
1994-07-15,-0.505
1994-07-18,0.7649999999999972
1994-07-19,-0.4000000000000068
1994-07-20,-1.022790622145612
1994-07-21,-0.745000000000001
1994-07-22,-0.20000000000000626
1994-07-25,0.6222202562428769
1994-07-26,0.29500000000000515
1994-07-27,-0.8500000000000022
1994-07-28,0.3499999999999972
1994-07-29,1.810000000000007
1994-08-01,-0.15278795421900748
1994-08-02,0.17499999999999716
1994-08-03,-0.33999999999999486
1994-08-04,-0.2727884726914851
1994-08-05,-0.8877880855646623
1994-08-08,0.549999999999996
1994-08-09,-0.374999999999992
1994-08-10,0.3072071852037601
1994-08-11,-0.3250000000000023
1994-08-12,0.11000000000000737
1994-08-15,-0.19279094098748456
1994-08-16,0.9388150094921247
1994-08-17,0.5249999999999972
1994-08-18,-0.8999999999999995
1994-08-19,0.17220589513229118
1994-08-22,-0.28499999999998804
1994-08-23,0.08000000000000114
1994-08-24,0.7422047107023593
1994-08-25,-0.5500000000000063
1994-08-26,0.29500000000001136
1994-08-29,-0.15500000000000907
1994-08-30,0.32720664974566793
1994-08-31,0.275932755853562
1994-09-01,0.02499999999998181
1994-09-02,-0.10202406071027456
1994-09-05,0.0
1994-09-06,-0.4324999999999864
1994-09-07,-0.28250000000000225
1994-09-08,-0.05999999999998977
1994-09-09,-1.5500000000000012
1994-09-12,-0.06250000000000228
1994-09-13,0.1674999999999818
1994-09-14,0.22000000000000228
1994-09-15,0.3350000000000045
1994-09-16,-1.727499999999993
1994-09-19,0.319999999999992
1994-09-20,-0.3553227701203924
1994-09-21,-0.39531953280579313
1994-09-22,0.187191851681349
1994-09-23,-0.11701037476264978
1994-09-26,0.007193759399314946
1994-09-27,-0.22780456393749238
1994-09-28,0.33598366652930034
1994-09-29,-0.42779971397870553
1994-09-30,0.05220365821533245
1994-10-03,-0.4977981028778709
1994-10-04,-0.13500000000000512
1994-10-05,-0.4849999999999944
1994-10-06,0.24096140782851985
1994-10-07,0.66
1994-10-10,0.17
1994-10-11,0.22220627927363024
1994-10-12,-0.3777942143677039
1994-10-13,0.185
1994-10-14,-0.16
1994-10-17,0.105
1994-10-18,0.22
1994-10-19,-0.25
1994-10-20,-1.125
1994-10-21,0.14
1994-10-24,-0.385
1994-10-25,0.08
1994-10-26,-0.056816786435117866
1994-10-27,-0.4427755604925014
1994-10-28,0.7949999999999927
1994-10-31,0.085
1994-11-01,-0.23999999999999547
1994-11-02,-0.10777685636153557
1994-11-03,0.05526984273462713
1994-11-04,-0.20179906943076206
1994-11-07,-0.2780561835112606
1994-11-08,-0.33149803137202527
1994-11-09,-0.54777921799169
1994-11-10,-0.17250000000002386
1994-11-11,0.8025000000000069
1994-11-14,0.2999999999999898
1994-11-15,0.421666424722421
1994-11-16,0.4222275462873292
1994-11-17,-0.41277339541641517
1994-11-18,0.3372266105067537
1994-11-21,-0.16524792339445316
1994-11-22,0.8595012769946228
1994-11-23,1.382499999999983
1994-11-24,0.0
1994-11-25,-0.7125000000000153
1994-11-28,-0.035253719045649425
1994-11-29,0.2979858753088975
1994-11-30,-0.18300496929766025
1994-12-01,-0.0005048563978886879
1994-12-02,-1.0730085729175627
1994-12-05,-1.3440248142989288
1994-12-06,0.8449999999999994
1994-12-07,-1.6090734703572909
1994-12-08,-0.025
1994-12-09,-0.1025
1994-12-12,-0.19139232387560523
1994-12-13,0.9
1994-12-14,1.8224999999999993
1994-12-15,-0.14749999999999602
1994-12-16,-1.0124999999999909
1994-12-19,0.7974999999999937
1994-12-20,-0.8375
1994-12-21,-0.745000000000013
1994-12-22,-0.17249999999998808
1994-12-23,-1.1650000000000051
1994-12-26,0.0
1994-12-27,0.18499999999999434
1994-12-28,-0.16147675376244303
1994-12-29,0.9049999999999949
1994-12-30,0.18000000000000282
1995-01-02,0.0
1995-01-03,0.340000000000004
1995-01-04,-0.21000000000000282
1995-01-05,-1.7600000000000038
1995-01-06,-0.780000000000001
1995-01-09,-0.18499999999999092
1995-01-10,0.4899999999999972
1995-01-11,0.28000000000000114
1995-01-12,-0.9449999999999961
1995-01-13,1.739999999999997
1995-01-16,-0.01999999999999602
1995-01-17,-0.310000000000004
1995-01-18,0.07999999999999488
1995-01-19,-0.06500000000000114
1995-01-20,0.3550000000000068
1995-01-23,-1.059999999999996
1995-01-24,-0.03321552207245345
1995-01-25,-0.425
1995-01-26,-0.105
1995-01-27,1.03
1995-01-30,0.015
1995-01-31,0.175
1995-02-01,-0.885
1995-02-02,-0.48
1995-02-03,1.265
1995-02-06,-2.205
1995-02-07,1.015
1995-02-08,-0.215
1995-02-09,-0.30689214279926474
1995-02-10,-0.660000000000001
1995-02-13,0.12500000000001135
1995-02-14,-0.38000000000000567
1995-02-15,0.7068181423661417
1995-02-16,0.6099999999999931
1995-02-17,0.17750000000000796
1995-02-20,-0.003223998206330445
1995-02-21,0.48999999999998983
1995-02-22,0.12000000000001128
1995-02-23,-1.014999999999992
1995-02-24,0.9274999999999839
1995-02-27,0.8167470759089996
1995-02-28,0.6413741139557059
1995-03-01,0.006766319049198943
1995-03-02,-0.6899999999999932
1995-03-03,0.9099999999999909
1995-03-06,-2.1599999999999677
1995-03-07,-1.0300000000000045
1995-03-08,0.23000000000000909
1995-03-09,1.1599999999999566
1995-03-10,0.7800000000000296
1995-03-13,-0.7332106550880025
1995-03-14,1.6138716410137783
1995-03-15,-0.853217714504836
1995-03-16,0.6053231539558289
1995-03-17,-1.603195349641417
1995-03-20,0.37749999999999195
1995-03-21,0.6138797453282403
1995-03-22,-0.7086185823390667
1995-03-23,-0.87
1995-03-24,2.8250000000000677
1995-03-27,-0.17250000000005564
1995-03-28,-2.4400000000000244
1995-03-29,1.0700000000000636
1995-03-30,-0.7800000000000438
1995-03-31,-1.5049999999999444
1995-04-03,0.16249999999993234
1995-04-04,0.23780120579909286
1995-04-05,0.3399999999999363
1995-04-06,0.9114076708656168
1995-04-07,-0.3900000000000716
1995-04-10,-0.6474999999999363
1995-04-11,0.0475
1995-04-12,1.6889150422314125
1995-04-13,2.805788876487643
1995-04-14,0.0
1995-04-17,0.6924999999999683
1995-04-18,0.8117075581046799
1995-04-19,-0.5530446231491636
1995-04-20,0.08999999999997445
1995-04-21,-0.06000000000004602
1995-04-24,-0.21
1995-04-25,-1.3862264701681115
1995-04-26,-0.3749999999999602
1995-04-27,-0.004999999999960164
1995-04-28,-1.0450000000000625
1995-05-01,-2.3824999999999603
1995-05-02,1.0075000000000738
1995-05-03,4.037499999999943
1995-05-04,2.6974999999999945
1995-05-05,6.449999999999938
1995-05-08,-1.6138557828565476
1995-05-09,2.1588870147608143
1995-05-10,-1.9150000000000666
1995-05-11,-0.8849999999999283
1995-05-12,-0.34500000000001024
1995-05-15,3.2299999999999742
1995-05-16,0.043855590195339834
1995-05-17,-0.8365913161230856
1995-05-18,-2.4532911689324504
1995-05-19,1.1363412112111482
1995-05-22,-2.2374999999999603
1995-05-23,-0.5668395669561922
1995-05-24,3.773877022807365
1995-05-25,1.3224999999999687
1995-05-26,-1.0612040625995565
1995-05-29,-0.0012033893409336078
1995-05-30,4.184999999999994
1995-05-31,0.06066726163863014
1995-06-01,2.3799999999999457
1995-06-02,1.831211414055006
1995-06-05,1.1011963858051006
1995-06-06,-0.4350000000000136
1995-06-07,-3.5938055596647454
1995-06-08,-1.8850000000000138
1995-06-09,-5.007499999999926
1995-06-12,0.6659280032569369
1995-06-13,5.948647518194959
1995-06-14,-1.12015120072864
1995-06-15,-0.816373656779391
1995-06-16,-0.17387646027129017
1995-06-19,0.8300000000001125
1995-06-20,-0.46999999999996417
1995-06-21,0.601052299686056
1995-06-22,2.6585403816555773
1995-06-23,-0.49249999999996413
1995-06-26,0.21500000000007166
1995-06-27,-0.45089829511167767
1995-06-28,0.4625000000000626
1995-06-29,-3.54100833185085
1995-06-30,0.9998188512803885
1995-07-03,-0.08749999999998863
1995-07-04,0.0
1995-07-05,0.2624999999999091
1995-07-06,3.7125000000000967
1995-07-07,0.5749999999999204
1995-07-10,0.1375
1995-07-11,-1.5624999999999716
1995-07-12,-0.2500000000000511
1995-07-13,-0.31249999999986927
1995-07-14,-1.6158931635901703
1995-07-17,-2.8200000000000816
1995-07-18,-1.260000000000025
1995-07-19,-3.432500000000019
1995-07-20,0.11402923018190374
1995-07-21,-2.475000000000034
1995-07-24,1.4125000000000627
1995-07-25,0.47850895218343337
1995-07-26,-0.9000000000001022
1995-07-27,1.6100000000000665
1995-07-28,-0.8099999999999744
1995-07-31,1.6799999999998927
1995-08-01,-1.1799999999999746
1995-08-02,1.7399999999999847
1995-08-03,-1.819999999999949
1995-08-04,0.9765082544710602
1995-08-07,0.5699999999999682
1995-08-08,-0.32
1995-08-09,-0.7199999999999773
1995-08-10,-0.58000000000005
1995-08-11,-2.2399999999999225
1995-08-14,0.06999999999992725
1995-08-15,0.07000000000003184
1995-08-16,1.068778849659413
1995-08-17,-0.6533770691344739
1995-08-18,0.14999999999993632
1995-08-21,0.5700000000000518
1995-08-22,-0.6799999999999801
1995-08-23,-0.1800000000000358
1995-08-24,1.5700000000000238
1995-08-25,1.9499999999999322
1995-08-28,0.23000000000004375
1995-08-29,-0.53999999999998
1995-08-30,0.710000000000016
1995-08-31,0.5699999999999801
1995-09-01,1.0679347330866111
1995-09-04,-0.0020652669133767983
1995-09-05,0.8299999999999443
1995-09-06,0.24000000000000796
1995-09-07,-0.7733915083271772
1995-09-08,-0.5820725427349756
1995-09-11,0.061482312327925906
1995-09-12,1.3595069739144354
1995-09-13,-0.46500000000004604
1995-09-14,2.365000000000123
1995-09-15,-0.7721096772528812
1995-09-18,-0.9850000000001022
1995-09-19,0.6291057357214923
1995-09-20,0.6799999999999602
1995-09-21,-2.2124999999999826
1995-09-22,-0.5972235864209469
1995-09-25,-0.14
1995-09-26,-0.6259089813402975
1995-09-27,-0.1247371096052864
1995-09-28,0.23
1995-09-29,2.6227594054238126
1995-10-02,0.3224999999999562
1995-10-03,0.8452568624549331
1995-10-04,0.9249999999999687
1995-10-05,0.6427554653400276
1995-10-06,0.06912665293807192
1995-10-09,-0.062248213940115836
1995-10-10,0.6786930821280798
1995-10-11,0.4916300625767354
1995-10-12,0.9874999999998971
1995-10-13,2.8268811163450196
1995-10-16,0.0999999999999282
1995-10-17,0.012696117379397014
1995-10-18,-0.49250000000001526
1995-10-19,0.5301955921728495
1995-10-20,-1.6279253664758233
1995-10-23,-1.3148066751203875
1995-10-24,2.110389858600019
1995-10-25,0.40789028146646933
1995-10-26,-3.407304638309884
1995-10-27,0.5753860070721377
1995-10-30,1.5126931112388984
1995-10-31,-0.2521105452252557
1995-11-01,1.6470589642551867
1995-11-02,2.567694727387292
1995-11-03,-1.8546133377779321
1995-11-06,0.09269187132753559
1995-11-07,-0.9523074640086101
1995-11-08,0.545383102151194
1995-11-09,-1.4523088826759616
1995-11-10,-0.43730172022889363
1995-11-13,-0.1922990550931741
1995-11-14,-2.354614185775801
1995-11-15,-1.0438445439569544
1995-11-16,3.7899999999998966
1995-11-17,1.5503840937832927
1995-11-20,-0.27730577880112445
1995-11-21,-0.8878002630739198
1995-11-22,-0.5623052013515734
1995-11-23,-0.004609994707751938
1995-11-24,1.1300000000001658
1995-11-27,-0.2250000000001284
1995-11-28,-0.37399999999999883
1995-11-29,4.276696212452317
1995-11-30,3.174999999999989
1995-12-01,1.7250000000001
1995-12-04,4.042698464448679
1995-12-05,0.6549999999998992
1995-12-06,-0.600000000000016
1995-12-07,-1.462300555113969
1995-12-08,1.21999999999998
1995-12-11,2.644999999999937
1995-12-12,0.0700000000000654
1995-12-13,0.3277017295338832
1995-12-14,0.30500000000000177
1995-12-15,-0.07729815461060673
1995-12-18,-0.19730763486423045
1995-12-19,5.808625397507045
1995-12-20,-2.9064768271253434
1995-12-21,-1.381919258847417
1995-12-22,5.934999999999911
1995-12-25,-0.006951789055002848
1995-12-26,1.4900000000001326
1995-12-27,-1.5675000000001034
1995-12-28,-0.36288351542887554
1995-12-29,3.2024999999999615
1996-01-01,0.0
1996-01-02,2.5525000000001192
1996-01-03,1.6925000000000137
1996-01-04,-0.0350000000000663
1996-01-05,-1.8625000000000296
1996-01-08,-3.334999999999999
1996-01-09,1.9778228515329521
1996-01-10,-6.34499999999994
1996-01-11,-2.5479132688202872
1996-01-12,3.9678884696161654
1996-01-15,1.9576304097066213
1996-01-16,-3.5973257035554687
1996-01-17,2.0278269739786783
1996-01-18,5.095000000000091
1996-01-19,2.8475000000000454
1996-01-22,-4.0049454323661235
1996-01-23,-1.189940290243707
1996-01-24,0.6275000000000139
1996-01-25,-2.9099999999999944
1996-01-26,2.9493913617252114
1996-01-29,2.361726008088191
1996-01-30,2.9250000000000242
1996-01-31,1.24325504885434
1996-02-01,-0.1650000000000046
1996-02-02,0.790000000000044
1996-02-05,-1.5800000000000078
1996-02-06,0.5950000000000535
1996-02-07,0.17260846337459637
1996-02-08,0.3900000000000586
1996-02-09,1.6876259409525212
1996-02-12,1.8018089679790124
1996-02-13,0.6151367592268566
1996-02-14,1.347499999999989
1996-02-15,-1.5109868554000043
1996-02-16,0.8528939406020442
1996-02-19,0.0
1996-02-20,-5.7949999999999
1996-02-21,1.129362111217504
1996-02-22,2.1976702156437047
1996-02-23,1.0970820317003132
1996-02-26,0.29999999999993743
1996-02-27,-2.4752391871077077
1996-02-28,-2.4552629277307867
1996-02-29,-1.8960732979741892
1996-03-01,0.2649999999999662
1996-03-04,0.009490170556121447
1996-03-05,0.2889250696345497
1996-03-06,-0.12750000000001746
1996-03-07,3.272890704634881
1996-03-08,-3.6560000000000277
1996-03-11,2.404898730249799
1996-03-12,-1.544999999999993
1996-03-13,0.017500000000002503
1996-03-14,1.6467265708766425
1996-03-15,-3.447499999999996
1996-03-18,2.14478048702912
1996-03-19,-0.9975000000000073
1996-03-20,1.7124999999999941
1996-03-21,-0.18799999999998976
1996-03-22,0.3705000000000047
1996-03-25,1.2225000000000048
1996-03-26,2.5995015286861722
1996-03-27,-0.2080000000000148
1996-03-28,-0.4399999999999822
1996-03-29,5.628000000000006
1996-04-01,2.179979125286861
1996-04-02,0.8149999999999902
1996-04-03,3.0150000000000223
1996-04-04,3.629999999999996
1996-04-05,-1.1779736269157624
1996-04-08,3.943294184642423
1996-04-09,0.14099999999998664
1996-04-10,6.295895046979138
1996-04-11,-4.390386716475655
1996-04-12,0.551532768516909
1996-04-15,-0.8559999999999934
1996-04-16,-3.998025957431922
1996-04-17,1.8655203263255258
1996-04-18,4.38
1996-04-19,-1.2123166559309446
1996-04-22,1.8850000000000038
1996-04-23,-0.0800000000000023
1996-04-24,0.2879999999999997
1996-04-25,1.9784918726024685
1996-04-26,-3.1393299722159984
1996-04-29,-3.105000000000001
1996-04-30,2.8349999999999986
1996-05-01,4.335
1996-05-02,-6.557537887609228
1996-05-03,2.9674367561904
1996-05-06,0.7424237663504805
1996-05-07,-0.3060000000000051
1996-05-08,3.366
1996-05-09,0.3600000000000004
1996-05-10,3.5100000000000042
1996-05-13,3.2940000000000023
1996-05-14,0.12599999999999595
1996-05-15,2.3039999999999945
1996-05-16,3.092102246470727
1996-05-17,-1.1700000000000095
1996-05-20,-4.139999999999995
1996-05-21,-1.4428528862070835
1996-05-22,0.6950000000000077
1996-05-23,4.215999999999993
1996-05-24,1.3620661335950643
1996-05-27,0.0
1996-05-28,1.7439999999999942
1996-05-29,-4.883999999999995
1996-05-30,-0.3829815164610781
1996-05-31,0.5249999999999987
1996-06-03,-3.330000000000005
1996-06-04,1.6200000000000079
1996-06-05,-2.1359999999999992
1996-06-06,2.2859999999999987
1996-06-07,0.269999999999994
1996-06-10,2.2499999999999987
1996-06-11,-2.5709999999999966
1996-06-12,-1.0739999999999987
1996-06-13,-0.7050000000000047
1996-06-14,-0.018300885830861903
1996-06-17,0.06499999999999921
1996-06-18,4.644999999999995
1996-06-19,-0.7349999999999931
1996-06-20,-0.48000000000000254
1996-06-21,0.7099999999999935
1996-06-24,-1.3449999999999998
1996-06-25,1.9049999999999994
1996-06-26,-1.2049999999999954
1996-06-27,-0.8049999999999901
1996-06-28,3.7149999999999936
1996-07-01,2.2758897683076773
1996-07-02,-1.7899999999999978
1996-07-03,0.3100000000000025
1996-07-04,0.0
1996-07-05,-5.560000000000008
1996-07-08,-0.2900000000000032
1996-07-09,3.5750000000000104
1996-07-10,0.42999999999998445
1996-07-11,3.5300000000000145
1996-07-12,4.184999999999997
1996-07-15,-2.155000000000002
1996-07-16,-3.8799999999999906
1996-07-17,-2.5035419345835437
1996-07-18,-1.269984567373722
1996-07-19,-0.5139999999999917
1996-07-22,-2.6800564587601614
1996-07-23,1.5221520332125502
1996-07-24,-1.8559999999999928
1996-07-25,-0.49000000000000843
1996-07-26,-0.54
1996-07-29,2.246000000000002
1996-07-30,-0.3201298477257509
1996-07-31,-0.597953856057885
1996-08-01,4.2750000000000075
1996-08-02,0.23999999999999475
1996-08-05,0.08104408666165297
1996-08-06,0.8649999999999934
1996-08-07,0.47250000000001435
1996-08-08,1.910897866861873
1996-08-09,0.867499999999987
1996-08-12,3.738580628886058
1996-08-13,1.5970000000000095
1996-08-14,0.1124999999999932
1996-08-15,0.37846904353788496
1996-08-16,0.06398178263320135
1996-08-19,0.5484679659906126
1996-08-20,0.11999999999998885
1996-08-21,-0.5229999999999976
1996-08-22,0.9279999999999909
1996-08-23,-1.5243264104865641
1996-08-26,0.466999999999992
1996-08-27,1.3350000000000013
1996-08-28,-0.9569999999999893
1996-08-29,-1.564999999999994
1996-08-30,-2.9773539215588714
1996-09-02,0.0
1996-09-03,0.833000000000003
1996-09-04,-2.534035923112432
1996-09-05,-0.5505000000000088
1996-09-06,2.2524999999999964
1996-09-09,0.6875000000000037
1996-09-10,0.9000000000000117
1996-09-11,-1.76592775385926
1996-09-12,2.2024999999999944
1996-09-13,1.1070000000000149
1996-09-16,-2.967500000000016
1996-09-17,-0.3447183378618973
1996-09-18,0.4804999999999955
1996-09-19,-1.3954999999999897
1996-09-20,-0.5875000000000031
1996-09-23,0.36300000000000543
1996-09-24,0.9094999999999949
1996-09-25,0.47549999999999665
1996-09-26,-0.8599999999999932
1996-09-27,-0.7324248040484401
1996-09-30,-1.7409344351237663
1996-10-01,1.7625644944064154
1996-10-02,-0.22700000000000914
1996-10-03,-0.3849999999999883
1996-10-04,0.7805710439738689
1996-10-07,0.9410401721467027
1996-10-08,-0.2149999999999718
1996-10-09,-2.104440336181852
1996-10-10,-1.8765477974156957
1996-10-11,-2.6949999999999745
1996-10-14,-2.755000000000003
1996-10-15,-0.006506983511151826
1996-10-16,-3.689999999999978
1996-10-17,4.476999999999943
1996-10-18,-0.37534338015986235
1996-10-21,-1.3099999999999832
1996-10-22,-2.264999999999989
1996-10-23,-0.6434201428258062
1996-10-24,-1.2750000000000152
1996-10-25,-0.8999999999999952
1996-10-28,1.9950000000000014
1996-10-29,-0.4450000000000218
1996-10-30,-1.960000000000002
1996-10-31,1.8300000000000345
1996-11-01,1.0676899991329882
1996-11-04,1.0161557506451793
1996-11-05,-0.1150000000000222
1996-11-06,0.1540000000000066
1996-11-07,0.07228867528320543
1996-11-08,1.1124999999999987
1996-11-11,-0.26899999999999674
1996-11-12,0.8302568973827186
1996-11-13,0.006000000000003274
1996-11-14,1.9097781704246666
1996-11-15,-0.4959521930357655
1996-11-18,0.2625000000000362
1996-11-19,0.8702054588578745
1996-11-20,1.0905579642675856
1996-11-21,0.9799999999999071
1996-11-22,-0.579999999999909
1996-11-25,0.46382407032861644
1996-11-26,0.920000000000054
1996-11-27,0.05000000000000316
1996-11-28,-0.0033670695108993553
1996-11-29,1.4000000000000392
1996-12-02,0.43599999999994005
1996-12-03,0.30400000000005956
1996-12-04,-1.3740545154409665
1996-12-05,-2.747500000000059
1996-12-06,-2.29316193834083
1996-12-09,2.6600000000000263
1996-12-10,0.9930000000000414
1996-12-11,-4.228000000000067
1996-12-12,-1.2197495624219423
1996-12-13,2.6304999999999823
1996-12-16,-0.013248565446711514
1996-12-17,1.5000000000000226
1996-12-18,-1.1175000000000144
1996-12-19,2.1819999999999875
1996-12-20,0.6398525716035693
1996-12-23,0.4631701223372262
1996-12-24,0.19499999999999512
1996-12-25,-0.0026786682810452664
1996-12-26,-0.1269999999999979
1996-12-27,0.4100000000000133
1996-12-30,0.05749999999999841
1996-12-31,-3.035500000000004
1997-01-01,-0.007528783494105141
1997-01-02,-0.9899999999999618
1997-01-03,2.7748371704325194
1997-01-06,0.5750000000000366
1997-01-07,0.5799999999999923
1997-01-08,0.4650000000000244
1997-01-09,0.8299999999999538
1997-01-10,-0.37310291492241776
1997-01-13,-0.0700000000000492
1997-01-14,2.621866167514413
1997-01-15,-0.13056919351944973
1997-01-16,-0.8009999999999687
1997-01-17,0.8709999999999625
1997-01-20,-0.11
1997-01-21,2.0499777433378754
1997-01-22,0.15100000000001196
1997-01-23,0.5599999999999795
1997-01-24,-1.1859999999999506
1997-01-27,-1.4240000000000304
1997-01-28,1.4401247468841856
1997-01-29,-0.8389999999999807
1997-01-30,0.9449999999999631
1997-01-31,1.5500000000000544
1997-02-03,1.1839999999999862
1997-02-04,0.6474429883099931
1997-02-05,0.5399999999999819
1997-02-06,0.2162904424278703
1997-02-07,1.200000000000009
1997-02-10,1.012482732849242
1997-02-11,0.23400000000002724
1997-02-12,0.7459999999999828
1997-02-13,0.9889999999999792
1997-02-14,1.8247144775198791
1997-02-17,0.0
1997-02-18,-0.5910000000000061
1997-02-19,1.8375275535446864
1997-02-20,0.5655335031010403
1997-02-21,1.5180309709481814
1997-02-24,-0.7370844776576575
1997-02-25,0.05449999999997924
1997-02-26,-5.923399291359977
1997-02-27,-9.080951250128326
1997-02-28,3.3987059493626353
1997-03-03,-0.8734052646396814
1997-03-04,-0.2149999999999865
1997-03-05,-1.8299999999999954
1997-03-06,1.404999999999975
1997-03-07,2.080000000000008
1997-03-10,1.47999999999996
1997-03-11,-1.1299999999999581
1997-03-12,-1.5850000000000046
1997-03-13,-0.44499999999998385
1997-03-14,2.2921500146753813
1997-03-17,0.2700000000000344
1997-03-18,0.4799999999999736
1997-03-19,1.0721599184854522
1997-03-20,1.012298598835767
1997-03-21,-0.15499999999998795
1997-03-24,1.1609999999999872
1997-03-25,1.1170952800705243
1997-03-26,0.38150000000000345
1997-03-27,-0.7493453002868166
1997-03-28,-0.0028097366504697733
1997-03-31,-1.454999999999999
1997-04-01,0.07000000000001073
1997-04-02,-1.0704123347627492
1997-04-03,-2.7044999999999924
1997-04-04,0.1221944841045021
1997-04-07,3.9370000000000025
1997-04-08,0.2254999999999966
1997-04-09,0.10200000000000396
1997-04-10,0.4175000000000029
1997-04-11,-1.5425000000000035
1997-04-14,0.1973564978985435
1997-04-15,0.3971345529509729
1997-04-16,-0.9925000000000018
1997-04-17,1.4670000000000072
1997-04-18,1.3403791840777783
1997-04-21,0.04250000000000273
1997-04-22,0.7674999999999994
1997-04-23,0.17931537443004303
1997-04-24,-1.578500000000007
1997-04-25,-0.9850000000000029
1997-04-28,-4.781499999999994
1997-04-29,2.7922888118789464
1997-04-30,1.1229999999999951
1997-05-01,0.800000000000005
1997-05-02,1.1997740890450528
1997-05-05,-0.389895259289122
1997-05-06,-0.508
1997-05-07,-1.6818856693324942
1997-05-08,1.5346181898761302
1997-05-09,0.22749999999999787
1997-05-12,-0.28268271460147476
1997-05-13,0.3055978226743684
1997-05-14,0.2894999999999974
1997-05-15,0.56064765140331
1997-05-16,0.04899276802789926
1997-05-19,0.48315047643313264
1997-05-20,-0.030901419873835052
1997-05-21,0.9749999999999978
1997-05-22,0.032692701816523
1997-05-23,-0.6876008501666586
1997-05-26,-0.00222447278017015
1997-05-27,-1.2949999999999853
1997-05-28,-0.01724943659515969
1997-05-29,0.4523258471369692
1997-05-30,-0.047249436595142726
1997-06-02,0.7999999999999884
1997-06-03,0.1100000000000082
1997-06-04,-0.24999999999999392
1997-06-05,-2.132681138515577
1997-06-06,0.31999999999999623
1997-06-09,0.35599999999999077
1997-06-10,0.4723953314572114
1997-06-11,0.671781205728614
1997-06-12,1.3650000000000218
1997-06-13,0.5599999999999961
1997-06-16,0.7587688023970289
1997-06-17,0.8788469021233328
1997-06-18,1.6760000000000403
1997-06-19,-2.4050000000000225
1997-06-20,0.26677345029716865
1997-06-23,0.6349999999999997
1997-06-24,0.3778189766450053
1997-06-25,-0.6190000000000055
1997-06-26,-0.06849999999999036
1997-06-27,0.7353031366806796
1997-06-30,0.23750000000001292
1997-07-01,2.8634999999999957
1997-07-02,-1.9141313555465893
1997-07-03,2.6627938478711375
1997-07-04,0.0
1997-07-07,3.2039999999999664
1997-07-08,1.1660000000000004
1997-07-09,0.260240273118147
1997-07-10,1.9914635498871676
1997-07-11,0.44849999999994417
1997-07-14,-2.288541021839419
1997-07-15,-7.629781197170237
1997-07-16,8.168246838946066
1997-07-17,-0.10714952178063897
1997-07-18,-1.4699999999999804
1997-07-21,0.3374901292217838
1997-07-22,3.7249999999999974
1997-07-23,0.42500000000000737
1997-07-24,1.2350000000000012
1997-07-25,0.21500000000001857
1997-07-28,-0.33500000000002766
1997-07-29,1.4124072578243003
1997-07-30,0.7963697363491994
1997-07-31,-0.35258207580650863
1997-08-01,-4.056660695757186
1997-08-04,0.8466712010046376
1997-08-05,0.5240000000000519
1997-08-06,1.2634999999999759
1997-08-07,-1.872499999999976
1997-08-08,-1.4460000000000568
1997-08-11,0.805876285639867
1997-08-12,0.43799999999996925
1997-08-13,0.7900000000000047
1997-08-14,2.187000000000016
1997-08-15,-0.025807358713159617
1997-08-18,0.5243966463680952
1997-08-19,0.3870000000000008
1997-08-20,0.5521169538012436
1997-08-21,-2.359999999999979
1997-08-22,1.3899999999999864
1997-08-25,-0.4320000000000092
1997-08-26,-0.46499999999996766
1997-08-27,1.0199999999999683
1997-08-28,0.970000000000075
1997-08-29,-1.7125837448658536
1997-09-01,0.0
1997-09-02,2.024999999999986
1997-09-03,-0.0524999999999508
1997-09-04,-1.3000000000000278
1997-09-05,-0.24749999999998173
1997-09-08,1.2373757332756898
1997-09-09,0.2624999999999727
1997-09-10,0.4174999999999958
1997-09-11,-0.5174999999999824
1997-09-12,1.778499999999974
1997-09-15,0.3749059569333837
1997-09-16,3.5725000000000104
1997-09-17,0.11991810823834947
1997-09-18,0.530000000000047
1997-09-19,-0.36000000000000343
1997-09-22,2.055000000000009
1997-09-23,-2.8375135135967646
1997-09-24,1.0875000000000328
1997-09-25,-1.5375000000000167
1997-09-26,0.5575000000000048
1997-09-29,1.825000000000025
1997-09-30,1.2499999999999971
1997-10-01,1.9899999999999904
1997-10-02,0.5275000000000047
1997-10-03,-0.3524999999999979
1997-10-06,1.9350000000000092
1997-10-07,0.9649701857020601
1997-10-08,-2.5526179144419703
1997-10-09,0.2834999999999718
1997-10-10,-0.28749999999998493
1997-10-13,0.10674942391366928
1997-10-14,2.6515000000000444
1997-10-15,0.04672704570770071
1997-10-16,-0.5600000000000008
1997-10-17,-1.5676247020690433
1997-10-20,2.34450000000003
1997-10-21,0.5946937199461717
1997-10-22,0.639499999999976
1997-10-23,-3.542499999999979
1997-10-24,-5.128038113167432
1997-10-27,-29.315760497303152
1997-10-28,10.876895346126222
1997-10-29,-0.07499999999996161
1997-10-30,-0.08250000000001874
1997-10-31,0.4949999999999469
1997-11-03,1.1130000000000169
1997-11-04,-0.20128716774319017
1997-11-05,-0.2925000000000543
1997-11-06,0.17050000000003718
1997-11-07,-0.2929999999999995
1997-11-10,-0.3257615361223565
1997-11-11,0.0
1997-11-12,-0.8275000000000233
1997-11-13,0.2724999999999753
1997-11-14,0.15123936240652702
1997-11-17,1.4205000000000005
1997-11-18,-0.1100000000000633
1997-11-19,0.4794086732473962
1997-11-20,-0.4019999999999687
1997-11-21,1.1720000000000097
1997-11-24,-0.8720000000000091
1997-11-25,-0.07800000000003238
1997-11-26,0.5101210838549273
1997-11-27,0.0
1997-11-28,-0.05000000000004629
1997-12-01,1.0759999999999994
1997-12-02,0.5540000000000456
1997-12-03,0.3635504337237717
1997-12-04,-0.16000000000003983
1997-12-05,-1.235999999999982
1997-12-08,-0.3194333970714507
1997-12-09,0.19999999999990903
1997-12-10,0.9399999999999723
1997-12-11,0.5599999999999825
1997-12-12,0.9075368211075658
1997-12-15,-0.18000000000001024
1997-12-16,0.11690267525335563
1997-12-17,0.5595583325299099
1997-12-18,0.03000000000005775
1997-12-19,-0.2540903646056182
1997-12-22,0.3159999999999074
1997-12-23,-0.896
1997-12-24,0.44692638087754266
1997-12-25,0.0
1997-12-26,0.5099999999999525
1997-12-29,0.9060000000000374
1997-12-30,-0.6910000000000103
1997-12-31,0.7495164076762539
1998-01-01,-0.003061018229321888
1998-01-02,2.390000000000066
1998-01-05,3.382000000000015
1998-01-06,-0.1200098568767188
1998-01-07,-0.852944050539609
1998-01-08,0.6169319320749242
1998-01-09,-2.780566612990447
1998-01-12,-1.512555227773858
1998-01-13,2.3319201679919637
1998-01-14,-0.9720592404796441
1998-01-15,-1.1180000000000416
1998-01-16,0.3055709285696607
1998-01-19,0.0
1998-01-20,-0.21999999999996306
1998-01-21,-1.3200000000000371
1998-01-22,0.2320000000000833
1998-01-23,-2.9500000000000877
1998-01-26,1.5648904784425153
1998-01-27,-1.509499999999946
1998-01-28,-1.5679999999999994
1998-01-29,0.23999999999999508
1998-01-30,1.1174806754294466
1998-02-02,0.5304999999999919
1998-02-03,0.7470000000000718
1998-02-04,-0.210000000000062
1998-02-05,-0.8044999999999808
1998-02-06,-0.4154999999999992
1998-02-09,-1.312500000000044
1998-02-10,0.920000000000034
1998-02-11,1.3599999999999814
1998-02-12,-0.2524999999999359
1998-02-13,0.009380975865169706
1998-02-16,0.0
1998-02-17,0.43549999999994443
1998-02-18,-1.9705000000000104
1998-02-19,0.26304448090569804
1998-02-20,-1.8275000000000103
1998-02-23,-0.93300000000005
1998-02-24,-0.5894999999999933
1998-02-25,0.746999999999976
1998-02-26,0.20300000000003218
1998-02-27,1.1075000000000408
1998-03-02,-1.0155000000000594
1998-03-03,-1.3150263114083192
1998-03-04,-0.7649999999999635
1998-03-05,-0.647209763006666
1998-03-06,1.1350000000000153
1998-03-09,-0.060524743088312113
1998-03-10,0.19300000000000045
1998-03-11,1.8500000000000052
1998-03-12,0.9749999999999832
1998-03-13,-0.905000000000031
1998-03-16,0.3100000000000072
1998-03-17,0.1200000000000553
1998-03-18,0.3999999999999683
1998-03-19,0.029999999999970897
1998-03-20,0.5772626625200814
1998-03-23,1.0649999999999993
1998-03-24,-0.060000000000030695
1998-03-25,-0.5877740579965797
1998-03-26,0.3073847599874512
1998-03-27,-0.7167564091824268
1998-03-30,-0.13500000000000645
1998-03-31,1.0049999999999844
1998-04-01,1.0233968067121688
1998-04-02,0.5672416853611535
1998-04-03,-0.07499999999998026
1998-04-06,0.9799999999999934
1998-04-07,0.09732451471703196
1998-04-08,0.18939467425105427
1998-04-09,0.6473358793849714
1998-04-10,0.0
1998-04-13,-0.9960000000000414
1998-04-14,1.6883731577457137
1998-04-15,-0.19500000000002132
1998-04-16,-0.5155947548741843
1998-04-17,0.5229999999999454
1998-04-20,0.742000000000048
1998-04-21,-0.6230594312989831
1998-04-22,1.43700000000003
1998-04-23,-0.7325923760516785
1998-04-24,-1.0050000000000237
1998-04-27,-1.8340000000000036
1998-04-28,0.823995147066673
1998-04-29,0.6025000000000478
1998-04-30,1.8975738534727113
1998-05-01,0.7999999999999651
1998-05-04,0.3070293856798566
1998-05-05,-1.512499999999966
1998-05-06,-0.13000000000003553
1998-05-07,-0.5655787820681386
1998-05-08,1.4964999999999926
1998-05-11,1.0650000000000264
1998-05-12,-0.22750000000000556
1998-05-13,-0.4150000000000159
1998-05-14,-0.24749999999996816
1998-05-15,0.665821454679043
1998-05-18,-4.133096426431323
1998-05-19,0.8078274288055777
1998-05-20,-1.6890000000000123
1998-05-21,0.40664348338283685
1998-05-22,-0.05999999999997954
1998-05-25,-0.0022985539751788067
1998-05-26,-3.227500000000036
1998-05-27,-0.5881493729879917
1998-05-28,0.4126491999016678
1998-05-29,0.4170055127355883
1998-06-01,-2.6023457589602037
1998-06-02,2.9762613811561933
1998-06-03,1.679301967086113
1998-06-04,0.7101478070802186
1998-06-05,0.6175000000000003
1998-06-08,0.5116285776101751
1998-06-09,-0.8514999999999987
1998-06-10,-0.9098709440734968
1998-06-11,-3.1198700076565893
1998-06-12,0.7784227300535848
1998-06-15,0.02249999999998445
1998-06-16,-1.067381214705107
1998-06-17,-0.6650000000000608
1998-06-18,-1.5126921577823276
1998-06-19,-2.0700000000000207
1998-06-22,0.5730528159824874
1998-06-23,-1.855000000000047
1998-06-24,-1.3596772046629648
1998-06-25,0.2509999999999944
1998-06-26,-0.3433335454021814
1998-06-29,2.481
1998-06-30,-0.014934218789566262
1998-07-01,1.800000000000007
1998-07-02,0.20262425667806058
1998-07-03,-0.0022122418378945448
1998-07-06,1.2049999999999437
1998-07-07,-0.38499999999997614
1998-07-08,-0.32599999999997475
1998-07-09,0.575000000000006
1998-07-10,2.0709999999999464
1998-07-13,-0.43099999999998345
1998-07-14,1.7460000000000233
1998-07-15,0.57
1998-07-16,-0.09943480552020449
1998-07-17,-0.5729999999999997
1998-07-20,2.060000000000007
1998-07-21,-0.543422715764294
1998-07-22,0.04199999999996896
1998-07-23,-0.03999999999997012
1998-07-24,0.6223043160024752
1998-07-27,-0.7121524146134046
1998-07-28,-0.7026852943294165
1998-07-29,0.18531481400436015
1998-07-30,0.056661868875360774
1998-07-31,1.1973130788964481
1998-08-03,0.1809999999999801
1998-08-04,-0.2576888014706867
1998-08-05,-0.3336780083899078
1998-08-06,1.0233219831755578
1998-08-07,-2.0836798398413108
1998-08-10,-1.7850000000000337
1998-08-11,-1.4850000000000005
1998-08-12,-0.0016930646043049598
1998-08-13,2.905553834944627
1998-08-14,-0.6367874607226639
1998-08-17,-1.5796813149765991
1998-08-18,0.5684947678880773
1998-08-19,-0.37500000000006684
1998-08-20,-2.355681397684713
1998-08-21,-2.5709340642172602
1998-08-24,0.2585851086653792
1998-08-25,1.9750000000000447
1998-08-26,1.0473188221100689
1998-08-27,0.5186495161971606
1998-08-28,2.7688096685183963
1998-08-31,1.9674999999999796
1998-09-01,-1.526550943983366
1998-09-02,-0.7900000000000656
1998-09-03,-2.5150000000000143
1998-09-04,-0.07389341013040263
1998-09-07,-0.002123427305048073
1998-09-08,-2.6400000000000183
1998-09-09,2.8578467351248533
1998-09-10,2.1749999999999754
1998-09-11,-0.07714120449143079
1998-09-14,0.08281174876505089
1998-09-15,-0.30499999999997757
1998-09-16,1.8089825574606793
1998-09-17,1.0730000000000095
1998-09-18,2.3699999999999632
1998-09-21,0.16207407712106947
1998-09-22,-1.1669999999999405
1998-09-23,1.6519999999999482
1998-09-24,-0.9819138141646253
1998-09-25,-0.32750986640021906
1998-09-28,-1.6452091624158232
1998-09-29,0.945499999999924
1998-09-30,3.574500000000041
1998-10-01,3.248000000000031
1998-10-02,-0.1025000000000519
1998-10-05,-0.784999999999944
1998-10-06,-1.2802149998896268
1998-10-07,-5.9394999999999785
1998-10-08,-4.3432592316481955
1998-10-09,-5.857692139971504
1998-10-12,0.8021117620836099
1998-10-13,-3.729999999999971
1998-10-14,1.8926420842035088
1998-10-15,0.6509986126824876
1998-10-16,2.995500000000015
1998-10-19,1.3545000000000011
1998-10-20,0.5904999999999673
1998-10-21,0.10999999999999235
1998-10-22,-0.47299999999995745
1998-10-23,-0.501252382812918
1998-10-26,-0.504999999999934
1998-10-27,0.5749999999999765
1998-10-28,0.1409999999999845
1998-10-29,0.11649999999999518
1998-10-30,1.1035000000000306
1998-11-02,0.45749999999997853
1998-11-03,0.7736932618632014
1998-11-04,-0.4174999999999929
1998-11-05,-0.13180797793488197
1998-11-06,-0.4343208846586973
1998-11-09,0.1747103063821599
1998-11-10,-2.095301594624205
1998-11-11,-0.649999999999977
1998-11-12,1.0674999999999566
1998-11-13,1.3980636790746028
1998-11-16,0.32818291531119703
1998-11-17,0.3949999999999515
1998-11-18,-0.5790000000000167
1998-11-19,0.37000000000004474
1998-11-20,1.353999999999958
1998-11-23,0.9103766795824056
1998-11-24,-0.3032824079943794
1998-11-25,0.09271836258778625
1998-11-26,0.0
1998-11-27,-0.7179999999999652
1998-11-30,-0.8350000000000207
1998-12-01,1.4612117931288209
1998-12-02,1.7677304632788762
1998-12-03,0.43223495976630855
1998-12-04,-0.443346831165506
1998-12-07,0.5452622245160831
1998-12-08,2.7424695857400505
1998-12-09,0.8987775983872393
1998-12-10,1.1832882211325075
1998-12-11,-0.5837098760513617
1998-12-14,0.6880129694438767
1998-12-15,0.45230390240626334
1998-12-16,2.9923050928412684
1998-12-17,0.17946702672953635
1998-12-18,1.6073154748071443
1998-12-21,-0.16766670991703309
1998-12-22,-0.16432119770375442
1998-12-23,-1.7191415285962233
1998-12-24,-1.5376427562850041
1998-12-25,-0.0043208280181967545
1998-12-28,3.1174999999999353
1998-12-29,0.5924999999999767
1998-12-30,2.9955000000000966
1998-12-31,1.0246249021213303
1999-01-01,-0.004328621286609803
1999-01-04,2.235000000000009
1999-01-05,0.0704999999999638
1999-01-06,-3.802499999999936
1999-01-07,0.6416089420693182
1999-01-08,-2.8526131317790453
1999-01-11,-2.474999999999908
1999-01-12,-3.5555000000000208
1999-01-13,-10.099438932487443
1999-01-14,-1.694973940503223
1999-01-15,7.042064633159184
1999-01-18,-0.005435288859803968
1999-01-19,1.7164999999999657
1999-01-20,-1.2164999999999764
1999-01-21,0.01500000000001428
1999-01-22,0.20649999999995589
1999-01-25,-0.6025201311009225
1999-01-26,0.5134812511945652
1999-01-27,0.2900000000000042
1999-01-28,0.25648251244032105
1999-01-29,1.3749830282651803
1999-02-01,-1.1425000000000127
1999-02-02,-1.0665000000000138
1999-02-03,0.39252825726533264
1999-02-04,-0.5609999999999874
1999-02-05,-0.8257065996208577
1999-02-08,-0.46109982688790563
1999-02-09,0.5525313055435308
1999-02-10,-1.4150000000000005
1999-02-11,1.9021698018400781
1999-02-12,0.9400000000000182
1999-02-15,-0.05219434261041529
1999-02-16,1.5000000000000009
1999-02-17,0.5790000000000068
1999-02-18,-1.6499999999999897
1999-02-19,0.17713803645304396
1999-02-22,1.019761876151811
1999-02-23,-0.6879999999999947
1999-02-24,3.245000000000013
1999-02-25,0.34339405866867895
1999-02-26,2.269843184924609
1999-03-01,-0.820442459675978
1999-03-02,-3.623
1999-03-03,0.7954784627519659
1999-03-04,-0.10994551143438029
1999-03-05,0.5298476917091092
1999-03-08,-1.916499999999996
1999-03-09,0.2428343587219538
1999-03-10,-0.009999999999999818
1999-03-11,-0.010000000000000774
1999-03-12,2.396499999999986
1999-03-15,0.7183466776309733
1999-03-16,-2.657499999999992
1999-03-17,-0.366979312576896
1999-03-18,0.21749999999999767
1999-03-19,-2.1574999999999958
1999-03-22,-1.518782364327878
1999-03-23,2.9348712464843376
1999-03-24,0.1723120656738567
1999-03-25,0.5674999999999829
1999-03-26,0.5640000000000014
1999-03-29,2.483500000000006
1999-03-30,-0.49499999999998673
1999-03-31,4.732499999999994
1999-04-01,1.5811294811837417
1999-04-02,-0.44250000000000683
1999-04-05,2.981000000000009
1999-04-06,-0.1975000000000055
1999-04-07,0.5225
1999-04-08,-0.47849999999998855
1999-04-09,-1.9926565180589026
1999-04-12,3.248939182450725
1999-04-13,-0.8920000000000031
1999-04-14,-0.8604999999999897
1999-04-15,-1.2475000000000078
1999-04-16,2.5230000000000024
1999-04-19,1.8006298425328948
1999-04-20,-2.4619999999999957
1999-04-21,1.9519999999999955
1999-04-22,3.3100000000000076
1999-04-23,0.20499999999999036
1999-04-26,2.70500000000001
1999-04-27,1.2131485646256552
1999-04-28,0.8880000000000012
1999-04-29,0.9270257957133907
1999-04-30,0.404999999999996
1999-05-03,0.3151494132812949
1999-05-04,-2.1519999999999944
1999-05-05,0.837000000000004
1999-05-06,-0.8569999999999971
1999-05-07,1.7481887489939412
1999-05-10,-0.006814241521052261
1999-05-11,-0.250000000000007
1999-05-12,-0.9649999999999903
1999-05-13,0.25
1999-05-14,-0.490000000000011
1999-05-17,-0.5070387584948997
1999-05-18,2.0420000000000016
1999-05-19,0.4803598823378177
1999-05-20,0.5682419144256181
1999-05-21,-2.124122835029021
1999-05-24,3.324232292768858
1999-05-25,-8.331769086325078
1999-05-26,-0.23396759391329275
1999-05-27,-3.374999999999991
1999-05-28,-0.06399999999998786
1999-05-31,-0.007059352654101361
1999-06-01,1.2974999999999883
1999-06-02,1.3999999999999877
1999-06-03,-2.815646503617644
1999-06-04,3.9845740036657924
1999-06-07,1.9814999999999956
1999-06-08,-1.5846743502158291
1999-06-09,0.7393879674949213
1999-06-10,0.7574999999999918
1999-06-11,2.7799999999999767
1999-06-14,-0.16999999999997706
1999-06-15,3.3199999999999745
1999-06-16,1.4350000000000454
1999-06-17,0.44629882244715935
1999-06-18,-1.4549999999999947
1999-06-21,1.5950000000000342
1999-06-22,2.7749999999999635
1999-06-23,-0.8799999999999855
1999-06-24,1.3500000000000085
1999-06-25,-1.6049999999999802
1999-06-28,2.142500000000009
1999-06-29,-1.019169536896876
1999-06-30,-0.6200000000000316
1999-07-01,4.8197717554662995
1999-07-02,4.438702189243573
1999-07-05,0.0
1999-07-06,4.4599999999999635
1999-07-07,0.8850000000000313
1999-07-08,2.4937499999999635
1999-07-09,0.8778973210986409
1999-07-12,-2.910249999999958
1999-07-13,1.3924999999999996
1999-07-14,-0.4612500000000129
1999-07-15,-2.223749999999982
1999-07-16,3.7789999999999546
1999-07-19,-1.3689085561558119
1999-07-20,-3.45875
1999-07-21,-3.871018024892868
1999-07-22,0.3822179355215403
1999-07-23,-4.213693873651222
1999-07-26,3.682849178066194
1999-07-27,3.98529018338307
1999-07-28,0.8377973680694923
1999-07-29,-2.6730000000000156
1999-07-30,-0.41700000000000964
1999-08-02,-4.5449999999999955
1999-08-03,-1.6097452127268608
1999-08-04,-1.9929999999999957
1999-08-05,-0.8263177580295414
1999-08-06,0.49006965825789983
1999-08-09,1.2099999999999786
1999-08-10,-2.040000000000009
1999-08-11,6.619560427634156
1999-08-12,2.522665393528981
1999-08-13,0.10652340249634802
1999-08-16,-0.6078353147674952
1999-08-17,-0.9087500000000011
1999-08-18,-0.30249999999997934
1999-08-19,1.3157500000000075
1999-08-20,0.6312500000000076
1999-08-23,0.8567499999999812
1999-08-24,1.6007500000000197
1999-08-25,-1.395144880760546
1999-08-26,0.3860296071857749
1999-08-27,-0.1119999999999979
1999-08-30,0.009386282857811505
1999-08-31,0.7304045016539241
1999-09-01,-0.1749999999999899
1999-09-02,-0.3359668572459556
1999-09-03,0.574249999999986
1999-09-06,-0.0033691291773571275
1999-09-07,-1.240499999999987
1999-09-08,1.4654999999999876
1999-09-09,0.8326617948361317
1999-09-10,2.034865393041456
1999-09-13,0.3950000000000056
1999-09-14,0.25986407435824804
1999-09-15,1.966000000000009
1999-09-16,-2.707936235601559
1999-09-17,2.1773947752207685
1999-09-20,2.2724999999999884
1999-09-21,-0.37509371297428556
1999-09-22,1.1224070938870427
1999-09-23,0.857405069422783
1999-09-24,-1.1650950110270692
1999-09-27,-1.0708617044394901
1999-09-28,-2.4725000000000095
1999-09-29,0.247500000000001
1999-09-30,3.309876924374765
1999-10-01,-0.41499999999999665
1999-10-04,-2.1024999999999974
1999-10-05,1.6050000000000044
1999-10-06,-0.6926316240453803
1999-10-07,1.5599999999999936
1999-10-08,2.954852538237776
1999-10-11,-0.135
1999-10-12,-1.5200000000000047
1999-10-13,-3.1575000000000037
1999-10-14,-2.74287447950204
1999-10-15,-1.354407263041702
1999-10-18,-1.4101575063856748
1999-10-19,3.1400000000000023
1999-10-20,0.7250000000000056
1999-10-21,0.188000000000005
1999-10-22,1.3848536926130202
1999-10-25,-1.8476508219455112
1999-10-26,-0.2000000000000025
1999-10-27,1.029126950069886
1999-10-28,0.9025000000000019
1999-10-29,2.5423514939412146
1999-11-01,-0.39014829930008993
1999-11-02,1.2244999999999995
1999-11-03,2.0453626509624763
1999-11-04,0.9500000000000044
1999-11-05,-0.8790199564800564
1999-11-08,2.5379999999999856
1999-11-09,0.03250000000000216
1999-11-10,3.5018696143038177
1999-11-11,0.5216402861959367
1999-11-12,1.517999999999999
1999-11-15,-0.8515150190444156
1999-11-16,-0.38526584319193324
1999-11-17,2.404500000000001
1999-11-18,-0.12210941697024183
1999-11-19,0.56575
1999-11-22,-2.120110952603953
1999-11-23,-0.05075000000000319
1999-11-24,1.742086399958672
1999-11-25,0.0
1999-11-26,-1.3827499999999975
1999-11-29,-0.7612500000000013
1999-11-30,1.225
1999-12-01,-3.51725
1999-12-02,-1.4493750000000012
1999-12-03,4.939919292853737
1999-12-06,-2.7048453673722612
1999-12-07,1.924375
1999-12-08,1.5832500000000005
1999-12-09,3.588
1999-12-10,0.7526249999999969
1999-12-13,1.54125
1999-12-14,-2.5362499999999963
1999-12-15,1.4226249999999994
1999-12-16,-1.1925000000000008
1999-12-17,-0.5224263202602563
1999-12-20,-1.7587499999999978
1999-12-21,1.0331249999999983
1999-12-22,-1.7562500000000014
1999-12-23,-1.8279658957227427
1999-12-24,0.0
1999-12-27,-4.618500000000286
1999-12-28,2.006250000000001
1999-12-29,0.16425185882386076
1999-12-30,-0.5798186029260128
1999-12-31,0.6250000000002952
2000-01-03,4.048999999999716
2000-01-04,-5.248749999999985
2000-01-05,0.42361196260989886
2000-01-06,-1.4854999999999856
2000-01-07,-0.47951164469735574
2000-01-10,0.5462499999999945
2000-01-11,-0.9299999999997717
2000-01-12,-7.620500000000215
2000-01-13,-0.6795598524350929
2000-01-14,1.0668888765550175
2000-01-17,-0.00254923426245621
2000-01-18,0.4375000000000087
2000-01-19,-0.9808009679293594
2000-01-20,-0.2449999999999713
2000-01-21,-2.101897149405553
2000-01-24,-2.923305616628642
2000-01-25,-0.5238037719409511
2000-01-26,3.145124999999966
2000-01-27,-2.0022106119063983
2000-01-28,0.3218749999997652
2000-01-31,1.6856924334963577
2000-02-01,-0.9204877097498371
2000-02-02,1.5718234708592855
2000-02-03,3.4442499999999905
2000-02-04,0.5837500000000281
2000-02-07,-0.26812499999996814
2000-02-08,0.6611333699731938
2000-02-09,-0.23937499999999318
2000-02-10,-1.1181250000000504
2000-02-11,1.59625000000005
2000-02-14,-0.1975000000000501
2000-02-15,1.3094840178055853
2000-02-16,-0.22250000000002046
2000-02-17,0.6485000000002548
2000-02-18,0.4143750000000168
2000-02-21,-0.002764433988932915
2000-02-22,-2.4525000000002755
2000-02-23,4.33485852373596
2000-02-24,-0.906249999999964
2000-02-25,1.7250000000000458
2000-02-28,0.12999999999996162
2000-02-29,-1.3707084289764921
2000-03-01,1.1724999999999988
2000-03-02,1.3235419032982811
2000-03-03,-0.7537499999999829
2000-03-06,-0.8602499999999699
2000-03-07,3.968749999999974
2000-03-08,-0.33099999999970336
2000-03-09,-1.3340000000003276
2000-03-10,-0.8712499999999618
2000-03-13,-4.0209999999999795
2000-03-14,-2.1825000000000254
2000-03-15,1.3003433782356928
2000-03-16,0.6965909226409976
2000-03-17,-1.2066250000003285
2000-03-20,1.7341588351928154
2000-03-21,2.1319023103798216
2000-03-22,1.1449999999996758
2000-03-23,2.6283750000003185
2000-03-24,-0.48465391063485075
2000-03-27,0.8024999999999869
2000-03-28,1.3314999999999897
2000-03-29,-1.8263806911057408
2000-03-30,-1.9984999999999593
2000-03-31,1.3754451544936983
2000-04-03,-1.0399999999999674
2000-04-04,-1.9960000000000258
2000-04-05,-0.3097306818947503
2000-04-06,1.7569328932660533
2000-04-07,2.2300000000000066
2000-04-10,1.0599999999999845
2000-04-11,-1.710000000000005
2000-04-12,-2.382500000000286
2000-04-13,-1.2980648469510583
2000-04-14,-2.559999999999693
2000-04-17,1.2372972814921381
2000-04-18,2.581500000000001
2000-04-19,-1.1275000000002775
2000-04-20,1.0900000000000034
2000-04-21,-0.0018908013753459365
2000-04-24,-1.4539999999997224
2000-04-25,-1.0550000000000017
2000-04-26,1.146499999999992
2000-04-27,-0.18499999999999092
2000-04-28,1.9774999999999978
2000-05-01,-1.4125000000002752
2000-05-02,-1.723993385986684
2000-05-03,-3.7565
2000-05-04,-0.6469909093894975
2000-05-05,-2.39669515980085
2000-05-08,1.5876380127169967
2000-05-09,0.11999999999999604
2000-05-10,-3.8500000000002617
2000-05-11,1.2295000000002596
2000-05-12,-1.465392188506122
2000-05-15,4.284500000000275
2000-05-16,1.2755295089657728
2000-05-17,-1.2001249999997543
2000-05-18,-1.1761250000002292
2000-05-19,-0.6032499999997658
2000-05-22,1.4157499999999879
2000-05-23,0.5967500000000141
2000-05-24,1.4070000000000014
2000-05-25,1.589999999999973
2000-05-26,-0.6939599483792313
2000-05-29,0.0
2000-05-30,3.1476250000002546
2000-05-31,0.3512500000000018
2000-06-01,0.26030028611234046
2000-06-02,-1.8612807526848079
2000-06-05,0.17787499999999595
2000-06-06,-5.359091722270375
2000-06-07,-1.0622121490448693
2000-06-08,-0.9708750000002118
2000-06-09,0.32245458870449534
2000-06-12,6.154552756093032
2000-06-13,0.21734761903623914
2000-06-14,2.15822841618016
2000-06-15,-2.39849999999999
2000-06-16,-0.317500000000183
2000-06-19,1.0261689256601212
2000-06-20,0.7988667480812902
2000-06-21,-0.9563326591141963
2000-06-22,-1.1309999999999976
2000-06-23,0.5061569001950187
2000-06-26,0.6776489038034789
2000-06-27,-0.9559999999999996
2000-06-28,3.8134999999999986
2000-06-29,0.9711412496239268
2000-06-30,5.546459094288253
2000-07-03,7.9449999999999985
2000-07-04,-0.006339015907108899
2000-07-05,0.03250000000000373
2000-07-06,0.8589999999999988
2000-07-07,-0.06281520780885563
2000-07-10,2.074999999999998
2000-07-11,0.5968288931063785
2000-07-12,-0.6081027917752818
2000-07-13,1.1756250000000035
2000-07-14,1.218861394654039
2000-07-17,1.6081249999998422
2000-07-18,-1.1411138804043808
2000-07-19,-2.020000000000005
2000-07-20,1.8952500000000012
2000-07-21,-0.9796968666260177
2000-07-24,0.9514999999998299
2000-07-25,1.293500000000164
2000-07-26,1.2683436014017522
2000-07-27,0.3025000000001961
2000-07-28,-0.37251354726208
2000-07-31,0.5225000000002027
2000-08-01,0.6668333556274629
2000-08-02,-0.44900000000020746
2000-08-03,-0.09600000000000036
2000-08-04,2.96179064325417
2000-08-07,-0.2887565073320158
2000-08-08,-0.35975583789378074
2000-08-09,1.1118691924787742
2000-08-10,1.094368034755778
2000-08-11,2.0737499999999827
2000-08-14,-0.3662545198918925
2000-08-15,1.015443879004722
2000-08-16,-0.7599999999999945
2000-08-17,1.227748332760112
2000-08-18,-2.517043027821499
2000-08-21,1.4967067420214801
2000-08-22,1.0249999999999764
2000-08-23,0.9867580518496233
2000-08-24,1.5312499999999847
2000-08-25,-1.07549020500379
2000-08-28,-2.2784463539700885
2000-08-29,-3.8924999999998082
2000-08-30,2.7098750000000336
2000-08-31,-0.2656250000000036
2000-09-01,2.2593749999999755
2000-09-04,-0.0031102863378145574
2000-09-05,-4.008124999999982
2000-09-06,-0.1562500000000273
2000-09-07,-0.21009529921219644
2000-09-08,0.5598749999999874
2000-09-11,0.7924999999997562
2000-09-12,1.3700000000002563
2000-09-13,0.6462499999997312
2000-09-14,1.1512500000002523
2000-09-15,-2.9231249999999975
2000-09-18,-1.6704562449822307
2000-09-19,2.3224999999999767
2000-09-20,-2.3381249999999634
2000-09-21,-0.12249999999999636
2000-09-22,-1.5355000000000312
2000-09-25,1.1352471217006408
2000-09-26,-0.19800000000004067
2000-09-27,-0.026999999999976376
2000-09-28,-1.3510466984295666
2000-09-29,-0.5757602421652528
2000-10-02,0.04750000000006071
2000-10-03,-2.5513750000000597
2000-10-04,-3.1423749999999275
2000-10-05,1.1787499999999405
2000-10-06,0.7211250000000547
2000-10-09,1.1173011834152993
2000-10-10,-0.8555000000000342
2000-10-11,-0.06937025441509315
2000-10-12,-4.283807985065168
2000-10-13,1.011947959711152
2000-10-16,0.8912499999999981
2000-10-17,-0.34707079016060083
2000-10-18,1.3619999999999985
2000-10-19,1.1123750000000119
2000-10-20,0.897500000000044
2000-10-23,1.039325324771263
2000-10-24,-1.7557500000000936
2000-10-25,-1.97562499999994
2000-10-26,-0.6055000000000842
2000-10-27,1.5555145866914146
2000-10-30,0.2651249999999896
2000-10-31,-2.3682550628722105
2000-11-01,-0.1429871510070302
2000-11-02,-2.35325000000004
2000-11-03,-4.706775452567905
2000-11-06,-1.3557887995601217
2000-11-07,0.8554999999999997
2000-11-08,-2.0099999999999993
2000-11-09,2.250000000000012
2000-11-10,4.6225051537927895
2000-11-13,2.103874070739201
2000-11-14,1.476390089706596
2000-11-15,2.310000000000008
2000-11-16,-0.5024999999999832
2000-11-17,-1.3630000000000126
2000-11-20,1.9754999999999585
2000-11-21,0.8818843460154664
2000-11-22,1.873000000000009
2000-11-23,-0.003115999136010183
2000-11-24,-1.2500000000000036
2000-11-27,1.3124999999999212
2000-11-28,0.42000000000006177
2000-11-29,3.281000000000057
2000-11-30,-0.5086053372261831
2000-12-01,-0.3440000000000618
2000-12-04,0.7100000000000072
2000-12-05,2.072500000000091
2000-12-06,2.4214999999999147
2000-12-07,2.6628856350515324
2000-12-08,-2.9775000000000222
2000-12-11,-0.7049999999999104
2000-12-12,-0.755000000000002
2000-12-13,4.692499999999886
2000-12-14,0.06750000000003384
2000-12-15,1.3749999999999671
2000-12-18,-0.4501523646775578
2000-12-19,-2.759841789262916
2000-12-20,-2.7248366583834986
2000-12-21,-2.1863884339855457
2000-12-22,0.9693342896274627
2000-12-25,-0.0025268598421183766
2000-12-26,0.2168749999999318
2000-12-27,-2.855499999999976
2000-12-28,-1.0563749999999748
2000-12-29,-1.300499999999998
2001-01-01,0.0
2001-01-02,2.989249999999907
2001-01-03,-3.326075626406641
2001-01-04,1.3363673041609592
2001-01-05,4.031922646185348
2001-01-08,1.2815496091200895
2001-01-09,-2.5974999999999935
2001-01-10,-3.863749999999973
2001-01-11,1.43939603351495
2001-01-12,-2.1866190930045426
2001-01-15,0.0
2001-01-16,-0.12749999999997655
2001-01-17,2.824999999999937
2001-01-18,2.5461135340132426
2001-01-19,0.4616250000000342
2001-01-22,-0.8118750000000148
2001-01-23,-0.21585352165181446
2001-01-24,1.7991449023999102
2001-01-25,1.1856250000000121
2001-01-26,1.3322778605653858
2001-01-29,1.5693749999999715
2001-01-30,-0.4787179905644464
2001-01-31,1.9622928837084048
2001-02-01,-1.6166993778308636
2001-02-02,-1.9391250000000229
2001-02-05,0.44999999999999574
2001-02-06,-0.1383750000000435
2001-02-07,1.1826293614088308
2001-02-08,1.639124999999967
2001-02-09,-0.03622744593923974
2001-02-12,1.3255428719582907
2001-02-13,-0.7338306183546961
2001-02-14,-2.4350596286402637
2001-02-15,0.05396353915052691
2001-02-16,0.9175000000000006
2001-02-19,-0.0018090290910802874
2001-02-20,0.3387499999999431
2001-02-21,-0.33999999999992375
2001-02-22,0.7968749999999774
2001-02-23,1.9786685471674659
2001-02-26,1.0557257686893873
2001-02-27,-0.09177032438771497
2001-02-28,-1.5769556397094624
2001-03-01,-0.517624999999961
2001-03-02,0.5707274268051553
2001-03-05,0.8156249999999649
2001-03-06,-1.2192821364433164
2001-03-07,3.1962499999999836
2001-03-08,0.0012499999999996817
2001-03-09,-0.1579597128593564
2001-03-12,-0.689374999999967
2001-03-13,2.7359371193950426
2001-03-14,2.6043749999999948
2001-03-15,4.608749999999992
2001-03-16,4.229159109585549
2001-03-19,-0.726874999999984
2001-03-20,0.21625000000000819
2001-03-21,0.8830517760305697
2001-03-22,0.6452719904269911
2001-03-23,-0.9800000000000326
2001-03-26,-0.4674999999999389
2001-03-27,-3.172500000000014
2001-03-28,1.7388392157220312
2001-03-29,1.7493749999999781
2001-03-30,5.1706250000000065
2001-04-02,-1.904374999999972
2001-04-03,-0.2637499999999999
2001-04-04,-0.9256250000000477
2001-04-05,-1.2131249999999532
2001-04-06,3.7306249999999963
2001-04-09,1.8674999999999333
2001-04-10,0.7125
2001-04-11,-1.617499999999976
2001-04-12,-1.7718749999999592
2001-04-13,0.0
2001-04-16,-2.043750000000042
2001-04-17,5.796874999999979
2001-04-18,2.1460257451822993
2001-04-19,-0.8725000000000471
2001-04-20,-1.1984698418910056
2001-04-23,3.8012500000000284
2001-04-24,4.730000000000011
2001-04-25,-2.192861668359575
2001-04-26,-0.49600000000003747
2001-04-27,0.40250000000003816
2001-04-30,-0.7050000000000033
2001-05-01,-0.10025000000003638
2001-05-02,-1.2497499999999961
2001-05-03,2.143750000000027
2001-05-04,-1.0462499999999955
2001-05-07,3.2187499999999765
2001-05-08,2.0697500000000386
2001-05-09,0.49124999999996816
2001-05-10,2.740249999999996
2001-05-11,-1.5140296901273402
2001-05-14,-0.06209723933163659
2001-05-15,-0.4674999999999972
2001-05-16,0.4524999999999778
2001-05-17,6.702904692945547
2001-05-18,-0.33765759922426986
2001-05-21,5.669874999999991
2001-05-22,1.185000000000012
2001-05-23,-2.9762500000000105
2001-05-24,-1.4110316591739072
2001-05-25,1.2475000000000116
2001-05-28,0.0
2001-05-29,0.640625000000013
2001-05-30,-2.9776206006861425
2001-05-31,-0.25237499999999635
2001-06-01,-3.122500000000027
2001-06-04,1.8231247085341387
2001-06-05,1.2604999999999815
2001-06-06,-0.4379999999999958
2001-06-07,-0.29262499999999675
2001-06-08,2.5258679742381673
2001-06-11,-0.25562499999997396
2001-06-12,-0.7938750000000274
2001-06-13,2.7018750000000074
2001-06-14,-0.8221760449952537
2001-06-15,4.580749999999997
2001-06-18,-0.27950000000000114
2001-06-19,-2.32925000000001
2001-06-20,1.365000000000022
2001-06-21,1.8092499999999871
2001-06-22,1.068750000000018
2001-06-25,1.8031206920307123
2001-06-26,-0.11780565676510492
2001-06-27,-2.8207500000000105
2001-06-28,-2.0517499999999984
2001-06-29,0.6650000000000271
2001-07-02,-0.736216361132146
2001-07-03,-2.299763437328122
2001-07-04,0.0
2001-07-05,-3.409999999999999
2001-07-06,-2.6360107383810445
2001-07-09,-1.048750000000005
2001-07-10,-4.790999999999998
2001-07-11,-8.170765904916646
2001-07-12,-8.785873392355105
2001-07-13,5.589144567315854
2001-07-16,5.561905885432115
2001-07-17,0.9957311801263433
2001-07-18,2.019853322709048
2001-07-19,-0.6438198845183605
2001-07-20,4.434374999999995
2001-07-23,1.5843749999999983
2001-07-24,-1.9262500000000156
2001-07-25,-2.686624999999971
2001-07-26,0.8078749999999657
2001-07-27,-0.029529414710151716
2001-07-30,1.6143750000000179
2001-07-31,0.167499999999975
2001-08-01,-1.3090613062076806
2001-08-02,1.6873113880706228
2001-08-03,0.6951249999999616
2001-08-06,0.25362500000002697
2001-08-07,-0.4521833759452491
2001-08-08,2.4005489567671563
2001-08-09,-1.655499999999991
2001-08-10,0.6824999999999677
2001-08-13,-0.34249999999997055
2001-08-14,-0.3030661743978313
2001-08-15,1.4175000000000182
2001-08-16,1.7266651609188088
2001-08-17,1.0500000000000393
2001-08-20,-0.2914187494660833
2001-08-21,-1.4174677030454341
2001-08-22,0.6749611684520435
2001-08-23,-0.5500000000000164
2001-08-24,1.3934999999999644
2001-08-27,-1.647394277924682
2001-08-28,1.4700000000000233
2001-08-29,0.5925000000000239
2001-08-30,-1.9869102536001235
2001-08-31,-0.4500000000000595
2001-09-03,-0.0035478342571040366
2001-09-04,-3.3300000000000196
2001-09-05,-0.016249999999974445
2001-09-06,1.8062499999999897
2001-09-07,-0.644999999999936
2001-09-10,-2.1387374724252557
2001-09-11,-5.234374999999981
2001-09-12,-0.018457382018553837
2001-09-13,4.292499999999962
2001-09-14,2.5987815184131904
2001-09-17,1.8274999999999373
2001-09-18,0.15942137968484454
2001-09-19,1.0359970515067214
2001-09-20,-1.3074900689408409
2001-09-21,2.09749999999999
2001-09-24,0.0575098694863005
2001-09-25,-0.5949850070648214
2001-09-26,0.5165140422910436
2001-09-27,1.9623549689267143
2001-09-28,0.6900000000000275
2001-10-01,2.5990092230634745
2001-10-02,0.6739329143860693
2001-10-03,-0.14810781506358695
2001-10-04,-1.8324999999998692
2001-10-05,-1.5314794338785787
2001-10-08,-0.675
2001-10-09,1.6337500000000704
2001-10-10,1.6232098552039556
2001-10-11,-1.3448435354315416
2001-10-12,3.8283003160853593
2001-10-15,3.929999999999921
2001-10-16,2.4625000000000834
2001-10-17,-0.1300079924437674
2001-10-18,1.2913503650534048
2001-10-19,-2.1762568997162868
2001-10-22,1.0444418834727478
2001-10-23,-1.123758078956912
2001-10-24,-0.3637477013034892
2001-10-25,0.8536249999999167
2001-10-26,0.6920016925479754
2001-10-29,2.0093150767588304
2001-10-30,0.7737499999999705
2001-10-31,3.8085000000000604
2001-11-01,0.3464875356937761
2001-11-02,-2.9779756022193453
2001-11-05,4.616820401451383
2001-11-06,1.134363649642404
2001-11-07,3.06375086573116
2001-11-08,-2.781249999999978
2001-11-09,-1.6399991934273768
2001-11-12,-0.002984440627318786
2001-11-13,-3.2106249999998915
2001-11-14,-1.5181203408215598
2001-11-15,-6.418939452248138
2001-11-16,-2.7166244143605898
2001-11-19,3.030433760131957
2001-11-20,-1.9818750000000154
2001-11-21,-1.2406249999999561
2001-11-22,-0.006440181306522077
2001-11-23,-0.7921250000000378
2001-11-26,2.5139999999999927
2001-11-27,-1.8012003069960867
2001-11-28,1.968499999999978
2001-11-29,0.7156250000000255
2001-11-30,-0.9352498245370974
2001-12-03,2.521453052787175
2001-12-04,1.2635000000000254
2001-12-05,-2.556250000000059
2001-12-06,-0.4662499999999528
2001-12-07,-0.27625000000003896
2001-12-10,0.1477500000000156
2001-12-11,2.5300000000000016
2001-12-12,2.9383212429122163
2001-12-13,0.3085000000000011
2001-12-14,-0.4546827390072561
2001-12-17,1.0423146648627888
2001-12-18,0.7002499999999887
2001-12-19,1.0898190519454802
2001-12-20,-2.2385000000000157
2001-12-21,3.4725682681885903
2001-12-24,0.8337499999999716
2001-12-25,0.0
2001-12-26,-1.0214999999999963
2001-12-27,0.5420011431257574
2001-12-28,-1.5511524676614936
2001-12-31,1.6724999999999877
2002-01-01,-0.0023783116239099594
2002-01-02,1.7375000000000096
2002-01-03,-0.051249999999986355
2002-01-04,-2.8433484512455163
2002-01-07,0.09224999999998336
2002-01-08,-1.9509999999999912
2002-01-09,-0.6290000000000328
2002-01-10,-1.0149999999999582
2002-01-11,1.794157484515594
2002-01-14,0.035776985461829613
2002-01-15,-0.7325000000000135
2002-01-16,-0.6862499999999887
2002-01-17,3.9531955964765397
2002-01-18,0.5375000000000112
2002-01-21,0.0
2002-01-22,1.1362500000000233
2002-01-23,-0.43625000000003084
2002-01-24,-0.03874999999996321
2002-01-25,-0.3785314990790954
2002-01-28,-0.05499999999998417
2002-01-29,0.4040041401047062
2002-01-30,2.59625000000003
2002-01-31,-0.47009786588529473
2002-02-01,1.705000000000007
2002-02-04,0.1471352704279972
2002-02-05,1.604999999999974
2002-02-06,2.550625000000013
2002-02-07,-2.004375000000007
2002-02-08,2.613750000000029
2002-02-11,0.10937499999997272
2002-02-12,-0.06449679214605678
2002-02-13,-3.035625000000004
2002-02-14,0.3675000000000072
2002-02-15,3.409380786759155
2002-02-18,-0.0028183727730959124
2002-02-19,-1.4053750000000054
2002-02-20,-0.764374999999988
2002-02-21,0.12562500000000226
2002-02-22,1.419589577925778
2002-02-25,4.55438183300642
2002-02-26,-0.4628708752905822
2002-02-27,0.47131574656517006
2002-02-28,-1.7446792840310466
2002-03-01,-1.2149999999999832
2002-03-04,1.0039999999999965
2002-03-05,-0.8200000000000455
2002-03-06,0.5635000000000032
2002-03-07,-2.101252430072378
2002-03-08,-2.196730448006021
2002-03-11,-0.4542494839867276
2002-03-12,-1.500125554290873
2002-03-13,2.991875000000009
2002-03-14,-2.1906250000000274
2002-03-15,4.196874999999993
2002-03-18,-0.02950000000003174
2002-03-19,0.2694404768005486
2002-03-20,-0.14612499999996198
2002-03-21,1.4224326473612967
2002-03-22,0.4982422388422747
2002-03-25,2.976658929887402
2002-03-26,-0.8694643496904522
2002-03-27,0.4064999999999938
2002-03-28,1.790000000000019
2002-03-29,0.0
2002-04-01,-0.2302500000000147
2002-04-02,0.04250000000003729
2002-04-03,2.418749999999968
2002-04-04,0.0037500000000136426
2002-04-05,2.1102499999999997
2002-04-08,-1.561250000000008
2002-04-09,0.17225000000002944
2002-04-10,0.7012499999999854
2002-04-11,-1.1760000000000121
2002-04-12,-0.16198941923008772
2002-04-15,0.2981250000000081
2002-04-16,-1.4608749999999704
2002-04-17,-5.616800754212184
2002-04-18,2.8384068616688167
2002-04-19,0.4256250000000008
2002-04-22,-0.34624999999995726
2002-04-23,-1.126875000000013
2002-04-24,1.7588172593048408
2002-04-25,-1.916249999999984
2002-04-26,-0.15537205379163932
2002-04-29,-0.007500000000030013
2002-04-30,-0.7762911226881603
2002-05-01,-3.06799999999996
2002-05-02,-0.7149903623767178
2002-05-03,1.2086462645261746
2002-05-06,-1.651800745788741
2002-05-07,-3.2074921165568084
2002-05-08,0.309127374723884
2002-05-09,-0.8486774533303577
2002-05-10,-0.5199999999999741
2002-05-13,-8.51749999999999
2002-05-14,-0.16012192531920366
2002-05-15,1.062500000000024
2002-05-16,2.6350000000000473
2002-05-17,1.9512328891910014
2002-05-20,-0.5089857414268145
2002-05-21,0.9825000000000437
2002-05-22,1.044999999999975
2002-05-23,-0.38549999999997997
2002-05-24,0.912499999999992
2002-05-27,0.0
2002-05-28,-1.2750000000000279
2002-05-29,-3.804499999999978
2002-05-30,0.13121396597403703
2002-05-31,0.3449999999999929
2002-06-03,2.190833557372208
2002-06-04,-2.197499999999915
2002-06-05,-0.061345425310427824
2002-06-06,1.8408484051515486
2002-06-07,0.17312499999993353
2002-06-10,1.1921250000000536
2002-06-11,2.9687499999999387
2002-06-12,-0.8277499999999939
2002-06-13,-0.2209999999999436
2002-06-14,3.3758144310090414
2002-06-17,0.09787499999993106
2002-06-18,-0.15474999999994907
2002-06-19,1.5712500000000562
2002-06-20,-6.456500000000095
2002-06-21,0.11940838878076468
2002-06-24,-5.337258261965705
2002-06-25,-1.9910973900244495
2002-06-26,0.4262500000000438
2002-06-27,-4.0755000000000425
2002-06-28,0.3128392222480858
2002-07-01,-2.2950000000000603
2002-07-02,3.7156770060993893
2002-07-03,1.2382873344270222
2002-07-04,0.0
2002-07-05,-3.00000000000004
2002-07-08,2.9307115197671063
2002-07-09,2.068207144962646
2002-07-10,3.490000000000074
2002-07-11,2.701499999999969
2002-07-12,1.1800000000000004
2002-07-15,-2.2617422438236336
2002-07-16,-3.214293773723075
2002-07-17,1.9891249999999738
2002-07-18,1.8512500000000296
2002-07-19,0.9609823803233116
2002-07-22,-0.702375000000087
2002-07-23,2.0708672296786834
2002-07-24,-1.8693697975109216
2002-07-25,-0.33039703410053267
2002-07-26,2.4028672426385804
2002-07-29,-1.1167500000000317
2002-07-30,-3.170227459556127
2002-07-31,-0.8993750000000731
2002-08-01,1.7415066062727724
2002-08-02,2.140499999999969
2002-08-05,1.3849999999999778
2002-08-06,-1.537499999999965
2002-08-07,2.5570000000000395
2002-08-08,-0.9895000000000146
2002-08-09,1.3124999999999565
2002-08-12,-2.904999999999927
2002-08-13,0.11197702003493877
2002-08-14,-1.637000000000031
2002-08-15,-1.2850000000000015
2002-08-16,-0.2213096190010191
2002-08-19,2.077382079757656
2002-08-20,2.972500000000054
2002-08-21,-0.2624999999999832
2002-08-22,-2.124500000000035
2002-08-23,1.429499999999996
2002-08-26,0.6729999999999781
2002-08-27,-1.7799999999999456
2002-08-28,1.2619999999999036
2002-08-29,1.8975000000000273
2002-08-30,0.048000000000058295
2002-09-02,-0.003813303987769438
2002-09-03,1.3625000000000065
2002-09-04,0.6224999999999316
2002-09-05,0.7475000000000196
2002-09-06,-2.8779999999999677
2002-09-09,-0.4200000000000915
2002-09-10,0.5203185464121427
2002-09-11,-1.6399999999999781
2002-09-12,3.557000000000044
2002-09-13,2.4729999999999035
2002-09-16,0.7145000000001075
2002-09-17,0.8355000000000022
2002-09-18,-0.1930000000000864
2002-09-19,-0.7208242893950308
2002-09-20,-1.4149999999999636
2002-09-23,3.6574999999999434
2002-09-24,-0.5402328688337417
2002-09-25,-1.1269039106115046
2002-09-26,0.7550000000000838
2002-09-27,1.0414999999999315
2002-09-30,2.6445588021576083
2002-10-01,-1.1599999999999355
2002-10-02,-0.14795065364552995
2002-10-03,0.27849999999991915
2002-10-04,-1.0860000000000127
2002-10-07,0.591214494640141
2002-10-08,0.997033512758178
2002-10-09,0.6125000000000222
2002-10-10,0.3159999999999845
2002-10-11,-0.6304965740042658
2002-10-14,0.275
2002-10-15,-6.333042987523432
2002-10-16,-0.3925000000000325
2002-10-17,-2.172500000000049
2002-10-18,0.8415000000000528
2002-10-21,-1.4815000000000393
2002-10-22,-0.5324999999999083
2002-10-23,1.0411532395378216
2002-10-24,1.8444599198048408
2002-10-25,1.9269999999999994
2002-10-28,-0.4563216393392558
2002-10-29,1.049462523884253
2002-10-30,-0.11949999999998843
2002-10-31,1.4269999999999838
2002-11-01,-1.413037309582472
2002-11-04,-1.3824999999999064
2002-11-05,-0.1375
2002-11-06,0.7574999999999861
2002-11-07,2.9649999999999834
2002-11-08,-0.15159494844784402
2002-11-11,0.075
2002-11-12,0.36499999999995103
2002-11-13,1.0200000000000105
2002-11-14,-3.0525000000000317
2002-11-15,-0.8273197816280068
2002-11-18,2.305499999999987
2002-11-19,-0.10750000000003447
2002-11-20,-1.6274999999999946
2002-11-21,-1.448000000000033
2002-11-22,-1.0269999999999417
2002-11-25,0.6119999999999305
2002-11-26,1.4555000000000577
2002-11-27,-2.980000000000013
2002-11-28,-0.00410765067650507
2002-11-29,0.7625000000000052
2002-12-02,0.13949999999999174
2002-12-03,-0.7045000000000023
2002-12-04,-1.4104999999999739
2002-12-05,2.3405000000000142
2002-12-06,2.4499999999999957
2002-12-09,1.3174999999999482
2002-12-10,0.7670000000000434
2002-12-11,0.7229999999999472
2002-12-12,-0.5079999999999975
2002-12-13,-0.8465835578457254
2002-12-16,-1.0620000000000238
2002-12-17,0.026999999999934698
2002-12-18,2.3325000000000284
2002-12-19,1.9924999999999633
2002-12-20,-0.004499999999926013
2002-12-23,-0.3135184346916146
2002-12-24,0.13087723734113807
2002-12-25,0.0
2002-12-26,-0.3584999999999964
2002-12-27,1.4309999999999539
2002-12-30,-1.1334999999999367
2002-12-31,0.8968599337663533
2003-01-01,-0.003066026046297885
2003-01-02,-5.346999999999959
2003-01-03,-0.028000000000051636
2003-01-06,-1.3144999999999283
2003-01-07,1.6099999999999428
2003-01-08,-1.3705097203925931
2003-01-09,-4.26497554906551
2003-01-10,-1.0061037536304622
2003-01-13,1.7049834102180943
2003-01-14,2.167499999999992
2003-01-15,-0.24107469682160845
2003-01-16,-0.27249999999997043
2003-01-17,0.6599999999999536
2003-01-20,0.0
2003-01-21,-2.312999999999984
2003-01-22,1.4904999999999902
2003-01-23,0.29199999999998927
2003-01-24,-0.7995387200527321
2003-01-27,-1.3765000000000644
2003-01-28,-1.333499999999934
2003-01-29,-0.7372206704015414
2003-01-30,0.7449999999999779
2003-01-31,-0.12749999999999895
2003-02-03,-0.24687229457760354
2003-02-04,0.9124999999999834
2003-02-05,-1.0212098695492708
2003-02-06,1.128749999999938
2003-02-07,-0.3406249999999074
2003-02-10,-1.1960418046838297
2003-02-11,0.48431419513308765
2003-02-12,2.2708287740366058
2003-02-13,2.1593750000000322
2003-02-14,-1.45708520455093
2003-02-17,0.0
2003-02-18,0.858375000000051
2003-02-19,1.9859999999998996
2003-02-20,0.6796250000000663
2003-02-21,-0.49499999999996624
2003-02-24,1.135647241280076
2003-02-25,0.0403749999999256
2003-02-26,1.1393750000000673
2003-02-27,0.6190748008348562
2003-02-28,1.7943749999999257
2003-03-03,0.40796353814272157
2003-03-04,0.5881249999999066
2003-03-05,0.1643750000000181
2003-03-06,-1.131250000000027
2003-03-07,1.6856249999999657
2003-03-10,2.4531250000000275
2003-03-11,0.6463755996072085
2003-03-12,-0.6393750000000229
2003-03-13,-5.056874999999971
2003-03-14,1.036049890435559
2003-03-17,-1.0924999999999938
2003-03-18,-3.2734999999999053
2003-03-19,-1.5525206637512572
2003-03-20,-1.0900000000000156
2003-03-21,-1.4837499999999606
2003-03-24,3.4580860311410984
2003-03-25,0.742353420074577
2003-03-26,0.7243037005724737
2003-03-27,0.21735876293091144
2003-03-28,1.5923618608072752
2003-03-31,-0.9846908415474805
2003-04-01,-0.09217293513229967
2003-04-02,-1.2455000000000032
2003-04-03,0.7079999999999383
2003-04-04,-0.9180208480310901
2003-04-07,-1.6619999999999928
2003-04-08,0.541831299899486
2003-04-09,1.5857124179020954
2003-04-10,0.5400000000000311
2003-04-11,0.9049999999999457
2003-04-14,-1.1304999999999812
2003-04-15,1.450500000000027
2003-04-16,0.684999999999936
2003-04-17,0.812828674521373
2003-04-18,0.0
2003-04-21,-0.4382499999999737
2003-04-22,-0.32501064277499936
2003-04-23,1.744125
2003-04-24,3.24709432916455
2003-04-25,1.1071250000000044
2003-04-28,0.8750460492353039
2003-04-29,0.27187499999993425
2003-04-30,3.450042650245847
2003-05-01,0.48249999999995324
2003-05-02,-1.2333300714753632
2003-05-05,0.8175419469632581
2003-05-06,1.135625000000016
2003-05-07,4.09012499999994
2003-05-08,3.329375000000119
2003-05-09,-1.0574999999999988
2003-05-12,-0.04957209331831013
2003-05-13,2.5041987244067947
2003-05-14,-1.289152114744798
2003-05-15,-6.102513618625054
2003-05-16,5.5772500455372445
2003-05-19,-0.042905295779682044
2003-05-20,3.9421250000000256
2003-05-21,-0.33539073548009113
2003-05-22,1.0843750000000207
2003-05-23,-0.10000000000004838
2003-05-26,0.0
2003-05-27,-3.405625000000004
2003-05-28,0.6437500000000408
2003-05-29,3.227156254646445
2003-05-30,-0.009999999999893702
2003-06-02,-0.4350000000000857
2003-06-03,2.1293184803901313
2003-06-04,-4.578375000000064
2003-06-05,0.13369394394225442
2003-06-06,-3.819250000000074
2003-06-09,3.167088345716884
2003-06-10,2.793125000000006
2003-06-11,0.16062499999988414
2003-06-12,-0.6019999999999797
2003-06-13,3.966374999999972
2003-06-16,-2.50812499999999
2003-06-17,-3.435000000000009
2003-06-18,-3.8081249999999445
2003-06-19,2.2819905259467643
2003-06-20,-1.0900000000000285
2003-06-23,2.677499999999951
2003-06-24,0.9550000000000695
2003-06-25,-1.7570000000000898
2003-06-26,-3.0899999999999204
2003-06-27,0.049499999999931786
2003-06-30,0.820500000000023
2003-07-01,-0.3821776311733885
2003-07-02,-0.06052489508657767
2003-07-03,-0.8811797518468358
2003-07-04,-0.001679751846799502
2003-07-07,-3.0729999999999453
2003-07-08,-0.9670000000000294
2003-07-09,1.149499999999971
2003-07-10,2.165770011464084
2003-07-11,2.5565446159140484
2003-07-14,-1.9247293126284453
2003-07-15,-5.608735406829243
2003-07-16,0.45731227807213437
2003-07-17,-0.3497346726623895
2003-07-18,-0.23873467266246182
2003-07-21,-6.0592442582622565
2003-07-22,0.47869008332615
2003-07-23,-0.9148706409816558
2003-07-24,0.0003033136357092946
2003-07-25,0.42512996021952787
2003-07-28,-2.793250000000023
2003-07-29,-3.3736249999999925
2003-07-30,2.1805610405570266
2003-07-31,-3.779758539085214
2003-08-01,-1.0609805942282864
2003-08-04,-1.4875000000000014
2003-08-05,-0.7092499999999766
2003-08-06,1.6937500000000005
2003-08-07,0.5010215003507357
2003-08-08,-0.061250000000014466
2003-08-11,-1.034249999999988
2003-08-12,-3.6624999999999934
2003-08-13,-2.114033155064996
2003-08-14,0.08425000000001073
2003-08-15,0.04600240130981726
2003-08-18,-2.7992499999999896
2003-08-19,2.1772073802019802
2003-08-20,-1.2290345785556733
2003-08-21,-0.8879999999999874
2003-08-22,0.40844785434663455
2003-08-25,-1.1860401490325525
2003-08-26,-0.2937499999999819
2003-08-27,-0.6400000000000243
2003-08-28,-0.2907499999999858
2003-08-29,-1.1662500000000144
2003-09-01,0.0
2003-09-02,-0.821749999999968
2003-09-03,0.6614352270453147
2003-09-04,1.316664643207785
2003-09-05,2.245250000000034
2003-09-08,-1.249606154726929
2003-09-09,0.5912500000000033
2003-09-10,1.6387499999999795
2003-09-11,0.08974999999991377
2003-09-12,1.8527500000001202
2003-09-15,0.7747499999999791
2003-09-16,0.6797499999998945
2003-09-17,0.6652499999999851
2003-09-18,-0.0625
2003-09-19,0.29100000000012294
2003-09-22,0.5401205002281434
2003-09-23,-0.0269632712915376
2003-09-24,1.4484999999998731
2003-09-25,-1.1397499999998977
2003-09-26,-0.28947480963831906
2003-09-29,-0.23996563308407987
2003-09-30,3.0000726569125398
2003-10-01,-0.5109999999999818
2003-10-02,-2.3024916500951407
2003-10-03,-4.631875000000168
2003-10-06,0.8061261241632982
2003-10-07,-1.4147521416057505
2003-10-08,0.37749999999995637
2003-10-09,-0.30312500000010995
2003-10-10,2.5608550677744346
2003-10-13,-0.3
2003-10-14,-1.9481249999999948
2003-10-15,-0.21687500000003612
2003-10-16,-1.6460253053401441
2003-10-17,2.0000000000001203
2003-10-20,1.1983508618707992
2003-10-21,0.5102258618707876
2003-10-22,-0.46374999999992506
2003-10-23,-3.18749999999996
2003-10-24,2.792107710222966
2003-10-27,-0.4493750000000089
2003-10-28,1.520625000000018
2003-10-29,-1.8323805668976503
2003-10-30,-1.364375000000145
2003-10-31,0.9262500000001485
2003-11-03,-0.06749999999998926
2003-11-04,2.1037499999998444
2003-11-05,-1.5586561051406747
2003-11-06,-0.5281249999999936
2003-11-07,-0.9231250000000324
2003-11-10,0.4237500000001195
2003-11-11,-0.003485011102338384
2003-11-12,-1.2643749999999851
2003-11-13,1.5646249999998467
2003-11-14,1.071095789956986
2003-11-17,0.8093749999999659
2003-11-18,0.09337500000012454
2003-11-19,-0.41187499999999366
2003-11-20,0.9247500000000433
2003-11-21,-0.2635000000000496
2003-11-24,-1.439624999999949
2003-11-25,0.05249999999981578
2003-11-26,-1.644374999999844
2003-11-27,0.0
2003-11-28,-1.7781250000000182
2003-12-01,-1.3259999999999745
2003-12-02,1.0428742060856766
2003-12-03,-0.37249999999995814
2003-12-04,1.2368749999999424
2003-12-05,3.1712499999999926
2003-12-08,-0.8548214138338927
2003-12-09,-1.1637500000000984
2003-12-10,0.3000000000000902
2003-12-11,2.566875000000026
2003-12-12,-1.3218749999999988
2003-12-15,-0.6606249999999878
2003-12-16,1.2801978337508297
2003-12-17,0.6812499999999809
2003-12-18,0.44500000000005113
2003-12-19,0.17361823979405924
2003-12-22,-0.9499999999998509
2003-12-23,-1.646875000000061
2003-12-24,2.280000000000021
2003-12-25,0.0
2003-12-26,0.7499999999999402
2003-12-29,-1.4037499999999439
2003-12-30,-0.3783466496059505
2003-12-31,0.26249999999997975
2004-01-01,-0.0023000076006957173
2004-01-02,-0.8556249999999984
2004-01-05,0.250184101748254
2004-01-06,2.7507605166021016
2004-01-07,1.3519322478825664
2004-01-08,0.0847638855544742
2004-01-09,3.7230661459082754
2004-01-12,-0.0003750000001752142
2004-01-13,-0.6645968212594958
2004-01-14,1.1745112611085555
2004-01-15,-0.24499270757894734
2004-01-16,-0.49606833943170797
2004-01-19,-0.005666217292679663
2004-01-20,-1.3075000000001968
2004-01-21,-1.7287694355163445
2004-01-22,-0.4464600526749218
2004-01-23,1.5384010125524223
2004-01-26,-1.4680824100047838
2004-01-27,0.5901906652773559
2004-01-28,-4.522499999999939
2004-01-29,-2.3487442687134155
2004-01-30,2.787691441285671
2004-02-02,-0.14499999999999508
2004-02-03,0.33175000000001825
2004-02-04,-1.4087500000002007
2004-02-05,-0.5411249999997996
2004-02-06,2.949874999999969
2004-02-09,1.165749999999974
2004-02-10,-1.184500000000101
2004-02-11,3.7218750000001863
2004-02-12,0.030624999999835062
2004-02-13,1.0195045717928257
2004-02-16,-0.007517135901573437
2004-02-17,0.3774999999999918
2004-02-18,-1.1350000000000302
2004-02-19,1.0328567372353679
2004-02-20,-0.7079026388834065
2004-02-23,0.09249999999977063
2004-02-24,1.14807986706844
2004-02-25,0.3324080357680993
2004-02-26,0.05707777280314731
2004-02-27,1.5025811321948854
2004-03-01,1.5200903813206998
2004-03-02,-2.654571800090416
2004-03-03,-1.3236250000000735
2004-03-04,2.142375000000182
2004-03-05,6.278366225033766
2004-03-08,0.13285342030099112
2004-03-09,3.807500000000026
2004-03-10,-1.1355000000000766
2004-03-11,0.24000000000007762
2004-03-12,0.2504999999999478
2004-03-15,1.2395000000000367
2004-03-16,1.0895356140232972
2004-03-17,1.726000000000046
2004-03-18,0.014000000000023646
2004-03-19,-0.24400000000002164
2004-03-22,3.761499999999974
2004-03-23,0.15599999999996908
2004-03-24,-2.651314654179396
2004-03-25,-1.6849999999998013
2004-03-26,-4.000040779333269
2004-03-29,-3.7100000000000217
2004-03-30,2.1575000000000424
2004-03-31,5.759694029965075
2004-04-01,-0.136384050777298
2004-04-02,-4.568999999999807
2004-04-05,-1.725134045345415
2004-04-06,0.16713011865196079
2004-04-07,0.26749999999999324
2004-04-08,0.16312499999999902
2004-04-09,0.0
2004-04-12,-3.2777499999998305
2004-04-13,-5.150800036421184
2004-04-14,-0.3865062696779623
2004-04-15,-2.4681250000000414
2004-04-16,2.3018881526980963
2004-04-19,-0.6050052049161379
2004-04-20,-1.894750000000196
2004-04-21,-0.9346249999999479
2004-04-22,0.5468750000001454
2004-04-23,-1.1424999999999679
2004-04-26,0.6827499999998141
2004-04-27,1.9575000000000138
2004-04-28,-3.064000000000049
2004-04-29,-1.1334934730362698
2004-04-30,1.3311250000000345
2004-05-03,-0.23000000000020923
2004-05-04,0.24262500000015336
2004-05-05,-1.2120000000001037
2004-05-06,-2.4248749999998944
2004-05-07,-4.196875000000135
2004-05-10,-3.3824785064732645
2004-05-11,1.6302506066689988
2004-05-12,-0.5462500000001145
2004-05-13,-1.003966918478857
2004-05-14,1.0891735160988065
2004-05-17,1.7305096569002596
2004-05-18,-1.1239999999998862
2004-05-19,0.29274999999988616
2004-05-20,-0.5487500000000161
2004-05-21,-0.46349084178815003
2004-05-24,1.69775
2004-05-25,0.9835000000001083
2004-05-26,0.4362500000000102
2004-05-27,1.0724999999998541
2004-05-28,-0.06224999999986221
2004-05-31,0.0
2004-06-01,0.7910000000000098
2004-06-02,-0.17500000000000512
2004-06-03,-0.2935000000001172
2004-06-04,-0.09999999999988658
2004-06-07,0.1521898961657192
2004-06-08,-0.03199999999986685
2004-06-09,-0.6280000000001579
2004-06-10,-0.3882499999998401
2004-06-11,-0.00250223239947349
2004-06-14,-1.227499999999983
2004-06-15,1.8299999999999836
2004-06-16,0.30949999999998573
2004-06-17,0.4792500000000204
2004-06-18,-0.3749941625720586
2004-06-21,0.90000000000002
2004-06-22,-0.5127476449200586
2004-06-23,0.21625000000002037
2004-06-24,0.7062327966702296
2004-06-25,-0.18874999999998046
2004-06-28,-3.73699673968579
2004-06-29,-0.07100000000003184
2004-06-30,1.4449999999998164
2004-07-01,0.018688686412962036
2004-07-02,2.687750000000043
2004-07-05,-0.006295073974178472
2004-07-06,-0.6137500000000508
2004-07-07,-0.2550000000001573
2004-07-08,-0.26222361900595287
2004-07-09,0.6018749999998219
2004-07-12,0.20616429505816064
2004-07-13,-0.032930285953884114
2004-07-14,0.1486781861869483
2004-07-15,-0.433124999999976
2004-07-16,3.5249179183793973
2004-07-19,0.8367904872789139
2004-07-20,-1.9500000000000033
2004-07-21,-0.7444894119363653
2004-07-22,1.7868749999999114
2004-07-23,-0.08812499999996588
2004-07-26,-1.4999999999999536
2004-07-27,-1.6182662569426507
2004-07-28,1.976249999999746
2004-07-29,0.7598518046781982
2004-07-30,1.5736666072451282
2004-08-02,0.4084999999999784
2004-08-03,-0.11624999999997535
2004-08-04,-1.034903069575789
2004-08-05,0.3906984498449864
2004-08-06,3.6483728996222275
2004-08-09,-1.0207682749965132
2004-08-10,-0.7668750000000853
2004-08-11,1.148673364886334
2004-08-12,1.3630000000000744
2004-08-13,1.7281483528224995
2004-08-16,-1.5135094765819364
2004-08-17,0.16335402273012498
2004-08-18,0.42100000000007676
2004-08-19,-0.514871073385838
2004-08-20,0.002500000000008049
2004-08-23,-2.686607818242239
2004-08-24,0.8450000000000019
2004-08-25,1.512667419627563
2004-08-26,1.7659999999999623
2004-08-27,0.8558955081399695
2004-08-30,-1.0483233085291253
2004-08-31,1.3409810628902818
2004-09-01,-1.8293750000000826
2004-09-02,-2.1190781937388916
2004-09-03,-1.7381249999999204
2004-09-06,-0.0041136902425277415
2004-09-07,0.3243749999999919
2004-09-08,2.5406250000000457
2004-09-09,-0.3961250000000265
2004-09-10,0.3911249999999574
2004-09-13,2.738968495508399
2004-09-14,1.31617382951695
2004-09-15,-0.07781350467341303
2004-09-16,3.7284354625555807
2004-09-17,0.2715601991837174
2004-09-20,2.538461824788414
2004-09-21,1.5668749999999563
2004-09-22,2.2684763534431935
2004-09-23,-0.26375000000006144
2004-09-24,0.46410096713455234
2004-09-27,-0.5312500000000174
2004-09-28,-0.7849999999999283
2004-09-29,-1.1593527597411994
2004-09-30,0.6781249999996876
2004-10-01,-0.46252306115440395
2004-10-04,2.2597324242594286
2004-10-05,-0.04209250415440209
2004-10-06,-2.723338812366199
2004-10-07,1.2818750000000467
2004-10-08,4.138382743809694
2004-10-11,-0.12200701331729176
2004-10-12,1.9360271722969709
2004-10-13,-1.2893749999998898
2004-10-14,-0.9600000000000262
2004-10-15,-4.856385123143198
2004-10-18,1.6976050715462108
2004-10-19,0.23875000000001972
2004-10-20,-0.23380992938501072
2004-10-21,1.8833279169462047
2004-10-22,0.6839388517724162
2004-10-25,-1.7584999999999567
2004-10-26,0.12877842293384678
2004-10-27,-3.617499999999911
2004-10-28,0.8791937821668072
2004-10-29,2.4904431110197494
2004-11-01,-0.10937500000001128
2004-11-02,2.4492103753136996
2004-11-03,0.30233537531369753
2004-11-04,1.2718750000000432
2004-11-05,-3.8370380821980707
2004-11-08,-0.3218750000000546
2004-11-09,-0.7843749999999537
2004-11-10,0.7154722224235832
2004-11-11,2.04
2004-11-12,0.8001407716253833
2004-11-15,-0.6350000000000023
2004-11-16,-2.1112500000000525
2004-11-17,2.8199999999999874
2004-11-18,-0.05765359605352118
2004-11-19,-0.14625000000003582
2004-11-22,1.2437500000000075
2004-11-23,0.22622394945140833
2004-11-24,1.1797500000000583
2004-11-25,0.0
2004-11-26,0.6177499999999593
2004-11-29,-1.3109100465441788
2004-11-30,0.4715803950549747
2004-12-01,2.855730281650812
2004-12-02,-0.14449999999970978
2004-12-03,2.8762427355484563
2004-12-06,-0.6850680413150774
2004-12-07,0.795161216051878
2004-12-08,0.4026250000000013
2004-12-09,-0.4474999999999683
2004-12-10,0.14500000000002855
2004-12-13,-1.7151249999999962
2004-12-14,-0.46812500000006757
2004-12-15,3.9958232465100987
2004-12-16,-3.8329999999999185
2004-12-17,1.1556275401989589
2004-12-20,0.8376189424723501
2004-12-21,0.3900000000000317
2004-12-22,-0.08749999999995897
2004-12-23,-0.4560000000000883
2004-12-24,0.0
2004-12-27,-2.679781368309053
2004-12-28,-1.3449999999999789
2004-12-29,1.0957329684209485
2004-12-30,2.5134999999999046
2004-12-31,1.4615000000000438
2005-01-03,-0.13899999999995377
2005-01-04,-4.0099999999999945
2005-01-05,0.3611658637129073
2005-01-06,-3.81650000000001
2005-01-07,2.2632996497641384
2005-01-10,1.04656538918933
2005-01-11,1.0224999999999294
2005-01-12,4.7474999999999925
2005-01-13,1.2812583976362222
2005-01-14,1.502999999999953
2005-01-17,0.0
2005-01-18,0.6070000000000154
2005-01-19,0.26250000000007045
2005-01-20,-1.1375000000000317
2005-01-21,1.5806808471831881
2005-01-24,-0.2084999999999773
2005-01-25,-3.5296721140187746
2005-01-26,0.5393750000000364
2005-01-27,0.36124999999995
2005-01-28,2.9687500000000564
2005-01-31,0.7152499999999665
2005-02-01,0.13562500000006938
2005-02-02,1.4102833971707402
2005-02-03,-0.7599434341392581
2005-02-04,2.7995667349323163
2005-02-07,-1.308073617823956
2005-02-08,0.92650567978826
2005-02-09,2.8137500000000593
2005-02-10,-3.946191350543432
2005-02-11,-0.4594827974257275
2005-02-14,-0.7743749999999637
2005-02-15,-0.8032348759574988
2005-02-16,0.6893750000000699
2005-02-17,0.22124999999998235
2005-02-18,-1.3348749999999572
2005-02-21,0.0
2005-02-22,-4.674375000000078
2005-02-23,1.0155845652440003
2005-02-24,-1.9587500000000253
2005-02-25,-0.7537945405550048
2005-02-28,-5.06899999999992
2005-03-01,0.9053694474434851
2005-03-02,0.96784690703886
2005-03-03,0.11999999999996686
2005-03-04,3.9775000000000493
2005-03-07,3.4300000000000175
2005-03-08,-0.17211555321420302
2005-03-09,-5.400726219813283
2005-03-10,-2.1757472014387345
2005-03-11,-4.51375471875864
2005-03-14,-0.8828408321930978
2005-03-15,-5.709303164702643
2005-03-16,1.2023870578747664
2005-03-17,2.8199999999999994
2005-03-18,1.400624999999969
2005-03-21,0.20250000000002646
2005-03-22,0.08789608759551537
2005-03-23,0.43937499999997476
2005-03-24,0.4818770503046552
2005-03-25,0.0
2005-03-28,-1.7589999999999812
2005-03-29,2.125250000000001
2005-03-30,1.5375000000000016
2005-03-31,2.286574977936483
2005-04-01,-1.3664988671200224
2005-04-04,0.735000000000013
2005-04-05,1.3912500000000008
2005-04-06,0.8175000000000014
2005-04-07,0.9125000000000087
2005-04-08,2.193831423076227
2005-04-11,0.5573354430008729
2005-04-12,1.0799999999999892
2005-04-13,1.049344079929712
2005-04-14,-1.6786400663879484
2005-04-15,1.3650000000000035
2005-04-18,1.3543606200198492
2005-04-19,-1.4692457521459774
2005-04-20,-0.936462988435878
2005-04-21,-0.4653943480955994
2005-04-22,1.3834999999999888
2005-04-25,-2.6641250000000185
2005-04-26,-1.1274563209120942
2005-04-27,2.771250000000007
2005-04-28,2.0255455392324815
2005-04-29,2.438175878410231
2005-05-02,3.091125000000005
2005-05-03,3.280000000000019
2005-05-04,1.453749999999988
2005-05-05,0.7119376688321072
2005-05-06,-2.5049999999999906
2005-05-09,-0.6468750000000006
2005-05-10,-1.5068750000000153
2005-05-11,1.9999999999999585
2005-05-12,1.9978389272600683
2005-05-13,0.3630000000000171
2005-05-16,-1.7986249999999941
2005-05-17,0.9920849708870549
2005-05-18,0.5512500000000229
2005-05-19,-0.6150000000000156
2005-05-20,-1.9617500000000008
2005-05-23,-5.148124999999986
2005-05-24,2.0996892210905913
2005-05-25,-0.12423952440199892
2005-05-26,-1.4742500000000027
2005-05-27,3.8467500000000467
2005-05-30,0.0
2005-05-31,1.5649999999999862
2005-06-01,1.5963788215244927
2005-06-02,4.546875000000007
2005-06-03,-3.5003195679889774
2005-06-06,-1.3393749999999627
2005-06-07,1.1473749999999352
2005-06-08,1.029546853543673
2005-06-09,-0.48987499999997564
2005-06-10,1.1418749999999374
2005-06-13,-2.230749999999953
2005-06-14,-0.9279888363439515
2005-06-15,-1.4545000000000576
2005-06-16,1.0500251015082958
2005-06-17,-2.628000000000008
2005-06-20,-2.8893750000000034
2005-06-21,4.000395702079396
2005-06-22,3.665750000000053
2005-06-23,-0.04130945986935449
2005-06-24,-0.7982500000000547
2005-06-27,2.4095514515086522
2005-06-28,-0.5102636429687754
2005-06-29,2.133750000000049
2005-06-30,2.8987499999999495
2005-07-01,-1.907997604412305
2005-07-04,-0.029999999999972715
2005-07-05,-6.423500000000015
2005-07-06,0.5399999999999523
2005-07-07,-0.49149999999995025
2005-07-08,2.508749999999971
2005-07-11,2.3502500000000373
2005-07-12,-1.7689999999999877
2005-07-13,-0.43922090755802456
2005-07-14,-0.9287500000000382
2005-07-15,0.07127227886625957
2005-07-18,-0.6799999999999516
2005-07-19,3.1276745018808625
2005-07-20,1.8667645308554042
2005-07-21,0.10474999999999726
2005-07-22,-0.9142436825936682
2005-07-25,-2.308749999999996
2005-07-26,0.5358172056857241
2005-07-27,0.39987499999998655
2005-07-28,1.7138749999999534
2005-07-29,1.082500000000051
2005-08-01,0.28739003296967214
2005-08-02,-1.0212499999999878
2005-08-03,2.4867500000000096
2005-08-04,0.2910311910834649
2005-08-05,-0.8037500000000181
2005-08-08,-1.9089735357986808
2005-08-09,2.0427879119479004
2005-08-10,0.4772605297126416
2005-08-11,0.7550000000000356
2005-08-12,-0.2537500000000176
2005-08-15,4.218000000000011
2005-08-16,0.633515863506106
2005-08-17,-3.0660720564010124
2005-08-18,-0.3037499999999971
2005-08-19,-2.8108224306229905
2005-08-22,0.14257679422757952
2005-08-23,-2.266569549313582
2005-08-24,-1.8007020907093072
2005-08-25,4.67295819911479
2005-08-26,-1.3695479835372506
2005-08-29,-0.4312500000000159
2005-08-30,1.8516714924870574
2005-08-31,3.577169015576457
2005-09-01,-1.325749999999987
2005-09-02,3.915749999999992
2005-09-05,0.0
2005-09-06,-1.9379311634078658
2005-09-07,-0.4247656279438058
2005-09-08,0.7100000000000206
2005-09-09,1.8999999999999864
2005-09-12,0.9278567608833279
2005-09-13,-1.6866440045803106
2005-09-14,-0.24552195005778119
2005-09-15,0.01625000000002219
2005-09-16,-1.6410061018351545
2005-09-19,1.1294999999999842
2005-09-20,-0.374131389760616
2005-09-21,1.6617499999999985
2005-09-22,-1.742243861432719
2005-09-23,-0.18800000000003703
2005-09-26,-0.4176249999999747
2005-09-27,-0.04750000000001717
2005-09-28,1.9283820899746584
2005-09-29,1.1549999999999638
2005-09-30,-0.12399480727745821
2005-10-03,-1.6360641938619465
2005-10-04,2.2937499999999633
2005-10-05,0.9157500000000329
2005-10-06,-2.883668998625263
2005-10-07,1.5983385379000903
2005-10-10,0.25914109966377585
2005-10-11,-0.7092500000000247
2005-10-12,-6.0766367581503
2005-10-13,0.8033363478754321
2005-10-14,1.3212499999999856
2005-10-17,1.0060294095020705
2005-10-18,1.1500000000000057
2005-10-19,0.48561636265518776
2005-10-20,-0.5377500000000071
2005-10-21,0.36399111039288967
2005-10-24,0.9577500000000003
2005-10-25,-0.1518827577263842
2005-10-26,-1.0209999999999892
2005-10-27,0.7739975258304788
2005-10-28,2.1633115543822368
2005-10-31,1.497499999999983
2005-11-01,0.9227698893666596
2005-11-02,0.8662500000000053
2005-11-03,-1.1745777198896956
2005-11-04,-0.06670443526440566
2005-11-07,0.8558280740702289
2005-11-08,0.0019999999999833562
2005-11-09,1.0154390800555162
2005-11-10,2.4100000000000223
2005-11-11,-1.17
2005-11-14,-0.7300000000000122
2005-11-15,1.944723095397552
2005-11-16,1.1232799282067534
2005-11-17,0.8449999999999811
2005-11-18,-0.1650000000000155
2005-11-21,0.35500000000002
2005-11-22,0.2849999999999903
2005-11-23,1.4905228848249064
2005-11-24,-0.04779472580083105
2005-11-25,1.1659999999999773
2005-11-28,2.075
2005-11-29,0.2650000000000139
2005-11-30,1.0772261640796525
2005-12-01,0.46222344930647136
2005-12-02,1.9790000000000136
2005-12-05,-3.175000000000003
2005-12-06,4.083210401337598
2005-12-07,0.017207497703871193
2005-12-08,-2.895999999999975
2005-12-09,-5.444000000000019
2005-12-12,-2.4412488701878856
2005-12-13,-0.8277856589673936
2005-12-14,-1.9749999999999968
2005-12-15,0.12099999999999203
2005-12-16,-1.2859999999999872
2005-12-19,-1.1550000000000162
2005-12-20,2.001000000000007
2005-12-21,1.5521957613305644
2005-12-22,-1.8209999999999813
2005-12-23,-1.7277407166473822
2005-12-26,0.0
2005-12-27,-1.7402499999999936
2005-12-28,-0.9360000000000187
2005-12-29,5.755000000000024
2005-12-30,0.07762724566370674
2006-01-02,0.0
2006-01-03,-3.4550000000000054
2006-01-04,2.4799999999999875
2006-01-05,0.030000000000003274
2006-01-06,2.2753279672547158
2006-01-09,1.9700000000000102
2006-01-10,-2.7887499999999794
2006-01-11,-0.3217500000000309
2006-01-12,1.2205
2006-01-13,-0.06424999999997498
2006-01-16,0.0
2006-01-17,2.797499999999987
2006-01-18,2.032499999999991
2006-01-19,1.8093030517976727
2006-01-20,-0.29374999999999385
2006-01-23,-2.2792499999999927
2006-01-24,-2.058802297622319
2006-01-25,-2.861027418097024
2006-01-26,-0.03525885059047576
2006-01-27,1.281941717099648
2006-01-30,-0.6587499999999941
2006-01-31,-0.8287500000000014
2006-02-01,0.6923147222390859
2006-02-02,-3.0626880773897236
2006-02-03,-1.737690590723558
2006-02-06,1.798558060298579
2006-02-07,-0.01020244591378358
2006-02-08,-1.5956548378841418
2006-02-09,-0.443750000000008
2006-02-10,0.830870472889658
2006-02-13,-0.7401855818385629
2006-02-14,1.4537163403975735
2006-02-15,-1.7007611224733277
2006-02-16,1.199999999999996
2006-02-17,0.5199999999999813
2006-02-20,0.0
2006-02-21,-1.4799999999999813
2006-02-22,1.7999999999999896
2006-02-23,-1.1600000000000041
2006-02-24,-1.2399999999999958
2006-02-27,-0.12518598961743843
2006-02-28,0.1081616009484226
2006-03-01,1.5040000000000027
2006-03-02,-3.7239999999999984
2006-03-03,-1.8185609791549329
2006-03-06,-1.4724355169082148
2006-03-07,-0.528769489529324
2006-03-08,-0.6609999999999984
2006-03-09,-0.5090000000000028
2006-03-10,0.029241688575033856
2006-03-13,1.1078516048187133
2006-03-14,0.3492499999999961
2006-03-15,1.4855928001692607
2006-03-16,1.386249999999983
2006-03-17,-0.64374999999999
2006-03-20,-1.1012499999999705
2006-03-21,-2.9356832594330355
2006-03-22,-0.9184999999999988
2006-03-23,0.16431817557531045
2006-03-24,0.6712499999999884
2006-03-27,-3.2432067622104177
2006-03-28,0.126543211689424
2006-03-29,-0.6982613744697663
2006-03-30,-0.2812499999999912
2006-03-31,-2.693249999999999
2006-04-03,0.9787254986660695
2006-04-04,-0.3314496075529206
2006-04-05,-2.3682500000000024
2006-04-06,-3.340499999999984
2006-04-07,-1.4564786330570185
2006-04-10,0.9617693900057808
2006-04-11,0.6607528516610187
2006-04-12,1.955000000000009
2006-04-13,-0.6869647949446749
2006-04-14,-0.002009522053937961
2006-04-17,0.6640000000000106
2006-04-18,0.36099999999998783
2006-04-19,-0.3062500000000007
2006-04-20,0.3450000000000118
2006-04-21,-0.9372499999999807
2006-04-24,0.5672499999999924
2006-04-25,0.01625000000000068
2006-04-26,-0.26625000000001453
2006-04-27,0.40546868778033224
2006-04-28,-0.9987500000000061
2006-05-01,0.19499999999999995
2006-05-02,2.3562500000000126
2006-05-03,0.62174999999999
2006-05-04,1.2784698444275349
2006-05-05,-0.5675000000000077
2006-05-08,1.202500000000017
2006-05-09,0.16249999999997913
2006-05-10,0.12750000000002004
2006-05-11,-2.4118266412854563
2006-05-12,-5.779999999999983
2006-05-15,-1.8964376498697284
2006-05-16,1.3973724548501907
2006-05-17,-2.2900937191982056
2006-05-18,0.06282373772760126
2006-05-19,1.7749999999999877
2006-05-22,-1.2754996279854058
2006-05-23,0.7200000000000002
2006-05-24,-0.012500000000002228
2006-05-25,0.9475000000000064
2006-05-26,-0.34650000000000736
2006-05-29,0.13499999999996248
2006-05-30,-1.4509999999999648
2006-05-31,0.5802237090968125
2006-06-01,-0.2550000000000303
2006-06-02,-2.627500000000002
2006-06-05,1.885374354229762
2006-06-06,1.0503939417968011
2006-06-07,-0.5825000000000069
2006-06-08,0.4437499999999976
2006-06-09,0.926250000000001
2006-06-12,-1.5525000000000015
2006-06-13,0.4976971295455428
2006-06-14,1.8899999999999795
2006-06-15,1.640000000000004
2006-06-16,-0.7999999999999958
2006-06-19,1.0700000000000103
2006-06-20,0.12023283609186712
2006-06-21,-0.3399999999999906
2006-06-22,0.5324851196679103
2006-06-23,0.69624999999999
2006-06-26,1.4529484573110516
2006-06-27,-0.5973916721268493
2006-06-28,0.20519642400340732
2006-06-29,-0.541250000000003
2006-06-30,-2.1089199737769406
2006-07-03,-1.2487499999999998
2006-07-04,0.057610319577306716
2006-07-05,1.0784999999999796
2006-07-06,-1.0859999999999785
2006-07-07,1.5272499999999956
2006-07-10,-2.042249999999999
2006-07-11,-2.168764088837084
2006-07-12,-1.7965301407095102
2006-07-13,1.8377500000000098
2006-07-14,0.17746934370884995
2006-07-17,2.3050000000000126
2006-07-18,2.173585252565208
2006-07-19,0.1437886635743223
2006-07-20,0.2675000000000068
2006-07-21,0.6390000000000051
2006-07-24,0.21865694982682218
2006-07-25,-0.1434726438645192
2006-07-26,0.24305843028458873
2006-07-27,-0.1599999999999849
2006-07-28,0.49155667743327114
2006-07-31,-1.9229997051468508
2006-08-01,-1.3156996056595196
2006-08-02,-1.202316303677331
2006-08-03,1.0067500000000023
2006-08-04,0.18499999999999983
2006-08-07,1.891543193761581
2006-08-08,1.0926842524807632
2006-08-09,-0.6980000000000033
2006-08-10,0.167999999999999
2006-08-11,4.880000000000004
2006-08-14,0.4999999999999974
2006-08-15,0.647486553647372
2006-08-16,0.3927441060122429
2006-08-17,0.295999999999989
2006-08-18,-0.30290124706644245
2006-08-21,-0.11137490341146611
2006-08-22,-0.41731029400500885
2006-08-23,-2.302907917948989
2006-08-24,-1.7650000000000052
2006-08-25,-0.15000000000000316
2006-08-28,1.660608681444512
2006-08-29,1.2745765140439629
2006-08-30,-2.192499999999999
2006-08-31,-1.5312500000000013
2006-09-01,1.5714929087810494
2006-09-04,0.0
2006-09-05,0.595000000000004
2006-09-06,-0.8962500000000022
2006-09-07,-2.063734750368303
2006-09-08,-0.00125000000001819
2006-09-11,0.13249329402280008
2006-09-12,2.8287500000000088
2006-09-13,0.43900000000000194
2006-09-14,0.04975000000001815
2006-09-15,-1.1330034445187596
2006-09-18,-2.1027499999999746
2006-09-19,0.3337500000000189
2006-09-20,-0.6487500000000275
2006-09-21,-4.271000000000005
2006-09-22,1.3931815606103453
2006-09-25,0.36499999999999283
2006-09-26,-1.4729999999999412
2006-09-27,1.8962499999999773
2006-09-28,-3.503156365477486
2006-09-29,0.6388954687280062
2006-10-02,-1.1887499999999895
2006-10-03,0.15971414683631371
2006-10-04,-1.6919999999999509
2006-10-05,-0.11373306949244967
2006-10-06,-1.3227323129615882
2006-10-09,-4.64999999999998
2006-10-10,2.9874145824689937
2006-10-11,-1.9680794403545678
2006-10-12,-0.47868309073456405
2006-10-13,-2.3101968254197325
2006-10-16,0.042110031030402346
2006-10-17,-0.5194999999999899
2006-10-18,0.326938922910068
2006-10-19,-0.46700000000002156
2006-10-20,0.015749999999999136
2006-10-23,-1.5213563564584447
2006-10-24,0.4137499999999785
2006-10-25,0.6082499999999909
2006-10-26,1.8792499999999623
2006-10-27,-0.16549999999996354
2006-10-30,-0.1445397818423603
2006-10-31,1.2596233482486885
2006-11-01,-0.5500000000000322
2006-11-02,-2.7375000000000327
2006-11-03,0.10750000000003893
2006-11-06,-0.566250000000018
2006-11-07,0.09649999999998754
2006-11-08,-0.24500000000000205
2006-11-09,-0.11180356219613172
2006-11-10,0.5474999999999858
2006-11-13,0.5490000000000244
2006-11-14,0.6587499999999763
2006-11-15,-0.256999921217013
2006-11-16,-0.8034999999999745
2006-11-17,0.0587499999999859
2006-11-20,-0.7342860170546409
2006-11-21,0.30000000000000093
2006-11-22,-0.07375000000004264
2006-11-23,-0.10404349675353904
2006-11-24,-0.8287499999999925
2006-11-27,-0.8648814579299556
2006-11-28,1.184000000000037
2006-11-29,0.2293767289844578
2006-11-30,1.0105000000000655
2006-12-01,-0.32500000000007345
2006-12-04,1.271022617282835
2006-12-05,1.1595000000000293
2006-12-06,-0.5098838746245731
2006-12-07,-0.8229999999999803
2006-12-08,-0.12914260696261745
2006-12-11,0.5674999999999408
2006-12-12,0.5200000000000864
2006-12-13,-1.1236548292006108
2006-12-14,0.9845000000000259
2006-12-15,0.165
2006-12-18,-0.517005165797972
2006-12-19,-0.06367571067303701
2006-12-20,-3.637978807091713e-14
2006-12-21,0.6133334419003641
2006-12-22,-0.9524999999999615
2006-12-25,-0.0023437819047975295
2006-12-26,-0.13799999999998486
2006-12-27,-0.5766665342792745
2006-12-28,0.39750000000001373
2006-12-29,0.748487792852292
2007-01-01,0.0
2007-01-02,0.6979999999999712
2007-01-03,-2.319195035704297
2007-01-04,-0.978999999999964
2007-01-05,-0.04100000000005984
2007-01-08,-0.19924496556394325
2007-01-09,-1.7549999999999981
2007-01-10,0.2900000000000157
2007-01-11,1.3700000000000516
2007-01-12,2.6364938097776762
2007-01-15,-0.01345874968949477
2007-01-16,0.023999999999995046
2007-01-17,-0.048999999999961984
2007-01-18,0.6689999999999953
2007-01-19,0.725000000000021
2007-01-22,-0.06348165331795902
2007-01-23,0.09399999999999768
2007-01-24,-0.4557790542952865
2007-01-25,-1.4200000000000303
2007-01-26,-0.6627304355725614
2007-01-29,-1.039999999999966
2007-01-30,1.2305890620396729
2007-01-31,0.10277188033730787
2007-02-01,0.02500000000001421
2007-02-02,1.3424999999999845
2007-02-05,-0.22749082062291032
2007-02-06,-0.6625000000000106
2007-02-07,-0.5950000000000163
2007-02-08,1.272500000000037
2007-02-09,-0.24950000000002392
2007-02-12,-0.4294762495868932
2007-02-13,1.6919999999999942
2007-02-14,0.2024999999999869
2007-02-15,0.21730549820179776
2007-02-16,1.511999999999987
2007-02-19,0.0
2007-02-20,0.13249999999997672
2007-02-21,2.1075000000000257
2007-02-22,0.8300000000000042
2007-02-23,-2.0044999999999904
2007-02-26,-0.9180000000000209
2007-02-27,-3.2366391943684345
2007-02-28,2.3628833534834364
2007-03-01,-1.2239999999999989
2007-03-02,-1.8500000000000227
2007-03-05,0.8450000000000172
2007-03-06,-0.24212657531295315
2007-03-07,0.6050000000000002
2007-03-08,0.2027573862774663
2007-03-09,-0.7699999999999739
2007-03-12,-0.7900000000000343
2007-03-13,-0.6699999999999914
2007-03-14,0.36000000000001614
2007-03-15,-0.7449999999999996
2007-03-16,0.7778704947266932
2007-03-19,0.9312500000000522
2007-03-20,0.9975000000000247
2007-03-21,1.1649999999999474
2007-03-22,-0.3074999999999676
2007-03-23,-0.14750000000002583
2007-03-26,-1.7819811022402667
2007-03-27,-0.26000000000003887
2007-03-28,-0.4724999999999829
2007-03-29,0.9677906622172978
2007-03-30,-5.024999999999982
2007-04-02,-3.166377552601602
2007-04-03,-0.08722219997199591
2007-04-04,1.664999999999976
2007-04-05,0.7809970883076216
2007-04-06,-0.41100000000001946
2007-04-09,-0.07149999999995242
2007-04-10,0.8214999999999835
2007-04-11,-0.9583620685591644
2007-04-12,0.06286423064396553
2007-04-13,0.6700000000000191
2007-04-16,-0.2020000000000162
2007-04-17,-0.7079999999999469
2007-04-18,0.48827057133994056
2007-04-19,-0.3550000000000075
2007-04-20,-0.17999999999999314
2007-04-23,-0.4249999999999972
2007-04-24,0.2801737071731375
2007-04-25,1.3789999999999862
2007-04-26,-0.6389999999999876
2007-04-27,-0.3150000000000176
2007-04-30,-0.1898738862258675
2007-05-01,0.8040000000000014
2007-05-02,0.2941834194615637
2007-05-03,0.4799999999999423
2007-05-04,0.7331962015356076
2007-05-07,0.5300000000000206
2007-05-08,-0.9550000000000455
2007-05-09,0.5032095010640069
2007-05-10,-0.9331149199713688
2007-05-11,0.9780000000000026
2007-05-14,-0.21978400202831103
2007-05-15,0.3502169109979922
2007-05-16,0.16499999999998574
2007-05-17,-0.6535317749911252
2007-05-18,-0.6000000000000436
2007-05-21,1.5982710250364047
2007-05-22,-0.948999999999964
2007-05-23,-0.38725518934059316
2007-05-24,-1.751739000108097
2007-05-25,1.8779999999999806
2007-05-28,-0.006142975971474204
2007-05-29,-1.0424999999999738
2007-05-30,2.004999999999983
2007-05-31,0.7250000000000064
2007-06-01,0.9037781174684821
2007-06-04,-1.6859999999999844
2007-06-05,-1.1489307379289297
2007-06-06,-1.3449999999999989
2007-06-07,-0.7687423104492522
2007-06-08,0.10426962537835646
2007-06-11,1.0929999999999989
2007-06-12,-0.3280000000000102
2007-06-13,0.23
2007-06-14,1.2150000000000118
2007-06-15,2.5333521024211922
2007-06-18,-0.23176300573049785
2007-06-19,-1.046425729525657
2007-06-20,-0.7700000000000174
2007-06-21,0.0760000000000071
2007-06-22,-2.485999999999999
2007-06-25,-1.1254064648470359
2007-06-26,0.01600000000000375
2007-06-27,-0.47099999999998915
2007-06-28,0.7845390832607927
2007-06-29,-0.918999999999999
2007-07-02,0.6069205882631262
2007-07-03,-0.2805156280262775
2007-07-04,0.0
2007-07-05,0.12899999999998998
2007-07-06,1.1160000000000077
2007-07-09,-0.11653748840224906
2007-07-10,-1.8350000000000004
2007-07-11,0.0027232466676312384
2007-07-12,1.540999999999998
2007-07-13,0.0014999999999970725
2007-07-16,-0.7924999999999931
2007-07-17,0.9735000000000033
2007-07-18,-0.43167481153705595
2007-07-19,0.4685000000000062
2007-07-20,-1.2609999999999897
2007-07-23,1.0699999999999903
2007-07-24,-1.6021587991914015
2007-07-25,-1.1250000000000138
2007-07-26,-2.919999999999996
2007-07-27,0.845470008151229
2007-07-30,0.3859990668465985
2007-07-31,-0.6599999999999889
2007-08-01,-0.13500000000001605
2007-08-02,0.1900000000000064
2007-08-03,-0.5365945978327222
2007-08-06,0.09000000000000258
2007-08-07,-0.36000000000000737
2007-08-08,0.234000000000007
2007-08-09,-0.525000000000006
2007-08-10,-0.3433788222370762
2007-08-13,0.1249999999999966
2007-08-14,-0.5450000000000003
2007-08-15,-1.0249999999999955
2007-08-16,-0.7112505574156587
2007-08-17,1.1507756309281785
2007-08-20,-0.39180702724654304
2007-08-21,-0.36762559258188343
2007-08-22,-0.3299999999999901
2007-08-23,0.13750000000000467
2007-08-24,0.6174999999999794
2007-08-27,0.5223806379581952
2007-08-28,0.4975000000000107
2007-08-29,0.3449999999999772
2007-08-30,0.4250000000000222
2007-08-31,0.3125678204546015
2007-09-03,-0.008351278991328141
2007-09-04,-1.2049999999999654
2007-09-05,1.1549999999999776
2007-09-06,0.5550000000000185
2007-09-07,0.06499999999998544
2007-09-10,0.7049999999999929
2007-09-11,0.42999999999997157
2007-09-12,-2.019999999999989
2007-09-13,0.18223373133759962
2007-09-14,-0.4249999999999803
2007-09-17,-0.6450000000000077
2007-09-18,1.224999999999968
2007-09-19,-0.6299999999999877
2007-09-20,-3.070000000000022
2007-09-21,0.06704483421792341
2007-09-24,0.3849999999999754
2007-09-25,0.5549999999999828
2007-09-26,-0.3007351622468755
2007-09-27,-0.31999999999998807
2007-09-28,0.9431455799816008
2007-10-01,0.8660000000000362
2007-10-02,1.8764999999999727
2007-10-03,0.07569050727550478
2007-10-04,0.5679999999999972
2007-10-05,-0.8054999999999786
2007-10-08,0.14816493570158654
2007-10-09,0.0719999999999763
2007-10-10,-0.3119999999999987
2007-10-11,0.3525000000000432
2007-10-12,-0.4807876533126089
2007-10-15,-0.9649999999999931
2007-10-16,0.2556781896780438
2007-10-17,1.1724999999999788
2007-10-18,0.560678180041499
2007-10-19,0.4635000000000288
2007-10-22,-0.45100000000003204
2007-10-23,0.6335000000000227
2007-10-24,0.776499999999994
2007-10-25,-0.8975000000000135
2007-10-26,0.8809999999999952
2007-10-29,0.3665000000000169
2007-10-30,0.07599999999997731
2007-10-31,-0.25553152985987326
2007-11-01,0.8671723962899792
2007-11-02,0.424500000000032
2007-11-05,-1.1798551980414398
2007-11-06,-0.3699999999999398
2007-11-07,-0.8225000000000608
2007-11-08,-0.9844999999999735
2007-11-09,-0.3333625330408798
2007-11-12,0.42
2007-11-13,-0.008750000000064574
2007-11-14,-0.9519999999999825
2007-11-15,1.0434463641627103
2007-11-16,-0.015052356522197123
2007-11-19,0.0679999999999628
2007-11-20,0.022695177223456674
2007-11-21,0.3724538397358481
2007-11-22,0.0
2007-11-23,0.1500000000000409
2007-11-26,2.3297688530900484
2007-11-27,-0.7879953196697322
2007-11-28,-0.5337499999999795
2007-11-29,1.7144871022848844
2007-11-30,0.16500000000001078
2007-12-03,1.584999999999998
2007-12-04,0.12624999999999417
2007-12-05,0.42999999999994015
2007-12-06,-0.559493934174581
2007-12-07,-2.458749999999962
2007-12-10,-0.325917380562249
2007-12-11,1.8952499999999501
2007-12-12,-0.9174999999999732
2007-12-13,-1.3165210558176834
2007-12-14,-0.9450000000000064
2007-12-17,-0.00674999999994443
2007-12-18,1.530997454210912
2007-12-19,1.013537958155904
2007-12-20,1.02550611962246
2007-12-21,-1.795749999999957
2007-12-24,-0.4006106433958969
2007-12-25,-0.005695072695851339
2007-12-26,-0.3249999999999431
2007-12-27,-0.5010000000000142
2007-12-28,0.7002919900151053
2007-12-31,0.3765000000000301
2008-01-01,-0.005688483581962842
2008-01-02,2.586000000000012
2008-01-03,1.0074999999999956
2008-01-04,0.15149999999998753
2008-01-07,0.9068348811523834
2008-01-08,1.635000000000017
2008-01-09,-1.1074831623599795
2008-01-10,-0.5379506136566776
2008-01-11,3.1479999999999984
2008-01-14,3.0791736040368884
2008-01-15,0.545064293354664
2008-01-16,-1.0350000000000117
2008-01-17,1.0287499999999845
2008-01-18,0.243000000000003
2008-01-21,-0.007258659375309379
2008-01-22,2.2420000000000266
2008-01-23,-0.8319999999999873
2008-01-24,-2.280000000000021
2008-01-25,1.6544555426700778
2008-01-28,0.3187499999999805
2008-01-29,-0.037500000000006
2008-01-30,-0.8725000000000882
2008-01-31,1.9675000000000946
2008-02-01,1.2787499999999943
2008-02-04,0.6028929024274539
2008-02-05,0.07623317948742903
2008-02-06,-0.38999999999998347
2008-02-07,-0.977500000000041
2008-02-08,2.032249999999993
2008-02-11,0.2422529943070504
2008-02-12,-1.4350000000000809
2008-02-13,0.4807669300137573
2008-02-14,-1.427560671899565
2008-02-15,0.7214319632027109
2008-02-18,-0.001722836081660112
2008-02-19,-1.4449999999999574
2008-02-20,-0.7957500000000177
2008-02-21,2.9132883227674022
2008-02-22,0.039656691485533815
2008-02-25,-0.9499999999999515
2008-02-26,2.117441454533591
2008-02-27,0.6099999999999814
2008-02-28,5.152499999999974
2008-02-29,1.6587500000000834
2008-03-03,1.5470379831009138
2008-03-04,-1.7699999999999987
2008-03-05,-0.27500000000009023
2008-03-06,-3.2316969462081646
2008-03-07,-1.3742872744633876
2008-03-10,3.181999999999986
2008-03-11,0.6597492993927303
2008-03-12,1.5007500000000138
2008-03-13,0.6804999999999864
2008-03-14,0.8724999999999902
2008-03-17,-0.1387499999999818
2008-03-18,1.9995000000000127
2008-03-19,-2.0079826259978795
2008-03-20,-2.378420417369558
2008-03-21,-0.006168289948107675
2008-03-24,-0.5652499999999847
2008-03-25,1.9390000000000247
2008-03-26,0.210999999999973
2008-03-27,-0.3408772214335894
2008-03-28,1.0975000000000323
2008-03-31,2.5839999999999432
2008-04-01,-0.0002500000000016371
2008-04-02,0.6327500000000038
2008-04-03,0.46836638121328916
2008-04-04,1.9341240113873737
2008-04-07,-0.9466360132365159
2008-04-08,-0.6403731262534361
2008-04-09,2.3075000000000365
2008-04-10,-0.2653706928115342
2008-04-11,0.758499999999949
2008-04-14,2.12487178939587
2008-04-15,0.5582499999999833
2008-04-16,-1.6963942732911386
2008-04-17,-0.8548556318869762
2008-04-18,0.08549999999999446
2008-04-21,-3.6549999999999883
2008-04-22,3.096249999999943
2008-04-23,-0.19124999999998946
2008-04-24,-1.1717500000000218
2008-04-25,-0.895
2008-04-28,2.8455000000000603
2008-04-29,-3.428750000000035
2008-04-30,3.9612500000000206
2008-05-01,-1.0137499999999944
2008-05-02,0.18625000000001618
2008-05-05,-1.6987500000000038
2008-05-06,-0.4580240254170844
2008-05-07,-1.5262499999999803
2008-05-08,1.9684908216312529
2008-05-09,0.6617500000000441
2008-05-12,3.049499999999953
2008-05-13,-2.5093316833043304
2008-05-14,-2.1511594806430887
2008-05-15,3.3224999999999794
2008-05-16,1.2406323523965737
2008-05-19,1.204999999999963
2008-05-20,0.33499999999997526
2008-05-21,1.7462500000000098
2008-05-22,-2.347499999999981
2008-05-23,0.41749999999996285
2008-05-26,0.0
2008-05-27,-1.1037499999999705
2008-05-28,-0.024999999999998454
2008-05-29,-0.8212499999999967
2008-05-30,1.7136510342649924
2008-06-02,1.7187500000000129
2008-06-03,2.4505842784664207
2008-06-04,-0.10600000000000245
2008-06-05,1.2175000000000111
2008-06-06,-1.1955108478904872
2008-06-09,-0.016999999999992632
2008-06-10,-3.270505868620511
2008-06-11,1.8989676678215075
2008-06-12,1.832499999999993
2008-06-13,1.6234999999999953
2008-06-16,0.8764999999999854
2008-06-17,1.8325000000000362
2008-06-18,1.089865735102822
2008-06-19,-1.602500000000007
2008-06-20,1.3189999999999993
2008-06-23,-1.5915000000000123
2008-06-24,1.0540000000000005
2008-06-25,1.6559999999999928
2008-06-26,1.1300000000000077
2008-06-27,0.2925000000000015
2008-06-30,-2.000999999999984
2008-07-01,-2.961322624492842
2008-07-02,2.52800000000001
2008-07-03,0.014499999999983335
2008-07-04,0.0
2008-07-07,-0.20950000000001617
2008-07-08,-0.2504999999999926
2008-07-09,0.7304568070993521
2008-07-10,-0.27875000000000855
2008-07-11,-0.5379999999999974
2008-07-14,-1.4052722591416782
2008-07-15,-0.06508762933888285
2008-07-16,1.8257499999999975
2008-07-17,-1.2032499999999877
2008-07-18,0.44950000000000373
2008-07-21,1.1212763965608725
2008-07-22,2.610749999999987
2008-07-23,2.2892499999999925
2008-07-24,1.0014940151173366
2008-07-25,-4.044500000000026
2008-07-28,2.485654304772171
2008-07-29,0.41250000000001696
2008-07-30,0.7239999999999763
2008-07-31,1.2835000000000236
2008-08-01,4.063749999999984
2008-08-04,2.630362020979908
2008-08-05,-1.7847500000000096
2008-08-06,-0.41410936341058363
2008-08-07,-0.9187500000000036
2008-08-08,-6.307373015598774
2008-08-11,-1.347046371751006
2008-08-12,0.987499999999996
2008-08-13,-1.3959999999999995
2008-08-14,-0.40650000000000364
2008-08-15,1.1860012718491333
2008-08-18,-0.14775000000000071
2008-08-19,0.004851939056115755
2008-08-20,0.3787500000000205
2008-08-21,0.11973927082100227
2008-08-22,-1.3862500000000053
2008-08-25,1.4962500000000187
2008-08-26,-0.4955000000000102
2008-08-27,0.9717499999999952
2008-08-28,-2.5412500000000176
2008-08-29,-1.7080172030297776
2008-09-01,-0.005057637712686524
2008-09-02,-0.7000000000000124
2008-09-03,0.21999999999997708
2008-09-04,-3.0049999999999635
2008-09-05,1.6311069265103326
2008-09-08,-0.8309323040218132
2008-09-09,0.09000000000001573
2008-09-10,-1.8100000000000014
2008-09-11,-0.4950000000000229
2008-09-12,-1.260819547090373
2008-09-15,0.4729988797489653
2008-09-16,1.6207342525889463
2008-09-17,-2.0357681334598774
2008-09-18,0.5212499999999811
2008-09-19,-1.562499999999963
2008-09-22,-1.0322727894437762
2008-09-23,-2.402000000000017
2008-09-24,-0.8280000000000082
2008-09-25,0.8725000000000185
2008-09-26,0.21299999999997699
2008-09-29,0.8625000000000127
2008-09-30,1.0545207726237138
2008-10-01,0.2805057606947882
2008-10-02,0.35099999999999276
2008-10-03,-0.20600000000000218
2008-10-06,-1.8889999999999592
2008-10-07,-3.0752191827193127
2008-10-08,-2.782499999999993
2008-10-09,-4.053474601179985
2008-10-10,0.18049999999999936
2008-10-13,-0.1986242298889978
2008-10-14,-0.3099999999999893
2008-10-15,0.3496465297554466
2008-10-16,-0.22075000000000441
2008-10-17,-0.5699999999999906
2008-10-20,-1.3704999999999896
2008-10-21,1.7317499999999781
2008-10-22,1.0319999999999954
2008-10-23,0.03099194634557639
2008-10-24,0.7525000000000065
2008-10-27,-1.2700000000000162
2008-10-28,-0.876249999999992
2008-10-29,-2.46275
2008-10-30,1.2102500000000005
2008-10-31,0.43999999999999273
2008-11-03,0.023500000000009597
2008-11-04,0.33125000000000693
2008-11-05,1.7212499999999775
2008-11-06,0.5040000000000062
2008-11-07,0.22769337533705394
2008-11-10,-0.2749999999999958
2008-11-11,0.88
2008-11-12,1.393663091923848
2008-11-13,-0.9709999999999948
2008-11-14,0.4074629261806828
2008-11-17,-0.3749999999999949
2008-11-18,1.726499999999993
2008-11-19,1.3300170131998428
2008-11-20,3.2149999999999523
2008-11-21,1.9075000000000504
2008-11-24,-2.9650000000000434
2008-11-25,2.25000000000004
2008-11-26,1.0250000000000057
2008-11-27,0.0
2008-11-28,1.0799999999999954
2008-12-01,3.535000000000013
2008-12-02,0.4449999999999477
2008-12-03,0.5768490162591908
2008-12-04,2.551304493507572
2008-12-05,1.6350000000000084
2008-12-08,-3.277499999999995
2008-12-09,1.0237499999999915
2008-12-10,-2.3272486434707527
2008-12-11,0.7362499999999976
2008-12-12,-2.050000000000007
2008-12-15,0.23000000000009777
2008-12-16,1.3074999999998977
2008-12-17,2.256250000000034
2008-12-18,0.9637500000000705
2008-12-19,-0.47484286243852897
2008-12-22,-0.764999999999946
2008-12-23,-1.092499999999946
2008-12-24,-1.0912500000000143
2008-12-25,0.0
2008-12-26,-0.9937499999999971
2008-12-29,2.971249999999892
2008-12-30,-0.9061814685903553
2008-12-31,-3.106250000000054
2009-01-01,0.0
2009-01-02,-3.518749999999955
2009-01-05,-0.17500000000009946
2009-01-06,-0.924999999999912
2009-01-07,1.6188875301866026
2009-01-08,2.5287499999999627
2009-01-09,0.0912500000000648
2009-01-12,4.357499999999873
2009-01-13,1.701241083531284
2009-01-14,1.1638824155560508
2009-01-15,0.06125000000013131
2009-01-16,-3.306249999999992
2009-01-19,0.0
2009-01-20,0.011249999999992042
2009-01-21,-3.538750000000048
2009-01-22,-1.1812499999999244
2009-01-23,-0.9012500000000161
2009-01-26,-0.88999999999998
2009-01-27,3.214393452039927
2009-01-28,-2.616000000000031
2009-01-29,-2.3087500000001193
2009-01-30,0.1663806484812451
2009-02-02,2.8437265350420304
2009-02-03,-1.201250000000116
2009-02-04,-0.6011254750962282
2009-02-05,-1.1452499999999575
2009-02-06,-1.8612500000000116
2009-02-09,-0.668750000000108
2009-02-10,3.2015000000000997
2009-02-11,2.217292589752005
2009-02-12,1.2202500000000338
2009-02-13,-2.633155766783258
2009-02-16,-0.006118969989570013
2009-02-17,4.9472499999999915
2009-02-18,-0.9047500000000277
2009-02-19,-2.400842990639021
2009-02-20,1.9134999999999935
2009-02-23,-0.353750000000023
2009-02-24,-1.0279433788572432
2009-02-25,-2.9640000000000177
2009-02-26,-0.36421628055808636
2009-02-27,2.0437500000000757
2009-03-02,4.405750000000019
2009-03-03,-0.712500000000075
2009-03-04,-3.6199999999999375
2009-03-05,4.120499999999938
2009-03-06,-0.789391684342193
2009-03-09,-0.8679999999999108
2009-03-10,-2.910000000000089
2009-03-11,2.1750000000000727
2009-03-12,-3.0070000000000054
2009-03-13,-0.9429999999999847
2009-03-16,-1.3145000000000802
2009-03-17,-0.9149999999999345
2009-03-18,4.800500000000012
2009-03-19,-1.3514367989255855
2009-03-20,-0.0485000000000385
2009-03-23,0.02850000000000027
2009-03-24,0.33900000000000224
2009-03-25,0.06750000000004511
2009-03-26,-0.28650000000002745
2009-03-27,0.4475000000000002
2009-03-30,0.8180542760654903
2009-03-31,-2.4899999999999975
2009-04-01,1.4852620052744432
2009-04-02,-2.0099999999999434
2009-04-03,-2.2700000000001053
2009-04-06,-0.5249999999999146
2009-04-07,1.5889947751123354
2009-04-08,0.8750000000001084
2009-04-09,0.3834999999999851
2009-04-10,0.0
2009-04-13,1.4439999999999698
2009-04-14,0.022485901878856417
2009-04-15,2.0255000000000596
2009-04-16,-0.9525000000000136
2009-04-17,-0.2959878899556062
2009-04-20,1.143000000000011
2009-04-21,-0.7450000000000115
2009-04-22,-0.5654999999999337
2009-04-23,-0.9499999999999722
2009-04-24,-0.49200000000008703
2009-04-27,-0.2349999999998874
2009-04-28,-0.8580710080326608
2009-04-29,-3.3174999999999777
2009-04-30,-1.0970000000000988
2009-05-01,-1.9780000000000102
2009-05-04,2.849987165536759
2009-05-05,0.4274999999998884
2009-05-06,0.7650000000000067
2009-05-07,-2.3395000000000157
2009-05-08,-0.6217528897528586
2009-05-11,1.0550000000000512
2009-05-12,-1.2019999999999553
2009-05-13,0.49699999999995936
2009-05-14,-0.14199999999996984
2009-05-15,1.054813756641194
2009-05-18,-0.6399999999999939
2009-05-19,-0.4255000000000964
2009-05-20,0.3425000000000479
2009-05-21,-1.9320000000000153
2009-05-22,-2.1200000000000467
2009-05-25,0.0
2009-05-26,-0.46500000000001457
2009-05-27,-2.0249999999999413
2009-05-28,-0.7693256468854072
2009-05-29,0.9349999999999489
2009-06-01,-4.02520865829152
2009-06-02,0.011228689153461941
2009-06-03,1.8984999999999623
2009-06-04,-2.5004112293163754
2009-06-05,-1.7868693387227437
2009-06-08,-0.562819863821099
2009-06-09,-0.7800000000000106
2009-06-10,0.3489999999999315
2009-06-11,1.083500000000071
2009-06-12,1.3240000000000116
2009-06-15,1.5424999999999864
2009-06-16,0.24625000000000435
2009-06-17,0.1172500000000166
2009-06-18,-0.4472500000000391
2009-06-19,0.6697500000000371
2009-06-22,1.5002499999999757
2009-06-23,-0.06149999999999382
2009-06-24,0.31524999999999365
2009-06-25,1.543720792636498
2009-06-26,-0.18474999999998343
2009-06-29,0.9147499999999802
2009-06-30,2.9554489216099413
2009-07-01,-0.023999999999995362
2009-07-02,1.3107102982640808
2009-07-03,0.0
2009-07-06,1.448999999999998
2009-07-07,0.7359999999999973
2009-07-08,-0.07850000000000128
2009-07-09,-0.9383373195301438
2009-07-10,0.246499999999998
2009-07-13,-0.8239356109884527
2009-07-14,-1.7446503582357027
2009-07-15,1.143499999999991
2009-07-16,2.01400000000004
2009-07-17,-0.47400000000004494
2009-07-20,0.5415000000000475
2009-07-21,2.5030549741637866
2009-07-22,0.5375000000000051
2009-07-23,-4.698499999999972
2009-07-24,2.260999999999971
2009-07-27,-1.6825000000000117
2009-07-28,0.9449999999999628
2009-07-29,0.07649999999999607
2009-07-30,-2.1389999999999607
2009-07-31,0.16000000000004339
2009-08-03,-4.4410000000000345
2009-08-04,0.3645689468596239
2009-08-05,1.2810000000000044
2009-08-06,2.861499999999954
2009-08-07,1.6536037423593668
2009-08-10,0.4225000000000371
2009-08-11,-0.0024999999999905866
2009-08-12,-0.30750000000004496
2009-08-13,2.095676269917951
2009-08-14,0.9494293822501063
2009-08-17,0.8315000000000337
2009-08-18,-0.3141330316196929
2009-08-19,-0.047792502807605386
2009-08-20,0.8425000000000815
2009-08-21,-0.9705000000000349
2009-08-24,-1.5691907786389996
2009-08-25,0.9100000000000117
2009-08-26,-1.3900000000000006
2009-08-27,-1.1625000000000414
2009-08-28,0.01718024261589461
2009-08-31,-0.5149999999999589
2009-09-01,-0.17199999999999618
2009-09-02,0.6883502505448744
2009-09-03,0.5574999999999815
2009-09-04,2.2317493860196476
2009-09-07,-0.004196659734552441
2009-09-08,0.06250000000007272
2009-09-09,-1.2874999999999996
2009-09-10,0.5299999999999404
2009-09-11,-0.7824999999999432
2009-09-14,-0.2050000000000127
2009-09-15,-5.8074999999999894
2009-09-16,2.3943086762123733
2009-09-17,1.593750000000018
2009-09-18,0.424999999999988
2009-09-21,-0.5175000000000499
2009-09-22,-0.5524999999998761
2009-09-23,0.09249999999992882
2009-09-24,-1.4769731548949239
2009-09-25,0.617499999999937
2009-09-28,-0.021250000000029922
2009-09-29,-0.0637499999999086
2009-09-30,-0.21249999999999653
2009-10-01,0.9849999999999024
2009-10-02,1.2487499999999963
2009-10-05,-1.0081927946381568
2009-10-06,-1.9449999999999141
2009-10-07,1.6025000000001168
2009-10-08,-0.7511148655171801
2009-10-09,-2.1550000000000997
2009-10-12,-2.66
2009-10-13,2.1480732862589234
2009-10-14,-1.320000000000111
2009-10-15,0.21391458118296786
2009-10-16,0.6243668529353799
2009-10-19,-0.2987500000000938
2009-10-20,0.7175000000002107
2009-10-21,-1.2589503827696018
2009-10-22,-0.38624999999999937
2009-10-23,-1.6140000000000068
2009-10-26,-0.6887499999999251
2009-10-27,2.0075000000001317
2009-10-28,0.3927499999998792
2009-10-29,-0.32649999999999546
2009-10-30,1.5877500000000238
2009-11-02,-2.4611300092207604
2009-11-03,-1.199750000000102
2009-11-04,0.1472500000000149
2009-11-05,0.6339999999999878
2009-11-06,0.47749999999999126
2009-11-09,-0.033749999999882214
2009-11-10,-0.1599575390731287
2009-11-11,1.093295436071737
2009-11-12,0.4627500000001268
2009-11-13,0.7040003056452948
2009-11-16,1.9912500000001474
2009-11-17,-0.1890000000001409
2009-11-18,-0.23657906642167992
2009-11-19,0.4910000000001253
2009-11-20,-0.5303961323426911
2009-11-23,1.0349999999999673
2009-11-24,2.550000000000026
2009-11-25,0.3649999999999737
2009-11-26,-0.00898678010847673
2009-11-27,0.7000000000000344
2009-11-30,-0.16199999999999237
2009-12-01,0.15972513102136499
2009-12-02,0.26999999999998253
2009-12-03,0.37700000000001016
2009-12-04,-3.1019999999997934
2009-12-07,1.4697007770924224
2009-12-08,-0.9288059350088804
2009-12-09,0.21620970830127392
2009-12-10,-1.8230000000000162
2009-12-11,-1.5720000000001377
2009-12-14,-0.40800000000006337
2009-12-15,-0.15499999999994907
2009-12-16,1.546140993013978e-13
2009-12-17,1.4829999999998513
2009-12-18,-1.193000000000015
2009-12-21,-3.3799999999999777
2009-12-22,-0.9003268771273361
2009-12-23,-0.8897176049548691
2009-12-24,-0.6745000000001481
2009-12-25,0.0
2009-12-28,-2.5617499999998548
2009-12-29,0.7814671960075729
2009-12-30,0.30200000000003974
2009-12-31,-0.6637500000000103
2010-01-01,0.0
2010-01-04,1.7117500000000054
2010-01-05,1.338249999999998
2010-01-06,0.8367499999999919
2010-01-07,-0.31500000000001627
2010-01-08,0.4950000000000091
2010-01-11,-0.5712203743323331
2010-01-12,3.4625000000001207
2010-01-13,-0.2113507970056597
2010-01-14,1.1892500000001378
2010-01-15,1.4363321368338668
2010-01-18,0.0
2010-01-19,0.10024999999986921
2010-01-20,-0.39024999999984394
2010-01-21,-1.0095809940333444
2010-01-22,0.6014999999998888
2010-01-25,0.39375000000013716
2010-01-26,0.6623111720274901
2010-01-27,-1.8183148357492689
2010-01-28,-0.7482434335340054
2010-01-29,1.1059999999998953
2010-02-01,1.0849999999999889
2010-02-02,-0.0013382059538938444
2010-02-03,-0.6950000000000508
2010-02-04,0.7870000000000041
2010-02-05,1.0100000000000606
2010-02-08,-1.32000000000005
2010-02-09,0.0779999999998341
2010-02-10,-1.498143049565004
2010-02-11,0.46300000000000546
2010-02-12,1.375000000000205
2010-02-15,-0.05154904931362154
2010-02-16,0.664999999999935
2010-02-17,-1.1329999999999534
2010-02-18,-0.5299999999999853
2010-02-19,-0.6270000000000485
2010-02-22,-0.8579999999999495
2010-02-23,0.5349999999999955
2010-02-24,1.3199999999998133
2010-02-25,2.122999999999988
2010-02-26,0.5669519285789149
2010-03-01,1.0699999999998007
2010-03-02,0.1288231819599467
2010-03-03,-0.028047911865459043
2010-03-04,1.1400000000000154
2010-03-05,-0.04615068293966891
2010-03-08,-0.8499999999997657
2010-03-09,1.494999999999577
2010-03-10,0.31695870421036837
2010-03-11,-0.24408853638618747
2010-03-12,0.7519643581659646
2010-03-15,0.11500000000001603
2010-03-16,1.5039767457627469
2010-03-17,0.559999999999987
2010-03-18,-1.7089632670208894
2010-03-19,-1.640000000000243
2010-03-22,1.7882335310732413
2010-03-23,2.417999999999678
2010-03-24,-4.965918903171637
2010-03-25,-0.1337828776041501
2010-03-26,1.3890000000002405
2010-03-29,0.8509999999997562
2010-03-30,1.409000000000012
2010-03-31,2.4860000000000055
2010-04-01,-0.9039314922188684
2010-04-02,-0.26283345092373134
2010-04-05,-2.9099999999999904
2010-04-06,2.491166924288535
2010-04-07,-0.01763364209028921
2010-04-08,2.3825849245260384
2010-04-09,0.6925000000000257
2010-04-12,2.162500000000233
2010-04-13,-0.0790874038778979
2010-04-14,-1.6662500000001856
2010-04-15,-0.5215774748438656
2010-04-16,-0.7249999999999515
2010-04-19,2.8374999999999724
2010-04-20,-0.6283032882005384
2010-04-21,1.8262499999999746
2010-04-22,-2.0512499999999694
2010-04-23,1.669999999999984
2010-04-26,1.5800000000000065
2010-04-27,-1.2062499999999714
2010-04-28,-3.1518538292727936
2010-04-29,3.521486162318199
2010-04-30,-1.895410899972184
2010-05-03,0.5149935671199781
2010-05-04,-3.427500000000192
2010-05-05,-1.8646424029982571
2010-05-06,-0.669000000000013
2010-05-07,2.197913124244504
2010-05-10,0.9050000000000026
2010-05-11,-1.1106096828410992
2010-05-12,0.5024999999999993
2010-05-13,0.6949999999998349
2010-05-14,2.1524999999999626
2010-05-17,0.25422492872653923
2010-05-18,0.16000000000024267
2010-05-19,-0.2887500000002456
2010-05-20,1.040112206906212
2010-05-21,0.6399999999997846
2010-05-24,-0.6799999999998114
2010-05-25,0.780000000000009
2010-05-26,-2.3000000000000824
2010-05-27,-1.6584912248001722
2010-05-28,2.608999999999801
2010-05-31,0.0
2010-06-01,0.6309999999999605
2010-06-02,0.37500000000023975
2010-06-03,-0.6410000000000146
2010-06-04,4.490999999999771
2010-06-07,1.4300000000001856
2010-06-08,0.03899999999982347
2010-06-09,-0.0649999999998257
2010-06-10,-2.875544428819396
2010-06-11,1.1309999999998612
2010-06-14,-1.0550000000000461
2010-06-15,-0.20399999999979893
2010-06-16,0.16900000000001086
2010-06-17,2.0759999999998304
2010-06-18,-0.6600000000000447
2010-06-21,1.010526681635432
2010-06-22,1.7549999999999863
2010-06-23,1.5850000000000044
2010-06-24,-0.2036269149542872
2010-06-25,1.420000000000004
2010-06-28,3.2047786795624877
2010-06-29,1.779999999999936
2010-06-30,-5.5149999999999535
2010-07-01,-2.316765004008019
2010-07-02,-1.4469002273079903
2010-07-05,0.0
2010-07-06,2.6550000000000633
2010-07-07,-0.6749999999999909
2010-07-08,-1.198982754420093
2010-07-09,-0.9049999999999812
2010-07-12,0.0899999999997884
2010-07-13,-0.029999999999812645
2010-07-14,0.9200000000000369
2010-07-15,1.1150000000000087
2010-07-16,1.004999999999994
2010-07-19,1.014999999999992
2010-07-20,1.725000000000016
2010-07-21,0.13999999999997043
2010-07-22,0.46999999999979025
2010-07-23,-0.9999999999998318
2010-07-26,0.8500000000000029
2010-07-27,-0.9483764880438836
2010-07-28,0.6800000000002547
2010-07-29,0.9000000000001875
2010-07-30,1.330999999999787
2010-08-02,0.12400000000004666
2010-08-03,2.067633844315805
2010-08-04,-2.159999999999981
2010-08-05,0.12000000000022046
2010-08-06,0.2527453446980886
2010-08-09,1.012
2010-08-10,2.15800000000018
2010-08-11,0.5019999999998211
2010-08-12,-1.8599999999998145
2010-08-13,-0.11699999999996306
2010-08-16,2.808982621871568
2010-08-17,-1.2799999999999678
2010-08-18,-0.9549999999999589
2010-08-19,0.9950000000000305
2010-08-20,-2.5370000000000887
2010-08-23,-0.20026658705676967
2010-08-24,2.8019999999998007
2010-08-25,-1.6599999999995523
2010-08-26,-0.695000000000253
2010-08-27,-3.2299999999999605
2010-08-30,1.5800000000001997
2010-08-31,0.776460539245603
2010-09-01,-1.2569999999996497
2010-09-02,-0.3782876380747752
2010-09-03,-1.600000000000013
2010-09-06,0.0
2010-09-07,1.7000000000001834
2010-09-08,-0.41542190256778594
2010-09-09,-3.0540000000000216
2010-09-10,-0.37500000000015293
2010-09-13,1.8889999999999878
2010-09-14,1.5885044218594837
2010-09-15,-0.6589999999998277
2010-09-16,-0.9110000000003884
2010-09-17,0.5000000000002341
2010-09-20,0.884999999999729
2010-09-21,3.410000000000199
2010-09-22,1.161767404608132
2010-09-23,0.07674062629768472
2010-09-24,-0.05700000000024665
2010-09-27,2.533758468409879
2010-09-28,1.0150000000000068
2010-09-29,-0.2332296105099908
2010-09-30,-1.2490000000000112
2010-10-01,0.49400000000027305
2010-10-04,0.9009999999997391
2010-10-05,1.31210554362536
2010-10-06,1.5150000000002715
2010-10-07,-0.20500000000028393
2010-10-08,2.7000000000000357
2010-10-11,0.23999999999999838
2010-10-12,-0.44000000000001155
2010-10-13,1.201827829290606
2010-10-14,-3.1850000000000795
2010-10-15,-0.4909999999999607
2010-10-18,2.875999999999999
2010-10-19,-1.0949999999999704
2010-10-20,1.9389999999997312
2010-10-21,-0.9690000000000106
2010-10-22,-0.34999999999981196
2010-10-25,-0.010999999999970077
2010-10-26,-3.427909833386585
2010-10-27,-2.8218048006386867
2010-10-28,3.7662500000001917
2010-10-29,2.1327500000000423
2010-11-01,0.6985000000000617
2010-11-02,0.9124999999999942
2010-11-03,1.0619582648955583
2010-11-04,4.784575189406863
2010-11-05,-0.45318783465467133
2010-11-08,-1.3431762816639823
2010-11-09,-3.5229999999998243
2010-11-10,1.3474185522701012
2010-11-11,-2.236178638101205
2010-11-12,-5.511000000000217
2010-11-15,-1.9301993671972935
2010-11-16,-4.143943161264231
2010-11-17,1.805269358251145
2010-11-18,0.6930000000000315
2010-11-19,-0.6680000000002144
2010-11-22,1.4280000000001782
2010-11-23,-1.027097381110541
2010-11-24,-0.7732622922983895
2010-11-25,-0.0032588938232771154
2010-11-26,-1.1799999999999897
2010-11-29,0.8137499999999738
2010-11-30,0.8199999999999682
2010-12-01,-1.7074999999999947
2010-12-02,-0.5578765666966615
2010-12-03,0.5249999999998239
2010-12-06,1.7937500000001958
2010-12-07,-5.905000000000037
2010-12-08,-0.7012082016490334
2010-12-09,-1.1993169479733397
2010-12-10,-0.9275000000000304
2010-12-13,2.010000000000039
2010-12-14,-2.150000000000123
2010-12-15,-2.77768484634409
2010-12-16,1.3850000000000264
2010-12-17,2.6149999999999887
2010-12-20,0.27314369097234653
2010-12-21,0.7800000000000005
2010-12-22,0.6948175450635293
2010-12-23,-1.2849999999999855
2010-12-24,0.0
2010-12-27,0.3599999999998806
2010-12-28,-1.2495144463152905
2010-12-29,1.3049056070997747
2010-12-30,-0.9162500000001096
2010-12-31,2.066250000000133
2011-01-03,0.16112522767903545
2011-01-04,-0.6987499999999885
2011-01-05,0.7137499999999836
2011-01-06,-0.4719702528809954
2011-01-07,-0.020249999999901958
2011-01-10,0.9612500000000288
2011-01-11,0.8596508578464843
2011-01-12,2.7182500000000065
2011-01-13,1.06374999999989
2011-01-14,1.6150000000000895
2011-01-17,0.0
2011-01-18,0.3867499999998917
2011-01-19,-2.055762660932299
2011-01-20,0.6517499999999956
2011-01-21,2.0982499999998976
2011-01-24,0.19925000000000148
2011-01-25,-1.3783032155196573
2011-01-26,2.3832500000001207
2011-01-27,-0.7282500000000077
2011-01-28,-3.2642500000001164
2011-01-31,2.843724318533665
2011-02-01,2.5350000000001045
2011-02-02,-0.7730175242426489
2011-02-03,-1.8391262637325896
2011-02-04,1.6362499999999909
2011-02-07,-0.25349999999997325
2011-02-08,-0.9500000000000233
2011-02-09,1.583499999999984
2011-02-10,-0.48724999999996765
2011-02-11,1.988185126509731
2011-02-14,-2.009999999999901
2011-02-15,-4.64216985876827
2011-02-16,1.2032499999999842
2011-02-17,6.5437499999998785
2011-02-18,-1.044281550410103
2011-02-21,0.0
2011-02-22,-5.6744999999999655
2011-02-23,0.269499999999957
2011-02-24,-0.6362499999999677
2011-02-25,4.017499999999978
2011-02-28,1.3573478729208723
2011-03-01,-0.44049999999988215
2011-03-02,0.15999999999987266
2011-03-03,1.9175000000000058
2011-03-04,0.06750000000009314
2011-03-07,-0.6445000000000871
2011-03-08,0.5344999999999933
2011-03-09,2.3005000000001137
2011-03-10,-3.722500000000101
2011-03-11,-0.5499999999999291
2011-03-14,0.6726490830895742
2011-03-15,-6.72699999999988
2011-03-16,-0.6484956720543494
2011-03-17,4.877683622462325
2011-03-18,3.267249699293327
2011-03-21,1.8593357669871526
2011-03-22,0.24900000000001343
2011-03-23,-0.5375000000000398
2011-03-24,0.5850000000000094
2011-03-25,-2.2237725085279174
2011-03-28,-1.8624999999999696
2011-03-29,-0.1449999999999801
2011-03-30,0.5924999999999845
2011-03-31,4.563750389445289
2011-04-01,2.5199999999999902
2011-04-04,1.3450000000001534
2011-04-05,-0.24622570538512073
2011-04-06,-0.3937500000000228
2011-04-07,0.12524441594271843
2011-04-08,1.9175000000000175
2011-04-11,0.09150486256073635
2011-04-12,-2.4462500000000387
2011-04-13,2.9262500000000187
2011-04-14,2.2000000000001374
2011-04-15,2.7272762766257737
2011-04-18,1.8499999999998706
2011-04-19,2.6649999999999974
2011-04-20,-2.682499999999851
2011-04-21,1.7287499999998623
2011-04-22,-0.002203977600427369
2011-04-25,3.328500000000096
2011-04-26,0.8175000000000207
2011-04-27,-1.2231951533428607
2011-04-28,-3.4940075668627193
2011-04-29,7.343466857836492
2011-05-02,-1.152047633869013
2011-05-03,-1.462783830801869
2011-05-04,-0.14927935880241516
2011-05-05,-2.8299999999998278
2011-05-06,0.8006101816331745
2011-05-09,3.086599681869914
2011-05-10,0.03172699803701699
2011-05-11,-4.549750000000039
2011-05-12,0.17361260624083447
2011-05-13,-1.3337500000002347
2011-05-16,1.977820821796018
2011-05-17,3.2332980337527566
2011-05-18,0.4492859559258573
2011-05-19,1.0862500000000632
2011-05-20,1.650249999999725
2011-05-23,-1.1489999999999818
2011-05-24,0.32024999999994086
2011-05-25,1.5211131641992282
2011-05-26,3.544450206273693
2011-05-27,2.4024999999997023
2011-05-30,0.0
2011-05-31,0.2975000000002553
2011-06-01,2.1784999999999957
2011-06-02,1.4039999999997959
2011-06-03,-0.13150000000003528
2011-06-06,-4.4034999999997595
2011-06-07,1.9602755184179619
2011-06-08,3.1645000000003027
2011-06-09,1.9424999999996535
2011-06-10,-1.159260534483195
2011-06-13,-1.514500000000023
2011-06-14,-5.300000000000005
2011-06-15,-0.8433938240638222
2011-06-16,-1.238750677680788
2011-06-17,1.8549999999997877
2011-06-20,0.34999999999994247
2011-06-21,3.470000000000036
2011-06-22,-3.9050000000002485
2011-06-23,0.4102245986618408
2011-06-24,-0.4799999999997135
2011-06-27,-1.545000000000017
2011-06-28,0.4899999999999785
2011-06-29,-1.1692521105542386
2011-06-30,-4.714999999999948
2011-07-01,-2.8919904828010403
2011-07-04,0.0
2011-07-05,3.7899999999999956
2011-07-06,0.8349999999997914
2011-07-07,0.07500000000019172
2011-07-08,5.289999999999997
2011-07-11,-0.2043531239830569
2011-07-12,2.7349999999997943
2011-07-13,4.145000000000182
2011-07-14,-1.7650000000000095
2011-07-15,1.6200000000000556
2011-07-18,-0.3850000000000307
2011-07-19,2.1900000000000044
2011-07-20,-1.7750000000001935
2011-07-21,-1.0650000000000226
2011-07-22,2.0350000000002524
2011-07-25,-1.3000000000002074
2011-07-26,3.1456706227648095
2011-07-27,-1.3449999999997777
2011-07-28,-0.6150000000002211
2011-07-29,1.8500000000000312
2011-08-01,3.6149999999999856
2011-08-02,5.157753072388079
2011-08-03,-0.6459999999999998
2011-08-04,-1.12499999999976
2011-08-05,-3.7372555767795506
2011-08-08,-2.2442780170365935
2011-08-09,2.7132583247844186
2011-08-10,2.5462499999997816
2011-08-11,2.658062695033591
2011-08-12,0.8984999999999634
2011-08-15,0.7740000000000029
2011-08-16,1.49135776514541
2011-08-17,1.3100594175112474
2011-08-18,-1.6537499999998158
2011-08-19,1.4087500000000277
2011-08-22,0.006249999999943247
2011-08-23,0.5912499999999928
2011-08-24,-2.7999999999999985
2011-08-25,0.410023752425587
2011-08-26,4.2022500000000305
2011-08-29,-0.6310000000000185
2011-08-30,1.7062499999998118
2011-08-31,-0.3992399279042547
2011-09-01,-2.1340000000001744
2011-09-02,3.6530144383365193
2011-09-05,0.0
2011-09-06,-1.6050000000000175
2011-09-07,-1.0775000000001327
2011-09-08,-1.0238499694883927
2011-09-09,0.6983530849940772
2011-09-12,-0.9649999999997743
2011-09-13,-3.4320000000000657
2011-09-14,-0.23652041237182556
2011-09-15,-3.7870000000000235
2011-09-16,-0.9729999999999555
2011-09-19,2.3779999999999486
2011-09-20,-0.3957299793468653
2011-09-21,-0.07999999999994288
2011-09-22,-1.1547808533603012
2011-09-23,-3.340127061153479
2011-09-26,-1.441000000000044
2011-09-27,-1.3988482021457058
2011-09-28,-1.6790000000000447
2011-09-29,0.4528057620506356
2011-09-30,-2.3682513947303883
2011-10-03,2.374999999999989
2011-10-04,-0.6849999999999659
2011-10-05,-1.3964762236796067
2011-10-06,-1.4500000000003979
2011-10-07,-2.0699999999997956
2011-10-10,-2.93750000000004
2011-10-11,2.6332799566507474
2011-10-12,-0.6950000000000056
2011-10-13,1.6187499999998525
2011-10-14,-0.8049999999998294
2011-10-17,1.4325000000002162
2011-10-18,0.6212499999998238
2011-10-19,-0.14125000000004545
2011-10-20,-0.09874999999996022
2011-10-21,0.06375
2011-10-24,-0.43873349121206373
2011-10-25,2.6524999999999563
2011-10-26,-1.746249999999925
2011-10-27,-2.493750000000056
2011-10-28,2.257499999999994
2011-10-31,2.4136490812919167
2011-11-01,2.605000000000188
2011-11-02,0.4650000000000171
2011-11-03,-0.3001217635369377
2011-11-04,0.6337500000001536
2011-11-07,0.5612499999997727
2011-11-08,-1.1149999999999771
2011-11-09,-0.04624999999994889
2011-11-10,-2.2024999999998407
2011-11-11,-1.8443750000004038
2011-11-14,1.2056250000001592
2011-11-15,0.49440271740302943
2011-11-16,0.4712499999997783
2011-11-17,-0.6162499999999432
2011-11-18,-0.8625000000000056
2011-11-21,-0.20623593564090684
2011-11-22,0.42249999999995624
2011-11-23,0.32124999999979986
2011-11-24,0.0
2011-11-25,-1.5199999999997562
2011-11-28,0.6199999999997373
2011-11-29,-0.23250000000000628
2011-11-30,-0.35672640687317586
2011-12-01,-0.9099999999996863
2011-12-02,1.0299999999999523
2011-12-05,0.15500000000023875
2011-12-06,-0.12000000000027967
2011-12-07,2.1650000000000547
2011-12-08,1.9700000000000273
2011-12-09,-2.065000000000082
2011-12-12,0.5899999999997817
2011-12-13,0.7950000000002252
2011-12-14,-0.1499999999999932
2011-12-15,-0.2850000000002388
2011-12-16,1.726379193391166
2011-12-19,0.7149999999999926
2011-12-20,-1.6350000000000295
2011-12-21,-0.2800000000000148
2011-12-22,-0.26999999999994084
2011-12-23,-1.904999999999734
2011-12-26,0.0
2011-12-27,0.9049999999999483
2011-12-28,2.679999999999734
2011-12-29,0.6510909716429352
2011-12-30,1.1509999999997114
2012-01-02,-0.010631381267977962
2012-01-03,-1.3110000000000153
2012-01-04,-0.17499999999968877
2012-01-05,0.07099999999977763
2012-01-06,0.6739999999999632
2012-01-09,0.9650000000002512
2012-01-10,-0.4040000000002583
2012-01-11,1.3097185287522548
2012-01-12,-2.4749999999999344
2012-01-13,1.1900000000002147
2012-01-16,0.0
2012-01-17,0.16499999999975595
2012-01-18,-1.8849999999997045
2012-01-19,-0.9935240052857071
2012-01-20,-1.9249999999999599
2012-01-23,-0.5599999999996896
2012-01-24,1.216040168552826
2012-01-25,3.7649999999996986
2012-01-26,2.673811891888077
2012-01-27,1.1700000000000614
2012-01-30,-0.18894738204774472
2012-01-31,1.1849999999996785
2012-02-01,0.9000000000000066
2012-02-02,1.0790349947803999
2012-02-03,-2.0039999999999445
2012-02-06,0.8490000000002406
2012-02-07,-2.4529732462893654
2012-02-08,-0.4089631682810202
2012-02-09,-1.3958881335888746
2012-02-10,-0.22297540921085346
2012-02-13,0.9650000000000372
2012-02-14,0.007999999999968713
2012-02-15,-0.5659766798639752
2012-02-16,-0.4899999999997501
2012-02-17,-0.20999999999996077
2012-02-20,0.0
2012-02-21,-1.5200000000003049
2012-02-22,0.6400000000003063
2012-02-23,-0.3480000000002785
2012-02-24,-0.937000000000019
2012-02-27,1.7700000000002598
2012-02-28,1.2150000000000138
2012-02-29,-0.1500000000000161
2012-03-01,-0.6142269087883178
2012-03-02,1.91699999999974
2012-03-05,-0.994999999999721
2012-03-06,-1.0600000000002652
2012-03-07,-0.4104496721093368
2012-03-08,0.6950000000002917
2012-03-09,0.3160308706706537
2012-03-12,-0.30999999999999367
2012-03-13,-0.7540000000002827
2012-03-14,-5.195999999999645
2012-03-15,1.771188986948216
2012-03-16,-0.4212499999997785
2012-03-19,-2.451500000000004
2012-03-20,-2.457499999999961
2012-03-21,1.0377499999997584
2012-03-22,-0.04044492657287463
2012-03-23,1.2450000000001726
2012-03-26,0.4724999999999036
2012-03-27,0.8699999999999906
2012-03-28,-2.7785000000000615
2012-03-29,-0.9475000000000753
2012-03-30,1.0825000000000204
2012-04-02,1.7666478142561053
2012-04-03,-2.5590000000001036
2012-04-04,1.0940909988816732
2012-04-05,1.2190000000000212
2012-04-06,1.528500000000203
2012-04-09,0.7756412735667848
2012-04-10,-1.656500000000031
2012-04-11,0.027499999999993228
2012-04-12,0.420000000000212
2012-04-13,-1.2607254505095151
2012-04-16,-1.2891441013720446
2012-04-17,0.601249999999944
2012-04-18,-0.08431503902344811
2012-04-19,1.423749999999953
2012-04-20,0.00750000000010441
2012-04-23,1.3530163072751982
2012-04-24,-1.043750000000018
2012-04-25,-0.6364999999999494
2012-04-26,0.22524999999984266
2012-04-27,1.927251635685293
2012-04-30,0.6599999999997836
2012-05-01,-0.5870448528518929
2012-05-02,-0.5360000000002361
2012-05-03,-0.4599999999999969
2012-05-04,-0.03900000000003838
2012-05-07,0.31900000000000484
2012-05-08,-0.007981573375676388
2012-05-09,-1.6789999999999985
2012-05-10,-1.6399084336527034
2012-05-11,0.3858266996534105
2012-05-14,0.740288051363028
2012-05-15,0.12330833112493714
2012-05-16,1.5417619723767753
2012-05-17,1.2435768782777707
2012-05-18,0.7937500000000681
2012-05-21,0.12000000000028213
2012-05-22,-2.9338308410435383
2012-05-23,1.367749999999949
2012-05-24,-1.8679226065170718
2012-05-25,1.3475000000000095
2012-05-28,-0.0038357984266411864
2012-05-29,-0.19500000000007275
2012-05-30,3.378750000000355
2012-05-31,1.3387500000000272
2012-06-01,1.5137499999996635
2012-06-04,-0.8698649146595279
2012-06-05,-1.5924999999996088
2012-06-06,-1.228963329523139
2012-06-07,1.8071851839886235
2012-06-08,0.9360000000000084
2012-06-11,0.2687500000002985
2012-06-12,-2.8310000000003837
2012-06-13,0.9300000000000339
2012-06-14,-0.04524999999993161
2012-06-15,0.5272500000002471
2012-06-18,2.1652499999997197
2012-06-19,1.5600000000003498
2012-06-20,-0.8378884966712451
2012-06-21,-0.5174999999999996
2012-06-22,-1.0697500000003761
2012-06-25,4.4660000000003155
2012-06-26,1.3399999999999996
2012-06-27,0.7187499999996505
2012-06-28,1.7806877964553893
2012-06-29,-1.415458426222031
2012-07-02,3.3629263403351985
2012-07-03,0.14260172206698116
2012-07-04,0.0
2012-07-05,3.571000000000367
2012-07-06,0.07249999999988067
2012-07-09,3.9948500000000466
2012-07-10,-0.537719844730744
2012-07-11,-1.1529549466799816
2012-07-12,2.332999999999629
2012-07-13,0.27324999999998073
2012-07-16,3.991250000000026
2012-07-17,-1.0343781056046988
2012-07-18,2.056250000000099
2012-07-19,-1.4605000000000115
2012-07-20,2.446527338984589
2012-07-23,-1.1045000000003649
2012-07-24,-0.36874999999968205
2012-07-25,1.4599268726309416
2012-07-26,-1.0790800000000353
2012-07-27,-1.0174999999998948
2012-07-30,3.9229999999999623
2012-07-31,-0.4675000000000669
2012-08-01,-2.603170000000334
2012-08-02,0.5882112472945153
2012-08-03,-0.8605000000003548
2012-08-06,1.0876747997414653
2012-08-07,-3.027001213983745
2012-08-08,1.7775000000000678
2012-08-09,1.062499999999933
2012-08-10,-0.7184911245910612
2012-08-13,-2.2688999999999697
2012-08-14,-2.068600000000335
2012-08-15,-0.5431402190556321
2012-08-16,-0.6873500000003393
2012-08-17,0.6982856239751175
2012-08-20,2.4278525303807807
2012-08-21,1.8051499999999814
2012-08-22,2.5200000000000546
2012-08-23,-1.3800000000000396
2012-08-24,-1.2250000000002874
2012-08-27,0.0950000000003015
2012-08-28,-0.032907223955061765
2012-08-29,0.7810000000003448
2012-08-30,0.2889999999996646
2012-08-31,2.4248500000000046
2012-09-03,0.0
2012-09-04,0.06099999999998927
2012-09-05,-1.289850000000017
2012-09-06,-0.9459999999999751
2012-09-07,2.010000000000033
2012-09-10,-2.7639999999999976
2012-09-11,-0.37999999999972156
2012-09-12,-2.4911499999999975
2012-09-13,3.645149999999658
2012-09-14,-0.6439999999996846
2012-09-17,-4.418999999999998
2012-09-18,-0.40037595573739904
2012-09-19,2.030000000000005
2012-09-20,-1.1139999999999208
2012-09-21,0.9110769157719929
2012-09-24,0.04199999999994316
2012-09-25,0.5699999999997027
2012-09-26,-0.7469999999996929
2012-09-27,-0.732882824104098
2012-09-28,3.495000000000009
2012-10-01,1.1252867596082203
2012-10-02,-0.5076043754345241
2012-10-03,0.8781599999999933
2012-10-04,0.07666354699152472
2012-10-05,-2.919840000000359
2012-10-08,0.39948999999995877
2012-10-09,-1.112380828069149
2012-10-10,-1.0202500000003842
2012-10-11,3.283749999999996
2012-10-12,-1.258545364161468
2012-10-15,-0.8311170621342614
2012-10-16,-1.4789999999999315
2012-10-17,-2.1337500000000693
2012-10-18,-0.2158330017441809
2012-10-19,1.0401700000003122
2012-10-22,-1.7060000000003468
2012-10-23,0.19000000000034262
2012-10-24,0.7760000000000951
2012-10-25,-2.304999999999981
2012-10-26,1.8976280458654762
2012-10-29,0.11171211330810821
2012-10-30,-0.6490000000000238
2012-10-31,1.4840000000001088
2012-11-01,0.49100000000000155
2012-11-02,-0.3300000000000708
2012-11-05,0.599768865865333
2012-11-06,-0.16984999999998926
2012-11-07,2.3550000000003415
2012-11-08,-0.39962807624210267
2012-11-09,-1.3100000000000105
2012-11-12,-1.9100080000000452
2012-11-13,0.44400800000005447
2012-11-14,-0.9133530432434877
2012-11-15,-0.08499999999976349
2012-11-16,1.567706720088077
2012-11-19,1.2489999999996628
2012-11-20,0.018251419955600687
2012-11-21,-0.7091978176841818
2012-11-22,0.0
2012-11-23,0.7219999999996368
2012-11-26,0.49300000000000943
2012-11-27,1.5000000000002982
2012-11-28,1.2650000000000923
2012-11-29,0.5318781238309194
2012-11-30,0.19800000000000756
2012-12-03,0.03219617979073509
2012-12-04,0.5489999999996914
2012-12-05,1.5128396235301378
2012-12-06,0.17565908252754622
2012-12-07,-0.9001700000003763
2012-12-10,0.5551700000003801
2012-12-11,-1.0823452247426193
2012-12-12,-1.5733199999995424
2012-12-13,-2.5929467034684506
2012-12-14,1.2850000000000075
2012-12-17,-2.0605000000003693
2012-12-18,-1.0882499999999504
2012-12-19,-1.6224999999996397
2012-12-20,-1.2000000000000064
2012-12-21,-1.2964014055675854
2012-12-24,-1.9378158241633663
2012-12-25,-0.0026410863485961393
2012-12-26,-0.6062499999995645
2012-12-27,1.403749999999856
2012-12-28,0.34786451074035296
2012-12-31,0.8249999999999897
2013-01-01,0.0
2013-01-02,-1.0801699999999907
2013-01-03,-2.444829999999991
2013-01-04,-2.5399999999996767
2013-01-07,0.31495605662747367
2013-01-08,1.1150000000000106
2013-01-09,2.029973424869456
2013-01-10,0.3250000000003061
2013-01-11,-0.6818531830145746
2013-01-14,2.220000000000024
2013-01-15,1.0825154616059882
2013-01-16,0.5338399999996625
2013-01-17,-1.5405647240637783
2013-01-18,-0.40453251750701674
2013-01-21,0.032757263990994163
2013-01-22,0.9176729599996676
2013-01-23,-0.1961436626674696
2013-01-24,-0.4950424000000149
2013-01-25,-3.170783523915993
2013-01-28,-1.3460673609698162
2013-01-29,0.14045650000024748
2013-01-30,0.46743963876669253
2013-01-31,0.13421404000005582
2013-02-01,1.6080438399999515
2013-02-04,-0.3799246776644303
2013-02-05,-0.33912896655715763
2013-02-06,-1.5054072000003471
2013-02-07,-2.2046649599999966
2013-02-08,0.06764048000031189
2013-02-11,-0.9778004000003175
2013-02-12,0.5634036800003002
2013-02-13,-0.6523773097927166
2013-02-14,1.5912312000000224
2013-02-15,-0.7477104849656365
2013-02-18,-0.0030656610635600456
2013-02-19,-0.2528540000003115
2013-02-20,-0.36215608000000565
2013-02-21,-0.8126966399999795
2013-02-22,1.3615410289690797
2013-02-25,0.41097720000005283
2013-02-26,-1.024587160000047
2013-02-27,1.5045330028552724
2013-02-28,0.8690557000908442
2013-03-01,0.10960250000001134
2013-03-04,-0.7297130000003156
2013-03-05,0.7080828000000196
2013-03-06,-2.5318533000000283
2013-03-07,-1.520707199999726
2013-03-08,0.7413804000000287
2013-03-11,2.0229436000000542
2013-03-12,2.454026899999947
2013-03-13,-0.09617079100584763
2013-03-14,0.22178883999974014
2013-03-15,1.9202805662673719
2013-03-18,1.0635968000000233
2013-03-19,0.10167093132970892
2013-03-20,1.7819467999998952
2013-03-21,-0.49294580000015886
2013-03-22,0.061484159999956434
2013-03-25,1.2676619912132445
2013-03-26,0.10918830000000344
2013-03-27,1.6486796426217725
2013-03-28,-4.652572092180043
2013-03-29,-0.014991555158728907
2013-04-01,0.184992000000268
2013-04-02,1.0162549319677574
2013-04-03,0.3160938200000431
2013-04-04,2.075181600000274
2013-04-05,2.5962074799996615
2013-04-08,-0.6780490199996834
2013-04-09,1.7123763199999573
2013-04-10,-0.27659706577854015
2013-04-11,2.1231947999999607
2013-04-12,0.6947302456167489
2013-04-15,-4.275681088401056
2013-04-16,2.4290966110697623
2013-04-17,-1.0537880000003201
2013-04-18,-1.7741151478028283
2013-04-19,0.879788916866963
2013-04-22,-0.6875000000004174
2013-04-23,-0.4754136182669546
2013-04-24,1.6100841600000473
2013-04-25,1.0320558400000215
2013-04-26,0.7767776412085997
2013-04-29,3.6139076165487194
2013-04-30,-0.16179350788462057
2013-05-01,-0.28999999999965526
2013-05-02,1.121910791899875
2013-05-03,-1.5608085599999564
2013-05-06,-3.127747572371982
2013-05-07,1.58581520000032
2013-05-08,-0.3501304000002906
2013-05-09,0.9486353875147221
2013-05-10,-5.631785520000053
2013-05-13,-0.017196811939036303
2013-05-14,-1.800384320000083
2013-05-15,-0.6912452842991471
2013-05-16,1.3069224980798113
2013-05-17,-3.8386363825442946
2013-05-20,0.7632902665279415
2013-05-21,-0.3446899101017751
2013-05-22,-2.6968760000000223
2013-05-23,-0.33655093462700847
2013-05-24,-1.6786667999999474
2013-05-27,0.23047392602789507
2013-05-28,-3.3674082000002885
2013-05-29,-0.41368798070738017
2013-05-30,-1.1097918725606137
2013-05-31,-1.5703272168771008
2013-06-03,0.4195216052194784
2013-06-04,-0.439220010617078
2013-06-05,-1.781350256177742
2013-06-06,1.107777199999772
2013-06-07,0.44398152780690564
2013-06-10,-2.9555041222193466
2013-06-11,0.9331947119855544
2013-06-12,-2.6130153999999726
2013-06-13,1.6238707736585614
2013-06-14,1.513189696479973
2013-06-17,-0.5494371389123871
2013-06-18,0.5216002400001338
2013-06-19,-2.744107199999998
2013-06-20,-6.496178189208064
2013-06-21,-1.11070441946816
2013-06-24,-1.9444276017929418
2013-06-25,0.020676646923177767
2013-06-26,1.0332224000000847
2013-06-27,1.0860331691831766
2013-06-28,-2.788598480000022
2013-07-01,-0.6722628370305141
2013-07-02,-0.3385818359672873
2013-07-03,-0.28177879999993577
2013-07-04,0.6863102400000096
2013-07-05,-3.2850065600000735
2013-07-08,2.7445458677585117
2013-07-09,2.089261999999875
2013-07-10,-0.37750000000000195
2013-07-11,2.2853456000000625
2013-07-12,-1.744616399999995
2013-07-15,0.5316936647773669
2013-07-16,0.816909000000002
2013-07-17,0.09860778463503825
2013-07-18,0.3168176000000008
2013-07-19,0.18135805999998553
2013-07-22,-0.01219400877579959
2013-07-23,-0.9536160016559888
2013-07-24,-1.5465478545068898
2013-07-25,-0.7147192799999411
2013-07-26,0.16792642842349986
2013-07-29,-0.6839894873187159
2013-07-30,0.1177695600000147
2013-07-31,0.20163974896981587
2013-08-01,-1.5572219999999772
2013-08-02,2.0555369254011104
2013-08-05,-0.3712836800000802
2013-08-06,-0.3624614728081989
2013-08-07,-0.46817220000001186
2013-08-08,1.2347993000000037
2013-08-09,-0.40425289999932346
2013-08-12,0.363752613347428
2013-08-13,-1.8026271012289183
2013-08-14,0.31236757537480414
2013-08-15,-0.5905322731577816
2013-08-16,-0.9319719005672819
2013-08-19,-0.18824359999993281
2013-08-20,0.011621999999928903
2013-08-21,-1.6961240000000224
2013-08-22,-0.46079319999990875
2013-08-23,1.822816462028948
2013-08-26,0.7616043999999342
2013-08-27,-1.6410240000000222
2013-08-28,-1.1416764183241674
2013-08-29,0.38561080000001274
2013-08-30,-0.726241639999948
2013-09-02,0.4914328934715605
2013-09-03,-1.1738791999999387
2013-09-04,-0.38190064000006485
2013-09-05,-1.0463113600000096
2013-09-06,1.7220994886154921
2013-09-09,0.7424214400000099
2013-09-10,0.1990400000000531
2013-09-11,0.9427523200000152
2013-09-12,-0.24757376000000528
2013-09-13,-0.3240022802564547
2013-09-16,0.927679023962352
2013-09-17,0.08374800000004431
2013-09-18,2.3984977735727018
2013-09-19,0.3010824000000682
2013-09-20,-0.5136178410806778
2013-09-23,0.2768719199998844
2013-09-24,0.3094405989267112
2013-09-25,0.23649440000000346
2013-09-26,-0.3564500662398051
2013-09-27,-0.2706157249085232
2013-09-30,-0.8614816400000773
2013-10-01,-0.3246427999999105
2013-10-02,0.42770416000000416
2013-10-03,-0.5337521991456218
2013-10-04,0.16022416357480804
2013-10-07,0.35749999999997806
2013-10-08,-1.3264446599999697
2013-10-09,-0.5618810000001165
2013-10-10,1.20844142056449
2013-10-11,0.8509727512013197
2013-10-14,-0.6610618399999721
2013-10-15,1.1271692399998883
2013-10-16,1.2886403726488538
2013-10-17,2.2334143999999867
2013-10-18,0.406152800000018
2013-10-21,-0.5543624722130441
2013-10-22,1.9763768000000175
2013-10-23,-0.5755812000001392
2013-10-24,-0.14749039999986058
2013-10-25,0.9314035271903811
2013-10-28,-0.3228848034764642
2013-10-29,0.6057196967991333
2013-10-30,-0.9577229746020549
2013-10-31,-0.43015202000000946
2013-11-01,-1.8407141792071522
2013-11-04,0.9852233599998645
2013-11-05,-1.5191505872133664
2013-11-06,1.2637069999998365
2013-11-07,0.6517625445597319
2013-11-08,-2.2788756399998165
2013-11-11,-0.3512304896921499
2013-11-12,-0.5935498048109286
2013-11-13,2.0395070482335655
2013-11-14,1.9714803199998272
2013-11-15,-0.017228972724833626
2013-11-18,1.227772800000004
2013-11-19,-1.2462415770537771
2013-11-20,-0.25406799999981355
2013-11-21,0.7162101999999845
2013-11-22,0.40634707999982034
2013-11-25,0.5223655687210109
2013-11-26,1.0239956385721376
2013-11-27,-0.7176536000001718
2013-11-28,0.024374999999998453
2013-11-29,-0.6100715637902393
2013-12-02,-1.6386599999997882
2013-12-03,0.1819214000001275
2013-12-04,-1.4685776000001372
2013-12-05,-0.5992550000002046
2013-12-06,0.37168415999999727
2013-12-09,1.1762570270606212
2013-12-10,1.0674637600000503
2013-12-11,-1.959936392375519
2013-12-12,-0.44961714203773406
2013-12-13,0.8879623200002276
2013-12-16,0.5091748399999624
2013-12-17,0.1933995599998166
2013-12-18,0.9428582200002148
2013-12-19,-1.629303880000036
2013-12-20,-0.00023667446114042628
2013-12-23,-0.3473900999998261
2013-12-24,-1.2437500000001729
2013-12-25,0.0
2013-12-26,0.15000000000018746
2013-12-27,0.12103841907027584
2013-12-30,0.8757235746041826
2013-12-31,-0.481350630281872
2014-01-01,0.0
2014-01-02,-0.3103987200000204
2014-01-03,0.27833632000000347
2014-01-06,0.19343096000003335
2014-01-07,1.3858827999999717
2014-01-08,-1.5094394859753582
2014-01-09,0.3906874399999542
2014-01-10,1.7200876000000314
2014-01-13,0.17666816105266803
2014-01-14,-0.664797799999995
2014-01-15,-0.8698860433901338
2014-01-16,0.18511129815125577
2014-01-17,0.6651939199999612
2014-01-20,0.6427375446336516
2014-01-21,-0.5219365999999601
2014-01-22,-0.7701877999999898
2014-01-23,0.5058117999999802
2014-01-24,-1.1768420000000135
2014-01-27,-0.5345693049026344
2014-01-28,1.3386150400000423
2014-01-29,0.17497340295140862
2014-01-30,-0.5677239200001016
2014-01-31,-0.042132560000000464
2014-02-03,-1.3728859893151542
2014-02-04,-0.6638406555144251
2014-02-05,-0.391917899324551
2014-02-06,0.5917956000001272
2014-02-07,2.283289809049713
2014-02-10,0.17565846401932503
2014-02-11,0.5425634999998614
2014-02-12,-1.5548442783369336
2014-02-13,1.7158700800000475
2014-02-14,-0.05260998675175126
2014-02-17,0.0
2014-02-18,0.772292959999861
2014-02-19,-0.9190990399999897
2014-02-20,-0.8161614478860938
2014-02-21,1.3405047156233352
2014-02-24,-0.16640800000001316
2014-02-25,0.9473320000001786
2014-02-26,0.12947353374347206
2014-02-27,0.9141769999999468
2014-02-28,-1.3850491199999506
2014-03-03,-1.6677309411431027
2014-03-04,0.04538568299304119
2014-03-05,0.28488625187527733
2014-03-06,-0.7198888720472406
2014-03-07,-2.1104198399999805
2014-03-10,0.5549974199999107
2014-03-11,-0.08374999999994648
2014-03-12,0.5697377999999743
2014-03-13,0.875497642828263
2014-03-14,-0.322830400000228
2014-03-17,0.1343690673132716
2014-03-18,0.8745493000001799
2014-03-19,-3.254624260000042
2014-03-20,0.17237668041634355
2014-03-21,0.32625000000006776
2014-03-24,-1.172111360000072
2014-03-25,0.7314320999999463
2014-03-26,1.2247589945872954
2014-03-27,-0.09179728000002724
2014-03-28,-0.46383924000003934
2014-03-31,-0.28403738000001705
2014-04-01,0.2688739369577422
2014-04-02,-1.0752712019124673
2014-04-03,0.21141176000000333
2014-04-04,0.9136823728535066
2014-04-07,1.5514085999999947
2014-04-08,0.19676255999986547
2014-04-09,0.6637147677742424
2014-04-10,1.0131255600001168
2014-04-11,-0.2709407015750256
2014-04-14,-0.4824999999998431
2014-04-15,-1.2363092000000788
2014-04-16,0.6165674844568285
2014-04-17,-1.3310150400000211
2014-04-18,0.0
2014-04-21,0.19250000000000186
2014-04-22,0.3342610852293413
2014-04-23,0.5174467999999841
2014-04-24,-0.1361899199999701
2014-04-25,-0.42068936000004337
2014-04-28,0.19889155999998906
2014-04-29,0.5796744000000242
2014-04-30,1.5820800399998813
2014-05-01,0.5512500000000816
2014-05-02,-0.2832850399999477
2014-05-05,-0.16932304000006432
2014-05-06,0.1691557599999929
2014-05-07,1.36931664000005
2014-05-08,1.4629498399998941
2014-05-09,-0.538754133171924
2014-05-12,-0.6222431999999096
2014-05-13,1.7879033942843872
2014-05-14,1.437215046664805
2014-05-15,-0.30270032378699463
2014-05-16,0.5816679430373554
2014-05-19,0.43757796000000265
2014-05-20,0.5622140131741484
2014-05-21,-0.6837738460009033
2014-05-22,0.7185089199999002
2014-05-23,0.7871646109205432
2014-05-26,0.382026400000008
2014-05-27,-0.17183750000005182
2014-05-28,1.8523567708173858
2014-05-29,0.08098559999992286
2014-05-30,-1.2851983402886713
2014-06-02,-2.2583024366236475
2014-06-03,-1.9499590022853108
2014-06-04,0.01363800000000856
2014-06-05,2.7257728098041523
2014-06-06,-0.23864624000001203
2014-06-09,-1.4123875107434551
2014-06-10,-0.3745496360898145
2014-06-11,0.014633074529958753
2014-06-12,1.28527767999999
2014-06-13,-1.4125961097777824
2014-06-16,-0.5230115156959615
2014-06-17,-1.37315199999993
2014-06-18,3.2405870120694074
2014-06-19,0.2433710857485629
2014-06-20,-0.22610848000001346
2014-06-23,-0.47147919999999316
2014-06-24,0.7629973600000839
2014-06-25,0.5778515199999222
2014-06-26,0.6691100000000239
2014-06-27,0.4482099199999624
2014-06-30,1.429081920000037
2014-07-01,0.39734256000002327
2014-07-02,-1.2691632054952768
2014-07-03,0.3297326000000097
2014-07-04,0.2595588800000295
2014-07-07,-0.44568764000007977
2014-07-08,0.20180716000007498
2014-07-09,2.049576879999986
2014-07-10,-0.7704697400000134
2014-07-11,1.0255189382267038
2014-07-14,0.06239899999998288
2014-07-15,-0.010383554935235767
2014-07-16,0.4431357400000236
2014-07-17,-0.4467463599999933
2014-07-18,0.459832994323899
2014-07-21,-0.19598311999995788
2014-07-22,1.798391584773379
2014-07-23,-0.06380720000009912
2014-07-24,-1.140535959999916
2014-07-25,-0.17298794000002485
2014-07-28,-1.4600288599999771
2014-07-29,0.8546081200000436
2014-07-30,-3.2998255669264087
2014-07-31,-1.5556463700169858
2014-08-01,0.2324329200000253
2014-08-04,0.13771341528110617
2014-08-05,0.13944560000005174
2014-08-06,0.017950499999913883
2014-08-07,0.9255821000000715
2014-08-08,0.8711715408502346
2014-08-11,0.2681439599999225
2014-08-12,0.25031636000000823
2014-08-13,1.7121300800000412
2014-08-14,0.36718277675468775
2014-08-15,-0.04412409714418496
2014-08-18,1.5035433999999912
2014-08-19,-0.1816073750684406
2014-08-20,-1.3183624000001082
2014-08-21,0.4657345600000943
2014-08-22,-1.3004544000000566
2014-08-25,1.1602201600000406
2014-08-26,1.059384213110405
2014-08-27,0.37597759999999963
2014-08-28,-0.7315660799999801
2014-08-29,0.1611071999999656
2014-09-01,0.1026679655836233
2014-09-02,-1.1246232533146021
2014-09-03,2.806529999999953
2014-09-04,-0.1260017662692026
2014-09-05,-0.36799999999990796
2014-09-08,-0.28958923160480476
2014-09-09,-1.3581254799999924
2014-09-10,-0.8654639167095289
2014-09-11,0.024089340000040704
2014-09-12,-0.30708033051543043
2014-09-15,-0.4531283600000699
2014-09-16,0.4263349688365411
2014-09-17,-0.7379110400000217
2014-09-18,-0.08032335341202806
2014-09-19,2.608747292792516
2014-09-22,0.41915584000002837
2014-09-23,0.05174527999993861
2014-09-24,-0.8109178399999373
2014-09-25,0.17743379999991876
2014-09-26,-0.4817171819510541
2014-09-29,-0.4324025600000321
2014-09-30,1.2619302400000287
2014-10-01,0.7158972952363247
2014-10-02,-1.0068042499578738
2014-10-03,-0.3182794800000079
2014-10-06,-0.1845412188373009
2014-10-07,-1.5635280399999967
2014-10-08,1.3880756271522066
2014-10-09,-0.264190420000024
2014-10-10,0.6316871645992268
2014-10-13,-1.1072728676741372
2014-10-14,-1.8819145822031822
2014-10-15,1.4066143675816432
2014-10-16,-0.7845169407569295
2014-10-17,0.4703460136884222
2014-10-20,0.2488174384527062
2014-10-21,-0.8220927327410664
2014-10-22,0.14041043185639557
2014-10-23,-2.0401578799999767
2014-10-24,0.7750821999999634
2014-10-27,-0.8758085200000487
2014-10-28,0.08924453453193333
2014-10-29,-2.4369999999999963
2014-10-30,0.9207317712327648
2014-10-31,-0.7866075999999937
2014-11-03,-0.4823142248876334
2014-11-04,0.7940624766204885
2014-11-05,-0.5186926339207121
2014-11-06,-1.0003666200000343
2014-11-07,2.4576297851814157
2014-11-10,-1.2279676799999493
2014-11-11,-0.5044423999999993
2014-11-12,-0.1977833119854057
2014-11-13,-0.2577078000000658
2014-11-14,1.048861481478732
2014-11-17,-0.26299487999997573
2014-11-18,1.2785553953177495
2014-11-19,-0.30948776000001094
2014-11-20,-0.7584237440473548
2014-11-21,0.924775200000003
2014-11-24,0.4320000000000039
2014-11-25,0.1125584147981046
2014-11-26,0.40395888000001107
2014-11-27,-0.15547369344628345
2014-11-28,1.0360957599999683
2014-12-01,-1.1070449499561024
2014-12-02,-1.0430900000000525
2014-12-03,-0.031073766040663968
2014-12-04,-0.32842611999998333
2014-12-05,-2.0094052438270826
2014-12-08,0.6119562400000871
2014-12-09,-0.4966324000000283
2014-12-10,1.2624862614612364
2014-12-11,-1.3384855999999514
2014-12-12,-0.7215661902959188
2014-12-15,-2.257713643459257
2014-12-16,2.056122438949186
2014-12-17,-1.9473069402617589
2014-12-18,-0.3556834418361594
2014-12-19,0.14844251999999483
2014-12-22,0.6604084000000041
2014-12-23,-1.4486479599999833
2014-12-24,0.2587499999999999
2014-12-25,0.0
2014-12-26,0.07749999999996363
2014-12-29,0.28792479999998044
2014-12-30,0.3217777600000468
2014-12-31,1.0214582763704902
2015-01-01,0.0
2015-01-02,1.0895283999997825
2015-01-05,-0.10011783999997297
2015-01-06,1.2771062535311812
2015-01-07,0.7749589707592127
2015-01-08,0.09210268434578137
2015-01-09,0.019205291134282203
2015-01-12,1.2574649600000745
2015-01-13,1.5512294213544595
2015-01-14,0.5800321200001717
2015-01-15,2.5371231942359813
2015-01-16,-1.7686920437958527
2015-01-19,0.49573960000000317
2015-01-20,-0.3702899280442824
2015-01-21,-0.5566832800002038
2015-01-22,-0.5535442134052904
2015-01-23,1.1243840000000078
2015-01-26,-0.22472490000009193
2015-01-27,0.3860347799998932
2015-01-28,2.4724547887294355
2015-01-29,-0.12468495999980429
2015-01-30,2.3705710600000343
2015-02-02,0.11393609999987804
2015-02-03,-3.7313264800000896
2015-02-04,0.18397657927951014
2015-02-05,-0.3138659599999995
2015-02-06,-3.277303799999988
2015-02-09,-0.8514380077424687
2015-02-10,0.3860852999999922
2015-02-11,0.37136696878277853
2015-02-12,0.7416419999998632
2015-02-13,-0.7776479292371103
2015-02-16,-0.17598640000000165
2015-02-17,-2.0288605599999805
2015-02-18,2.31119248576545
2015-02-19,-0.9486804916737218
2015-02-20,0.32042943999987705
2015-02-23,1.2908005599999892
2015-02-24,1.3080973399999964
2015-02-25,0.08424452000014317
2015-02-26,-0.8670950545306714
2015-02-27,0.1343963199999428
2015-03-02,-0.35712798000006885
2015-03-03,-1.1639551396680603
2015-03-04,0.7038148074500807
2015-03-05,0.9547495999999228
2015-03-06,-1.2164752734055013
2015-03-09,0.6367689655810166
2015-03-10,0.17515804944157107
2015-03-11,1.089477560000093
2015-03-12,0.23212543028615887
2015-03-13,1.1301422000001045
2015-03-16,0.8784013199999353
2015-03-17,0.563826387322191
2015-03-18,0.7189943999999214
2015-03-19,-0.4656022648117642
2015-03-20,0.2950551199999704
2015-03-23,-0.7275400000000223
2015-03-24,0.6592216000000155
2015-03-25,-1.4137116000000134
2015-03-26,-0.31636927999998693
2015-03-27,0.673332640000044
2015-03-30,0.8020278399999411
2015-03-31,1.3998249599999582
2015-04-01,0.6130620911162997
2015-04-02,-1.115451519999992
2015-04-03,0.0
2015-04-06,0.5412499999999688
2015-04-07,0.6720670571665486
2015-04-08,0.10064828464390525
2015-04-09,0.30930371161610537
2015-04-10,0.777191320000047
2015-04-13,0.7074610257886034
2015-04-14,0.06608660981773924
2015-04-15,-0.0008929999999777806
2015-04-16,-0.7847746483684123
2015-04-17,-2.133992379925949
2015-04-20,1.131521419998335
2015-04-21,0.41296221999999655
2015-04-22,-1.1208653800000898
2015-04-23,0.3159397600000789
2015-04-24,1.6223847199999817
2015-04-27,1.274156334289486
2015-04-28,-1.8878320994320739
2015-04-29,-3.305928988253934
2015-04-30,-0.10259652000005717
2015-05-01,-0.8509999999999719
2015-05-04,0.6681056182088757
2015-05-05,-2.032333888196544
2015-05-06,-1.2215936669169678
2015-05-07,1.1598900329642918
2015-05-08,2.047495999999972
2015-05-11,-1.295581045094039
2015-05-12,-0.2418310696280764
2015-05-13,-0.8503543877205509
2015-05-14,0.162141219999969
2015-05-15,1.0865890110788334
2015-05-18,-1.1019967999999258
2015-05-19,0.8316024799999189
2015-05-20,1.2774845800000114
2015-05-21,0.060288500000011035
2015-05-22,0.11636909999999248
2015-05-25,0.10200000000000005
2015-05-26,0.8354041800000527
2015-05-27,1.4528273999999508
2015-05-28,-0.44167631999996976
2015-05-29,-0.34813799999997436
2015-06-01,-0.8503028000000131
2015-06-02,-2.2092215600000147
2015-06-03,-1.0832310000000203
2015-06-04,-0.31756543999996395
2015-06-05,-0.8646343000000446
2015-06-08,-1.1204294612141024
2015-06-09,-0.31453259999998917
2015-06-10,1.6547718166348078
2015-06-11,0.974620959999958
2015-06-12,0.11342379999999656
2015-06-15,0.8053300662770804
2015-06-16,-0.6364140159603757
2015-06-17,-1.2299048814509088
2015-06-18,0.7752070468336889
2015-06-19,1.3029377171546161
2015-06-22,-1.2086004400000185
2015-06-23,-1.2478073999999673
2015-06-24,0.34880107999994636
2015-06-25,-2.225952719999966
2015-06-26,-1.6919836697266866
2015-06-29,0.4680538622725304
2015-06-30,-3.6231494000000035
2015-07-01,-0.47793307651418404
2015-07-02,-0.08941038526360844
2015-07-03,0.04068500000000016
2015-07-06,0.3088501616475316
2015-07-07,0.4677982418837349
2015-07-08,0.2351794893726964
2015-07-09,-0.49259840000001287
2015-07-10,-0.6899623457993285
2015-07-13,-0.7244133599999886
2015-07-14,1.2035276799999302
2015-07-15,0.45125131950098607
2015-07-16,0.1476686399999983
2015-07-17,0.33475000000001565
2015-07-20,0.5452830799999777
2015-07-21,0.03789052000004312
2015-07-22,0.30782887999996306
2015-07-23,0.40360892000002585
2015-07-24,0.59849210759769
2015-07-27,1.011604629470512
2015-07-28,-0.22420736231147143
2015-07-29,0.1857400399999546
2015-07-30,-0.22862847999994165
2015-07-31,0.31984952173867714
2015-08-03,0.6553695359796604
2015-08-04,-0.562069999999996
2015-08-05,-0.12495968000002922
2015-08-06,0.2970044307100641
2015-08-07,-0.46059620000001417
2015-08-10,-1.1624014399999876
2015-08-11,1.7149910142370421
2015-08-12,0.799725359999979
2015-08-13,-0.5124512958083773
2015-08-14,-0.2937738897868202
2015-08-17,0.5865000000000297
2015-08-18,-0.4889106400000229
2015-08-19,1.2773577599999943
2015-08-20,0.008897939999982084
2015-08-21,1.284784250161687
2015-08-24,0.1119665056105587
2015-08-25,-0.6025685754431807
2015-08-26,-0.6392764494260101
2015-08-27,-0.5553731410260004
2015-08-28,-0.26102464000005626
2015-08-31,0.3566257342488427
2015-09-01,0.7822950101554548
2015-09-02,0.015517279999918832
2015-09-03,1.075801920000113
2015-09-04,1.066015893173049
2015-09-07,0.05128097682380379
2015-09-08,-1.8394984805769035
2015-09-09,0.3246279999999746
2015-09-10,-1.2673760346762455
2015-09-11,-0.9109303298087518
2015-09-14,-0.5631053374111875
2015-09-15,-1.7142858000001655
2015-09-16,-0.7029663999998613
2015-09-17,1.8043167999999314
2015-09-18,2.28007840000005
2015-09-21,-1.314340955538294
2015-09-22,2.3552399200001237
2015-09-23,-0.2615307200001116
2015-09-24,-0.31595743999992454
2015-09-25,-0.3796737249723469
2015-09-28,1.7402687999999922
2015-09-29,0.4801951781170685
2015-09-30,-0.47041991426961655
2015-10-01,0.06198703999999202
2015-10-02,-0.4474110214446618
2015-10-05,-1.6720370400000175
2015-10-06,-0.40525280000000224
2015-10-07,-0.7554458399999747
2015-10-08,-0.7534147593911314
2015-10-09,0.9621255855298695
2015-10-12,0.6700044800000531
2015-10-13,1.151259908578338
2015-10-14,1.7090381200000184
2015-10-15,-1.7279737320011364
2015-10-16,-0.6824439999999743
2015-10-19,0.221225519999923
2015-10-20,-0.21842723999999866
2015-10-21,0.5661488000000707
2015-10-22,-1.151151960000001
2015-10-23,-0.5893712491234251
2015-10-26,-0.20937048000000189
2015-10-27,0.6363383999999997
2015-10-28,-0.5075824000000008
2015-10-29,0.21200064000000302
2015-10-30,0.0263457599999985
2015-11-02,-2.248660239999991
2015-11-03,-0.5406841599999805
2015-11-04,-0.018009760000105096
2015-11-05,0.2579801231831778
2015-11-06,-1.6779032523720572
2015-11-09,0.6601714174955564
2015-11-10,0.9654862400000368
2015-11-11,-0.4365872533870988
2015-11-12,0.6632077079690551
2015-11-13,1.1773521891892076
2015-11-16,-0.04915333067303843
2015-11-17,0.3923985828625298
2015-11-18,-0.34205700000000605
2015-11-19,0.24979224868884925
2015-11-20,-0.3259492199999936
2015-11-23,-0.4850277218512468
2015-11-24,0.616641678567523
2015-11-25,-0.2139999999999747
2015-11-26,0.30198436000000034
2015-11-27,0.8622015199999478
2015-11-30,-0.6489698399999657
2015-12-01,0.39014297993630054
2015-12-02,-0.3591371200000367
2015-12-03,-2.682448479999976
2015-12-04,-0.4231255260914128
2015-12-07,1.8664322419617783
2015-12-08,0.042038732031742236
2015-12-09,0.02609540000003524
2015-12-10,-0.892921540000068
2015-12-11,1.7936502812744166
2015-12-14,-1.26152976716671
2015-12-15,-0.41976111865965865
2015-12-16,0.00039750000004364663
2015-12-17,-0.18337820000008012
2015-12-18,0.5109383000000053
2015-12-21,0.24167850000002072
2015-12-22,0.20021200000003073
2015-12-23,-0.175214277600186
2015-12-24,0.3147499999999764
2015-12-25,0.0
2015-12-28,0.4046027199999696
2015-12-29,-0.8659999999999706
2015-12-30,0.7695040000000152
2015-12-31,0.3067372008531279
2016-01-01,0.0
2016-01-04,1.4159879999999851
2016-01-05,0.09372603272142357
2016-01-06,1.0453883199999916
2016-01-07,0.998440400000054
2016-01-08,0.2687250548008777
2016-01-11,0.26264425961000765
2016-01-12,-0.15700600000001416
2016-01-13,0.6114048448219139
2016-01-14,-0.10977208000005342
2016-01-15,1.1616452283855165
2016-01-18,-0.15927379999994137
2016-01-19,-0.7338010780016344
2016-01-20,1.1216406589866952
2016-01-21,0.3858197212993304
2016-01-22,-2.2815327274624195
2016-01-25,0.7328894800000745
2016-01-26,-0.13704884000003062
2016-01-27,0.6204481999999129
2016-01-28,0.4485143957976396
2016-01-29,-0.6320614200000111
2016-02-01,-0.29642623999997203
2016-02-02,2.2328761599999907
2016-02-03,-0.19640456000006526
2016-02-04,0.8655714600000798
2016-02-05,0.9241940000000024
2016-02-08,2.5911422463813314
2016-02-09,1.233262680000058
2016-02-10,1.1802823999999834
2016-02-11,1.8832365642265074
2016-02-12,-2.305963570113123
2016-02-15,-1.0138483102745248
2016-02-16,-0.7209236999999419
2016-02-17,-2.511509999999918
2016-02-18,1.8332752199999607
2016-02-19,-0.837026400000097
2016-02-22,-1.3229849999999639
2016-02-23,1.9421454600000252
2016-02-24,0.32745551999994676
2016-02-25,1.580249999999987
2016-02-26,-0.9332212799999415
2016-02-29,0.5469513599999563
2016-03-01,-2.749376399999996
2016-03-02,-0.9566933249677647
2016-03-03,-0.24758044000000204
2016-03-04,-1.2749802045472645
2016-03-07,-0.6622006999999399
2016-03-08,1.4915985999999541
2016-03-09,-0.7413702000000503
2016-03-10,-1.195587430307495
2016-03-11,-1.6239469145745933
2016-03-14,-0.9333079895969381
2016-03-15,-0.08913610000133249
2016-03-16,1.3953837550481043
2016-03-17,-0.11910668102708631
2016-03-18,0.4203382085247993
2016-03-21,-1.013077431932808
2016-03-22,-0.6471910099982802
2016-03-23,1.3271454627386257
2016-03-24,-0.33816547012328113
2016-03-25,0.0
2016-03-28,-0.01875
2016-03-29,0.6530570030203658
2016-03-30,1.1895567459220662
2016-03-31,3.963998777931451
2016-04-01,-0.5533011841310832
2016-04-04,0.3962248001099566
2016-04-05,0.30285639190663216
2016-04-06,-0.4333674890850678
2016-04-07,0.5264579915999316
2016-04-08,-0.5204194729325236
2016-04-11,0.8542138957977188
2016-04-12,-1.2001380538399298
2016-04-13,-1.289641597747902
2016-04-14,-0.7171329109166751
2016-04-15,0.2969480733425025
2016-04-18,-0.6272279663642004
2016-04-19,-1.1191879634303077
2016-04-20,-2.0502940269332885
2016-04-21,1.1577927065991975
2016-04-22,1.2765378778618168
2016-04-25,-1.4032756405438203
2016-04-26,-0.6775462987420405
2016-04-27,1.7373129277594588
2016-04-28,-0.46455998229996237
2016-04-29,-0.32367498278499995
2016-05-02,-0.6450786799928327
2016-05-03,1.2777643403004868
2016-05-04,0.14076429545767422
2016-05-05,0.7125805768559057
2016-05-06,-0.4436736816593281
2016-05-09,0.9103657777511208
2016-05-10,-0.4273066165441887
2016-05-11,-0.1472500801343693
2016-05-12,-1.315295200347744
2016-05-13,-0.0345384550084645
2016-05-16,-0.8039970716981896
2016-05-17,-0.7460951957702803
2016-05-18,-1.462004199747079
2016-05-19,0.6695445008277199
2016-05-20,-0.019460522575380987
2016-05-23,-0.4141675650922198
2016-05-24,-0.22990066141236049
2016-05-25,-0.5867464010715963
2016-05-26,0.7416736955640041
2016-05-27,-0.8680143024919229
2016-05-30,0.071104532227563
2016-05-31,0.6451917116096348
2016-06-01,-0.7346159934996348
2016-06-02,0.6745338321910015
2016-06-03,1.248179996489985
2016-06-06,-0.8767042524441852
2016-06-07,-0.08295630788797213
2016-06-08,-0.23310801155107122
2016-06-09,0.23868560218825716
2016-06-10,0.5141863219747344
2016-06-13,0.11331140160538448
2016-06-14,-0.46213004376914757
2016-06-15,0.8784608156400808
2016-06-16,0.019987199783385336
2016-06-17,-0.7104967265940916
2016-06-20,-0.8704535713205482
2016-06-21,-0.07458359813701901
2016-06-22,0.2906319980619764
2016-06-23,-1.2799559898364383
2016-06-24,3.9190173645024107
2016-06-27,1.3114429498617808
2016-06-28,-0.23815690135918302
2016-06-29,-0.33966839575748276
2016-06-30,0.412077410221165
2016-07-01,0.3419761206017577
2016-07-04,0.09145738053343944
2016-07-05,0.8771106286048708
2016-07-06,0.3166111315237989
2016-07-07,-0.02422566318515981
2016-07-08,-0.37867739419576707
2016-07-11,-0.7072102507463817
2016-07-12,-1.2729614934917628
2016-07-13,-0.09335701560983128
2016-07-14,-0.3632237752868007
2016-07-15,-0.13438741803160342
2016-07-18,-0.32416293272247465
2016-07-19,1.0349999999999728
2016-07-20,-0.128810572624277
2016-07-21,0.5957362680435513
2016-07-22,-0.5251626300693534
2016-07-25,-0.10060101175302784
2016-07-26,0.4102017195956321
2016-07-27,0.46913643383970827
2016-07-28,0.2997160665988998
2016-07-29,0.6272356359958773
2016-08-01,0.20588633892894834
2016-08-02,-0.3630669965743571
2016-08-03,-0.0806145429610497
2016-08-04,1.0562720770736325
2016-08-05,-1.7125
2016-08-08,-0.2475000000000307
2016-08-09,0.6432801115808585
2016-08-10,0.6545989036559556
2016-08-11,-0.827062503549897
2016-08-12,0.23029515426434224
2016-08-15,-0.829919510434877
2016-08-16,-0.16302654211769219
2016-08-17,-0.029928049520242795
2016-08-18,-0.1932577043318949
2016-08-19,-0.8548257799148341
2016-08-22,0.5365589971542496
2016-08-23,0.6374222880866766
2016-08-24,0.14846224880226952
2016-08-25,0.25848028718136434
2016-08-26,0.05894086122508622
2016-08-29,1.3869870489895233
2016-08-30,0.6560021615184398
2016-08-31,-0.18075837811633746
2016-09-01,-1.2570432190030691
2016-09-02,-0.6219963302601796
2016-09-05,0.247211150683507
2016-09-06,1.3272473285198416
2016-09-07,-1.103354417905448
2016-09-08,-1.6656532184740684
2016-09-09,-1.7146292493076605
2016-09-12,0.4148281177637257
2016-09-13,0.17860606985762018
2016-09-14,-0.14544443321178752
2016-09-15,1.1920562667849601
2016-09-16,-1.7048214077944805
2016-09-19,-0.2259901018140599
2016-09-20,-0.1307594711752779
2016-09-21,1.186941705448233
2016-09-22,1.3666931982059911
2016-09-23,0.3025713253020246
2016-09-26,0.8136986184089727
2016-09-27,-0.25708418228762925
2016-09-28,0.6319263935100996
2016-09-29,-0.35376810407407144
2016-09-30,-1.0540214974878708
2016-10-03,-1.9752038707733899
2016-10-04,-0.9073319367019149
2016-10-05,0.016625540758942958
2016-10-06,0.5215098059654749
2016-10-07,-0.05369409370465114
2016-10-10,-0.7034385986320163
2016-10-11,-0.3137924313540981
2016-10-12,0.8788782956882583
2016-10-13,-1.5442018526860175
2016-10-14,-0.3824941882222557
2016-10-17,-0.02835166454347716
2016-10-18,0.9551822878856299
2016-10-19,-0.031033335875204873
2016-10-20,0.8130290784829216
2016-10-21,0.3314708275490631
2016-10-24,0.19979934182155606
2016-10-25,-0.21100175203266805
2016-10-26,-1.112717961912252
2016-10-27,-0.9396551885604495
2016-10-28,0.09128242263014943
2016-10-31,0.1638159847265835
2016-11-01,-0.21231887668379948
2016-11-02,0.02355845022230842
2016-11-03,-0.6578285732288556
2016-11-04,0.6419413881295157
2016-11-07,1.1605542912513644
2016-11-08,-0.6917109666831106
2016-11-09,-1.8365016479487943
2016-11-10,-1.6406075901991877
2016-11-11,-0.3391662515114241
2016-11-14,-0.26364801725922266
2016-11-15,0.23754013919630954
2016-11-16,-0.01579802088872308
2016-11-17,-0.12793251733381544
2016-11-18,-1.0010229949915155
2016-11-21,0.09723589706317971
2016-11-22,0.24095222772694241
2016-11-23,-0.5479964966488348
2016-11-24,0.10045466518396
2016-11-25,-0.19960646550631292
2016-11-28,-0.7915347635167139
2016-11-29,0.9867803812730637
2016-11-30,0.33992753887112553
2016-12-01,-0.06901964020540272
2016-12-02,-0.19755628967328556
2016-12-05,0.0813017616291856
2016-12-06,0.3751344900237301
2016-12-07,0.5724185192595078
2016-12-08,0.9111676197062321
2016-12-09,-0.5594151435236936
2016-12-12,-0.6270300767622383
2016-12-13,0.322379631995789
2016-12-14,-0.04559123516064115
2016-12-15,0.569018243578564
2016-12-16,0.2856627812386814
2016-12-19,0.8668108959215176
2016-12-20,0.6820097599044812
2016-12-21,0.3053730857529422
2016-12-22,-0.005749893009099135
2016-12-23,-0.18534453582751834
2016-12-26,0.0
2016-12-27,-0.7124568834304315
2016-12-28,0.2208040413870698
2016-12-29,-0.38462340424852
2016-12-30,-0.07912378597259997
2017-01-02,0.9724043103348656
2017-01-03,0.11559362411602306
2017-01-04,0.41162915587574544
2017-01-05,0.010666382073345448
2017-01-06,0.8905907478318539
2017-01-09,-0.4338225995328352
2017-01-10,0.539976652374735
2017-01-11,0.6375327563286801
2017-01-12,-0.6398248953616926
2017-01-13,0.22282097530368805
2017-01-16,0.1601526376270645
2017-01-17,-1.3496101684018955
2017-01-18,1.345666671753631
2017-01-19,-0.2355491266249722
2017-01-20,-0.002607194587741074
2017-01-23,-0.8749170930304128
2017-01-24,1.6976695394484087
2017-01-25,0.10001293301346946
2017-01-26,0.2947700374042373
2017-01-27,-0.743521365165399
2017-01-30,-0.4488867831246692
2017-01-31,-0.7157901487374414
2017-02-01,-0.9362939779782302
2017-02-02,-0.6248404854164885
2017-02-03,0.7596389236431824
2017-02-06,-1.38968830871198
2017-02-07,-0.9285483398438393
2017-02-08,-0.40071610879981023
2017-02-09,1.625208515166075
2017-02-10,-0.1610059420155697
2017-02-13,0.28857279539100117
2017-02-14,0.22761534500032057
2017-02-15,-0.3175216100219407
2017-02-16,-0.1409808731102513
2017-02-17,-0.04030318260303211
2017-02-20,-0.5357796309037126
2017-02-21,0.4079084100739177
2017-02-22,-0.8362699298182313
2017-02-23,-0.0767341156023922
2017-02-24,-1.1550675430314286
2017-02-27,0.873962730426307
2017-02-28,-0.9082415642586362
2017-03-01,1.8494030712876146
2017-03-02,0.0330770916288702
2017-03-03,1.2844909539255285
2017-03-06,-0.3802313117976019
2017-03-07,0.14509391403196287
2017-03-08,0.1755235152253995
2017-03-09,1.129760716202964
2017-03-10,0.7360826864235834
2017-03-13,0.39952328872650655
2017-03-14,-0.7980598581197766
2017-03-15,1.715678871158481
2017-03-16,0.5616032333396842
2017-03-17,0.5806574787199262
2017-03-20,0.6618379619215217
2017-03-21,-0.1644419838591328
2017-03-22,0.700273820767521
2017-03-23,1.3094215103085314
2017-03-24,0.5481406488415493
2017-03-27,0.032458683743859906
2017-03-28,0.5909182723444958
2017-03-29,1.1703637826470996
2017-03-30,0.5781972112655054
2017-03-31,-0.13034589024661092
2017-04-03,-0.5728917737807432
2017-04-04,0.6112554692658826
2017-04-05,-1.2406982497473875
2017-04-06,1.4317360115091189
2017-04-07,0.6872072639481601
2017-04-10,-1.6835786666844803
2017-04-11,-0.7295878448479995
2017-04-12,0.13617365744270066
2017-04-13,-0.7279853744505675
2017-04-14,-0.045819167140898405
2017-04-17,0.9327500000001452
2017-04-18,-0.27899954223373064
2017-04-19,-1.2049801894602585
2017-04-20,1.9100695164210675
2017-04-21,0.28315926933187646
2017-04-24,6.4680158262226515
2017-04-25,-0.33307379567425016
2017-04-26,-0.5856640038501095
2017-04-27,0.22745742511648137
2017-04-28,1.0826015911104196
2017-05-01,-1.2472499999998332
2017-05-02,1.2849002304103936
2017-05-03,-0.5748071191927916
2017-05-04,0.8344527065765119
2017-05-05,1.2923338558679394
2017-05-08,-0.9806121900084692
2017-05-09,0.08854887485502516
2017-05-10,0.07030574638065812
2017-05-11,0.818922504425879
2017-05-12,0.541020804719496
2017-05-15,1.180655681530895
2017-05-16,0.9588426641781306
2017-05-17,-4.186104615837957
2017-05-18,1.0496145453959453
2017-05-19,0.2235749473566434
2017-05-22,0.038699905394543106
2017-05-23,1.1913226814274998
2017-05-24,0.8974434442519033
2017-05-25,0.0768625335694293
2017-05-26,-0.5623799956773007
2017-05-29,0.01959155464174615
2017-05-30,-0.030865714344258884
2017-05-31,-0.07818903095425275
2017-06-01,0.9107345180662832
2017-06-02,0.5080409538458601
2017-06-05,0.7906313638685759
2017-06-06,-0.8300386718360228
2017-06-07,-0.8349916615931057
2017-06-08,1.0353665499653746
2017-06-09,-0.16001024794665913
2017-06-12,0.7903457294013362
2017-06-13,0.6963548390158185
2017-06-14,1.5940527343741773
2017-06-15,-2.2205659113325176
2017-06-16,1.3340255908955283
2017-06-19,1.7211265339554134
2017-06-20,-1.538741416018005
2017-06-21,-0.35352401252724613
2017-06-22,1.2918579850192593
2017-06-23,1.402930786132678
2017-06-26,1.424234283445352
2017-06-27,-2.469521786215199
2017-06-28,1.4259919013997262
2017-06-29,-3.975748445025335
2017-06-30,-2.966720718213409
2017-07-03,-0.6293898763315418
2017-07-04,0.06902888298020012
2017-07-05,-1.1323563861857928
2017-07-06,-1.1604349060106423
2017-07-07,1.5368048400853347
2017-07-10,0.8712324022902661
2017-07-11,0.045261718749834916
2017-07-12,4.074373159412003
2017-07-13,2.628162514647347
2017-07-14,0.5124826786338945
2017-07-17,0.1585858998463732
2017-07-18,0.615154975892464
2017-07-19,-0.6758465303749821
2017-07-20,0.02733651542694972
2017-07-21,-0.7563587989838347
2017-07-24,-0.13831963157656527
2017-07-25,-0.29040028572057297
2017-07-26,2.07678444212131
2017-07-27,-1.3172872312065478
2017-07-28,-0.67812022280617
2017-07-31,-0.49953140187283557
2017-08-01,1.6505098152146236
2017-08-02,-0.3480370101932178
2017-08-03,0.23541976356576877
2017-08-04,-0.6433001341812716
2017-08-07,-0.38504948243597603
2017-08-08,0.5530471992872761
2017-08-09,-1.0439190770960285
2017-08-10,-1.1592534096280167
2017-08-11,0.7100605632900442
2017-08-14,1.5692872577585026
2017-08-15,0.8205552985145204
2017-08-16,2.177455723341271
2017-08-17,-2.69736674261917
2017-08-18,1.4180419084735312
2017-08-21,0.9033225674626706
2017-08-22,0.8305297732323954
2017-08-23,0.5007249386608434
2017-08-24,-0.6058201293947376
2017-08-25,1.3500241937637578
2017-08-28,-1.397448981762433
2017-08-29,0.3783586174910946
2017-08-30,1.702360080718709
2017-08-31,-2.6195335258716947
2017-09-01,0.7292495825884585
2017-09-04,-0.7904149181839668
2017-09-05,0.06815201187300973
2017-09-06,0.17608126272459038
2017-09-07,2.8493573493944426
2017-09-08,-0.8569440002432249
2017-09-11,0.18945492553730017
2017-09-12,0.5357694206237787
2017-09-13,-0.26274790551313915
2017-09-14,0.2614433020651529
2017-09-15,-0.28336949181566656
2017-09-18,0.16330301952158544
2017-09-19,0.22668630034062126
2017-09-20,-0.12075020313207638
2017-09-21,-0.6429898866852718
2017-09-22,0.32329496952566505
2017-09-25,-1.1110347735893635
2017-09-26,-0.02596402669006875
2017-09-27,-2.1211838805493577
2017-09-28,0.6960847431897803
2017-09-29,-1.146598126345443
2017-10-02,1.1674350799221795
2017-10-03,0.9262081027030897
2017-10-04,-0.4978104013101063
2017-10-05,-1.3485221099865805
2017-10-06,-0.656178262710585
2017-10-09,-1.2798138670729444
2017-10-10,-0.2108213859749128
2017-10-11,1.4217885570524722
2017-10-12,-0.9792621174142567
2017-10-13,-0.5790669326397372
2017-10-16,0.024609901428643614
2017-10-17,1.0816008943891902
2017-10-18,0.9595484696610346
2017-10-19,-0.2830727157602501
2017-10-20,-0.9034191901674953
2017-10-23,-0.29793975395818434
2017-10-24,-1.4074102582915682
2017-10-25,-0.23175417733144305
2017-10-26,0.7373625796527087
2017-10-27,1.2330250759105017
2017-10-30,-0.07695626054199127
2017-10-31,1.5703760032636949
2017-11-01,0.9754817247393345
2017-11-02,-0.6925362663279521
2017-11-03,-0.7172361459740001
2017-11-06,1.0906812872251452
2017-11-07,-1.0197176067782694
2017-11-08,0.2468670082096884
2017-11-09,-1.6847573366533928
2017-11-10,-0.07938886039531196
2017-11-13,0.09399653816139641
2017-11-14,-0.1415299868576125
2017-11-15,-0.8156078839534003
2017-11-16,1.9330958786046704
2017-11-17,-0.5255598273748942
2017-11-20,0.43115791320656394
2017-11-21,1.5905880775488066
2017-11-22,-0.11957253568530682
2017-11-23,0.49582348060610937
2017-11-24,0.7597833824158928
2017-11-27,-0.4643329079344449
2017-11-28,2.3853752213480233
2017-11-29,0.03721552085844244
2017-11-30,-2.0379659589092234
2017-12-01,-2.3367544865566345
2017-12-04,0.5921311531060515
2017-12-05,0.6414771280700546
2017-12-06,-0.7943558089990762
2017-12-07,0.7599879646281972
2017-12-08,0.6276211624130319
2017-12-11,-0.18873622115375827
2017-12-12,0.3969816362662101
2017-12-13,-0.45348806642992256
2017-12-14,-0.9785126805321395
2017-12-15,1.0909079275121703
2017-12-18,1.4005592951224515
2017-12-19,-1.3483645105357414
2017-12-20,-1.6378734092721858
2017-12-21,-0.5383182797414658
2017-12-22,-1.1158628985487615
2017-12-25,-0.003355502854878119
2017-12-26,-0.8955000000000375
2017-12-27,0.7609415145017348
2017-12-28,-1.0227957527743896
2017-12-29,0.6734718015301946
2018-01-01,0.0
2018-01-02,0.5479213919521979
2018-01-03,1.6512886417030377
2018-01-04,1.0578548769944054
2018-01-05,1.2609474508772935
2018-01-08,0.7749522099494652
2018-01-09,-0.44658361434931126
2018-01-10,-0.7454940586088431
2018-01-11,0.3163876332019769
2018-01-12,1.2809214870885015
2018-01-15,1.0548149604792867
2018-01-16,-0.12432023080004098
2018-01-17,0.7990813940673787
2018-01-18,-0.9380521011652603
2018-01-19,-0.4397583497631803
2018-01-22,0.5484719986899281
2018-01-23,0.37528680497340927
2018-01-24,0.9563599248138409
2018-01-25,-2.7745509321585526
2018-01-26,0.4202477751652233
2018-01-29,-1.252677379134162
2018-01-30,-2.610834408288268
2018-01-31,0.6583664842257289
2018-02-01,1.3035903840245555
2018-02-02,-2.9683740902064017
2018-02-05,-6.878941868573098
2018-02-06,0.7177319216404049
2018-02-07,-1.2074629187345456
2018-02-08,-1.296952429562344
2018-02-09,-0.3128300054084594
2018-02-12,0.6702308551944847
2018-02-13,-0.7538916711821498
2018-02-14,2.2588045160740338
2018-02-15,0.12956658141103128
2018-02-16,0.304691138764908
2018-02-19,-0.13911901855487782
2018-02-20,-1.094944270494489
2018-02-21,0.40335324287401775
2018-02-22,0.9540212826720517
2018-02-23,0.24228005743218864
2018-02-26,-0.27592982673499467
2018-02-27,-1.3348114700302542
2018-02-28,-0.7654340934562814
2018-03-01,-1.6889952526283618
2018-03-02,-1.5371341314317764
2018-03-05,1.4876984017423334
2018-03-06,0.49010787153241725
2018-03-07,-0.3571129722595333
2018-03-08,-0.31532036493315085
2018-03-09,1.7606903066532718
2018-03-12,0.3753870277404585
2018-03-13,-1.5930058569908272
2018-03-14,-0.199584289100307
2018-03-15,0.2354975065996189
2018-03-16,2.353897972139015
2018-03-19,-0.8112940826037751
2018-03-20,0.7611202774047816
2018-03-21,1.6100083546421189
2018-03-22,-2.3673836297612287
2018-03-23,-1.3873156175613515
2018-03-26,1.852873929977434
2018-03-27,-0.7315896730421405
2018-03-28,1.619313502918949
2018-03-29,1.3001924438475148
2018-03-30,-3.33
2018-04-02,-0.473870396338837
2018-04-03,0.5716615999998234
2018-04-04,0.819440181004406
2018-04-05,0.9227658800001948
2018-04-06,-2.1531594000001903
2018-04-09,0.36170600000000075
2018-04-10,0.8263097600000073
2018-04-11,-0.21521560000001183
2018-04-12,1.1012603563016201
2018-04-13,1.5263388000000024
2018-04-16,0.556160016723065
2018-04-17,0.724917019285978
2018-04-18,0.373998590000245
2018-04-19,-2.8884852916494586
2018-04-20,0.2835129604084288
2018-04-23,-2.1575733949700675
2018-04-24,0.00920546074293865
2018-04-25,-0.15688303999982653
2018-04-26,0.43557755702029277
2018-04-27,0.35846212593051874
2018-04-30,-0.2867025257913619
2018-05-01,-1.0040000000001899
2018-05-02,-0.6903054642582405
2018-05-03,0.17029324000002494
2018-05-04,-0.8433059874523279
2018-05-07,-0.5597273830812552
2018-05-08,0.02108317194936005
2018-05-09,-0.04884221008916501
2018-05-10,1.282656931935799
2018-05-11,0.49708636907711534
2018-05-14,-0.3290884394569089
2018-05-15,-0.504496019999887
2018-05-16,0.20476188019877858
2018-05-17,0.14389038765521797
2018-05-18,-2.2182115226835823
2018-05-21,0.7050643200000988
2018-05-22,0.8738439999999007
2018-05-23,-1.425431793100526
2018-05-24,-0.700960599999967
2018-05-25,-0.0222709199998877
2018-05-28,-2.4743706876636247
2018-05-29,-2.89597635070524
2018-05-30,2.815932360791229
2018-05-31,-0.8476563589611235
2018-06-01,2.4086265433646052
2018-06-04,0.3695762119121758
2018-06-05,-0.9093203999999816
2018-06-06,0.023350539107807048
2018-06-07,0.7345889999999828
2018-06-08,-0.10891889000008123
2018-06-11,0.2105483938616311
2018-06-12,0.8593699999999291
2018-06-13,-0.41359465282729696
2018-06-14,1.0705677999999184
2018-06-15,2.2196015210487063
2018-06-18,-1.1102515999999991
2018-06-19,0.8608765999999946
2018-06-20,-0.5746605599999891
2018-06-21,-0.1811329600000136
2018-06-22,0.767337520000002
2018-06-25,-1.4341657999999933
2018-06-26,0.7846974966541123
2018-06-27,-1.5766274292355011
2018-06-28,1.214045179999987
2018-06-29,0.3627731199999953
2018-07-02,-0.7356928981185777
2018-07-03,3.029361763818921
2018-07-04,0.5643282799999809
2018-07-05,0.1121070400000071
2018-07-06,-0.28537680000000265
2018-07-09,0.1072201600000046
2018-07-10,1.5533318954105095
2018-07-11,0.3511479999999997
2018-07-12,1.0449261599999966
2018-07-13,0.7474868299620098
2018-07-16,0.4889061580273452
2018-07-17,-1.2100545579251698
2018-07-18,-0.13625335662207022
2018-07-19,-0.49609635000001323
2018-07-20,-1.9908072087666446
2018-07-23,0.014880238212827801
2018-07-24,1.0433673171779154
2018-07-25,0.8789464200000107
2018-07-26,-2.0289240744088706
2018-07-27,0.1712715877982179
2018-07-30,0.16511807999998643
2018-07-31,-0.8010152307065016
2018-08-01,-0.7344395068304743
2018-08-02,0.3722438556619663
2018-08-03,0.001000000000005275
2018-08-06,0.6164680115741655
2018-08-07,0.45579671647647535
2018-08-08,-0.20827924000001963
2018-08-09,-0.5464272399999976
2018-08-10,-0.011484402752995155
2018-08-13,-2.289079298123985
2018-08-14,0.8173881810081498
2018-08-15,-2.482304719999986
2018-08-16,0.161176007086259
2018-08-17,0.31396400000000746
2018-08-20,0.9359698399999826
2018-08-21,0.7450998278859429
2018-08-22,1.8120228754849028
2018-08-23,-0.4069500799999904
2018-08-24,1.6996715999999963
2018-08-27,1.1424895999999964
2018-08-28,-1.931309599999994
2018-08-29,1.4275383399999912
2018-08-30,-2.1718019268128717
2018-08-31,-0.279929299999994
2018-09-03,-1.3614073000000007
2018-09-04,-0.04750000000000966
2018-09-05,-2.6367844399999845
2018-09-06,0.865580545952113
2018-09-07,-0.8235750000000053
2018-09-10,0.3977609581147969
2018-09-11,-0.3310838399999955
2018-09-12,0.7581364296530867
2018-09-13,4.826483017868033
2018-09-14,0.601902240000006
2018-09-17,0.14129231999999567
2018-09-18,0.33193271999999446
2018-09-19,1.3286403399999946
2018-09-20,0.07400241832735208
2018-09-21,-2.2071985599999966
2018-09-24,-0.22891526173372354
2018-09-25,-0.6974331648444394
2018-09-26,-0.39717850920784586
2018-09-27,0.6975797627292969
2018-09-28,1.031054600000022
2018-10-01,0.4696486178939253
2018-10-02,-1.6795899278927857
2018-10-03,-2.312283669999989
2018-10-04,-0.5784488135240717
2018-10-05,0.9161448600000149
2018-10-08,-0.34369040000000217
2018-10-09,0.29105669999998507
2018-10-10,-0.815934399999987
2018-10-11,-1.9804181757459645
2018-10-12,-0.3965474893531035
2018-10-15,-0.9046779299776248
2018-10-16,0.18654693785852233
2018-10-17,-0.07486696597280668
2018-10-18,-0.48059967999997716
2018-10-19,-0.39628181107080035
2018-10-22,-0.583898911003628
2018-10-23,-0.47751710000003367
2018-10-24,0.2100000000000119
2018-10-25,0.3655508399999928
2018-10-26,-0.7840528199999687
2018-10-29,-3.364754080000014
2018-10-30,0.44884754293514645
2018-10-31,0.3331061754507396
2018-11-01,-0.11685735999999387
2018-11-02,-0.25226042000002535
2018-11-05,-0.12136407999998466
2018-11-06,0.20941857999998512
2018-11-07,0.8400509200000095
2018-11-08,-0.42427311999991685
2018-11-09,0.3980217999999041
2018-11-12,-0.6001969154208878
2018-11-13,0.5764603199999996
2018-11-14,-0.9378017199999927
2018-11-15,0.2937456118208834
2018-11-16,0.6218639999999737
2018-11-19,-0.12761388397393916
2018-11-20,-0.42328043999999926
2018-11-21,0.30198545999999876
2018-11-22,-0.20114956203196427
2018-11-23,0.28673995999993823
2018-11-26,0.30356036001537295
2018-11-27,0.26790639999999827
2018-11-28,0.35100000000000203
2018-11-29,-0.9396615038451157
2018-11-30,-1.1408886799999958
2018-12-03,0.47965636302108994
2018-12-04,-0.4172068400000065
2018-12-05,-0.25396417981735003
2018-12-06,-0.004924510307887829
2018-12-07,0.16622359999999745
2018-12-10,-0.4366872999999992
2018-12-11,-0.24043606393186245
2018-12-12,-0.16702406331002628
2018-12-13,0.012343000000003303
2018-12-14,0.23442383999999616
2018-12-17,0.2944321500000042
2018-12-18,0.1500812899999954
2018-12-19,-0.020690702632115376
2018-12-20,0.33846999999999405
2018-12-21,0.7098467344646887
2018-12-24,-0.07943403371564701
2018-12-25,0.18382680170990398
2018-12-26,0.3940000000000076
2018-12-27,-0.06002596833853007
2018-12-28,0.23714072245087925
2018-12-31,0.009935539267008412
2019-01-01,0.3175000000000032
2019-01-02,1.113491371213203
2019-01-03,0.4847678622582641
2019-01-04,-1.3393092345587563
2019-01-07,-0.3657621178420047
2019-01-08,-0.5481602110948363
2019-01-09,0.5930856000000325
2019-01-10,0.5209574568802025
2019-01-11,0.745009739999998
2019-01-14,0.6431441031824199
2019-01-15,-0.5612803000000633
2019-01-16,1.5952159308757359
2019-01-17,-0.8331675200000005
2019-01-18,-2.0058338530702784
2019-01-21,-0.10196428099123796
2019-01-22,0.03396864781319466
2019-01-23,0.9271708499999869
2019-01-24,0.3491048000000273
2019-01-25,-0.07298171018309763
2019-01-28,-0.2949858699999923
2019-01-29,0.09851309999996695
2019-01-30,0.5600711599999975
2019-01-31,0.14267039965124412
2019-02-01,-0.10853169985434756
2019-02-04,-0.09100760000003864
2019-02-05,0.8052104073435284
2019-02-06,-0.4103848199999786
2019-02-07,0.0838903436702814
2019-02-08,0.46323483999996634
2019-02-11,-1.2856462000000077
2019-02-12,0.1459007000000526
2019-02-13,-1.5096319200000206
2019-02-14,1.0386577038521818
2019-02-15,0.7127082593264887
2019-02-18,-0.06162669999999429
2019-02-19,0.8994187999999498
2019-02-20,-0.07353016565927353
2019-02-21,-0.8293106082850791
2019-02-22,0.4126835200000047
2019-02-25,0.875210137414413
2019-02-26,0.6402664539435304
2019-02-27,0.565216113778701
2019-02-28,-0.4458471656665993
2019-03-01,-0.7542546012676831
2019-03-04,-0.08201189402503477
2019-03-05,0.5856516818566379
2019-03-06,-0.8440293343394271
2019-03-07,-1.0099366216938677
2019-03-08,1.323956433853604
2019-03-11,0.7968257599999662
2019-03-12,1.8650372799999786
2019-03-13,-0.3411148699616281
2019-03-14,0.8226158400000085
2019-03-15,1.4905653358974043
2019-03-18,0.8213079599999817
2019-03-19,1.3233737016938116
2019-03-20,0.9103470678917993
2019-03-21,-1.352344719999992
2019-03-22,-3.16641680000001
2019-03-25,0.964117958711123
2019-03-26,-0.1880652799997609
2019-03-27,-0.505589864159239
2019-03-28,0.9303728000000389
2019-03-29,2.5398093966675024
2019-04-01,1.5311040216868514
2019-04-02,-0.8320488084735042
2019-04-03,0.031188000000000875
2019-04-04,0.45885560000002334
2019-04-05,0.659913199999989
2019-04-08,0.5933643999999927
2019-04-09,-0.42448460891598633
2019-04-10,1.3725407999999806
2019-04-11,0.9982304879678668
2019-04-12,0.02003842384910543
2019-04-15,-0.2858479999999948
2019-04-16,0.3387486574898769
2019-04-17,1.1538868348477982
2019-04-18,0.6017850627207612
2019-04-19,0.8467500000000145
2019-04-22,-0.5061692370574035
2019-04-23,0.8042999171394224
2019-04-24,-1.3394947692075687
2019-04-25,1.301929425619763
2019-04-26,-0.10211279999998206
2019-04-29,-1.0598904512179623
2019-04-30,1.3475408572688197
2019-05-01,-0.9705000000000417
2019-05-02,-2.294427199999713
2019-05-03,3.6242387999996986
2019-05-06,-0.13799296931286598
2019-05-07,-1.0843752000000066
2019-05-08,-3.3016183887330346
2019-05-09,-0.5607711999999516
2019-05-10,3.93997779802315
2019-05-13,-1.599910000000024
2019-05-14,-1.3698924986751955
2019-05-15,-0.5076199643550771
2019-05-16,1.154199053986589
2019-05-17,-2.7513956372697645
2019-05-20,0.2811589999999945
2019-05-21,-0.5432679999999729
2019-05-22,0.08948582427232116
2019-05-23,-1.9075153640206783
2019-05-24,1.6971115999999165
2019-05-27,-2.508106600000003
2019-05-28,-1.3557024701269453
2019-05-29,-2.2522438000000555
2019-05-30,1.4468466310239327
2019-05-31,-3.4749464000000163
2019-06-03,-0.6871612060607659
2019-06-04,1.625161845707664
2019-06-05,0.12246149297244985
2019-06-06,0.627686800000037
2019-06-07,2.6535607004950337
2019-06-10,0.611277077065305
2019-06-11,0.2845951077940441
2019-06-12,-0.9995180272109487
2019-06-13,0.4552592000000489
2019-06-14,-0.7365332362836592
2019-06-17,0.05057333580290598
2019-06-18,2.365945054590899
2019-06-19,0.9963919886392034
2019-06-20,1.6681234225324961
2019-06-21,-2.061309536467488
2019-06-24,-0.10850000000015839
2019-06-25,-0.06325139999997495
2019-06-26,-0.4685939999999771
2019-06-27,0.27833399999994973
2019-06-28,1.4601046732467735
2019-07-01,1.4254210934217129
2019-07-02,2.163158433555791
2019-07-03,1.0771546574919604
2019-07-04,0.11755202646279295
2019-07-05,-2.7683936145313153
2019-07-08,0.7771500000001965
2019-07-09,-1.7834039999999585
2019-07-10,0.11499200000001565
2019-07-11,-0.09499732746901864
2019-07-12,-1.122626000000136
2019-07-15,0.06978008463497364
2019-07-16,0.7944353417814004
2019-07-17,-0.41381680000021864
2019-07-18,1.0976220000001926
2019-07-19,-0.30388400000000093
2019-07-22,0.31112400000003765
2019-07-23,0.4650656953120018
2019-07-24,0.9687457999999586
2019-07-25,-0.0925859999999585
2019-07-26,0.9689365437433318
2019-07-29,-0.039848000000230345
2019-07-30,-1.819689975786292
2019-07-31,-0.26504400000023753
2019-08-01,0.8939620000002404
2019-08-02,-1.9247001093289373
2019-08-05,-4.516460162803715
2019-08-06,-0.08225840347927207
2019-08-07,-0.08665359999978742
2019-08-08,2.8484356849589854
2019-08-09,-2.330284200589728
2019-08-12,-0.8619878869990754
2019-08-13,3.642230374998297
2019-08-14,-2.7201216306053744
2019-08-15,1.6286051382851665
2019-08-16,0.9569804374585993
2019-08-19,0.0014819465070705536
2019-08-20,0.0943150507991664
2019-08-21,1.1422781713588326
2019-08-22,-1.007130599999804
2019-08-23,0.282151837936139
2019-08-26,0.45669079999987655
2019-08-27,-1.1759251999999318
2019-08-28,0.1523220703458255
2019-08-29,0.442929264987929
2019-08-30,0.23041000000003642
2019-09-02,-0.008265200000148559
2019-09-03,0.09302360000014201
2019-09-04,3.028852999999919
2019-09-05,0.0009381293968081343
2019-09-06,0.6264155999998459
2019-09-09,-0.6525555999998506
2019-09-10,0.06050183064721409
2019-09-11,-1.3809570286353632
2019-09-12,0.6734136292934529
2019-09-13,-2.659661933297187
2019-09-16,-0.25622079809214754
2019-09-17,-0.15288698676505624
2019-09-18,1.34180154361376
2019-09-19,-0.10259319999993559
2019-09-20,-0.09430671897502066
2019-09-23,0.05574759999987182
2019-09-24,0.09425888633172164
2019-09-25,-0.6487380000000417
2019-09-26,0.039293200000196975
2019-09-27,-0.12289624721240905
2019-09-30,0.27092000000002636
2019-10-01,-3.9227348295814637
2019-10-02,-2.196257599999864
2019-10-03,1.5182590177927502
2019-10-04,2.6759725486303423
2019-10-07,0.03475660371132214
2019-10-08,-1.1764323999999893
2019-10-09,-0.516952140374671
2019-10-10,0.4188503999999905
2019-10-11,-0.0010082813101344283
2019-10-14,0.39798768946772395
2019-10-15,1.4858551999998215
2019-10-16,0.12442560000015385
2019-10-17,0.4353314577244902
2019-10-18,0.5297629999999534
2019-10-21,-0.0034089999999826885
2019-10-22,-0.20001786771269375
2019-10-23,0.11474601918031405
2019-10-24,0.6315651382515691
2019-10-25,0.44483442494927955
2019-10-28,-0.09851387766900246
2019-10-29,-0.9725951771840174
2019-10-30,0.145304841801064
2019-10-31,0.915692333908986
2019-11-01,0.5938432478976174
2019-11-04,1.188436919999746
2019-11-05,-0.5522085744953438
2019-11-06,-0.5327956235725211
2019-11-07,1.602423859872495
2019-11-08,-0.4839227169286967
2019-11-11,-0.19400962998324817
2019-11-12,0.7312982221858639
2019-11-13,-2.1245784489894164
2019-11-14,0.11246792147910259
2019-11-15,2.9368768871492903
2019-11-18,0.022834103809771533
2019-11-19,-1.1784285188722696
2019-11-20,-0.3216857699997273
2019-11-21,-0.891379940000302
2019-11-22,0.6623528054691246
2019-11-25,0.9389538985978624
2019-11-26,-0.22155059999999754
2019-11-27,0.017180676817047262
2019-11-28,-0.931869591078913
2019-11-29,-0.09660524200966891
2019-12-02,-2.287959980000289
2019-12-03,-1.6746906914870996
2019-12-04,2.046541840000229
2019-12-05,1.1776632035308172
2019-12-06,2.402328739999989
2019-12-09,-0.6910473657263817
2019-12-10,0.11910028446579482
2019-12-11,0.8918704999999922
2019-12-12,1.2746873659136844
2019-12-13,0.9759039999999884
2019-12-16,0.11989156000001995
2019-12-17,-0.47498162000001687
2019-12-18,0.06518858999998858
2019-12-19,-0.4540000000002592
2019-12-20,0.7445028400002552
2019-12-23,-0.11161932191757871
2019-12-24,-0.015549969744546706
2019-12-25,0.07343384766323308
2019-12-26,0.10499999999996612
2019-12-27,1.3363910399997152
2019-12-30,-1.1819407999996747
2019-12-31,-1.1415694366410807
2020-01-01,0.3030000000000284
2020-01-02,1.7053603199996759
2020-01-03,-0.9052630199999894
2020-01-06,-0.028424600000002354
2020-01-07,1.8037981017789224
2020-01-08,-0.790555129999655
2020-01-09,1.5731519299996417
2020-01-10,-0.14204599999963524
2020-01-13,0.1376198834552318
2020-01-14,-0.329219293677851
2020-01-15,0.6931648622670122
2020-01-16,1.7591271369664887
2020-01-17,1.4250213015391724
2020-01-20,-0.41649311977754444
2020-01-21,-0.6840715249465176
2020-01-22,-0.7129379999995918
2020-01-23,-0.9229417600000233
2020-01-24,0.17082339569023164
2020-01-27,-3.1604202400000343
2020-01-28,1.7332719032337993
2020-01-29,2.2128123678406273
2020-01-30,-0.665736840000015
2020-01-31,-4.001937550000005
2020-02-03,1.8579707533000247
2020-02-04,2.652975506665634
2020-02-05,1.5578638374372282
2020-02-06,1.8102193999999772
2020-02-07,-2.9393143200000154
2020-02-10,0.7447802969853565
2020-02-11,1.4487170800000178
2020-02-12,0.6683866192263709
2020-02-13,-0.3241798000000274
2020-02-14,1.563197294421603
2020-02-17,0.5052848000000084
2020-02-18,-0.8853865930715681
2020-02-19,0.34132149000002265
2020-02-20,-0.37236764000037126
2020-02-21,-3.0333975540408438
2020-02-24,-3.8884222306517606
2020-02-25,-0.3143375895169943
2020-02-26,-3.117120160381186
2020-02-27,-2.9652971421693604
2020-02-28,-2.368292466822089
2020-03-02,-0.7281024703881948
2020-03-03,0.9074637963466987
2020-03-04,0.531660157433329
2020-03-05,-1.3548978400001672
2020-03-06,-7.681207294598408
2020-03-09,-2.811741383715676
2020-03-10,-0.27960070830768413
2020-03-11,-1.2378402614241937
2020-03-12,-2.779278237095741
2020-03-13,-0.590331392228974
2020-03-16,-1.0824587398703365
2020-03-17,-0.07650592005075982
2020-03-18,-1.5570288171706594
2020-03-19,-2.709272602634155
2020-03-20,2.475381500000016
2020-03-23,0.15703465821556364
2020-03-24,-1.0825000000000211
2020-03-25,-0.08531274183396755
2020-03-26,0.41299999999997644
2020-03-27,0.8899999999999978
2020-03-30,0.8407596281725054
2020-03-31,0.3449999999999943
2020-04-01,2.1159999999999837
2020-04-02,-0.38477539578945674
2020-04-03,-0.6049999999999858
2020-04-06,-0.43174999999998853
2020-04-07,-0.6687500000000071
2020-04-08,0.516749999999998
2020-04-09,-0.14149999999999635
2020-04-10,0.40913247132444575
2020-04-13,-0.16694954175167429
2020-04-14,0.7624999999999971
2020-04-15,1.766015598344365
2020-04-16,0.471877186266231
2020-04-17,-0.3312500000000142
2020-04-20,1.5600000000000256
2020-04-21,1.0865521552512134
2020-04-22,-1.2302113399999572
2020-04-23,-0.5102441300000223
2020-04-24,0.5556014900000255
2020-04-27,1.4125672509226659
2020-04-28,0.005011199999979539
2020-04-29,-0.7887503999999727
2020-04-30,-0.4523764999999932
2020-05-01,0.17625000000003072
2020-05-04,0.4897432794471302
2020-05-05,-0.49335107567504566
2020-05-06,0.9896679800000086
2020-05-07,-0.3135207199999485
2020-05-08,-0.44708730000007163
2020-05-11,0.29172472000003236
2020-05-12,-0.3514714014931815
2020-05-13,1.2881083596466547
2020-05-14,0.5519288000000041
2020-05-15,-0.42516508803415853
2020-05-18,-0.12887883890098403
2020-05-19,-1.2456335200000093
2020-05-20,0.16128383999995932
2020-05-21,0.41087354933280784
2020-05-22,0.07754463999992195
2020-05-25,0.009472160000077803
2020-05-26,-0.6040208712730073
2020-05-27,-0.1724589602528494
2020-05-28,-1.8481729200000472
2020-05-29,1.1500555250778353
2020-06-01,0.771544942374235
2020-06-02,-0.7195547200000257
2020-06-03,-1.1956209199999324
2020-06-04,-2.0133882000000773
2020-06-05,-2.3415572722053826
2020-06-08,0.17734162838202464
2020-06-09,1.5802005482358357
2020-06-10,1.5847007270122928
2020-06-11,-0.630679739999906
2020-06-12,0.2503631090500888
2020-06-15,0.44516404000007215
2020-06-16,-0.5523299000000048
2020-06-17,0.28825487999992816
2020-06-18,-0.0069912999998783506
2020-06-19,-0.5928050800000005
2020-06-22,0.8889608199999196
2020-06-23,1.4884041200000413
2020-06-24,0.5535335199999268
2020-06-25,1.7506559200000025
2020-06-26,0.783327600000044
2020-06-29,-2.1248074400000694
2020-06-30,-4.175267126841254
2020-07-01,-2.392451547910606
2020-07-02,1.6875539894187677
2020-07-03,-0.013487460000000192
2020-07-06,-0.15588135000000145
2020-07-07,0.3406221900000065
2020-07-08,-0.1368780600000018
2020-07-09,-0.1330788299999539
2020-07-10,1.5007117600000701
2020-07-13,1.3547355905246823
2020-07-14,0.5310480198665664
2020-07-15,0.12011304000000039
2020-07-16,-0.42247725167105277
2020-07-17,-0.6481957999999098
2020-07-20,0.7939078400000041
2020-07-21,0.8102646723054948
2020-07-22,-0.6852038199999553
2020-07-23,-0.18405911701904418
2020-07-24,-0.32627120659973735
2020-07-27,0.20951321999998285
2020-07-28,0.943301407999868
2020-07-29,0.7779973699999511
2020-07-30,-0.1308395099998502
2020-07-31,-0.23496256748908392
2020-08-03,-0.45321589929959016
2020-08-04,2.087988566823568
2020-08-05,-0.8741355199999594
2020-08-06,-0.20956805657633856
2020-08-07,0.037005279999987914
2020-08-10,-0.6222356000000608
2020-08-11,-0.6200028412001569
2020-08-12,-0.6546561802389613
2020-08-13,-2.4527407059071957
2020-08-14,0.4583339353620787
2020-08-17,-1.091446169999992
2020-08-18,0.6805199371810222
2020-08-19,0.47452043999999766
2020-08-20,0.24783960000006408
2020-08-21,-0.16868168949593984
2020-08-24,-0.5390300400001257
2020-08-25,-1.6132739200000636
2020-08-26,0.11290403456855043
2020-08-27,-1.9467472599999525
2020-08-28,1.1305193599998413
2020-08-31,-0.4692924589558214
2020-09-01,0.7258271299999244
2020-09-02,0.8034311199998864
2020-09-03,0.02903249000019382
2020-09-04,-1.4347960718477155
2020-09-07,0.1866452435631946
2020-09-08,-0.79840724
2020-09-09,1.7164389293590379
2020-09-10,-0.8175311999999871
2020-09-11,0.3232655712790608
2020-09-14,0.31739219999999213
2020-09-15,0.2659430399999831
2020-09-16,-0.43607495323821155
2020-09-17,-0.12002838059060092
2020-09-18,-1.6230002999997706
2020-09-21,0.14033749999988862
2020-09-22,-0.6414677747998955
2020-09-23,-1.975155540000178
2020-09-24,1.070521168703101
2020-09-25,-0.3680031200000574
2020-09-28,-0.016196639999995387
2020-09-29,0.21383879999999672
2020-09-30,-1.1881376732360311
2020-10-01,-0.02436995999992868
2020-10-02,0.4873429649190553
2020-10-05,-0.5984936799999055
2020-10-06,-0.7173794000001081
2020-10-07,-0.5312205771866089
2020-10-08,0.4442082799999372
2020-10-09,0.191018400000063
2020-10-12,0.5905098424274017
2020-10-13,-0.10072280301761724
2020-10-14,-0.25304111242623134
2020-10-15,-0.7927866199999566
2020-10-16,0.27322248686065626
2020-10-19,-0.8867826800000053
2020-10-20,0.0017787788468690536
2020-10-21,-0.47839793547912796
2020-10-22,0.16854842999994493
2020-10-23,0.559001919999901
2020-10-26,-0.3335437954542333
2020-10-27,-0.13563137000005085
2020-10-28,-1.1344392051491152
2020-10-29,-0.8129155159953498
2020-10-30,0.012839879999944317
2020-11-02,-0.2261730906269105
2020-11-03,0.43536220999988656
2020-11-04,1.644300450000076
2020-11-05,0.4558798277505889
2020-11-06,-0.12385389950542594
2020-11-09,-0.4404839200000728
2020-11-10,-0.5237104442471725
2020-11-11,-0.21376038120476493
2020-11-12,0.21539080000010521
2020-11-13,0.38674364121389276
2020-11-16,0.3456801809888925
2020-11-17,0.3555125255518388
2020-11-18,-0.4081102200000057
2020-11-19,0.7960287295662987
2020-11-20,0.2977676915987641
2020-11-23,-0.17127752000000118
2020-11-24,0.6056736251522931
2020-11-25,0.3197120675801476
2020-11-26,-0.08098290000000108
2020-11-27,0.16398639999999623
2020-11-30,-0.992395285160927
2020-12-01,-0.48916614000005765
2020-12-02,-0.11470844999991608
2020-12-03,0.22435934618317216
2020-12-04,-0.43988546800587447
2020-12-07,0.32549707999996635
2020-12-08,2.0999738981085043
2020-12-09,-0.5974501966843769
2020-12-10,-0.6163341199999876
2020-12-11,-0.7178247924694131
2020-12-14,-0.4665735999999937
2020-12-15,1.9966407999999567
2020-12-16,0.3551868000000304
2020-12-17,0.5799780910656642
2020-12-18,-0.8924384400000013
2020-12-21,-1.2895079429064453
2020-12-22,-0.342228960000082
2020-12-23,1.3948467942756304
2020-12-24,1.0854275791635348
2020-12-25,-0.003267725402070937
2020-12-28,-0.1625181700000439
2020-12-29,0.9949303999999923
2020-12-30,0.3527639432224473
2020-12-31,0.3475000000000522
2021-01-01,-0.0032189291108735874
2021-01-04,-0.49847868000011347
2021-01-05,0.881048598994478
2021-01-06,1.0121170363894765
2021-01-07,-2.308237272077239
2021-01-08,-0.2338948987166754
2021-01-11,-1.4727293914831079
2021-01-12,4.549407580000093
2021-01-13,-0.8002004366036609
2021-01-14,1.420210714082584
2021-01-15,-0.21805670552610928
2021-01-18,0.4928415600000054
2021-01-19,-0.06197779999994875
2021-01-20,-0.10079280000009833
2021-01-21,-0.7376302999999551
2021-01-22,-3.3173081999999496
2021-01-25,-0.4228423272445974
2021-01-26,1.86647381999994
2021-01-27,-3.649909679999897
2021-01-28,0.425595482292414
2021-01-29,-2.4257419090012813
2021-02-01,2.145954376663087
2021-02-02,1.8694747727018823
2021-02-03,-0.12127836000000745
2021-02-04,-0.20708933582407488
2021-02-05,1.13555395000005
2021-02-08,0.6662278270967156
2021-02-09,-0.15149613752403435
2021-02-10,-0.6209443799999915
2021-02-11,0.662477519999999
2021-02-12,-0.4645686305149006
2021-02-15,0.517508227525582
2021-02-16,-1.7258665700001112
2021-02-17,0.5317216100001477
2021-02-18,-0.5640484040955066
2021-02-19,-0.5779361999999588
2021-02-22,-0.4076780655110774
2021-02-23,1.3171950572725502
2021-02-24,1.6200342286191733
2021-02-25,-7.029980259999933
2021-02-26,-0.026087921048903423
2021-03-01,2.441114756467902
2021-03-02,1.6046526426568624
2021-03-03,-2.3969492000000496
2021-03-04,-1.0262097399502295
2021-03-05,1.457208239160717
2021-03-08,-0.47621356000000975
2021-03-09,2.5876502000000623
2021-03-10,0.5057514672916231
2021-03-11,1.5698443084348295
2021-03-12,-1.5455227575055521
2021-03-15,-0.04551399999999726
2021-03-16,0.17799770527890255
2021-03-17,0.8858883149632435
2021-03-18,-3.1015152699999913
2021-03-19,0.15970774000001386
2021-03-22,0.20548175573410637
2021-03-23,-0.6708953628093924
2021-03-24,-0.18098240000000151
2021-03-25,0.9723116880596124
2021-03-26,1.2192292200000407
2021-03-29,-1.7771015822889453
2021-03-30,-1.0921632999999835
2021-03-31,6.438249693449949
2021-04-01,3.04536490510121
2021-04-02,-0.0055094043797307285
2021-04-05,0.25624999999996706
2021-04-06,0.8375740200000397
2021-04-07,0.6591820816138583
2021-04-08,2.341538367118926
2021-04-09,-0.20013276000001054
2021-04-12,-0.5417757671133953
2021-04-13,2.530106258407557
2021-04-14,0.43404250562159113
2021-04-15,2.3610463799999555
2021-04-16,1.4214802867802019
2021-04-19,0.1849155199999548
2021-04-20,-1.157836080000013
2021-04-21,3.061864680369053
2021-04-22,2.547744733683146
2021-04-23,0.791371699999971
2021-04-26,3.0189557499999986
2021-04-27,-2.556006547760624
2021-04-28,-2.0616601666081755
2021-04-29,-0.9608840500000033
2021-04-30,0.47911309999999097
2021-05-03,1.9592202499999454
2021-05-04,0.5038016500000582
2021-05-05,5.41492910558114
2021-05-06,4.683502603147165
2021-05-07,3.6085901230934563
2021-05-10,-4.349498379263532
2021-05-11,-2.1027972500000045
2021-05-12,-6.506271808050915
2021-05-13,-0.3075250797109974
2021-05-14,1.3213713473799145
2021-05-17,-1.0492207851342672
2021-05-18,-0.2538555199999895
2021-05-19,-2.024727909999919
2021-05-20,3.1164966399999785
2021-05-21,-0.41215976000003024
2021-05-24,0.7757852300000362
2021-05-25,-2.3553058799999955
2021-05-26,0.7212143999999998
2021-05-27,2.925410739999994
2021-05-28,-0.24460169564544854
2021-05-31,-0.45609299999999803
2021-06-01,2.790031116788359
2021-06-02,0.6577497599999422
2021-06-03,-2.6798628799999715
2021-06-04,4.483845200000017
2021-06-07,1.7256415999999575
2021-06-08,1.692255845041398
2021-06-09,-0.2115178377901341
2021-06-10,1.977912730000049
2021-06-11,-0.6603496867742781
2021-06-14,-3.8563343775704775
2021-06-15,-1.2747204836153696
2021-06-16,-3.858249100000013
2021-06-17,-3.47562432185409
2021-06-18,-0.2217640583228896
2021-06-21,1.701077980996068
2021-06-22,0.11734930297344713
2021-06-23,-1.2396279999999784
2021-06-24,2.391403549999995
2021-06-25,-0.9499578605202812
2021-06-28,1.3069027599999061
2021-06-29,0.21084298251976002
2021-06-30,1.4880264399999947
2021-07-01,0.131101099999968
2021-07-02,0.8589569671869427
2021-07-05,-0.01268076775670212
2021-07-06,-3.181001039999914
2021-07-07,0.8570577599999701
2021-07-08,-2.413102542617945
2021-07-09,1.1927295999999816
2021-07-12,1.8057568017179026
2021-07-13,-1.15659058300136
2021-07-14,2.7709713800000464
2021-07-15,-0.8614339017153269
2021-07-16,-0.6846548300000119
2021-07-19,-1.3807281467637444
2021-07-20,1.4577267383118464
2021-07-21,0.5746781699999599
2021-07-22,0.5545167799999985
2021-07-23,-0.03347806999996326
2021-07-26,-0.19724832000000606
2021-07-27,0.2464809999999989
2021-07-28,0.7780692499999444
2021-07-29,0.6867150568662028
2021-07-30,-0.5594039100000195
2021-08-02,1.7443507968718968
2021-08-03,0.4333467400000709
2021-08-04,-0.9805453243559245
2021-08-05,-0.03838559999998611
2021-08-06,-0.6169533200000517
2021-08-09,-0.6228810300000454
2021-08-10,-0.4825333943657357
2021-08-11,1.8656722068556233
2021-08-12,0.9329993825512463
2021-08-13,1.646432167740628
2021-08-16,-0.366288021745725
2021-08-17,-1.8226744760268911
2021-08-18,-1.3421048435530645
2021-08-19,-2.4298387599999307
2021-08-20,-1.1967724999999985
2021-08-23,1.3377509404400367
2021-08-24,0.1836945999999262
2021-08-25,-0.00497653999994136
2021-08-26,-1.5916196000000007
2021-08-27,3.1092843199999414
2021-08-30,-0.045220799999948574
2021-08-31,-0.679564480000042
2021-09-01,0.1947356199999978
2021-09-02,0.8072192800000766
2021-09-03,-0.9680557800000417
2021-09-06,0.9292272465775183
2021-09-07,-2.697676959999977
2021-09-08,-0.6617642800000834
2021-09-09,0.3081471000000975
2021-09-10,-0.40334497253812057
2021-09-13,0.905752665889981
2021-09-14,0.6040945200000094
2021-09-15,0.6223488166599525
2021-09-16,-1.1728876999999867
2021-09-17,-3.0575455799999625
2021-09-20,-3.3200967299999724
2021-09-21,1.675492758453466
2021-09-22,1.7033370651861564
2021-09-23,-0.49543404999994994
2021-09-24,-0.68368546112894
2021-09-27,0.03613962000006286
2021-09-28,-4.1737935729050815
2021-09-29,0.043862396236519385
2021-09-30,-0.5793980617719561
2021-10-01,1.9809944799999528
2021-10-04,-1.1568779933623825
2021-10-05,-0.144562199999941
2021-10-06,-0.4590781200000345
2021-10-07,-0.4600744800000548
2021-10-08,-1.1536935399999728
2021-10-11,-1.117967682310078
2021-10-12,0.1605777228839445
2021-10-13,0.8271613211059621
2021-10-14,1.6089465242685228
2021-10-15,0.5940193600000414
2021-10-18,-0.8660137131121118
2021-10-19,0.6925856399999568
2021-10-20,0.8362964070548872
2021-10-21,-1.572035939999993
2021-10-22,1.5856695214932115
2021-10-25,0.4100546800000192
2021-10-26,0.40506402533968494
2021-10-27,0.9248301099999698
2021-10-28,0.27061050000000864
2021-10-29,-0.4007529300439629
2021-11-01,-0.46215758208882446
2021-11-02,0.6310127500000288
2021-11-03,0.8766106179707079
2021-11-04,0.6542967851751641
2021-11-05,1.1550060399999986
2021-11-08,-0.8665282700000199
2021-11-09,0.4780378562910935
2021-11-10,-2.2688777635202695
2021-11-11,0.25774143999999294
2021-11-12,1.5362248401488463
2021-11-15,-0.48451016859802426
2021-11-16,-0.6436079947819474
2021-11-17,0.9556910298814257
2021-11-18,-0.7758239999999791
2021-11-19,-1.330492019232219
2021-11-22,-1.615396000000007
2021-11-23,-1.3448298407067896
2021-11-24,-0.8339897199999871
2021-11-25,0.1454715788386053
2021-11-26,-8.031710970000017
2021-11-29,3.208113564440993
2021-11-30,-1.7081193208934946
2021-12-01,0.2458650209141233
2021-12-02,0.8497989200000117
2021-12-03,-0.2810262800000133
2021-12-06,1.007937807942366
2021-12-07,2.1131616137846136
2021-12-08,0.020259920000023954
2021-12-09,-0.4678384000000014
2021-12-10,0.26211580313861343
2021-12-13,-1.2960156600000037
2021-12-14,-0.4788756000000122
2021-12-15,0.5519445500000133
2021-12-16,1.4655009299999961
2021-12-17,-0.7614027200000084
2021-12-20,-0.22439380000000367
2021-12-21,0.7800738299999688
2021-12-22,0.9497267100000402
2021-12-23,0.6000942390954466
2021-12-24,-0.007083100373790068
2021-12-27,0.6643059200000365
2021-12-28,-1.0854926500000037
2021-12-29,0.7755915999999714
2021-12-30,-0.5962651173961533
2021-12-31,0.05882867466020969
2022-01-03,0.039932282517422
2022-01-04,1.2221765343972935
2022-01-05,-1.2504929999999805
2022-01-06,0.07984059999999282
2022-01-07,0.9027126266091198
2022-01-10,-0.6390032799999548
2022-01-11,0.7184819935148186
2022-01-12,0.8611758917633117
2022-01-13,-0.8992347000000351
2022-01-14,0.3571235515640693
2022-01-17,0.2255145200000067
2022-01-18,-2.025202636349471
2022-01-19,0.4638487235195256
2022-01-20,-0.6504349999999962
2022-01-21,0.021434814026856597
2022-01-24,-0.863446880000008
2022-01-25,-0.028985849999993308
2022-01-26,-0.26694294807275654
2022-01-27,-1.518026640000005
2022-01-28,0.47879880000000286
2022-01-31,3.2332024999999933
2022-02-01,1.8472273800000116
2022-02-02,-0.9550239200000109
2022-02-03,-2.3430196599999977
2022-02-04,0.5194293957629988
2022-02-07,2.4115627199999983
2022-02-08,0.34620143999999337
2022-02-09,3.164951200000008
2022-02-10,-2.264361075273975
2022-02-11,0.7145481399999909
2022-02-14,1.6510924000000173
2022-02-15,-0.6604363437668479
2022-02-16,1.7925146288198532
2022-02-17,-1.0209236482011517
2022-02-18,0.6529053600000025
2022-02-21,-2.4654254835714386
2022-02-22,3.2424782501528413
2022-02-23,0.6493141161939757
2022-02-24,-3.020176160000019
2022-02-25,-3.4952954633735236
2022-02-28,3.6387197784505996
2022-03-01,0.1271549300139117
2022-03-02,-0.34758170366719926
2022-03-03,-0.42943152999998907
2022-03-04,-2.0166321199999993
2022-03-07,-1.6002019774039147
2022-03-08,0.731108229029678
2022-03-09,2.175584830843131
2022-03-10,1.023212908591903
2022-03-11,0.8806695422867838
2022-03-14,-0.7322274727223159
2022-03-15,0.5351743200000059
2022-03-16,-1.6785732900000028
2022-03-17,2.415429476806933
2022-03-18,0.9499901999999949
2022-03-21,2.4732531000000106
2022-03-22,0.874097499999995
2022-03-23,0.48269183999999415
2022-03-24,0.10320456000000668
2022-03-25,0.5171570939708334
2022-03-28,-1.240759260000027
2022-03-29,-0.3576107000000007
2022-03-30,0.7185141510091865
2022-03-31,3.2186029000000294
2022-04-01,0.5469031788138372
2022-04-04,1.8618119599999918
2022-04-05,-0.06079714764773311
2022-04-06,-1.3572496800000025
2022-04-07,1.0521901600000008
2022-04-08,1.5850006999999995
2022-04-11,1.1000294000000008
2022-04-12,2.0374522466737703
2022-04-13,0.6338350400000042
2022-04-14,-0.7768390400000633
2022-04-15,-0.01328369561000987
2022-04-18,2.9555000000000593
2022-04-19,-0.89306655999994
2022-04-20,0.1504509399998809
2022-04-21,-1.7273618994145157
2022-04-22,-2.969471250000062
2022-04-25,1.0002560500000706
2022-04-26,-0.46466600000000957
2022-04-27,2.0867778999999858
2022-04-28,-0.26330654999991726
2022-04-29,0.7812065999999163
2022-05-02,-1.2328727999999756
2022-05-03,0.32490004999999617
2022-05-04,1.2402012500000115
2022-05-05,-0.6361720567570491
2022-05-06,-1.0611139999999355
2022-05-09,-4.0350560720300885
2022-05-10,0.9817878750215351
2022-05-11,2.4518832195847
2022-05-12,2.177749999999981
2022-05-13,0.7125000000000198
2022-05-16,2.3453748932003378
2022-05-17,0.7564682214566791
2022-05-18,-3.7829999999999906
2022-05-19,-0.11243769107692667
2022-05-20,-0.23725000000005392
2022-05-23,1.052827743968436
2022-05-24,-2.155500000000037
2022-05-25,-0.3581713347265868
2022-05-26,-0.051499999999993475
2022-05-27,2.9313213726645686
2022-05-30,0.11199999999999544
2022-05-31,-2.4182500000000395
2022-06-01,-2.1848167975727044
2022-06-02,1.6530618118928901
2022-06-03,-0.5762492499999987
2022-06-06,2.278057999999947
2022-06-07,0.7446616918866894
2022-06-08,0.6248030217531565
2022-06-09,-0.6381006000000224
2022-06-10,-1.204184065767859
2022-06-13,-3.2698057445929583
2022-06-14,0.08725845057887525
2022-06-15,0.8371523660387747
2022-06-16,0.13868578790338087
2022-06-17,0.21303470000001423
2022-06-20,0.4136700000000094
2022-06-21,-2.4479270000000075
2022-06-22,-1.3094412000000064
2022-06-23,-4.803284499999996
2022-06-24,3.3330841284194754
2022-06-27,-1.4539094999999977
2022-06-28,-0.9912305761911993
2022-06-29,-0.7289565000000265
2022-06-30,-2.3553075999999726
2022-07-01,-2.5706873532414645
2022-07-04,-0.15400000000000136
2022-07-05,-3.490458699999993
2022-07-06,0.547472312879719
2022-07-07,1.5715175000000368
2022-07-08,1.8561573999999976
2022-07-11,-1.785526400000001
2022-07-12,-2.4767345000000125
2022-07-13,0.9258091000000024
2022-07-14,0.011935570834337394
2022-07-15,-1.3887722941209062
2022-07-18,3.447744667309923
2022-07-19,-0.24284469076418205
2022-07-20,-0.12899099999999383
2022-07-21,-1.4861480000000096
2022-07-22,-0.5318766985782116
2022-07-25,0.9025970395591324
2022-07-26,0.36338259999999406
2022-07-27,0.321788799999991
2022-07-28,0.7627182000000231
2022-07-29,-0.30484260000001007
2022-08-01,-0.34836199999999323
2022-08-02,-1.599895300000015
2022-08-03,1.2838690394358618
2022-08-04,0.7501994999999956
2022-08-05,-0.2960980999999977
2022-08-08,0.7592883999999912
2022-08-09,0.056254091731113794
2022-08-10,1.0300423999999992
2022-08-11,0.5271015000000017
2022-08-12,0.8246482468259559
2022-08-15,-0.40409888746048067
2022-08-16,-0.5052233180455165
2022-08-17,-0.42791370918295474
2022-08-18,-0.46395909978230027
2022-08-19,-0.5199244499999988
2022-08-22,-0.0890707500000061
2022-08-23,1.3211368000000012
2022-08-24,0.6916282999999985
2022-08-25,-0.12939952278964484
2022-08-26,-0.39589137307880057
2022-08-29,0.11366534999997191
2022-08-30,-0.8969481499999851
2022-08-31,-0.11023820857978832
2022-09-01,-0.9293761499999925
2022-09-02,1.9596253202283833
2022-09-05,-0.1002425
2022-09-06,0.23917699999998737
2022-09-07,0.18621575000000443
2022-09-08,0.5653077499999914
2022-09-09,1.1351797500000047
2022-09-12,0.6788359528029982
2022-09-13,-1.0445559652535534
2022-09-14,0.23142736892242163
2022-09-15,-0.504245499999978
2022-09-16,-0.05919775000000623
2022-09-19,1.1046070000000177
2022-09-20,0.7895595080582887
2022-09-21,0.10830655570441897
2022-09-22,1.5702328452013978
2022-09-23,-2.6494897499999803
2022-09-26,0.522865060068189
2022-09-27,0.5792749430546076
2022-09-28,-0.8264584013381762
2022-09-29,0.5949352648277331
2022-09-30,1.180603256563494
2022-10-03,-0.5971240000000274
2022-10-04,-0.22016029999996536
2022-10-05,0.6131203999999622
2022-10-06,-0.5611657999999747
2022-10-07,1.6649999999999778
2022-10-10,1.4854128000000073
2022-10-11,-0.9526334000000013
2022-10-12,0.30625000000000907
2022-10-13,0.4660279128830597
2022-10-14,-0.7942781273237951
2022-10-17,-0.410747799999977
2022-10-18,-0.5302763570947153
2022-10-19,0.09456170000000924
2022-10-20,1.5865069999999706
2022-10-21,0.4309615000000158
2022-10-24,-0.3167741000000006
2022-10-25,-0.14746974787435774
2022-10-26,-1.2603222141488175
2022-10-27,-0.245362099999975
2022-10-28,1.3481222515149995
2022-10-31,1.152299367201715
2022-11-01,1.446104499999964
2022-11-02,0.37865286263826076
2022-11-03,-0.3169648321144468
2022-11-04,1.173909464840964
2022-11-07,0.7420370286133977
2022-11-08,-2.3669841064137622
2022-11-09,-1.3339717248115748
2022-11-10,-1.118044512280868
2022-11-11,-0.8887486129724858
2022-11-14,1.5934387364140874
2022-11-15,0.06034651913686384
2022-11-16,-0.3064846809091348
2022-11-17,-0.773219199999987
2022-11-18,0.5682348762766837
2022-11-21,-1.0812742870208845
2022-11-22,0.9912985320205269
2022-11-23,0.9886524181102979
2022-11-24,0.15128123044035865
2022-11-25,0.5213254999999961
2022-11-28,-0.39798179163053066
2022-11-29,1.1992853740570397
2022-11-30,-1.922442450000001
2022-12-01,1.053910450000007
2022-12-02,-2.6543141874347054
2022-12-05,-2.627692665437727
2022-12-06,-1.1427511391765965
2022-12-07,0.6718801999999935
2022-12-08,0.694840767166908
2022-12-09,-0.40177443653424044
2022-12-12,-0.7215904239352038
2022-12-13,2.9466982565828292
2022-12-14,-0.8262228685506634
2022-12-15,-2.383895797801794
2022-12-16,-1.3033665353876511
2022-12-19,1.2389576000000089
2022-12-20,0.3906501000000058
2022-12-21,2.873111999999996
2022-12-22,-0.3581297053402843
2022-12-23,1.576272903852353
2022-12-26,0.0
2022-12-27,0.3982591999999985
2022-12-28,0.803825999999993
2022-12-29,0.9966332000000079
2022-12-30,-1.8871744000000044
2023-01-02,1.1735219562342736
2023-01-03,0.014123999999997592
2023-01-04,-0.6571903999999984
2023-01-05,0.39128511623851464
2023-01-06,1.5318683999999978
2023-01-09,0.5781907999999966
2023-01-10,0.3614098121897882
2023-01-11,1.0775737999999824
2023-01-12,2.0875605737157583
2023-01-13,1.6294288896228388
2023-01-16,-0.1491097354159469
2023-01-17,1.1357225292655595
2023-01-18,-2.7028712000000086
2023-01-19,-2.8121392146632616
2023-01-20,1.9576216000000002
2023-01-23,0.3362124000000132
2023-01-24,0.8412939999999918
2023-01-25,-0.30531039999999177
2023-01-26,0.9990355999999861
2023-01-27,0.5441218700044516
2023-01-30,-0.20019200000001808
2023-01-31,-0.17165499999999045
2023-02-01,2.0962771969303806
2023-02-02,1.204316465082021
2023-02-03,-2.2091236000000025
2023-02-06,-2.408200177440577
2023-02-07,1.8255002000000222
2023-02-08,-0.14366192998981397
2023-02-09,2.1119874999999944
2023-02-10,-0.1725770000000013
2023-02-13,1.4452816000000086
2023-02-14,1.6162300999999946
2023-02-15,-0.2560010302416847
2023-02-16,1.1440635066629188
2023-02-17,0.4261412949340797
2023-02-20,-0.19678799999999932
2023-02-21,-1.125314200000016
2023-02-22,-0.1623061000000079
2023-02-23,-0.09137169999999468
2023-02-24,-2.5556646999999946
2023-02-27,1.0286104000000054
2023-02-28,0.17294633461837586
2023-03-01,1.2352762987703747
2023-03-02,1.5791052000000037
2023-03-03,2.6715178000000033
2023-03-06,-0.3356231999999993
2023-03-07,-2.1329000647506544
2023-03-08,1.1868978000000072
2023-03-09,-2.4554272000000057
2023-03-10,-7.43951899999999
2023-03-13,-8.285835065577027
2023-03-14,5.691005199196155
2023-03-15,-7.657958937178762
2023-03-16,3.8266606391216933
2023-03-17,-2.0967062509942713
2023-03-20,1.334074700000011
2023-03-21,2.2948925000000044
2023-03-22,-0.3881245000000204
2023-03-23,-1.1673154145535598
2023-03-24,0.2509410107463387
2023-03-27,2.4282053885576076
2023-03-28,1.0519670000000052
2023-03-29,1.4091389999999993
2023-03-30,0.7668695999999973
2023-03-31,0.24170062877157222
2023-04-03,-0.6040555999999911
2023-04-04,-0.7904996000000007
2023-04-05,-1.6025325714057201
2023-04-06,0.6522299999999986
2023-04-07,0.0
2023-04-10,1.154499999999999
2023-04-11,0.19025360000000735
2023-04-12,0.3861760000000018
2023-04-13,0.9790608578383146
2023-04-14,0.5245570475413477
2023-04-17,0.7274197900014994
2023-04-18,0.23918756992755963
2023-04-19,-0.528008400000005
2023-04-20,-0.31488726111094717
2023-04-21,-0.1254137780849877
2023-04-24,-0.08595920759152062
2023-04-25,-1.2349509369357101
2023-04-26,-1.3458300000000027
2023-04-27,0.9283587909573283
2023-04-28,-0.03900150000001437
2023-05-01,0.791998698268795
2023-05-02,-2.3488406847845025
2023-05-03,1.1320540000000032
2023-05-04,-0.20126199999999145
2023-05-05,3.4377769344358176
2023-05-08,-0.13095331889656395
2023-05-09,-0.688349800000003
2023-05-10,2.0965932621235277
2023-05-11,-0.28854576410419525
2023-05-12,0.3993406000000128
2023-05-15,2.0172240444165204
2023-05-16,-0.4381879329521959
2023-05-17,-0.956751234507397
2023-05-18,0.13105153131374847
2023-05-19,-0.2831173480520038
2023-05-22,-0.8190783999999924
2023-05-23,-1.7918649492119267
2023-05-24,0.027773000000012506
2023-05-25,0.14441559999999593
2023-05-26,3.9652245999999884
2023-05-29,0.43860533307007066
2023-05-30,-1.203189200000003
2023-05-31,-1.9929239999999868
2023-06-01,2.6911297943214723
2023-06-02,1.610233745034596
2023-06-05,0.660202399999996
2023-06-06,1.484800099999996
2023-06-07,0.48843559999999725
2023-06-08,0.07341881828472104
2023-06-09,0.8454084000000064
2023-06-12,0.48624581928276517
2023-06-13,1.6778897999999811
2023-06-14,1.778047600000016
2023-06-15,-0.3615412904651929
2023-06-16,0.9113415339483756
2023-06-19,-0.46599229849519347
2023-06-20,-2.0653216000000088
2023-06-21,1.877899600000005
2023-06-22,-0.921790000000002
2023-06-23,-1.411905999999994
2023-06-26,0.9013047999999804
2023-06-27,0.8282864000000183
2023-06-28,0.007105076172722632
2023-06-29,0.2713432000000077
2023-06-30,0.3281159531965097
2023-07-03,0.9951600411408754
2023-07-04,-0.2882948424816135
2023-07-05,0.3531248000000022
2023-07-06,-4.42401960000001
2023-07-07,1.9602342061127185
2023-07-10,0.7686232000000222
2023-07-11,0.5024535999999863
2023-07-12,1.3661222999999947
2023-07-13,0.52317516909043
2023-07-14,1.3171204659459421
2023-07-17,-0.011419500000009498
2023-07-18,-0.25342599999998944
2023-07-19,0.20299439999999394
2023-07-20,-1.1145799999999977
2023-07-21,-1.0137280000000113
2023-07-24,2.177258000000014
2023-07-25,-1.1257824735990116
2023-07-26,0.36840970776213783
2023-07-27,1.6148385999999875
2023-07-28,1.9438463999999978
2023-07-31,-0.7042961999999793
2023-08-01,-2.0206116000000134
2023-08-02,-2.1367422000000036
2023-08-03,-3.329750154117237
2023-08-04,2.388706681511956
2023-08-07,0.3564140673619996
2023-08-08,-1.6728730000000003
2023-08-09,1.259677999999993
2023-08-10,0.831329599999995
2023-08-11,0.8235714000000178
2023-08-14,-0.04181485603114539
2023-08-15,-1.062441599999997
2023-08-16,0.3365645423813415
2023-08-17,-0.254602399999994
2023-08-18,0.1468319999999956
2023-08-21,1.3317766914321696
2023-08-22,1.3458763693197955
2023-08-23,0.31426740000000003
2023-08-24,-0.3995148000000149
2023-08-25,0.9381136497713125
2023-08-28,-0.3742599182168086
2023-08-29,-0.20706759999998522
2023-08-30,0.4996211999999842
2023-08-31,-2.7318289246021203
2023-09-01,0.06965256531163118
2023-09-04,-0.9945459999999985
2023-09-05,-1.4536488000000085
2023-09-06,-1.4009342620283354
2023-09-07,-0.6908820000000023
2023-09-08,1.049074000000007
2023-09-11,3.0071561999999994
2023-09-12,0.5996887001008276
2023-09-13,0.23667557133006437
2023-09-14,1.2666284700941575
2023-09-15,0.8035591999999886
2023-09-18,-0.767857100000026
2023-09-19,1.0225099971556753
2023-09-20,1.0827711999997458
2023-09-21,-1.1133128925648128
2023-09-22,-0.5001579999999919
2023-09-25,-1.952030299999749
2023-09-26,-1.0861671432146676
2023-09-27,-1.367784946139224
2023-09-28,0.657669999999725
2023-09-29,2.2731733561454317
2023-10-02,-1.8433156000000104
2023-10-03,-1.0169597549280283
2023-10-04,-1.0649016496399528
2023-10-05,-1.728565199999839
2023-10-06,1.4401900000000165
2023-10-09,-2.331088117548715
2023-10-10,1.9907630000000167
2023-10-11,0.31489755904688993
2023-10-12,0.19569639999979627
2023-10-13,-1.4150682046435212
2023-10-16,1.733917530457589
2023-10-17,0.903846000000003
2023-10-18,-1.1561719999999884
2023-10-19,-0.053027889325481324
2023-10-20,-0.6008902000000038
2023-10-23,0.3354730110960485
2023-10-24,-0.19703282520497176
2023-10-25,0.6846534000000007
2023-10-26,-0.07250240000002904
2023-10-27,0.04112500000002399
2023-10-30,0.654895999999976
2023-10-31,0.7189567999998748
2023-11-01,-0.9037614564552154
2023-11-02,1.3769851385539984
2023-11-03,-0.46358240000001805
2023-11-06,0.2260840000000095
2023-11-07,0.3178604000000062
2023-11-08,-0.9672060000000061
2023-11-09,-0.08936520000000023
2023-11-10,1.3474032063650867
2023-11-13,-0.5284869999999832
2023-11-14,-0.4454383849565081
2023-11-15,1.1382519167583949
2023-11-16,-0.5177464173940225
2023-11-17,0.34630742872965065
2023-11-20,0.8819845360408295
2023-11-21,-0.8802179999999995
2023-11-22,0.3842800037410858
2023-11-23,-0.07409994000000297
2023-11-24,0.9516053556269407
2023-11-27,-0.04536932518317226
2023-11-28,-0.47863637447256346
2023-11-29,-1.2530282648822966
2023-11-30,-1.1390976376493265
2023-12-01,1.1778281999999989
2023-12-04,-2.176700399999993
2023-12-05,0.4905460773639722
2023-12-06,1.0261968263314738
2023-12-07,-1.69166052999979
2023-12-08,1.4259018247750794
2023-12-11,-0.001812534687427531
2023-12-12,0.6838871209279046
2023-12-13,0.41648048000021837
2023-12-14,0.17160958454852285
2023-12-15,-0.40472221668540065
2023-12-18,0.39053811131490984
2023-12-19,1.2946931200000014
2023-12-20,-0.6105798199554364
2023-12-21,0.0801378000000083
2023-12-22,0.19190610855287996
2023-12-25,0.0
2023-12-26,0.05474999999999427
2023-12-27,1.0130788000002449
2023-12-28,-0.09081797850548774
2023-12-29,-0.1651485593699204
2024-01-01,-0.0021117889055221237
2024-01-02,0.022655640000013
2024-01-03,-1.0773436400000032
2024-01-04,0.6194203632297524
2024-01-05,2.019770848201276
2024-01-08,1.967341200000014
2024-01-09,-1.9093833999999963
2024-01-10,0.22224598000030302
2024-01-11,0.6457563999997009
2024-01-12,1.8747018131557371
2024-01-15,-0.36001443999999827
2024-01-16,-2.7692853885497386
2024-01-17,-0.5444246600336328
2024-01-18,1.0162478399997759
2024-01-19,0.8748090398404423
2024-01-22,-0.12736354000001346
2024-01-23,-1.1857609252821242
2024-01-24,1.3421744999999752
2024-01-25,0.14366112000000958
2024-01-26,1.8090805600000177
2024-01-29,-0.36626292000000776
2024-01-30,-0.2539168599999965
2024-01-31,-0.47407658698679606
2024-02-01,0.6641310600002641
2024-02-02,0.14250599999998756
2024-02-05,0.13704697495787044
2024-02-06,1.0649791600002623
2024-02-07,0.29393196000000055
2024-02-08,0.03764570343718566
2024-02-09,1.6086450531753098
2024-02-12,-0.034333139999995245
2024-02-13,-2.3905724000002864
2024-02-14,2.5127715052031636
2024-02-15,2.556457204111483
2024-02-16,0.4278914498140707
2024-02-19,0.10763549999999716
2024-02-20,-1.603024539999994
2024-02-21,2.0583712645492103
2024-02-22,1.8021165400002939
2024-02-23,0.8255589599997
2024-02-26,-0.9693573121023962
2024-02-27,0.2886234980975647
2024-02-28,-1.534093060000319
2024-02-29,0.7717616071899988
2024-03-01,1.4449147000003393
2024-03-04,0.18676892999999975
2024-03-05,0.14337576568986116
2024-03-06,0.5780110922668368
2024-03-07,0.30430524999999436
2024-03-08,-0.45931056766342715
2024-03-11,-1.2891875200000007
2024-03-12,2.0523934099999956
2024-03-13,2.25834669
2024-03-14,0.22230648000000516
2024-03-15,-0.4627426792108015
2024-03-18,-1.655777741756655
2024-03-19,0.4536524000000012
2024-03-20,1.8040641400000081
2024-03-21,-0.05389912535340347
2024-03-22,-0.36368153999998126
2024-03-25,1.9738690599999869
2024-03-26,2.3156514799999948
2024-03-27,2.641551849999995
2024-03-28,-3.4735285843999777
